ranking,book_id,titulo,autor,author_id,url_livro,url_autor,url_capa,avaliacao_media,numero_avaliacoes,score,numero_votos_lista,pagina_lista,nota_ponderada,faixa_avaliacao,faixa_popularidade
1,2767052,"The Hunger Games (The Hunger Games, #1)",Suzanne Collins,153394,https://www.goodreads.com/book/show/2767052-the-hunger-games,https://www.goodreads.com/author/show/153394.Suzanne_Collins,https://i.gr-assets.com/images/S/compressed.photo.goodreads.com/books/1586722975i/2767052._SX50_.jpg,4.36,10270211,4535327,46087,1,4.350172957362132,"4,25 a 4,5",Muito alta
2,1885,Pride and Prejudice,Jane Austen,1265,https://www.goodreads.com/book/show/1885.Pride_and_Prejudice,https://www.goodreads.com/author/show/1265.Jane_Austen,https://i.gr-assets.com/images/S/compressed.photo.goodreads.com/books/1320399351i/1885._SY75_.jpg,4.3,5004751,3078758,31536,1,4.284932049891659,"4,25 a 4,5",Muito alta
3,2657,To Kill a Mockingbird,Harper Lee,1825,https://www.goodreads.com/book/show/2657.To_Kill_a_Mockingbird,https://www.goodreads.com/author/show/1825.Harper_Lee,https://i.gr-assets.com/images/S/compressed.photo.goodreads.com/books/1553383690i/2657._SY75_.jpg,4.26,7117291,2671346,27274,1,4.251254975674054,"4,25 a 4,5",Muito alta
4,2,"Harry Potter and the Order of the Phoenix (Harry Potter, #5)",J.K. Rowling,1077326,https://www.goodreads.com/book/show/2.Harry_Potter_and_the_Order_of_the_Phoenix,https://www.goodreads.com/author/show/1077326.J_K_Rowling,https://i.gr-assets.com/images/S/compressed.photo.goodreads.com/books/1786592302i/2._SX50_.jpg,4.5,3920125,2120502,21733,1,4.462998686944598,"4,25 a 4,5",Muito alta
5,19063,The Book Thief,Markus Zusak,11466,https://www.goodreads.com/book/show/19063.The_Book_Thief,https://www.goodreads.com/author/show/11466.Markus_Zusak,https://i.gr-assets.com/images/S/compressed.photo.goodreads.com/books/1522157426i/19063._SY75_.jpg,4.39,2976551,2025572,20800,1,4.355405543197531,"4,25 a 4,5",Muito alta
6,41865,"Twilight (The Twilight Saga, #1)",Stephenie Meyer,941441,https://www.goodreads.com/book/show/41865.Twilight,https://www.goodreads.com/author/show/941441.Stephenie_Meyer,https://i.gr-assets.com/images/S/compressed.photo.goodreads.com/books/1700522826i/41865._SY75_.jpg,3.68,7506815,1801448,18365,1,3.700406187483293,"3,5 a 4,0",Muito alta
7,170448,Animal Farm,George Orwell,3706,https://www.goodreads.com/book/show/170448.Animal_Farm,https://www.goodreads.com/author/show/3706.George_Orwell,https://i.gr-assets.com/images/S/compressed.photo.goodreads.com/books/1325861570i/170448._SY75_.jpg,4.03,4802644,1785398,18470,1,4.034676350801609,"4,0 a 4,25",Muito alta
8,30,J.R.R. Tolkien 4-Book Boxed Set: The Hobbit and The Lord of the Rings,J.R.R. Tolkien,656983,https://www.goodreads.com/book/show/30.J_R_R_Tolkien_4_Book_Boxed_Set,https://www.goodreads.com/author/show/656983.J_R_R_Tolkien,https://i.gr-assets.com/images/S/compressed.photo.goodreads.com/books/1656625315i/30._SX50_.jpg,4.62,147332,1720719,17813,1,4.236558182171578,"Acima de 4,5",Média
9,11127,"The Chronicles of Narnia (The Chronicles of Narnia, #1-7)",C.S. Lewis,1069006,https://www.goodreads.com/book/show/11127.The_Chronicles_of_Narnia,https://www.goodreads.com/author/show/1069006.C_S_Lewis,https://i.gr-assets.com/images/S/compressed.photo.goodreads.com/books/1661032875i/11127._SY75_.jpg,4.28,722660,1564911,16298,1,4.2140218909993195,"4,25 a 4,5",Muito alta
10,11870085,The Fault in Our Stars,John  Green,1406384,https://www.goodreads.com/book/show/11870085-the-fault-in-our-stars,https://www.goodreads.com/author/show/1406384.John_Green,https://i.gr-assets.com/images/S/compressed.photo.goodreads.com/books/1660273739i/11870085._SX50_.jpg,4.12,5879511,1451669,15020,1,4.118260197914814,"4,0 a 4,25",Muito alta
11,5297,The Picture of Dorian Gray,Oscar Wilde,3565,https://www.goodreads.com/book/show/5297.The_Picture_of_Dorian_Gray,https://www.goodreads.com/author/show/3565.Oscar_Wilde,https://i.gr-assets.com/images/S/compressed.photo.goodreads.com/books/1546103428i/5297._SY75_.jpg,4.13,1999718,1420980,14806,1,4.123801069160673,"4,0 a 4,25",Muito alta
12,28187,"The Lightning Thief (Percy Jackson and the Olympians, #1)",Rick Riordan,15872,https://www.goodreads.com/book/show/28187.The_Lightning_Thief,https://www.goodreads.com/author/show/15872.Rick_Riordan,https://i.gr-assets.com/images/S/compressed.photo.goodreads.com/books/1400602609i/28187._SY75_.jpg,4.31,3559730,1327564,13848,1,4.288431026821013,"4,25 a 4,5",Muito alta
13,6185,Wuthering Heights,Emily Brontë,4191,https://www.goodreads.com/book/show/6185.Wuthering_Heights,https://www.goodreads.com/author/show/4191.Emily_Bront_,https://i.gr-assets.com/images/S/compressed.photo.goodreads.com/books/1388212715i/6185._SY75_.jpg,3.89,2290752,1285728,13408,1,3.9194720033894734,"3,5 a 4,0",Muito alta
14,370493,The Giving Tree,Shel Silverstein,435477,https://www.goodreads.com/book/show/370493.The_Giving_Tree,https://www.goodreads.com/author/show/435477.Shel_Silverstein,https://i.gr-assets.com/images/S/compressed.photo.goodreads.com/books/1769901237i/370493._SX50_.jpg,4.39,1263696,1267758,13122,1,4.319596913237994,"4,25 a 4,5",Muito alta
15,58613451,"Harry Potter and the Order of the Phoenix (Harry Potter, #5)",J.K. Rowling,1077326,https://www.goodreads.com/book/show/58613451-harry-potter-and-the-order-of-the-phoenix,https://www.goodreads.com/author/show/1077326.J_K_Rowling,https://i.gr-assets.com/images/S/compressed.photo.goodreads.com/books/1627045351i/58613451._SY75_.jpg,4.5,3920125,1244475,12663,1,4.462998686944598,"4,25 a 4,5",Muito alta
16,22628,The Perks of Being a Wallflower,Stephen Chbosky,12898,https://www.goodreads.com/book/show/22628.The_Perks_of_Being_a_Wallflower,https://www.goodreads.com/author/show/12898.Stephen_Chbosky,https://i.gr-assets.com/images/S/compressed.photo.goodreads.com/books/1650033115i/22628._SX50_.jpg,4.24,2071401,1231577,12806,1,4.216511794005378,"4,0 a 4,25",Muito alta
17,157993,The Little Prince,Antoine de Saint-Exupéry,1020792,https://www.goodreads.com/book/show/157993.The_Little_Prince,https://www.goodreads.com/author/show/1020792.Antoine_de_Saint_Exup_ry,https://i.gr-assets.com/images/S/compressed.photo.goodreads.com/books/1367545443i/157993._SY75_.jpg,4.34,2603848,1221780,12848,1,4.3076294958262356,"4,25 a 4,5",Muito alta
18,18405,Gone with the Wind,Margaret Mitchell,11081,https://www.goodreads.com/book/show/18405.Gone_with_the_Wind,https://www.goodreads.com/author/show/11081.Margaret_Mitchell,https://i.gr-assets.com/images/S/compressed.photo.goodreads.com/books/1551144577i/18405._SY75_.jpg,4.32,1271316,1204915,12429,1,4.266387203534896,"4,25 a 4,5",Muito alta
19,10210,Jane Eyre,Charlotte Brontë,1036615,https://www.goodreads.com/book/show/10210.Jane_Eyre,https://www.goodreads.com/author/show/1036615.Charlotte_Bront_,https://i.gr-assets.com/images/S/compressed.photo.goodreads.com/books/1557343311i/10210._SY75_.jpg,4.16,2412032,1180966,12402,1,4.150527381175802,"4,0 a 4,25",Muito alta
20,4671,The Great Gatsby,F. Scott Fitzgerald,3190,https://www.goodreads.com/book/show/4671.The_Great_Gatsby,https://www.goodreads.com/author/show/3190.F_Scott_Fitzgerald,https://i.gr-assets.com/images/S/compressed.photo.goodreads.com/books/1738790966i/4671._SY75_.jpg,3.93,6137332,1160234,12327,1,3.9397107453719133,"3,5 a 4,0",Muito alta
21,7144,Crime and Punishment,Fyodor Dostoevsky,3137322,https://www.goodreads.com/book/show/7144.Crime_and_Punishment,https://www.goodreads.com/author/show/3137322.Fyodor_Dostoevsky,https://i.gr-assets.com/images/S/compressed.photo.goodreads.com/books/1382846449i/7144._SY75_.jpg,4.29,1155863,1101078,11454,1,4.239970180814914,"4,25 a 4,5",Muito alta
22,968,"The Da Vinci Code (Robert Langdon, #2)",Dan    Brown,630,https://www.goodreads.com/book/show/968.The_Da_Vinci_Code,https://www.goodreads.com/author/show/630.Dan_Brown,https://i.gr-assets.com/images/S/compressed.photo.goodreads.com/books/1720313229i/968._SY75_.jpg,3.94,2582750,1042740,10958,1,3.9600028015710036,"3,5 a 4,0",Muito alta
23,24213,Alice’s Adventures in Wonderland / Through the Looking-Glass,Lewis Carroll,8164,https://www.goodreads.com/book/show/24213.Alice_s_Adventures_in_Wonderland_Through_the_Looking_Glass,https://www.goodreads.com/author/show/8164.Lewis_Carroll,https://i.gr-assets.com/images/S/compressed.photo.goodreads.com/books/1630487234i/24213._SX50_.jpg,4.06,623454,1026455,10820,1,4.072375383295643,"4,0 a 4,25",Muito alta
24,13335037,"Divergent (Divergent, #1)",Veronica Roth,4039811,https://www.goodreads.com/book/show/13335037-divergent,https://www.goodreads.com/author/show/4039811.Veronica_Roth,https://i.gr-assets.com/images/S/compressed.photo.goodreads.com/books/1618526890i/13335037._SY75_.jpg,4.13,4486681,1025871,10751,1,4.126961640018191,"4,0 a 4,25",Muito alta
25,24280,Les Misérables,Victor Hugo,13661,https://www.goodreads.com/book/show/24280.Les_Mis_rables,https://www.goodreads.com/author/show/13661.Victor_Hugo,https://i.gr-assets.com/images/S/compressed.photo.goodreads.com/books/1411852091i/24280._SY75_.jpg,4.22,865019,987741,10371,1,4.180180181866926,"4,0 a 4,25",Muito alta
26,8127,"Anne of Green Gables (Anne of Green Gables, #1)",L.M. Montgomery,5350,https://www.goodreads.com/book/show/8127.Anne_of_Green_Gables,https://www.goodreads.com/author/show/5350.L_M_Montgomery,https://i.gr-assets.com/images/S/compressed.photo.goodreads.com/books/1615094578i/8127._SY75_.jpg,4.33,1154797,983074,10334,1,4.2698163625150825,"4,25 a 4,5",Muito alta
27,929,Memoirs of a Geisha,Arthur Golden,614,https://www.goodreads.com/book/show/929.Memoirs_of_a_Geisha,https://www.goodreads.com/author/show/614.Arthur_Golden,https://i.gr-assets.com/images/S/compressed.photo.goodreads.com/books/1409595968i/929._SY75_.jpg,4.16,2144568,980475,10217,1,4.149528195258906,"4,0 a 4,25",Muito alta
28,865,The Alchemist,Paulo Coelho,566,https://www.goodreads.com/book/show/865.The_Alchemist,https://www.goodreads.com/author/show/566.Paulo_Coelho,https://i.gr-assets.com/images/S/compressed.photo.goodreads.com/books/1483412266i/865._SY75_.jpg,3.92,3749192,976548,10196,1,3.9362565525177056,"3,5 a 4,0",Muito alta
29,7624,Lord of the Flies,William Golding,306,https://www.goodreads.com/book/show/7624.Lord_of_the_Flies,https://www.goodreads.com/author/show/306.William_Golding,https://i.gr-assets.com/images/S/compressed.photo.goodreads.com/books/1327869409i/7624._SY75_.jpg,3.71,3312941,963105,10223,1,3.750343585697897,"3,5 a 4,0",Muito alta
30,18135,Romeo and Juliet,William Shakespeare,947,https://www.goodreads.com/book/show/18135.Romeo_and_Juliet,https://www.goodreads.com/author/show/947.William_Shakespeare,https://i.gr-assets.com/images/S/compressed.photo.goodreads.com/books/1629680008i/18135._SY75_.jpg,3.74,2889315,942912,10091,1,3.78197697683214,"3,5 a 4,0",Muito alta
31,5129,Brave New World,Aldous Huxley,3487,https://www.goodreads.com/book/show/5129.Brave_New_World,https://www.goodreads.com/author/show/3487.Aldous_Huxley,https://i.gr-assets.com/images/S/compressed.photo.goodreads.com/books/1575509280i/5129._SY75_.jpg,3.98,2151986,938819,10051,1,3.9972397033613056,"3,5 a 4,0",Muito alta
32,11,"The Hitchhiker's Guide to the Galaxy (Hitchhiker's Guide to the Galaxy, #1)",Douglas Adams,4,https://www.goodreads.com/book/show/11.The_Hitchhiker_s_Guide_to_the_Galaxy,https://www.goodreads.com/author/show/4.Douglas_Adams,https://i.gr-assets.com/images/S/compressed.photo.goodreads.com/books/1531891848i/11._SY75_.jpg,4.22,2075255,898211,9319,1,4.1997198481180025,"4,0 a 4,25",Muito alta
33,40961427,1984,George Orwell,3706,https://www.goodreads.com/book/show/40961427-1984,https://www.goodreads.com/author/show/3706.George_Orwell,https://i.gr-assets.com/images/S/compressed.photo.goodreads.com/books/1532714506i/40961427._SX50_.jpg,4.21,5756673,893416,9486,1,4.202500210975106,"4,0 a 4,25",Muito alta
34,256683,"City of Bones (The Mortal Instruments, #1)",Cassandra Clare,150038,https://www.goodreads.com/book/show/256683.City_of_Bones,https://www.goodreads.com/author/show/150038.Cassandra_Clare,https://i.gr-assets.com/images/S/compressed.photo.goodreads.com/books/1432730315i/256683._SY75_.jpg,4.06,2214698,879754,9241,1,4.064818235776157,"4,0 a 4,25",Muito alta
35,13079982,Fahrenheit 451,Ray Bradbury,1630,https://www.goodreads.com/book/show/13079982-fahrenheit-451,https://www.goodreads.com/author/show/1630.Ray_Bradbury,https://i.gr-assets.com/images/S/compressed.photo.goodreads.com/books/1383718290i/13079982._SY75_.jpg,3.97,2986908,874149,9255,1,3.984136377422216,"3,5 a 4,0",Muito alta
36,17245,Dracula,Bram Stoker,6988,https://www.goodreads.com/book/show/17245.Dracula,https://www.goodreads.com/author/show/6988.Bram_Stoker,https://i.gr-assets.com/images/S/compressed.photo.goodreads.com/books/1387151694i/17245._SY75_.jpg,4.03,1539988,869575,9327,1,4.0425773248093835,"4,0 a 4,25",Muito alta
37,4667024,The Help,Kathryn Stockett,1943477,https://www.goodreads.com/book/show/4667024-the-help,https://www.goodreads.com/author/show/1943477.Kathryn_Stockett,https://i.gr-assets.com/images/S/compressed.photo.goodreads.com/books/1622355533i/4667024._SY75_.jpg,4.47,3095603,865875,9230,1,4.427613634703175,"4,25 a 4,5",Muito alta
38,24178,Charlotte’s Web,E.B. White,988142,https://www.goodreads.com/book/show/24178.Charlotte_s_Web,https://www.goodreads.com/author/show/988142.E_B_White,https://i.gr-assets.com/images/S/compressed.photo.goodreads.com/books/1628267712i/24178._SY75_.jpg,4.21,2104695,853823,9187,1,4.1915260421125575,"4,0 a 4,25",Muito alta
39,890,Of Mice and Men,John Steinbeck,585,https://www.goodreads.com/book/show/890.Of_Mice_and_Men,https://www.goodreads.com/author/show/585.John_Steinbeck,https://i.gr-assets.com/images/S/compressed.photo.goodreads.com/books/1511302904i/890._SX50_.jpg,3.9,2948648,837106,9004,1,3.9224952928880823,"3,5 a 4,0",Muito alta
40,1934,"Little Women (Little Women, #1)",Louisa May Alcott,1315,https://www.goodreads.com/book/show/1934.Little_Women,https://www.goodreads.com/author/show/1315.Louisa_May_Alcott,https://i.gr-assets.com/images/S/compressed.photo.goodreads.com/books/1562690475i/1934._SY75_.jpg,4.18,2540567,820195,8943,1,4.1682747053761835,"4,0 a 4,25",Muito alta
41,5107,The Catcher in the Rye,J.D. Salinger,819789,https://www.goodreads.com/book/show/5107.The_Catcher_in_the_Rye,https://www.goodreads.com/author/show/819789.J_D_Salinger,https://i.gr-assets.com/images/S/compressed.photo.goodreads.com/books/1398034300i/5107._SY75_.jpg,3.8,4009706,818187,8776,1,3.8259581429156952,"3,5 a 4,0",Muito alta
42,375802,"Ender’s Game (Ender's Saga, #1)",Orson Scott Card,589,https://www.goodreads.com/book/show/375802.Ender_s_Game,https://www.goodreads.com/author/show/589.Orson_Scott_Card,https://i.gr-assets.com/images/S/compressed.photo.goodreads.com/books/1408303130i/375802._SY75_.jpg,4.31,1503247,815263,8506,1,4.265015740490525,"4,25 a 4,5",Muito alta
43,231804,The Outsiders,S.E. Hinton,762707,https://www.goodreads.com/book/show/231804.The_Outsiders,https://www.goodreads.com/author/show/762707.S_E_Hinton,https://i.gr-assets.com/images/S/compressed.photo.goodreads.com/books/1442129426i/231804._SY75_.jpg,4.15,1687642,791056,8446,1,4.139107729204388,"4,0 a 4,25",Muito alta
44,320,One Hundred Years of Solitude,Gabriel García Márquez,13450,https://www.goodreads.com/book/show/320.One_Hundred_Years_of_Solitude,https://www.goodreads.com/author/show/13450.Gabriel_Garc_a_M_rquez,https://i.gr-assets.com/images/S/compressed.photo.goodreads.com/books/1327881361i/320._SX50_.jpg,4.12,1148967,783408,8228,1,4.1129160712049355,"4,0 a 4,25",Muito alta
45,128029,A Thousand Splendid Suns,Khaled Hosseini,569,https://www.goodreads.com/book/show/128029.A_Thousand_Splendid_Suns,https://www.goodreads.com/author/show/569.Khaled_Hosseini,https://i.gr-assets.com/images/S/compressed.photo.goodreads.com/books/1655336738i/128029._SY75_.jpg,4.46,1816964,781994,8251,1,4.394839616089302,"4,25 a 4,5",Muito alta
46,2998,The Secret Garden,Frances Hodgson Burnett,2041,https://www.goodreads.com/book/show/2998.The_Secret_Garden,https://www.goodreads.com/author/show/2041.Frances_Hodgson_Burnett,https://i.gr-assets.com/images/S/compressed.photo.goodreads.com/books/1327873635i/2998._SY75_.jpg,4.17,1337611,744364,8134,1,4.152377641298977,"4,0 a 4,25",Muito alta
47,13496,"A Game of Thrones (A Song of Ice and Fire, #1)",George R.R. Martin,346732,https://www.goodreads.com/book/show/13496.A_Game_of_Thrones,https://www.goodreads.com/author/show/346732.George_R_R_Martin,https://i.gr-assets.com/images/S/compressed.photo.goodreads.com/books/1562726234i/13496._SY75_.jpg,4.45,2814748,743250,7904,1,4.406340077085527,"4,25 a 4,5",Muito alta
48,21787,The Princess Bride,William Goldman,12521,https://www.goodreads.com/book/show/21787.The_Princess_Bride,https://www.goodreads.com/author/show/12521.William_Goldman,https://i.gr-assets.com/images/S/compressed.photo.goodreads.com/books/1327903636i/21787._SY75_.jpg,4.27,963394,739561,7870,1,4.21863566035321,"4,25 a 4,5",Muito alta
49,136251,"Harry Potter and the Deathly Hallows (Harry Potter, #7)",J.K. Rowling,1077326,https://www.goodreads.com/book/show/136251.Harry_Potter_and_the_Deathly_Hallows,https://www.goodreads.com/author/show/1077326.J_K_Rowling,https://i.gr-assets.com/images/S/compressed.photo.goodreads.com/books/1663805647i/136251._SY75_.jpg,4.62,4229086,715008,7695,1,4.575315473494111,"Acima de 4,5",Muito alta
50,18619684,The Time Traveler's Wife,Audrey Niffenegger,498072,https://www.goodreads.com/book/show/18619684-the-time-traveler-s-wife,https://www.goodreads.com/author/show/498072.Audrey_Niffenegger,https://i.gr-assets.com/images/S/compressed.photo.goodreads.com/books/1733519901i/18619684._SX50_.jpg,4.0,1877920,711421,7454,1,4.01587487417005,"3,5 a 4,0",Muito alta
51,35031085,Frankenstein: The 1818 Text,Mary Wollstonecraft Shelley,11139,https://www.goodreads.com/book/show/35031085-frankenstein,https://www.goodreads.com/author/show/11139.Mary_Wollstonecraft_Shelley,https://i.gr-assets.com/images/S/compressed.photo.goodreads.com/books/1631088473i/35031085._SY75_.jpg,3.92,1999829,698796,7654,1,3.9481510255240706,"3,5 a 4,0",Muito alta
52,1381,The Odyssey,Homer,903,https://www.goodreads.com/book/show/1381.The_Odyssey,https://www.goodreads.com/author/show/903.Homer,https://i.gr-assets.com/images/S/compressed.photo.goodreads.com/books/1711957706i/1381._SY75_.jpg,3.85,1282725,691593,7530,1,3.906567026309953,"3,5 a 4,0",Muito alta
53,2429135,"The Girl With the Dragon Tattoo (Millennium, #1)",Stieg Larsson,706255,https://www.goodreads.com/book/show/2429135.The_Girl_With_the_Dragon_Tattoo,https://www.goodreads.com/author/show/706255.Stieg_Larsson,https://i.gr-assets.com/images/S/compressed.photo.goodreads.com/books/1684638853i/2429135._SX50_.jpg,4.18,3525779,676252,7432,1,4.171223981506614,"4,0 a 4,25",Muito alta
54,38447,"The Handmaid’s Tale (The Handmaid's Tale, #1)",Margaret Atwood,3472,https://www.goodreads.com/book/show/38447.The_Handmaid_s_Tale,https://www.goodreads.com/author/show/3472.Margaret_Atwood,https://i.gr-assets.com/images/S/compressed.photo.goodreads.com/books/1496592764i/38447._SY75_.jpg,4.16,2557694,674639,7309,1,4.15099530454064,"4,0 a 4,25",Muito alta
55,3636,"The Giver (Giver, #1)",Lois Lowry,2493,https://www.goodreads.com/book/show/3636.The_Giver,https://www.goodreads.com/author/show/2493.Lois_Lowry,https://i.gr-assets.com/images/S/compressed.photo.goodreads.com/books/1342493368i/3636._SY75_.jpg,4.12,2901897,659997,7119,1,4.116687014176759,"4,0 a 4,25",Muito alta
56,77203,The Kite Runner,Khaled Hosseini,569,https://www.goodreads.com/book/show/77203.The_Kite_Runner,https://www.goodreads.com/author/show/569.Khaled_Hosseini,https://i.gr-assets.com/images/S/compressed.photo.goodreads.com/books/1579036753i/77203._SY75_.jpg,4.36,3608172,658786,7102,1,4.333802863897012,"4,25 a 4,5",Muito alta
57,5,"Harry Potter and the Prisoner of Azkaban (Harry Potter, #3)",J.K. Rowling,1077326,https://www.goodreads.com/book/show/5.Harry_Potter_and_the_Prisoner_of_Azkaban,https://www.goodreads.com/author/show/1077326.J_K_Rowling,https://i.gr-assets.com/images/S/compressed.photo.goodreads.com/books/1630547330i/5._SY75_.jpg,4.58,5035030,658402,7150,1,4.544835451690329,"Acima de 4,5",Muito alta
58,33574273,"A Wrinkle in Time (Time Quintet, #1)",Madeleine L'Engle,106,https://www.goodreads.com/book/show/33574273-a-wrinkle-in-time,https://www.goodreads.com/author/show/106.Madeleine_L_Engle,https://i.gr-assets.com/images/S/compressed.photo.goodreads.com/books/1507963312i/33574273._SX50_.jpg,3.97,1312099,652133,6982,1,3.998037277861013,"3,5 a 4,0",Muito alta
59,44767458,"Dune (Dune, #1)",Frank Herbert,58,https://www.goodreads.com/book/show/44767458-dune,https://www.goodreads.com/author/show/58.Frank_Herbert,https://i.gr-assets.com/images/S/compressed.photo.goodreads.com/books/1555447414i/44767458._SY75_.jpg,4.29,1706913,609675,6541,1,4.253110797588411,"4,25 a 4,5",Muito alta
60,19543,Where the Wild Things Are,Maurice Sendak,4489,https://www.goodreads.com/book/show/19543.Where_the_Wild_Things_Are,https://www.goodreads.com/author/show/4489.Maurice_Sendak,https://i.gr-assets.com/images/S/compressed.photo.goodreads.com/books/1384434560i/19543._SX50_.jpg,4.26,1088172,589134,6425,1,4.2156121199693555,"4,25 a 4,5",Muito alta
61,23772,Green Eggs and Ham,Dr. Seuss,61105,https://www.goodreads.com/book/show/23772.Green_Eggs_and_Ham,https://www.goodreads.com/author/show/61105.Dr_Seuss,https://i.gr-assets.com/images/S/compressed.photo.goodreads.com/books/1673212751i/23772._SX50_.jpg,4.32,864953,587477,6448,1,4.249041923752447,"4,25 a 4,5",Muito alta
62,12232938,The Lovely Bones,Alice Sebold,316,https://www.goodreads.com/book/show/12232938-the-lovely-bones,https://www.goodreads.com/author/show/316.Alice_Sebold,https://i.gr-assets.com/images/S/compressed.photo.goodreads.com/books/1457810586i/12232938._SY75_.jpg,3.86,2488598,578316,6237,1,3.8915213654988428,"3,5 a 4,0",Muito alta
63,2956,"The Adventures of Huckleberry Finn (Adventures of Tom and Huck, #2)",Mark Twain,1244,https://www.goodreads.com/book/show/2956.The_Adventures_of_Huckleberry_Finn,https://www.goodreads.com/author/show/1244.Mark_Twain,https://i.gr-assets.com/images/S/compressed.photo.goodreads.com/books/1546096879i/2956._SX50_.jpg,3.83,1353415,571906,6307,1,3.8887584285590835,"3,5 a 4,0",Muito alta
64,4214,Life of Pi,Yann Martel,811,https://www.goodreads.com/book/show/4214.Life_of_Pi,https://www.goodreads.com/author/show/811.Yann_Martel,https://i.gr-assets.com/images/S/compressed.photo.goodreads.com/books/1631251689i/4214._SY75_.jpg,3.95,1787063,565563,6117,1,3.9755144495848818,"3,5 a 4,0",Muito alta
65,7604,Lolita,Vladimir Nabokov,5152,https://www.goodreads.com/book/show/7604.Lolita,https://www.goodreads.com/author/show/5152.Vladimir_Nabokov,https://i.gr-assets.com/images/S/compressed.photo.goodreads.com/books/1377756377i/7604._SY75_.jpg,3.87,977883,558524,6007,1,3.933449889668737,"3,5 a 4,0",Muito alta
66,1953,A Tale of Two Cities,Charles Dickens,239579,https://www.goodreads.com/book/show/1953.A_Tale_of_Two_Cities,https://www.goodreads.com/author/show/239579.Charles_Dickens,https://i.gr-assets.com/images/S/compressed.photo.goodreads.com/books/1344922523i/1953._SY75_.jpg,3.88,1033539,553755,6077,1,3.9382259170547087,"3,5 a 4,0",Muito alta
67,4981,Slaughterhouse-Five,Kurt Vonnegut Jr.,2778055,https://www.goodreads.com/book/show/4981.Slaughterhouse_Five,https://www.goodreads.com/author/show/2778055.Kurt_Vonnegut_Jr_,https://i.gr-assets.com/images/S/compressed.photo.goodreads.com/books/1440319389i/4981._SY75_.jpg,4.1,1526723,547602,5904,1,4.098389838583849,"4,0 a 4,25",Muito alta
68,6514,The Bell Jar,Sylvia Plath,4379,https://www.goodreads.com/book/show/6514.The_Bell_Jar,https://www.goodreads.com/author/show/4379.Sylvia_Plath,https://i.gr-assets.com/images/S/compressed.photo.goodreads.com/books/1554582218i/6514._SY75_.jpg,4.04,1312493,537133,5814,1,4.051961249930036,"4,0 a 4,25",Muito alta
69,39988,Matilda,Roald Dahl,4273,https://www.goodreads.com/book/show/39988.Matilda,https://www.goodreads.com/author/show/4273.Roald_Dahl,https://i.gr-assets.com/images/S/compressed.photo.goodreads.com/books/1388793265i/39988._SY75_.jpg,4.34,1150233,528716,5827,1,4.2771008312862975,"4,25 a 4,5",Muito alta
70,42844155,"Harry Potter and the Philosopher's Stone (Harry Potter, #1)",J.K. Rowling,1077326,https://www.goodreads.com/book/show/42844155-harry-potter-and-the-philosopher-s-stone,https://www.goodreads.com/author/show/1077326.J_K_Rowling,https://i.gr-assets.com/images/S/compressed.photo.goodreads.com/books/1598823299i/42844155._SX50_.jpg,4.47,11799675,517642,5473,1,4.457877055850126,"4,25 a 4,5",Muito alta
71,43641,Water for Elephants,Sara Gruen,24556,https://www.goodreads.com/book/show/43641.Water_for_Elephants,https://www.goodreads.com/author/show/24556.Sara_Gruen,https://i.gr-assets.com/images/S/compressed.photo.goodreads.com/books/1667708346i/43641._SY75_.jpg,4.12,1726367,508345,5486,1,4.114847764908485,"4,0 a 4,25",Muito alta
72,149267,The Stand,Stephen  King,3389,https://www.goodreads.com/book/show/149267.The_Stand,https://www.goodreads.com/author/show/3389.Stephen_King,https://i.gr-assets.com/images/S/compressed.photo.goodreads.com/books/1213131305i/149267._SX50_.jpg,4.35,862411,466910,5043,1,4.269538233018286,"4,25 a 4,5",Muito alta
73,168668,Catch-22,Joseph Heller,3167,https://www.goodreads.com/book/show/168668.Catch_22,https://www.goodreads.com/author/show/3167.Joseph_Heller,https://i.gr-assets.com/images/S/compressed.photo.goodreads.com/books/1463157317i/168668._SY75_.jpg,3.99,904335,462104,5040,1,4.020824782621332,"3,5 a 4,0",Muito alta
74,3590,"The Adventures of Sherlock Holmes (Sherlock Holmes, #3)",Arthur Conan Doyle,2448,https://www.goodreads.com/book/show/3590.The_Adventures_of_Sherlock_Holmes,https://www.goodreads.com/author/show/2448.Arthur_Conan_Doyle,https://i.gr-assets.com/images/S/compressed.photo.goodreads.com/books/1164045516i/3590._SY75_.jpg,4.3,333951,450918,5036,1,4.187861292140655,"4,25 a 4,5",Alta
75,41817486,A Clockwork Orange,Anthony Burgess,5735,https://www.goodreads.com/book/show/41817486-a-clockwork-orange,https://www.goodreads.com/author/show/5735.Anthony_Burgess,https://i.gr-assets.com/images/S/compressed.photo.goodreads.com/books/1549260060i/41817486._SX50_.jpg,4.0,791949,444922,4992,1,4.03044733355015,"3,5 a 4,0",Muito alta
76,5043,"The Pillars of the Earth (Kingsbridge, #1)",Ken Follett,3447,https://www.goodreads.com/book/show/5043.The_Pillars_of_the_Earth,https://www.goodreads.com/author/show/3447.Ken_Follett,https://i.gr-assets.com/images/S/compressed.photo.goodreads.com/books/1576956100i/5043._SY75_.jpg,4.35,857939,444393,4783,1,4.269250147083743,"4,25 a 4,5",Muito alta
77,17899948,Rebecca,Daphne du Maurier,2001717,https://www.goodreads.com/book/show/17899948-rebecca,https://www.goodreads.com/author/show/2001717.Daphne_du_Maurier,https://i.gr-assets.com/images/S/compressed.photo.goodreads.com/books/1386605169i/17899948._SX50_.jpg,4.25,764099,444359,4943,1,4.196545041062224,"4,0 a 4,25",Muito alta
78,76620,"Watership Down (Watership Down, #1)",Richard  Adams,7717,https://www.goodreads.com/book/show/76620.Watership_Down,https://www.goodreads.com/author/show/7717.Richard_Adams,https://i.gr-assets.com/images/S/compressed.photo.goodreads.com/books/1405136931i/76620._SY75_.jpg,4.1,514792,435852,4765,1,4.09659116183592,"4,0 a 4,25",Muito alta
79,52892857,The Color Purple,Alice Walker,7380,https://www.goodreads.com/book/show/52892857-the-color-purple,https://www.goodreads.com/author/show/7380.Alice_Walker,https://i.gr-assets.com/images/S/compressed.photo.goodreads.com/books/1703084419i/52892857._SY75_.jpg,4.28,772630,424049,4768,1,4.216855005763246,"4,25 a 4,5",Muito alta
80,2623,Great Expectations,Charles Dickens,239579,https://www.goodreads.com/book/show/2623.Great_Expectations,https://www.goodreads.com/author/show/239579.Charles_Dickens,https://i.gr-assets.com/images/S/compressed.photo.goodreads.com/books/1631687432i/2623._SY75_.jpg,3.8,894594,421768,4836,1,3.8888531499883623,"3,5 a 4,0",Muito alta
81,61215351,"The Fellowship of the Ring (The Lord of the Rings, #1)",J.R.R. Tolkien,656983,https://www.goodreads.com/book/show/61215351-the-fellowship-of-the-ring,https://www.goodreads.com/author/show/656983.J_R_R_Tolkien,https://i.gr-assets.com/images/S/compressed.photo.goodreads.com/books/1654215925i/61215351._SY75_.jpg,4.41,3235588,417223,4600,1,4.375719779039097,"4,25 a 4,5",Muito alta
82,10964,"Outlander (Outlander, #1)",Diana Gabaldon,3617,https://www.goodreads.com/book/show/10964.Outlander,https://www.goodreads.com/author/show/3617.Diana_Gabaldon,https://i.gr-assets.com/images/S/compressed.photo.goodreads.com/books/1659086907i/10964._SY75_.jpg,4.27,1185282,415732,4456,1,4.225865678060458,"4,25 a 4,5",Muito alta
83,15823480,Anna Karenina,Leo Tolstoy,128382,https://www.goodreads.com/book/show/15823480-anna-karenina,https://www.goodreads.com/author/show/128382.Leo_Tolstoy,https://i.gr-assets.com/images/S/compressed.photo.goodreads.com/books/1546091617i/15823480._SX50_.jpg,4.11,967077,414192,4533,1,4.1048468570002274,"4,0 a 4,25",Muito alta
84,9293020,The Elephant Tree,R.D. Ronald,4346642,https://www.goodreads.com/book/show/9293020-the-elephant-tree,https://www.goodreads.com/author/show/4346642.R_D_Ronald,https://i.gr-assets.com/images/S/compressed.photo.goodreads.com/books/1327248026i/9293020._SY75_.jpg,3.92,45356,409549,4430,1,4.074218363595642,"3,5 a 4,0",Baixa
85,332613,One Flew Over the Cuckoo’s Nest,Ken Kesey,7285,https://www.goodreads.com/book/show/332613.One_Flew_Over_the_Cuckoo_s_Nest,https://www.goodreads.com/author/show/7285.Ken_Kesey,https://i.gr-assets.com/images/S/compressed.photo.goodreads.com/books/1516211014i/332613._SX50_.jpg,4.2,795488,395950,4477,1,4.164438597761825,"4,0 a 4,25",Muito alta
86,4934,The Brothers Karamazov,Fyodor Dostoevsky,3137322,https://www.goodreads.com/book/show/4934.The_Brothers_Karamazov,https://www.goodreads.com/author/show/3137322.Fyodor_Dostoevsky,https://i.gr-assets.com/images/S/compressed.photo.goodreads.com/books/1427728126i/4934._SX50_.jpg,4.4,414178,394612,4329,1,4.250467693021653,"4,25 a 4,5",Muito alta
87,10917,My Sister's Keeper,Jodi Picoult,7128,https://www.goodreads.com/book/show/10917.My_Sister_s_Keeper,https://www.goodreads.com/author/show/7128.Jodi_Picoult,https://i.gr-assets.com/images/S/compressed.photo.goodreads.com/books/1369504683i/10917._SY75_.jpg,4.11,1291476,381983,4203,1,4.1058403892754285,"4,0 a 4,25",Muito alta
88,2654,To Kill a Mockingbird,Harper Lee,1825,https://www.goodreads.com/book/show/2654.To_Kill_a_Mockingbird,https://www.goodreads.com/author/show/1825.Harper_Lee,https://i.gr-assets.com/images/S/compressed.photo.goodreads.com/books/1554368352i/2654._SX50_.jpg,4.26,7117291,380013,4124,1,4.251254975674054,"4,25 a 4,5",Muito alta
89,29908754,The Zombie Room,R.D. Ronald,4346642,https://www.goodreads.com/book/show/29908754-the-zombie-room,https://www.goodreads.com/author/show/4346642.R_D_Ronald,https://i.gr-assets.com/images/S/compressed.photo.goodreads.com/books/1460547041i/29908754._SY75_.jpg,3.94,45539,377014,4079,1,4.076239706055441,"3,5 a 4,0",Baixa
90,14891,A Tree Grows in Brooklyn,Betty  Smith,2327917,https://www.goodreads.com/book/show/14891.A_Tree_Grows_in_Brooklyn,https://www.goodreads.com/author/show/2327917.Betty_Smith,https://i.gr-assets.com/images/S/compressed.photo.goodreads.com/books/1327883484i/14891._SY75_.jpg,4.31,532928,357379,3927,1,4.217776921915512,"4,25 a 4,5",Muito alta
91,6288,The Road,Cormac McCarthy,4178,https://www.goodreads.com/book/show/6288.The_Road,https://www.goodreads.com/author/show/4178.Cormac_McCarthy,https://i.gr-assets.com/images/S/compressed.photo.goodreads.com/books/1600241424i/6288._SY75_.jpg,4.0,1086786,354783,3890,1,4.024373037283639,"3,5 a 4,0",Muito alta
92,58613424,"Harry Potter and the Goblet of Fire (Harry Potter, #4)",J.K. Rowling,1077326,https://www.goodreads.com/book/show/58613424-harry-potter-and-the-goblet-of-fire,https://www.goodreads.com/author/show/1077326.J_K_Rowling,https://i.gr-assets.com/images/S/compressed.photo.goodreads.com/books/1627044952i/58613424._SY75_.jpg,4.57,4342707,350128,3922,1,4.530518735530126,"Acima de 4,5",Muito alta
93,19288043,Gone Girl,Gillian Flynn,2383,https://www.goodreads.com/book/show/19288043-gone-girl,https://www.goodreads.com/author/show/2383.Gillian_Flynn,https://i.gr-assets.com/images/S/compressed.photo.goodreads.com/books/1554086139i/19288043._SY75_.jpg,4.15,3554795,343570,3795,1,4.144261854012509,"4,0 a 4,25",Muito alta
94,119322,"The Golden Compass (His Dark Materials, #1)",Philip Pullman,3618,https://www.goodreads.com/book/show/119322.The_Golden_Compass,https://www.goodreads.com/author/show/3618.Philip_Pullman,https://i.gr-assets.com/images/S/compressed.photo.goodreads.com/books/1505766203i/119322._SX50_.jpg,4.04,1646092,337258,3746,1,4.050002525018067,"4,0 a 4,25",Muito alta
95,16299,And Then There Were None,Agatha Christie,123715,https://www.goodreads.com/book/show/16299.And_Then_There_Were_None,https://www.goodreads.com/author/show/123715.Agatha_Christie,https://i.gr-assets.com/images/S/compressed.photo.goodreads.com/books/1638425885i/16299._SY75_.jpg,4.27,1708950,333592,3721,1,4.236871103624553,"4,25 a 4,5",Muito alta
96,52036,Siddhartha,Hermann Hesse,1113469,https://www.goodreads.com/book/show/52036.Siddhartha,https://www.goodreads.com/author/show/1113469.Hermann_Hesse,https://i.gr-assets.com/images/S/compressed.photo.goodreads.com/books/1629378189i/52036._SY75_.jpg,4.09,915417,327867,3651,1,4.090629801236167,"4,0 a 4,25",Muito alta
97,345627,"Vampire Academy (Vampire Academy, #1)",Richelle Mead,137902,https://www.goodreads.com/book/show/345627.Vampire_Academy,https://www.goodreads.com/author/show/137902.Richelle_Mead,https://i.gr-assets.com/images/S/compressed.photo.goodreads.com/books/1361098973i/345627._SY75_.jpg,4.1,688548,323857,3480,1,4.09713978198339,"4,0 a 4,25",Muito alta
98,3836,Don Quixote,Miguel de Cervantes Saavedra,4037220,https://www.goodreads.com/book/show/3836.Don_Quixote,https://www.goodreads.com/author/show/4037220.Miguel_de_Cervantes_Saavedra,https://i.gr-assets.com/images/S/compressed.photo.goodreads.com/books/1546112331i/3836._SX50_.jpg,3.92,315217,319253,3612,1,4.015294882927208,"3,5 a 4,0",Alta
99,2165,The Old Man and the Sea,Ernest Hemingway,1455,https://www.goodreads.com/book/show/2165.The_Old_Man_and_the_Sea,https://www.goodreads.com/author/show/1455.Ernest_Hemingway,https://i.gr-assets.com/images/S/compressed.photo.goodreads.com/books/1329189714i/2165._SY75_.jpg,3.82,1374392,315650,3617,1,3.880275434100016,"3,5 a 4,0",Muito alta
100,252577,"Angela's Ashes (Frank McCourt, #1)",Frank McCourt,3347,https://www.goodreads.com/book/show/252577.Angela_s_Ashes,https://www.goodreads.com/author/show/3347.Frank_McCourt,https://i.gr-assets.com/images/S/compressed.photo.goodreads.com/books/1348317139i/252577._SY75_.jpg,4.16,668979,314513,3512,1,4.134951583057465,"4,0 a 4,25",Muito alta
101,49552,The Stranger,Albert Camus,957894,https://www.goodreads.com/book/show/49552.The_Stranger,https://www.goodreads.com/author/show/957894.Albert_Camus,https://i.gr-assets.com/images/S/compressed.photo.goodreads.com/books/1738704267i/49552._SY75_.jpg,4.03,1522980,309541,3478,2,4.042689084658363,"4,0 a 4,25",Muito alta
102,7244,The Poisonwood Bible,Barbara Kingsolver,3541,https://www.goodreads.com/book/show/7244.The_Poisonwood_Bible,https://www.goodreads.com/author/show/3541.Barbara_Kingsolver,https://i.gr-assets.com/images/S/compressed.photo.goodreads.com/books/1644073807i/7244._SY75_.jpg,4.12,812707,300949,3310,2,4.1109372822559465,"4,0 a 4,25",Muito alta
103,23919,The Complete Stories and Poems,Edgar Allan Poe,4624490,https://www.goodreads.com/book/show/23919.The_Complete_Stories_and_Poems,https://www.goodreads.com/author/show/4624490.Edgar_Allan_Poe,https://i.gr-assets.com/images/S/compressed.photo.goodreads.com/books/1327942676i/23919._SY75_.jpg,4.4,300919,286691,3279,2,4.225993869792584,"4,25 a 4,5",Alta
104,5886881,Dark Places,Gillian Flynn,2383,https://www.goodreads.com/book/show/5886881-dark-places,https://www.goodreads.com/author/show/2383.Gillian_Flynn,https://i.gr-assets.com/images/S/compressed.photo.goodreads.com/books/1354988288i/5886881._SY75_.jpg,3.94,867810,277120,3012,2,3.987251873443347,"3,5 a 4,0",Muito alta
105,21686,Shutter Island,Dennis Lehane,10289,https://www.goodreads.com/book/show/21686.Shutter_Island,https://www.goodreads.com/author/show/10289.Dennis_Lehane,https://i.gr-assets.com/images/S/compressed.photo.goodreads.com/books/1329269081i/21686._SY75_.jpg,4.14,239319,270961,2967,2,4.110286784533148,"4,0 a 4,25",Alta
106,43763,"Interview with the Vampire (The Vampire Chronicles, #1)",Anne Rice,7577,https://www.goodreads.com/book/show/43763.Interview_with_the_Vampire,https://www.goodreads.com/author/show/7577.Anne_Rice,https://i.gr-assets.com/images/S/compressed.photo.goodreads.com/books/1380631642i/43763._SY75_.jpg,4.02,669943,269295,3060,2,4.046576677852876,"4,0 a 4,25",Muito alta
107,662,Atlas Shrugged,Ayn Rand,432,https://www.goodreads.com/book/show/662.Atlas_Shrugged,https://www.goodreads.com/author/show/432.Ayn_Rand,https://i.gr-assets.com/images/S/compressed.photo.goodreads.com/books/1405868167i/662._SY75_.jpg,3.69,411970,263068,2891,2,3.8858221617973703,"3,5 a 4,0",Muito alta
108,99107,"Winnie-the-Pooh (Winnie-the-Pooh, #1)",A.A. Milne,81466,https://www.goodreads.com/book/show/99107.Winnie_the_Pooh,https://www.goodreads.com/author/show/81466.A_A_Milne,https://i.gr-assets.com/images/S/compressed.photo.goodreads.com/books/1298440130i/99107._SY75_.jpg,4.37,359240,262695,3072,2,4.225155576995571,"4,25 a 4,5",Alta
109,5060378,The Girl Who Played with Fire (Millennium #2),Stieg Larsson,706255,https://www.goodreads.com/book/show/5060378-the-girl-who-played-with-fire,https://www.goodreads.com/author/show/706255.Stieg_Larsson,https://i.gr-assets.com/images/S/compressed.photo.goodreads.com/books/1351778881i/5060378._SX50_.jpg,4.26,1005179,261195,2938,2,4.212973725983292,"4,25 a 4,5",Muito alta
110,33648131,"The Notebook (The Notebook, #1)",Nicholas Sparks,2345,https://www.goodreads.com/book/show/33648131-the-notebook,https://www.goodreads.com/author/show/2345.Nicholas_Sparks,https://i.gr-assets.com/images/S/compressed.photo.goodreads.com/books/1483183484i/33648131._SY75_.jpg,4.17,1872973,258793,2919,2,4.1565446542062,"4,0 a 4,25",Muito alta
111,58913358,A Story of Yesterday,Sergio Cobo,13552262,https://www.goodreads.com/book/show/58913358-a-story-of-yesterday,https://www.goodreads.com/author/show/13552262.Sergio_Cobo,https://i.gr-assets.com/images/S/compressed.photo.goodreads.com/books/1630609122i/58913358._SY75_.jpg,4.49,24214,251314,2517,2,4.115303555843169,"4,25 a 4,5",Baixa
112,3,"Harry Potter and the Sorcerer's Stone (Harry Potter, #1)",J.K. Rowling,1077326,https://www.goodreads.com/book/show/3.Harry_Potter_and_the_Sorcerer_s_Stone,https://www.goodreads.com/author/show/1077326.J_K_Rowling,https://i.gr-assets.com/images/S/compressed.photo.goodreads.com/books/1474154022i/3._SY75_.jpg,4.47,11799675,246166,2694,2,4.457877055850126,"4,25 a 4,5",Muito alta
113,4381,Fahrenheit 451,Ray Bradbury,1630,https://www.goodreads.com/book/show/4381.Fahrenheit_451,https://www.goodreads.com/author/show/1630.Ray_Bradbury,https://i.gr-assets.com/images/S/compressed.photo.goodreads.com/books/1351643740i/4381._SY75_.jpg,3.97,2986908,243706,2700,2,3.984136377422216,"3,5 a 4,0",Muito alta
114,343,Perfume: The Story of a Murderer,Patrick Süskind,39402,https://www.goodreads.com/book/show/343.Perfume,https://www.goodreads.com/author/show/39402.Patrick_S_skind,https://i.gr-assets.com/images/S/compressed.photo.goodreads.com/books/1409112276i/343._SY75_.jpg,4.04,584705,241265,2709,2,4.060882526105757,"4,0 a 4,25",Muito alta
115,11588,"The Shining (The Shining, #1)",Stephen  King,3389,https://www.goodreads.com/book/show/11588.The_Shining,https://www.goodreads.com/author/show/3389.Stephen_King,https://i.gr-assets.com/images/S/compressed.photo.goodreads.com/books/1353277730i/11588._SY75_.jpg,4.28,1767329,234878,2692,2,4.245955255436554,"4,25 a 4,5",Muito alta
116,29044,The Secret History,Donna Tartt,8719,https://www.goodreads.com/book/show/29044.The_Secret_History,https://www.goodreads.com/author/show/8719.Donna_Tartt,https://i.gr-assets.com/images/S/compressed.photo.goodreads.com/books/1751820530i/29044._SY75_.jpg,4.14,1121714,234339,2571,2,4.127618146082275,"4,0 a 4,25",Muito alta
117,36236124,Fight Club,Chuck Palahniuk,2546,https://www.goodreads.com/book/show/36236124-fight-club,https://www.goodreads.com/author/show/2546.Chuck_Palahniuk,https://i.gr-assets.com/images/S/compressed.photo.goodreads.com/books/1558216416i/36236124._SY75_.jpg,4.18,663809,233118,2649,2,4.147414193187487,"4,0 a 4,25",Muito alta
118,153747,"Moby-Dick or, The Whale",Herman Melville,1624,https://www.goodreads.com/book/show/153747.Moby_Dick_or_The_Whale,https://www.goodreads.com/author/show/1624.Herman_Melville,https://i.gr-assets.com/images/S/compressed.photo.goodreads.com/books/1327940656i/153747._SY75_.jpg,3.57,634783,230336,2651,2,3.7690369811761064,"3,5 a 4,0",Muito alta
119,4473,A Prayer for Owen Meany,John Irving,3075,https://www.goodreads.com/book/show/4473.A_Prayer_for_Owen_Meany,https://www.goodreads.com/author/show/3075.John_Irving,https://i.gr-assets.com/images/S/compressed.photo.goodreads.com/books/1260470010i/4473._SY75_.jpg,4.24,344293,222687,2449,2,4.1613470992104356,"4,0 a 4,25",Alta
120,15881,"Harry Potter and the Chamber of Secrets (Harry Potter, #2)",J.K. Rowling,1077326,https://www.goodreads.com/book/show/15881.Harry_Potter_and_the_Chamber_of_Secrets,https://www.goodreads.com/author/show/1077326.J_K_Rowling,https://i.gr-assets.com/images/S/compressed.photo.goodreads.com/books/1474169725i/15881._SY75_.jpg,4.43,4666011,210390,2479,2,4.403869443618064,"4,25 a 4,5",Muito alta
121,5907,"The Hobbit, or There and Back Again",J.R.R. Tolkien,656983,https://www.goodreads.com/book/show/5907.The_Hobbit_or_There_and_Back_Again,https://www.goodreads.com/author/show/656983.J_R_R_Tolkien,https://i.gr-assets.com/images/S/compressed.photo.goodreads.com/books/1546071216i/5907._SY75_.jpg,4.3,4627105,208357,2408,2,4.283798104005616,"4,25 a 4,5",Muito alta
122,7171637,"Clockwork Angel (The Infernal Devices, #1)",Cassandra Clare,150038,https://www.goodreads.com/book/show/7171637-clockwork-angel,https://www.goodreads.com/author/show/150038.Cassandra_Clare,https://i.gr-assets.com/images/S/compressed.photo.goodreads.com/books/1693490271i/7171637._SY75_.jpg,4.3,889459,206561,2263,2,4.236507926753543,"4,25 a 4,5",Muito alta
123,485894,The Metamorphosis,Franz Kafka,5223,https://www.goodreads.com/book/show/485894.The_Metamorphosis,https://www.goodreads.com/author/show/5223.Franz_Kafka,https://i.gr-assets.com/images/S/compressed.photo.goodreads.com/books/1646444605i/485894._SY75_.jpg,3.91,1552645,202267,2330,2,3.946639617959478,"3,5 a 4,0",Muito alta
124,830502,It,Stephen  King,3389,https://www.goodreads.com/book/show/830502.It,https://www.goodreads.com/author/show/3389.Stephen_King,https://i.gr-assets.com/images/S/compressed.photo.goodreads.com/books/1334416842i/830502._SY75_.jpg,4.24,1319492,198982,2249,2,4.206187185782072,"4,0 a 4,25",Muito alta
125,37435,The Secret Life of Bees,Sue Monk Kidd,4711,https://www.goodreads.com/book/show/37435.The_Secret_Life_of_Bees,https://www.goodreads.com/author/show/4711.Sue_Monk_Kidd,https://i.gr-assets.com/images/S/compressed.photo.goodreads.com/books/1628532099i/37435._SY75_.jpg,4.1,1372652,196654,2248,2,4.098249182818655,"4,0 a 4,25",Muito alta
126,22557272,The Girl on the Train,Paula Hawkins,1063732,https://www.goodreads.com/book/show/22557272-the-girl-on-the-train,https://www.goodreads.com/author/show/1063732.Paula_Hawkins,https://i.gr-assets.com/images/S/compressed.photo.goodreads.com/books/1748242265i/22557272._SY75_.jpg,3.96,3387848,196240,2132,2,3.973671422462781,"3,5 a 4,0",Muito alta
127,186074,"The Name of the Wind (The Kingkiller Chronicle, #1)",Patrick Rothfuss,108424,https://www.goodreads.com/book/show/186074.The_Name_of_the_Wind,https://www.goodreads.com/author/show/108424.Patrick_Rothfuss,https://i.gr-assets.com/images/S/compressed.photo.goodreads.com/books/1704917687i/186074._SY75_.jpg,4.52,1118610,192861,2053,2,4.409154855984909,"Acima de 4,5",Muito alta
128,7126,The Count of Monte Cristo,Alexandre Dumas,4785,https://www.goodreads.com/book/show/7126.The_Count_of_Monte_Cristo,https://www.goodreads.com/author/show/4785.Alexandre_Dumas,https://i.gr-assets.com/images/S/compressed.photo.goodreads.com/books/1724863997i/7126._SY75_.jpg,4.34,1081927,192207,2172,2,4.274184084501932,"4,25 a 4,5",Muito alta
129,4989,The Red Tent,Anita Diamant,626222,https://www.goodreads.com/book/show/4989.The_Red_Tent,https://www.goodreads.com/author/show/626222.Anita_Diamant,https://i.gr-assets.com/images/S/compressed.photo.goodreads.com/books/1405739117i/4989._SY75_.jpg,4.21,643423,191607,2144,2,4.165430943481838,"4,0 a 4,25",Muito alta
130,28877,"Red Dragon (Hannibal Lecter, #1)",Thomas  Harris,12455,https://www.goodreads.com/book/show/28877.Red_Dragon,https://www.goodreads.com/author/show/12455.Thomas_Harris,https://i.gr-assets.com/images/S/compressed.photo.goodreads.com/books/1593241110i/28877._SY75_.jpg,4.07,384290,191034,2075,2,4.081148794171046,"4,0 a 4,25",Alta
131,61439040,1984,George Orwell,3706,https://www.goodreads.com/book/show/61439040-1984,https://www.goodreads.com/author/show/3706.George_Orwell,https://i.gr-assets.com/images/S/compressed.photo.goodreads.com/books/1657781256i/61439040._SX50_.jpg,4.21,5756673,189617,2046,2,4.202500210975106,"4,0 a 4,25",Muito alta
132,117833,The Master and Margarita,Mikhail Bulgakov,3873,https://www.goodreads.com/book/show/117833.The_Master_and_Margarita,https://www.goodreads.com/author/show/3873.Mikhail_Bulgakov,https://i.gr-assets.com/images/S/compressed.photo.goodreads.com/books/1327867963i/117833._SY75_.jpg,4.28,449238,188250,2051,2,4.192554005724613,"4,25 a 4,5",Muito alta
133,21671,Mystic River,Dennis Lehane,10289,https://www.goodreads.com/book/show/21671.Mystic_River,https://www.goodreads.com/author/show/10289.Dennis_Lehane,https://i.gr-assets.com/images/S/compressed.photo.goodreads.com/books/1407109549i/21671._SY75_.jpg,4.18,172331,186997,2034,2,4.118988788213948,"4,0 a 4,25",Alta
134,62080187,Never Lie,Freida McFadden,7244758,https://www.goodreads.com/book/show/62080187-never-lie,https://www.goodreads.com/author/show/7244758.Freida_McFadden,https://i.gr-assets.com/images/S/compressed.photo.goodreads.com/books/1661428846i/62080187._SY75_.jpg,4.08,1753683,184479,1968,2,4.082207068912835,"4,0 a 4,25",Muito alta
135,9736930,Before I Go to Sleep,S.J. Watson,4470653,https://www.goodreads.com/book/show/9736930-before-i-go-to-sleep,https://www.goodreads.com/author/show/4470653.S_J_Watson,https://i.gr-assets.com/images/S/compressed.photo.goodreads.com/books/1358353512i/9736930._SY75_.jpg,3.9,375992,181478,1944,2,3.9979413965598445,"3,5 a 4,0",Alta
136,62334530,None of This Is True,Lisa Jewell,93504,https://www.goodreads.com/book/show/62334530-none-of-this-is-true,https://www.goodreads.com/author/show/93504.Lisa_Jewell,https://i.gr-assets.com/images/S/compressed.photo.goodreads.com/books/1686092508i/62334530._SY75_.jpg,4.06,1211377,181439,1938,2,4.067834999954289,"4,0 a 4,25",Muito alta
137,33516773,"Big Little Lies (Big Little Lies, #1)",Liane Moriarty,322069,https://www.goodreads.com/book/show/33516773-big-little-lies,https://www.goodreads.com/author/show/322069.Liane_Moriarty,https://i.gr-assets.com/images/S/compressed.photo.goodreads.com/books/1559835163i/33516773._SY75_.jpg,4.31,1150133,180942,1947,2,4.254709206557494,"4,25 a 4,5",Muito alta
138,58468990,The Paris Apartment,Lucy Foley,7770523,https://www.goodreads.com/book/show/58468990-the-paris-apartment,https://www.goodreads.com/author/show/7770523.Lucy_Foley,https://i.gr-assets.com/images/S/compressed.photo.goodreads.com/books/1645550948i/58468990._SY75_.jpg,3.64,760600,180099,1924,2,3.793522728757948,"3,5 a 4,0",Muito alta
139,43822820,"The Family Upstairs (The Family Upstairs, #1)",Lisa Jewell,93504,https://www.goodreads.com/book/show/43822820-the-family-upstairs,https://www.goodreads.com/author/show/93504.Lisa_Jewell,https://i.gr-assets.com/images/S/compressed.photo.goodreads.com/books/1564517337i/43822820._SY75_.jpg,3.95,605495,179203,1912,2,4.005765092516048,"3,5 a 4,0",Muito alta
140,36430011,"You (You, #1)",Caroline Kepnes,202260,https://www.goodreads.com/book/show/36430011-you,https://www.goodreads.com/author/show/202260.Caroline_Kepnes,https://i.gr-assets.com/images/S/compressed.photo.goodreads.com/books/1549463282i/36430011._SY75_.jpg,3.96,300392,178207,1906,2,4.034714920288616,"3,5 a 4,0",Alta
141,40389527,The Woman in the Window,A.J. Finn,7992137,https://www.goodreads.com/book/show/40389527-the-woman-in-the-window,https://www.goodreads.com/author/show/7992137.A_J_Finn,https://i.gr-assets.com/images/S/compressed.photo.goodreads.com/books/1528225499i/40389527._SY75_.jpg,3.93,914707,177935,1904,2,3.9785498151579377,"3,5 a 4,0",Muito alta
142,41837243,Lock Every Door,Riley Sager,15263414,https://www.goodreads.com/book/show/41837243-lock-every-door,https://www.goodreads.com/author/show/15263414.Riley_Sager,https://i.gr-assets.com/images/S/compressed.photo.goodreads.com/books/1540938359i/41837243._SY75_.jpg,3.87,328967,177393,1897,2,3.990631720462983,"3,5 a 4,0",Alta
143,62848145,"The Housemaid's Secret (The Housemaid, #2)",Freida McFadden,7244758,https://www.goodreads.com/book/show/62848145-the-housemaid-s-secret,https://www.goodreads.com/author/show/7244758.Freida_McFadden,https://i.gr-assets.com/images/S/compressed.photo.goodreads.com/books/1664729357i/62848145._SY75_.jpg,4.15,1990334,177383,1894,2,4.140492201704051,"4,0 a 4,25",Muito alta
144,4556058,"The Last Olympian (Percy Jackson and the Olympians, #5)",Rick Riordan,15872,https://www.goodreads.com/book/show/4556058-the-last-olympian,https://www.goodreads.com/author/show/15872.Rick_Riordan,https://i.gr-assets.com/images/S/compressed.photo.goodreads.com/books/1788398025i/4556058._SY75_.jpg,4.56,1191685,175845,1992,2,4.444389007910994,"Acima de 4,5",Muito alta
145,4948,The Very Hungry Caterpillar,Eric Carle,3362,https://www.goodreads.com/book/show/4948.The_Very_Hungry_Caterpillar,https://www.goodreads.com/author/show/3362.Eric_Carle,https://i.gr-assets.com/images/S/compressed.photo.goodreads.com/books/1603739265i/4948._SX50_.jpg,4.35,558242,174841,2027,2,4.243757775106517,"4,25 a 4,5",Muito alta
146,113436,Eragon (The Inheritance Cycle #1),Christopher Paolini,8349,https://www.goodreads.com/book/show/113436.Eragon,https://www.goodreads.com/author/show/8349.Christopher_Paolini,https://i.gr-assets.com/images/S/compressed.photo.goodreads.com/books/1366212852i/113436._SX50_.jpg,3.97,1986174,173750,1979,2,3.990087255645614,"3,5 a 4,0",Muito alta
147,28187230,"The Woman in Cabin 10 (Lo Blacklock, #1)",Ruth Ware,9013543,https://www.goodreads.com/book/show/28187230-the-woman-in-cabin-10,https://www.goodreads.com/author/show/9013543.Ruth_Ware,https://i.gr-assets.com/images/S/compressed.photo.goodreads.com/books/1465878007i/28187230._SY75_.jpg,3.71,816516,173285,1860,2,3.8337445520601143,"3,5 a 4,0",Muito alta
148,25574782,Pretty Girls,Karin Slaughter,12504,https://www.goodreads.com/book/show/25574782-pretty-girls,https://www.goodreads.com/author/show/12504.Karin_Slaughter,https://i.gr-assets.com/images/S/compressed.photo.goodreads.com/books/1432205734i/25574782._SY75_.jpg,4.0,793172,172711,1846,2,4.030415890018411,"3,5 a 4,0",Muito alta
149,50833559,Home Before Dark,Riley Sager,15263414,https://www.goodreads.com/book/show/50833559-home-before-dark,https://www.goodreads.com/author/show/15263414.Riley_Sager,https://i.gr-assets.com/images/S/compressed.photo.goodreads.com/books/1571683410l/50833559._SX50_SY75_.jpg,4.04,343741,171768,1836,2,4.06773035963892,"4,0 a 4,25",Alta
150,2373,"The Bone Collector (Lincoln Rhyme, #1)",Jeffery Deaver,1612,https://www.goodreads.com/book/show/2373.The_Bone_Collector,https://www.goodreads.com/author/show/1612.Jeffery_Deaver,https://i.gr-assets.com/images/S/compressed.photo.goodreads.com/books/1437538512i/2373._SY75_.jpg,4.2,199564,170310,1835,2,4.128559343663006,"4,0 a 4,25",Alta
151,62703226,The Only One Left,Riley Sager,15263414,https://www.goodreads.com/book/show/62703226-the-only-one-left,https://www.goodreads.com/author/show/15263414.Riley_Sager,https://i.gr-assets.com/images/S/compressed.photo.goodreads.com/books/1668181003i/62703226._SY75_.jpg,4.12,732115,169581,1811,2,4.1102870104325095,"4,0 a 4,25",Muito alta
152,100915,"The Lion, the Witch and the Wardrobe (Chronicles of Narnia, #1)",C.S. Lewis,1069006,https://www.goodreads.com/book/show/100915.The_Lion_the_Witch_and_the_Wardrobe,https://www.goodreads.com/author/show/1069006.C_S_Lewis,https://i.gr-assets.com/images/S/compressed.photo.goodreads.com/books/1353029077i/100915._SY75_.jpg,4.24,3226266,169418,2072,2,4.224010579411001,"4,0 a 4,25",Muito alta
153,23437156,"Six of Crows (Six of Crows, #1)",Leigh Bardugo,4575289,https://www.goodreads.com/book/show/23437156-six-of-crows,https://www.goodreads.com/author/show/4575289.Leigh_Bardugo,https://i.gr-assets.com/images/S/compressed.photo.goodreads.com/books/1651710803i/23437156._SY75_.jpg,4.45,1212292,169319,1803,2,4.3627051173209725,"4,25 a 4,5",Muito alta
154,28815474,The Couple Next Door,Shari Lapena,1278320,https://www.goodreads.com/book/show/28815474-the-couple-next-door,https://www.goodreads.com/author/show/1278320.Shari_Lapena,https://i.gr-assets.com/images/S/compressed.photo.goodreads.com/books/1471502242i/28815474._SY75_.jpg,3.8,745010,168074,1798,2,3.900552047798999,"3,5 a 4,0",Muito alta
155,29437949,Behind Closed Doors,B.A. Paris,14425604,https://www.goodreads.com/book/show/29437949-behind-closed-doors,https://www.goodreads.com/author/show/14425604.B_A_Paris,https://i.gr-assets.com/images/S/compressed.photo.goodreads.com/books/1458854462i/29437949._SY75_.jpg,3.96,799847,167889,1801,2,4.003380743624456,"3,5 a 4,0",Muito alta
156,99561,Looking for Alaska,John  Green,1406384,https://www.goodreads.com/book/show/99561.Looking_for_Alaska,https://www.goodreads.com/author/show/1406384.John_Green,https://i.gr-assets.com/images/S/compressed.photo.goodreads.com/books/1652042180i/99561._SY75_.jpg,3.96,1785966,167878,1838,2,3.983730924197195,"3,5 a 4,0",Muito alta
157,54981009,"The Last Thing He Told Me (Hannah Hall, #1)",Laura Dave,2672,https://www.goodreads.com/book/show/54981009-the-last-thing-he-told-me,https://www.goodreads.com/author/show/2672.Laura_Dave,https://i.gr-assets.com/images/S/compressed.photo.goodreads.com/books/1603034599i/54981009._SY75_.jpg,3.82,1211961,167297,1792,2,3.886382947542071,"3,5 a 4,0",Muito alta
158,32796253,Final Girls,Riley Sager,15263414,https://www.goodreads.com/book/show/32796253-final-girls,https://www.goodreads.com/author/show/15263414.Riley_Sager,https://i.gr-assets.com/images/S/compressed.photo.goodreads.com/books/1496658340i/32796253._SY75_.jpg,3.81,283382,167257,1787,2,3.973575295889951,"3,5 a 4,0",Alta
159,35522836,No Exit,Taylor  Adams,8475510,https://www.goodreads.com/book/show/35522836-no-exit,https://www.goodreads.com/author/show/8475510.Taylor_Adams,https://i.gr-assets.com/images/S/compressed.photo.goodreads.com/books/1498539883i/35522836._SY75_.jpg,3.97,228374,167211,1789,2,4.047087993752571,"3,5 a 4,0",Alta
160,6310,"Charlie and the Chocolate Factory (Charlie Bucket, #1)",Roald Dahl,4273,https://www.goodreads.com/book/show/6310.Charlie_and_the_Chocolate_Factory,https://www.goodreads.com/author/show/4273.Roald_Dahl,https://i.gr-assets.com/images/S/compressed.photo.goodreads.com/books/1309211401i/6310._SY75_.jpg,4.17,951833,165126,1983,2,4.147315277245467,"4,0 a 4,25",Muito alta
161,35297426,Then She Was Gone,Lisa Jewell,93504,https://www.goodreads.com/book/show/35297426-then-she-was-gone,https://www.goodreads.com/author/show/93504.Lisa_Jewell,https://i.gr-assets.com/images/S/compressed.photo.goodreads.com/books/1741291185i/35297426._SY75_.jpg,4.03,1091326,164123,1763,2,4.046383950557431,"4,0 a 4,25",Muito alta
162,57693172,A Flicker in the Dark,Stacy Willingham,21408101,https://www.goodreads.com/book/show/57693172-a-flicker-in-the-dark,https://www.goodreads.com/author/show/21408101.Stacy_Willingham,https://i.gr-assets.com/images/S/compressed.photo.goodreads.com/books/1621347398i/57693172._SY75_.jpg,3.96,647113,164074,1755,2,4.009762707007242,"3,5 a 4,0",Muito alta
163,24583,The Adventures of Tom Sawyer,Mark Twain,1244,https://www.goodreads.com/book/show/24583.The_Adventures_of_Tom_Sawyer,https://www.goodreads.com/author/show/1244.Mark_Twain,https://i.gr-assets.com/images/S/compressed.photo.goodreads.com/books/1404811979i/24583._SY75_.jpg,3.92,1045007,162900,2009,2,3.966868000509022,"3,5 a 4,0",Muito alta
164,2187,Middlesex,Jeffrey Eugenides,1467,https://www.goodreads.com/book/show/2187.Middlesex,https://www.goodreads.com/author/show/1467.Jeffrey_Eugenides,https://i.gr-assets.com/images/S/compressed.photo.goodreads.com/books/1437029776i/2187._SY75_.jpg,4.04,672688,162800,1826,2,4.059155358152794,"4,0 a 4,25",Muito alta
165,1232,"The Shadow of the Wind (The Cemetery of Forgotten Books, #1)",Carlos Ruiz Zafón,815,https://www.goodreads.com/book/show/1232.The_Shadow_of_the_Wind,https://www.goodreads.com/author/show/815.Carlos_Ruiz_Zaf_n,https://i.gr-assets.com/images/S/compressed.photo.goodreads.com/books/1628791882i/1232._SY75_.jpg,4.31,751732,161086,1788,2,4.235434038864197,"4,25 a 4,5",Muito alta
166,6900,"Tuesdays with Morrie: An Old Man, a Young Man, and Life's Greatest Lesson",Mitch Albom,2331,https://www.goodreads.com/book/show/6900.Tuesdays_with_Morrie,https://www.goodreads.com/author/show/2331.Mitch_Albom,https://i.gr-assets.com/images/S/compressed.photo.goodreads.com/books/1423763749i/6900._SY75_.jpg,4.22,1272016,159182,1813,2,4.189924982655398,"4,0 a 4,25",Muito alta
167,1618,The Curious Incident of the Dog in the Night-Time,Mark Haddon,1050,https://www.goodreads.com/book/show/1618.The_Curious_Incident_of_the_Dog_in_the_Night_Time,https://www.goodreads.com/author/show/1050.Mark_Haddon,https://i.gr-assets.com/images/S/compressed.photo.goodreads.com/books/1479863624i/1618._SY75_.jpg,3.89,1633263,159085,1832,2,3.9290442502159033,"3,5 a 4,0",Muito alta
168,38709,"Holes (Holes, #1)",Louis Sachar,6569,https://www.goodreads.com/book/show/38709.Holes,https://www.goodreads.com/author/show/6569.Louis_Sachar,https://i.gr-assets.com/images/S/compressed.photo.goodreads.com/books/1618269830i/38709._SX50_.jpg,4.02,1400146,156033,1838,2,4.035742555429121,"4,0 a 4,25",Muito alta
169,6148028,"Catching Fire (The Hunger Games, #2)",Suzanne Collins,153394,https://www.goodreads.com/book/show/6148028-catching-fire,https://www.goodreads.com/author/show/153394.Suzanne_Collins,https://i.gr-assets.com/images/S/compressed.photo.goodreads.com/books/1586722941i/6148028._SY75_.jpg,4.36,4329222,152667,1777,2,4.337804608273908,"4,25 a 4,5",Muito alta
170,9717,The Unbearable Lightness of Being,Milan Kundera,6343,https://www.goodreads.com/book/show/9717.The_Unbearable_Lightness_of_Being,https://www.goodreads.com/author/show/6343.Milan_Kundera,https://i.gr-assets.com/images/S/compressed.photo.goodreads.com/books/1265401884i/9717._SY75_.jpg,4.1,568233,152336,1712,2,4.096781059791961,"4,0 a 4,25",Muito alta
171,13623848,The Song of Achilles,Madeline Miller,176372,https://www.goodreads.com/book/show/13623848-the-song-of-achilles,https://www.goodreads.com/author/show/176372.Madeline_Miller,https://i.gr-assets.com/images/S/compressed.photo.goodreads.com/books/1357177533i/13623848._SY75_.jpg,4.3,2175651,151989,1620,2,4.268323871942598,"4,25 a 4,5",Muito alta
172,119073,The Name of the Rose,Umberto Eco,1730,https://www.goodreads.com/book/show/119073.The_Name_of_the_Rose,https://www.goodreads.com/author/show/1730.Umberto_Eco,https://i.gr-assets.com/images/S/compressed.photo.goodreads.com/books/1415375471i/119073._SY75_.jpg,4.14,406828,151624,1763,2,4.116524629411571,"4,0 a 4,25",Muito alta
173,70401,On the Road,Jack Kerouac,1742,https://www.goodreads.com/book/show/70401.On_the_Road,https://www.goodreads.com/author/show/1742.Jack_Kerouac,https://i.gr-assets.com/images/S/compressed.photo.goodreads.com/books/1658929891i/70401._SY75_.jpg,3.61,459997,149401,1703,2,3.8315327493851177,"3,5 a 4,0",Muito alta
174,10365,Where the Red Fern Grows,Wilson Rawls,6810,https://www.goodreads.com/book/show/10365.Where_the_Red_Fern_Grows,https://www.goodreads.com/author/show/6810.Wilson_Rawls,https://i.gr-assets.com/images/S/compressed.photo.goodreads.com/books/1518702249i/10365._SY75_.jpg,4.13,450513,148040,1722,2,4.112390082980061,"4,0 a 4,25",Muito alta
175,22034,"The Godfather (The Godfather, #1)",Mario Puzo,12605,https://www.goodreads.com/book/show/22034.The_Godfather,https://www.goodreads.com/author/show/12605.Mario_Puzo,https://i.gr-assets.com/images/S/compressed.photo.goodreads.com/books/1394988109i/22034._SY75_.jpg,4.4,478516,146688,1733,2,4.261530992840072,"4,25 a 4,5",Muito alta
176,168642,In Cold Blood,Truman Capote,431149,https://www.goodreads.com/book/show/168642.In_Cold_Blood,https://www.goodreads.com/author/show/431149.Truman_Capote,https://i.gr-assets.com/images/S/compressed.photo.goodreads.com/books/1424931136i/168642._SY75_.jpg,4.09,755215,146065,1732,2,4.090717819897701,"4,0 a 4,25",Muito alta
177,1,"Harry Potter and the Half-Blood Prince (Harry Potter, #6)",J.K. Rowling,1077326,https://www.goodreads.com/book/show/1.Harry_Potter_and_the_Half_Blood_Prince,https://www.goodreads.com/author/show/1077326.J_K_Rowling,https://i.gr-assets.com/images/S/compressed.photo.goodreads.com/books/1587697303i/1._SX50_.jpg,4.58,3771163,143091,1666,2,4.5341577223578025,"Acima de 4,5",Muito alta
178,12296,The Scarlet Letter,Nathaniel Hawthorne,7799,https://www.goodreads.com/book/show/12296.The_Scarlet_Letter,https://www.goodreads.com/author/show/7799.Nathaniel_Hawthorne,https://i.gr-assets.com/images/S/compressed.photo.goodreads.com/books/1404810944i/12296._SY75_.jpg,3.44,941530,141861,1763,2,3.631372703092782,"Até 3,5",Muito alta
179,472331,Watchmen,Alan Moore,3961,https://www.goodreads.com/book/show/472331.Watchmen,https://www.goodreads.com/author/show/3961.Alan_Moore,https://i.gr-assets.com/images/S/compressed.photo.goodreads.com/books/1442239711i/472331._SY75_.jpg,4.39,606633,139426,1577,2,4.273231647251529,"4,25 a 4,5",Muito alta
180,3431,The Five People You Meet in Heaven,Mitch Albom,2331,https://www.goodreads.com/book/show/3431.The_Five_People_You_Meet_in_Heaven,https://www.goodreads.com/author/show/2331.Mitch_Albom,https://i.gr-assets.com/images/S/compressed.photo.goodreads.com/books/1388200541i/3431._SX50_.jpg,4.02,834668,138655,1589,2,4.0430051112823895,"4,0 a 4,25",Muito alta
181,6656,The Divine Comedy: Inferno - Purgatorio - Paradiso,Dante Alighieri,5031312,https://www.goodreads.com/book/show/6656.The_Divine_Comedy,https://www.goodreads.com/author/show/5031312.Dante_Alighieri,https://i.gr-assets.com/images/S/compressed.photo.goodreads.com/books/1657540227i/6656._SY75_.jpg,4.09,179473,138608,1631,2,4.0914421671893315,"4,0 a 4,25",Alta
182,355697,All Quiet on the Western Front,Erich Maria Remarque,4116,https://www.goodreads.com/book/show/355697.All_Quiet_on_the_Western_Front,https://www.goodreads.com/author/show/4116.Erich_Maria_Remarque,https://i.gr-assets.com/images/S/compressed.photo.goodreads.com/books/1632027397i/355697._SY75_.jpg,4.12,540129,138322,1613,2,4.1082844991668095,"4,0 a 4,25",Muito alta
183,30165203,"American Gods (American Gods, #1)",Neil Gaiman,1221698,https://www.goodreads.com/book/show/30165203-american-gods,https://www.goodreads.com/author/show/1221698.Neil_Gaiman,https://i.gr-assets.com/images/S/compressed.photo.goodreads.com/books/1462924585i/30165203._SY75_.jpg,4.1,1004527,138113,1566,2,4.097787362815948,"4,0 a 4,25",Muito alta
184,233093,"The Cat in the Hat (Cat in the Hat, #1)",Dr. Seuss,61105,https://www.goodreads.com/book/show/233093.The_Cat_in_the_Hat,https://www.goodreads.com/author/show/61105.Dr_Seuss,https://i.gr-assets.com/images/S/compressed.photo.goodreads.com/books/1468890477i/233093._SX50_.jpg,4.2,598981,135835,1684,2,4.157380387029395,"4,0 a 4,25",Muito alta
185,28676,American Psycho,Bret Easton Ellis,2751,https://www.goodreads.com/book/show/28676.American_Psycho,https://www.goodreads.com/author/show/2751.Bret_Easton_Ellis,https://i.gr-assets.com/images/S/compressed.photo.goodreads.com/books/1436934349i/28676._SY75_.jpg,3.8,381652,134923,1535,2,3.9478341009851077,"3,5 a 4,0",Alta
186,12067,"Good Omens: The Nice and Accurate Prophecies of Agnes Nutter, Witch",Terry Pratchett,1654,https://www.goodreads.com/book/show/12067.Good_Omens,https://www.goodreads.com/author/show/1654.Terry_Pratchett,https://i.gr-assets.com/images/S/compressed.photo.goodreads.com/books/1615552073i/12067._SY75_.jpg,4.25,846188,134221,1515,2,4.20009161420912,"4,0 a 4,25",Muito alta
187,256008,"Lonesome Dove (Lonesome Dove, #1)",Larry McMurtry,1055,https://www.goodreads.com/book/show/256008.Lonesome_Dove,https://www.goodreads.com/author/show/1055.Larry_McMurtry,https://i.gr-assets.com/images/S/compressed.photo.goodreads.com/books/1559668037i/256008._SY75_.jpg,4.6,285927,133224,1495,2,4.306608456694919,"Acima de 4,5",Alta
188,114345,"The Little House Collection (Little House, #1-9)",Laura Ingalls Wilder,5300,https://www.goodreads.com/book/show/114345.The_Little_House_Collection,https://www.goodreads.com/author/show/5300.Laura_Ingalls_Wilder,https://i.gr-assets.com/images/S/compressed.photo.goodreads.com/books/1577932823i/114345._SX50_.jpg,4.36,158221,131193,1552,2,4.169268824281008,"4,25 a 4,5",Alta
189,6339664,"Hush, Hush (Hush, Hush, #1)",Becca Fitzpatrick,2876763,https://www.goodreads.com/book/show/6339664-hush-hush,https://www.goodreads.com/author/show/2876763.Becca_Fitzpatrick,https://i.gr-assets.com/images/S/compressed.photo.goodreads.com/books/1358261334i/6339664._SY75_.jpg,3.92,752985,128952,1426,2,3.9788310255752344,"3,5 a 4,0",Muito alta
190,561456,"The Titan’s Curse (Percy Jackson and the Olympians, #3)",Rick Riordan,15872,https://www.goodreads.com/book/show/561456.The_Titan_s_Curse,https://www.goodreads.com/author/show/15872.Rick_Riordan,https://i.gr-assets.com/images/S/compressed.photo.goodreads.com/books/1361038385i/561456._SY75_.jpg,4.37,1265992,126164,1491,2,4.304414601832056,"4,25 a 4,5",Muito alta
191,34268,"Peter Pan (Peter Pan, #2)",J.M. Barrie,5255014,https://www.goodreads.com/book/show/34268.Peter_Pan,https://www.goodreads.com/author/show/5255014.J_M_Barrie,https://i.gr-assets.com/images/S/compressed.photo.goodreads.com/books/1337714526i/34268._SX50_.jpg,4.03,379162,125956,1566,2,4.061532499199766,"4,0 a 4,25",Alta
192,10956,The Virgin Suicides,Jeffrey Eugenides,1467,https://www.goodreads.com/book/show/10956.The_Virgin_Suicides,https://www.goodreads.com/author/show/1467.Jeffrey_Eugenides,https://i.gr-assets.com/images/S/compressed.photo.goodreads.com/books/1319032910i/10956._SY75_.jpg,3.78,440485,125497,1447,2,3.9267807763823845,"3,5 a 4,0",Muito alta
193,17927395,"A Court of Mist and Fury (A Court of Thorns and Roses, #2)",Sarah J. Maas,3433047,https://www.goodreads.com/book/show/17927395-a-court-of-mist-and-fury,https://www.goodreads.com/author/show/3433047.Sarah_J_Maas,https://i.gr-assets.com/images/S/compressed.photo.goodreads.com/books/1546406996i/17927395._SY75_.jpg,4.63,3473428,124874,1334,2,4.575565973656548,"Acima de 4,5",Muito alta
194,31685789,Room,Emma Donoghue,23613,https://www.goodreads.com/book/show/31685789-room,https://www.goodreads.com/author/show/23613.Emma_Donoghue,https://i.gr-assets.com/images/S/compressed.photo.goodreads.com/books/1472239721i/31685789._SX50_.jpg,4.08,848763,123678,1413,2,4.083817933830775,"4,0 a 4,25",Muito alta
195,7896527,"Throne of Glass (Throne of Glass, #1)",Sarah J. Maas,3433047,https://www.goodreads.com/book/show/7896527-throne-of-glass,https://www.goodreads.com/author/show/3433047.Sarah_J_Maas,https://i.gr-assets.com/images/S/compressed.photo.goodreads.com/books/1495278054i/7896527._SY75_.jpg,4.18,2686326,123352,1352,2,4.168830064923331,"4,0 a 4,25",Muito alta
196,2120932,"The Battle of the Labyrinth (Percy Jackson and the Olympians, #4)",Rick Riordan,15872,https://www.goodreads.com/book/show/2120932.The_Battle_of_the_Labyrinth,https://www.goodreads.com/author/show/15872.Rick_Riordan,https://i.gr-assets.com/images/S/compressed.photo.goodreads.com/books/1788397436i/2120932._SY75_.jpg,4.42,1260012,123028,1439,2,4.342333973302226,"4,25 a 4,5",Muito alta
197,58613345,"Harry Potter and the Half-Blood Prince (Harry Potter, #6)",J.K. Rowling,1077326,https://www.goodreads.com/book/show/58613345-harry-potter-and-the-half-blood-prince,https://www.goodreads.com/author/show/1077326.J_K_Rowling,https://i.gr-assets.com/images/S/compressed.photo.goodreads.com/books/1627043894i/58613345._SY75_.jpg,4.58,3771163,121946,1367,2,4.5341577223578025,"Acima de 4,5",Muito alta
198,28186,"The Sea of Monsters (Percy Jackson and the Olympians, #2)",Rick Riordan,15872,https://www.goodreads.com/book/show/28186.The_Sea_of_Monsters,https://www.goodreads.com/author/show/15872.Rick_Riordan,https://i.gr-assets.com/images/S/compressed.photo.goodreads.com/books/1788396410i/28186._SY75_.jpg,4.24,1424120,119422,1420,2,4.208136153203991,"4,0 a 4,25",Muito alta
199,9712,Love in the Time of Cholera,Gabriel García Márquez,13450,https://www.goodreads.com/book/show/9712.Love_in_the_Time_of_Cholera,https://www.goodreads.com/author/show/13450.Gabriel_Garc_a_M_rquez,https://i.gr-assets.com/images/S/compressed.photo.goodreads.com/books/1644691354i/9712._SY75_.jpg,3.94,562480,117966,1404,2,4.002381915780405,"3,5 a 4,0",Muito alta
200,11735983,"Insurgent (Divergent, #2)",Veronica Roth,4039811,https://www.goodreads.com/book/show/11735983-insurgent,https://www.goodreads.com/author/show/4039811.Veronica_Roth,https://i.gr-assets.com/images/S/compressed.photo.goodreads.com/books/1618525340i/11735983._SY75_.jpg,3.96,1655632,117315,1342,2,3.985242101705772,"3,5 a 4,0",Muito alta
201,6186357,"The Maze Runner (The Maze Runner, #1)",James Dashner,348878,https://www.goodreads.com/book/show/6186357-the-maze-runner,https://www.goodreads.com/author/show/348878.James_Dashner,https://i.gr-assets.com/images/S/compressed.photo.goodreads.com/books/1375596592i/6186357._SY75_.jpg,4.06,1746773,115787,1324,3,4.065872832226245,"4,0 a 4,25",Muito alta
202,35545737,A Walk to Remember,Nicholas Sparks,2345,https://www.goodreads.com/book/show/35545737-a-walk-to-remember,https://www.goodreads.com/author/show/2345.Nicholas_Sparks,https://i.gr-assets.com/images/S/compressed.photo.goodreads.com/books/1498755310i/35545737._SY75_.jpg,4.2,855114,115661,1352,3,4.16614008476444,"4,0 a 4,25",Muito alta
203,32620332,The Seven Husbands of Evelyn Hugo,Taylor Jenkins Reid,6572605,https://www.goodreads.com/book/show/32620332-the-seven-husbands-of-evelyn-hugo,https://www.goodreads.com/author/show/6572605.Taylor_Jenkins_Reid,https://i.gr-assets.com/images/S/compressed.photo.goodreads.com/books/1664458703i/32620332._SY75_.jpg,4.39,4425894,115132,1227,3,4.365814406936221,"4,25 a 4,5",Muito alta
204,58572970,The Addiction Manifesto,Jerry Weaver,15075919,https://www.goodreads.com/book/show/58572970-the-addiction-manifesto,https://www.goodreads.com/author/show/15075919.Jerry_Weaver,https://i.gr-assets.com/images/S/compressed.photo.goodreads.com/books/1626523225i/58572970._SX50_.jpg,4.71,1283,114964,1150,3,4.094124473522337,"Acima de 4,5",Baixa
205,18335634,"Clockwork Princess (The Infernal Devices, #3)",Cassandra Clare,150038,https://www.goodreads.com/book/show/18335634-clockwork-princess,https://www.goodreads.com/author/show/150038.Cassandra_Clare,https://i.gr-assets.com/images/S/compressed.photo.goodreads.com/books/1436788488i/18335634._SY75_.jpg,4.55,486228,114613,1276,3,4.345882223787235,"Acima de 4,5",Muito alta
206,3412,The Thorn Birds,Colleen McCullough,4917067,https://www.goodreads.com/book/show/3412.The_Thorn_Birds,https://www.goodreads.com/author/show/4917067.Colleen_McCullough,https://i.gr-assets.com/images/S/compressed.photo.goodreads.com/books/1548530867i/3412._SY75_.jpg,4.25,370175,114596,1386,3,4.168883915028556,"4,0 a 4,25",Alta
207,113946,How the Grinch Stole Christmas!,Dr. Seuss,61105,https://www.goodreads.com/book/show/113946.How_the_Grinch_Stole_Christmas_,https://www.goodreads.com/author/show/61105.Dr_Seuss,https://i.gr-assets.com/images/S/compressed.photo.goodreads.com/books/1771151369i/113946._SX50_.jpg,4.39,455625,114562,1471,3,4.252406283290269,"4,25 a 4,5",Muito alta
208,13,"The Ultimate Hitchhiker’s Guide to the Galaxy (Hitchhiker's Guide to the Galaxy, #1-5)",Douglas Adams,4,https://www.goodreads.com/book/show/13.The_Ultimate_Hitchhiker_s_Guide_to_the_Galaxy,https://www.goodreads.com/author/show/4.Douglas_Adams,https://i.gr-assets.com/images/S/compressed.photo.goodreads.com/books/1404613595i/13._SY75_.jpg,4.38,343951,113224,1330,3,4.226822149380622,"4,25 a 4,5",Alta
209,48855,The Diary of a Young Girl,Anne Frank,3720,https://www.goodreads.com/book/show/48855.The_Diary_of_a_Young_Girl,https://www.goodreads.com/author/show/3720.Anne_Frank,https://i.gr-assets.com/images/S/compressed.photo.goodreads.com/books/1560816565i/48855._SY75_.jpg,4.2,4327893,111411,1370,3,4.191058215019314,"4,0 a 4,25",Muito alta
210,37415,Their Eyes Were Watching God,Zora Neale Hurston,15151,https://www.goodreads.com/book/show/37415.Their_Eyes_Were_Watching_God,https://www.goodreads.com/author/show/15151.Zora_Neale_Hurston,https://i.gr-assets.com/images/S/compressed.photo.goodreads.com/books/1368072803i/37415._SY75_.jpg,4.0,400375,110725,1278,3,4.045511200592074,"3,5 a 4,0",Muito alta
211,92303,The Importance of Being Earnest,Oscar Wilde,3565,https://www.goodreads.com/book/show/92303.The_Importance_of_Being_Earnest,https://www.goodreads.com/author/show/3565.Oscar_Wilde,https://i.gr-assets.com/images/S/compressed.photo.goodreads.com/books/1298438452i/92303._SY75_.jpg,4.17,415754,109875,1361,3,4.132243041586892,"4,0 a 4,25",Muito alta
212,2802316,"Shadow Kiss (Vampire Academy, #3)",Richelle Mead,137902,https://www.goodreads.com/book/show/2802316-shadow-kiss,https://www.goodreads.com/author/show/137902.Richelle_Mead,https://i.gr-assets.com/images/S/compressed.photo.goodreads.com/books/1361099049i/2802316._SY75_.jpg,4.33,384335,109729,1221,3,4.2100172087012675,"4,25 a 4,5",Alta
213,1423,The Compleat Works of Wllm Shkspr,Reduced Shakespeare Company,32182188,https://www.goodreads.com/book/show/1423.The_Compleat_Works_of_Wllm_Shkspr,https://www.goodreads.com/author/show/32182188.Reduced_Shakespeare_Company,https://i.gr-assets.com/images/S/compressed.photo.goodreads.com/books/1347579233i/1423._SX50_.jpg,4.43,9932,109428,1260,3,4.10047276900298,"4,25 a 4,5",Baixa
214,6867,Atonement,Ian McEwan,2408,https://www.goodreads.com/book/show/6867.Atonement,https://www.goodreads.com/author/show/2408.Ian_McEwan,https://i.gr-assets.com/images/S/compressed.photo.goodreads.com/books/1773518365i/6867._SY75_.jpg,3.96,578191,109281,1303,3,4.013301183489563,"3,5 a 4,0",Muito alta
215,236093,"The Wonderful Wizard of Oz (Oz, #1)",L. Frank Baum,3242,https://www.goodreads.com/book/show/236093.The_Wonderful_Wizard_of_Oz,https://www.goodreads.com/author/show/3242.L_Frank_Baum,https://i.gr-assets.com/images/S/compressed.photo.goodreads.com/books/1398003737i/236093._SY75_.jpg,4.0,525049,108994,1418,3,4.03931768551125,"3,5 a 4,0",Muito alta
216,7190,The Three Musketeers,Alexandre Dumas,4785,https://www.goodreads.com/book/show/7190.The_Three_Musketeers,https://www.goodreads.com/author/show/4785.Alexandre_Dumas,https://i.gr-assets.com/images/S/compressed.photo.goodreads.com/books/1630475503i/7190._SX50_.jpg,4.1,355210,108502,1362,3,4.095862237871768,"4,0 a 4,25",Alta
217,7784,The Lorax,Dr. Seuss,61105,https://www.goodreads.com/book/show/7784.The_Lorax,https://www.goodreads.com/author/show/61105.Dr_Seuss,https://i.gr-assets.com/images/S/compressed.photo.goodreads.com/books/1705520064i/7784._SX50_.jpg,4.35,376793,106635,1307,3,4.218652677472045,"4,25 a 4,5",Alta
218,7938275,"The Hunger Games Trilogy Boxset (The Hunger Games, #1-3)",Suzanne Collins,153394,https://www.goodreads.com/book/show/7938275-the-hunger-games-trilogy-boxset,https://www.goodreads.com/author/show/153394.Suzanne_Collins,https://i.gr-assets.com/images/S/compressed.photo.goodreads.com/books/1360094673i/7938275._SY75_.jpg,4.5,238506,105994,1243,3,4.246627015892567,"4,25 a 4,5",Alta
219,19501,"Eat, Pray, Love",Elizabeth Gilbert,11679,https://www.goodreads.com/book/show/19501.Eat_Pray_Love,https://www.goodreads.com/author/show/11679.Elizabeth_Gilbert,https://i.gr-assets.com/images/S/compressed.photo.goodreads.com/books/1503066414i/19501._SY75_.jpg,3.65,1869782,104940,1217,3,3.726474506866018,"3,5 a 4,0",Muito alta
220,853510,"Murder on the Orient Express (Hercule Poirot, #10)",Agatha Christie,123715,https://www.goodreads.com/book/show/853510.Murder_on_the_Orient_Express,https://www.goodreads.com/author/show/123715.Agatha_Christie,https://i.gr-assets.com/images/S/compressed.photo.goodreads.com/books/1733926500i/853510._SY75_.jpg,4.2,768568,104903,1320,3,4.163613078010044,"4,0 a 4,25",Muito alta
221,32929,Goodnight Moon,Margaret Wise Brown,18479,https://www.goodreads.com/book/show/32929.Goodnight_Moon,https://www.goodreads.com/author/show/18479.Margaret_Wise_Brown,https://i.gr-assets.com/images/S/compressed.photo.goodreads.com/books/1439223893i/32929._SX50_.jpg,4.32,401148,104728,1301,3,4.2074999946644205,"4,25 a 4,5",Muito alta
222,1622,A Midsummer Night’s Dream,William Shakespeare,947,https://www.goodreads.com/book/show/1622.A_Midsummer_Night_s_Dream,https://www.goodreads.com/author/show/947.William_Shakespeare,https://i.gr-assets.com/images/S/compressed.photo.goodreads.com/books/1327874534i/1622._SY75_.jpg,3.94,593234,103550,1350,3,4.000432850770549,"3,5 a 4,0",Muito alta
223,68783,"Girl, Interrupted",Susanna Kaysen,4376,https://www.goodreads.com/book/show/68783.Girl_Interrupted,https://www.goodreads.com/author/show/4376.Susanna_Kaysen,https://i.gr-assets.com/images/S/compressed.photo.goodreads.com/books/1475482930i/68783._SY75_.jpg,3.95,292316,101589,1142,3,4.03132046120793,"3,5 a 4,0",Alta
224,40940121,Bridge to Terabithia,Katherine Paterson,1949,https://www.goodreads.com/book/show/40940121-bridge-to-terabithia,https://www.goodreads.com/author/show/1949.Katherine_Paterson,https://i.gr-assets.com/images/S/compressed.photo.goodreads.com/books/1532478367i/40940121._SY75_.jpg,4.07,603427,101393,1268,3,4.0786921885706775,"4,0 a 4,25",Muito alta
225,567678,The Wasp Factory,Iain Banks,7628,https://www.goodreads.com/book/show/567678.The_Wasp_Factory,https://www.goodreads.com/author/show/7628.Iain_Banks,https://i.gr-assets.com/images/S/compressed.photo.goodreads.com/books/1434940562i/567678._SY75_.jpg,3.76,115343,100936,1136,3,4.016464041028882,"3,5 a 4,0",Média
226,2547,The Prophet,Kahlil Gibran,6466154,https://www.goodreads.com/book/show/2547.The_Prophet,https://www.goodreads.com/author/show/6466154.Kahlil_Gibran,https://i.gr-assets.com/images/S/compressed.photo.goodreads.com/books/1355046521i/2547._SY75_.jpg,4.23,338857,100722,1207,3,4.1561190819326725,"4,0 a 4,25",Alta
227,10507293,"The Selection (The Selection, #1)",Kiera Cass,2987125,https://www.goodreads.com/book/show/10507293-the-selection,https://www.goodreads.com/author/show/2987125.Kiera_Cass,https://i.gr-assets.com/images/S/compressed.photo.goodreads.com/books/1322103400i/10507293._SY75_.jpg,4.07,1816419,99723,1119,3,4.073915945584139,"4,0 a 4,25",Muito alta
228,2282133,"Frostbite (Vampire Academy, #2)",Richelle Mead,137902,https://www.goodreads.com/book/show/2282133.Frostbite,https://www.goodreads.com/author/show/137902.Richelle_Mead,https://i.gr-assets.com/images/S/compressed.photo.goodreads.com/books/1361098960i/2282133._SY75_.jpg,4.25,375743,99091,1127,3,4.1694729087329385,"4,0 a 4,25",Alta
229,4900,Heart of Darkness,Joseph Conrad,3345,https://www.goodreads.com/book/show/4900.Heart_of_Darkness,https://www.goodreads.com/author/show/3345.Joseph_Conrad,https://i.gr-assets.com/images/S/compressed.photo.goodreads.com/books/1392799983i/4900._SX50_.jpg,3.43,575129,98133,1209,3,3.697991633181098,"Até 3,5",Muito alta
230,46945,Requiem for a Dream,Hubert Selby Jr.,26335,https://www.goodreads.com/book/show/46945.Requiem_for_a_Dream,https://www.goodreads.com/author/show/26335.Hubert_Selby_Jr_,https://i.gr-assets.com/images/S/compressed.photo.goodreads.com/books/1676169823i/46945._SX50_.jpg,4.12,70047,97958,1097,3,4.096341504925696,"4,0 a 4,25",Média
231,32261,Tess of the D’Urbervilles,Thomas Hardy,15905,https://www.goodreads.com/book/show/32261.Tess_of_the_D_Urbervilles,https://www.goodreads.com/author/show/15905.Thomas_Hardy,https://i.gr-assets.com/images/S/compressed.photo.goodreads.com/books/1633063778i/32261._SY75_.jpg,3.85,309247,97447,1196,3,3.985197004399726,"3,5 a 4,0",Alta
232,9361589,The Night Circus,Erin Morgenstern,4370565,https://www.goodreads.com/book/show/9361589-the-night-circus,https://www.goodreads.com/author/show/4370565.Erin_Morgenstern,https://i.gr-assets.com/images/S/compressed.photo.goodreads.com/books/1786033865i/9361589._SY75_.jpg,3.99,1137291,97350,1097,3,4.016126437431208,"3,5 a 4,0",Muito alta
233,298663,The Killer Inside Me,Jim Thompson,7621,https://www.goodreads.com/book/show/298663.The_Killer_Inside_Me,https://www.goodreads.com/author/show/7621.Jim_Thompson,https://i.gr-assets.com/images/S/compressed.photo.goodreads.com/books/1403187402i/298663._SY75_.jpg,3.9,30639,97026,1081,3,4.078147161469198,"3,5 a 4,0",Baixa
234,1852,The Call of the Wild,Jack London,1240,https://www.goodreads.com/book/show/1852.The_Call_of_the_Wild,https://www.goodreads.com/author/show/1240.Jack_London,https://i.gr-assets.com/images/S/compressed.photo.goodreads.com/books/1452291694i/1852._SY75_.jpg,3.92,487125,96088,1247,3,3.9966409937511793,"3,5 a 4,0",Muito alta
235,17231,"Darkly Dreaming Dexter (Dexter, #1)",Jeff Lindsay,10482,https://www.goodreads.com/book/show/17231.Darkly_Dreaming_Dexter,https://www.goodreads.com/author/show/10482.Jeff_Lindsay,https://i.gr-assets.com/images/S/compressed.photo.goodreads.com/books/1557598685i/17231._SY75_.jpg,3.9,226132,95984,1075,3,4.021721685752603,"3,5 a 4,0",Alta
236,243705,The Collector,John Fowles,10039,https://www.goodreads.com/book/show/243705.The_Collector,https://www.goodreads.com/author/show/10039.John_Fowles,https://i.gr-assets.com/images/S/compressed.photo.goodreads.com/books/1394828024i/243705._SY75_.jpg,3.97,101527,95846,1100,3,4.066938231073303,"3,5 a 4,0",Média
237,9915,Less Than Zero,Bret Easton Ellis,2751,https://www.goodreads.com/book/show/9915.Less_Than_Zero,https://www.goodreads.com/author/show/2751.Bret_Easton_Ellis,https://i.gr-assets.com/images/S/compressed.photo.goodreads.com/books/1750083768i/9915._SY75_.jpg,3.62,106634,93946,1049,3,3.9909570319103462,"3,5 a 4,0",Média
238,5996153,"Blood Promise (Vampire Academy, #4)",Richelle Mead,137902,https://www.goodreads.com/book/show/5996153-blood-promise,https://www.goodreads.com/author/show/137902.Richelle_Mead,https://i.gr-assets.com/images/S/compressed.photo.goodreads.com/books/1442530605i/5996153._SY75_.jpg,4.3,329918,93709,1070,3,4.187234029737222,"4,25 a 4,5",Alta
239,13023,Alice in Wonderland,Jane Carruth,34933,https://www.goodreads.com/book/show/13023.Alice_in_Wonderland,https://www.goodreads.com/author/show/34933.Jane_Carruth,https://i.gr-assets.com/images/S/compressed.photo.goodreads.com/books/1391458382i/13023._SX50_.jpg,4.03,397940,93517,1214,3,4.060782053447898,"4,0 a 4,25",Muito alta
240,7203669,Galveston,Nic Pizzolatto,603698,https://www.goodreads.com/book/show/7203669-galveston,https://www.goodreads.com/author/show/603698.Nic_Pizzolatto,https://i.gr-assets.com/images/S/compressed.photo.goodreads.com/books/1593570705i/7203669._SY75_.jpg,3.83,20786,93505,1038,3,4.07887619332709,"3,5 a 4,0",Baixa
241,7763,The Joy Luck Club,Amy Tan,5246,https://www.goodreads.com/book/show/7763.The_Joy_Luck_Club,https://www.goodreads.com/author/show/5246.Amy_Tan,https://i.gr-assets.com/images/S/compressed.photo.goodreads.com/books/1304978653i/7763._SY75_.jpg,3.97,718493,93153,1165,3,4.013036818325956,"3,5 a 4,0",Muito alta
242,27712,The Neverending Story,Michael Ende,15619,https://www.goodreads.com/book/show/27712.The_Neverending_Story,https://www.goodreads.com/author/show/15619.Michael_Ende,https://i.gr-assets.com/images/S/compressed.photo.goodreads.com/books/1554230952i/27712._SY75_.jpg,4.18,227408,92989,1130,3,4.124421893523528,"4,0 a 4,25",Alta
243,38819868,"My Sister, the Serial Killer",Oyinkan Braithwaite,14713014,https://www.goodreads.com/book/show/38819868-my-sister-the-serial-killer,https://www.goodreads.com/author/show/14713014.Oyinkan_Braithwaite,https://i.gr-assets.com/images/S/compressed.photo.goodreads.com/books/1523366732i/38819868._SY75_.jpg,3.63,379222,92887,1035,3,3.8646090272921914,"3,5 a 4,0",Alta
244,191139,"Oh, the Places You’ll Go!",Dr. Seuss,61105,https://www.goodreads.com/book/show/191139.Oh_the_Places_You_ll_Go_,https://www.goodreads.com/author/show/61105.Dr_Seuss,https://i.gr-assets.com/images/S/compressed.photo.goodreads.com/books/1630510695l/191139._SX50_SY75_.jpg,4.37,451292,92884,1182,3,4.240983746682214,"4,25 a 4,5",Muito alta
245,12331767,High-Rise,J.G. Ballard,7010931,https://www.goodreads.com/book/show/12331767-high-rise,https://www.goodreads.com/author/show/7010931.J_G_Ballard,https://i.gr-assets.com/images/S/compressed.photo.goodreads.com/books/1358752559i/12331767._SY75_.jpg,3.65,43937,92795,1032,3,4.047451285373988,"3,5 a 4,0",Baixa
246,164760,The Winter of Frankie Machine,Don Winslow,37795,https://www.goodreads.com/book/show/164760.The_Winter_of_Frankie_Machine,https://www.goodreads.com/author/show/37795.Don_Winslow,https://i.gr-assets.com/images/S/compressed.photo.goodreads.com/books/1442888492i/164760._SX50_.jpg,4.2,17800,92524,1030,3,4.096801087842849,"4,0 a 4,25",Baixa
247,57727,"L.A. Confidential (L.A. Quartet, #3)",James Ellroy,2887,https://www.goodreads.com/book/show/57727.L_A_Confidential,https://www.goodreads.com/author/show/2887.James_Ellroy,https://i.gr-assets.com/images/S/compressed.photo.goodreads.com/books/1348575361i/57727._SY75_.jpg,4.19,41482,92518,1029,3,4.10149205265132,"4,0 a 4,25",Baixa
248,1078,"The Good Earth (House of Earth, #1)",Pearl S. Buck,704,https://www.goodreads.com/book/show/1078.The_Good_Earth,https://www.goodreads.com/author/show/704.Pearl_S_Buck,https://i.gr-assets.com/images/S/compressed.photo.goodreads.com/books/1312497600i/1078._SY75_.jpg,4.01,264764,92255,1124,3,4.05895868099577,"4,0 a 4,25",Alta
249,378,The Phantom Tollbooth,Norton Juster,214,https://www.goodreads.com/book/show/378.The_Phantom_Tollbooth,https://www.goodreads.com/author/show/214.Norton_Juster,https://i.gr-assets.com/images/S/compressed.photo.goodreads.com/books/1558858485i/378._SX50_.jpg,4.2,313409,92224,1081,3,4.14010409860186,"4,0 a 4,25",Alta
250,2175,Madame Bovary,Gustave Flaubert,1461,https://www.goodreads.com/book/show/2175.Madame_Bovary,https://www.goodreads.com/author/show/1461.Gustave_Flaubert,https://i.gr-assets.com/images/S/compressed.photo.goodreads.com/books/1741368185i/2175._SY75_.jpg,3.71,389525,91614,1146,3,3.9014327673066713,"3,5 a 4,0",Alta
251,3392668,Audition,Ryū Murakami,8881,https://www.goodreads.com/book/show/3392668-audition,https://www.goodreads.com/author/show/8881.Ry_Murakami,https://i.gr-assets.com/images/S/compressed.photo.goodreads.com/books/1356462391i/3392668._SY75_.jpg,3.61,24646,91513,1018,3,4.063522882273031,"3,5 a 4,0",Baixa
252,2247142,"The Talented Mr. Ripley (Ripley, #1)",Patricia Highsmith,7622,https://www.goodreads.com/book/show/2247142.The_Talented_Mr_Ripley,https://www.goodreads.com/author/show/7622.Patricia_Highsmith,https://i.gr-assets.com/images/S/compressed.photo.goodreads.com/books/1746213953i/2247142._SX50_.jpg,3.96,128124,91313,1025,3,4.059504735651975,"3,5 a 4,0",Média
253,29430824,"Hidden Bodies (You, #2)",Caroline Kepnes,202260,https://www.goodreads.com/book/show/29430824-hidden-bodies,https://www.goodreads.com/author/show/202260.Caroline_Kepnes,https://i.gr-assets.com/images/S/compressed.photo.goodreads.com/books/1550176155i/29430824._SY75_.jpg,3.76,97721,91297,1021,3,4.025709935363365,"3,5 a 4,0",Média
254,36064,American Tabloid (Underworld USA #1),James Ellroy,2887,https://www.goodreads.com/book/show/36064.American_Tabloid,https://www.goodreads.com/author/show/2887.James_Ellroy,https://i.gr-assets.com/images/S/compressed.photo.goodreads.com/books/1403181563i/36064._SY75_.jpg,4.19,25275,90914,1010,3,4.098046805881749,"4,0 a 4,25",Baixa
255,243257,The Tesseract,Alex Garland,5684,https://www.goodreads.com/book/show/243257.The_Tesseract,https://www.goodreads.com/author/show/5684.Alex_Garland,https://i.gr-assets.com/images/S/compressed.photo.goodreads.com/books/1389670983i/243257._SY75_.jpg,3.61,11759,90858,1009,3,4.078031255351539,"3,5 a 4,0",Baixa
256,18254,Oliver Twist,Charles Dickens,239579,https://www.goodreads.com/book/show/18254.Oliver_Twist,https://www.goodreads.com/author/show/239579.Charles_Dickens,https://i.gr-assets.com/images/S/compressed.photo.goodreads.com/books/1327868529i/18254._SY75_.jpg,3.88,437565,90289,1213,3,3.9801028381524914,"3,5 a 4,0",Muito alta
257,295,Treasure Island,Robert Louis Stevenson,854076,https://www.goodreads.com/book/show/295.Treasure_Island,https://www.goodreads.com/author/show/854076.Robert_Louis_Stevenson,https://i.gr-assets.com/images/S/compressed.photo.goodreads.com/books/1485248909i/295._SX50_.jpg,3.85,555054,90090,1211,3,3.950072652334142,"3,5 a 4,0",Muito alta
258,57773248,Notes on an Execution,Danya Kukafka,16056148,https://www.goodreads.com/book/show/57773248-notes-on-an-execution,https://www.goodreads.com/author/show/16056148.Danya_Kukafka,https://i.gr-assets.com/images/S/compressed.photo.goodreads.com/books/1631888297i/57773248._SY75_.jpg,4.02,162111,90084,1005,3,4.070974162933558,"4,0 a 4,25",Alta
259,165662,City of God,Paulo Lins,96249,https://www.goodreads.com/book/show/165662.City_of_God,https://www.goodreads.com/author/show/96249.Paulo_Lins,https://i.gr-assets.com/images/S/compressed.photo.goodreads.com/books/1328856919i/165662._SY75_.jpg,4.1,6765,90052,1004,3,4.092238264196614,"4,0 a 4,25",Baixa
260,2848807,Kill Your Friends,John Niven,7453114,https://www.goodreads.com/book/show/2848807-kill-your-friends,https://www.goodreads.com/author/show/7453114.John_Niven,https://i.gr-assets.com/images/S/compressed.photo.goodreads.com/books/1332136711i/2848807._SY75_.jpg,3.9,15649,89942,1001,3,4.084712764183098,"3,5 a 4,0",Baixa
261,45794,Clockers,Richard Price,16481,https://www.goodreads.com/book/show/45794.Clockers,https://www.goodreads.com/author/show/16481.Richard_Price,https://i.gr-assets.com/images/S/compressed.photo.goodreads.com/books/1170298592i/45794._SX50_.jpg,4.12,13956,89877,999,3,4.09306518827736,"4,0 a 4,25",Baixa
262,62291,"A Storm of Swords (A Song of Ice and Fire, #3)",George R.R. Martin,346732,https://www.goodreads.com/book/show/62291.A_Storm_of_Swords,https://www.goodreads.com/author/show/346732.George_R_R_Martin,https://i.gr-assets.com/images/S/compressed.photo.goodreads.com/books/1571318786i/62291._SY75_.jpg,4.55,870702,89657,1040,3,4.408078333134607,"Acima de 4,5",Muito alta
263,40605251,"The Mists of Avalon (Avalon, #1)",Marion Zimmer Bradley,4841825,https://www.goodreads.com/book/show/40605251-the-mists-of-avalon,https://www.goodreads.com/author/show/4841825.Marion_Zimmer_Bradley,https://i.gr-assets.com/images/S/compressed.photo.goodreads.com/books/1529610467i/40605251._SX50_.jpg,4.13,215030,89513,1061,3,4.105548369498479,"4,0 a 4,25",Alta
264,6347010,Tokyo: The Devil of Nanking,Mo Hayder,74876,https://www.goodreads.com/book/show/6347010-tokyo,https://www.goodreads.com/author/show/74876.Mo_Hayder,https://i.gr-assets.com/images/S/compressed.photo.goodreads.com/books/1237528797i/6347010._SX50_.jpg,4.0,17198,89363,989,3,4.0882242864660485,"3,5 a 4,0",Baixa
265,8008928,Savages (Savages #2),Don Winslow,37795,https://www.goodreads.com/book/show/8008928-savages,https://www.goodreads.com/author/show/37795.Don_Winslow,https://i.gr-assets.com/images/S/compressed.photo.goodreads.com/books/1368577399i/8008928._SY75_.jpg,3.9,26332,89166,990,3,4.0799853416025265,"3,5 a 4,0",Baixa
266,26050,Angels Fall,Nora Roberts,625,https://www.goodreads.com/book/show/26050.Angels_Fall,https://www.goodreads.com/author/show/625.Nora_Roberts,https://i.gr-assets.com/images/S/compressed.photo.goodreads.com/books/1442931263i/26050._SY75_.jpg,4.07,58801,89107,990,3,4.089214935698103,"4,0 a 4,25",Média
267,29421,Layer Cake,J.J. Connolly,17914123,https://www.goodreads.com/book/show/29421.Layer_Cake,https://www.goodreads.com/author/show/17914123.J_J_Connolly,https://i.gr-assets.com/images/S/compressed.photo.goodreads.com/books/1442637049i/29421._SY75_.jpg,4.14,6339,89072,990,3,4.092867959878692,"4,0 a 4,25",Baixa
268,39999,The Boy in the Striped Pajamas,John Boyne,7195,https://www.goodreads.com/book/show/39999.The_Boy_in_the_Striped_Pajamas,https://www.goodreads.com/author/show/7195.John_Boyne,https://i.gr-assets.com/images/S/compressed.photo.goodreads.com/books/1366228171i/39999._SY75_.jpg,4.16,1005027,89024,1086,3,4.140980824293827,"4,0 a 4,25",Muito alta
269,400,Libra,Don DeLillo,233,https://www.goodreads.com/book/show/400.Libra,https://www.goodreads.com/author/show/233.Don_DeLillo,https://i.gr-assets.com/images/S/compressed.photo.goodreads.com/books/1327935630i/400._SY75_.jpg,4.09,25735,88889,987,3,4.091974095024,"4,0 a 4,25",Baixa
270,50275,Last Exit to Brooklyn,Hubert Selby Jr.,26335,https://www.goodreads.com/book/show/50275.Last_Exit_to_Brooklyn,https://www.goodreads.com/author/show/26335.Hubert_Selby_Jr_,https://i.gr-assets.com/images/S/compressed.photo.goodreads.com/books/1362815242i/50275._SX50_.jpg,3.96,34136,88693,990,3,4.0814988153641645,"3,5 a 4,0",Baixa
271,40604658,"Jurassic Park (Jurassic Park, #1)",Michael Crichton,5194,https://www.goodreads.com/book/show/40604658-jurassic-park,https://www.goodreads.com/author/show/5194.Michael_Crichton,https://i.gr-assets.com/images/S/compressed.photo.goodreads.com/books/1529604411i/40604658._SY75_.jpg,4.14,1099596,88348,1091,3,4.1274344296293615,"4,0 a 4,25",Muito alta
272,61897971,The Quiet Tenant,Clémence Michallon,20737123,https://www.goodreads.com/book/show/61897971-the-quiet-tenant,https://www.goodreads.com/author/show/20737123.Cl_mence_Michallon,https://i.gr-assets.com/images/S/compressed.photo.goodreads.com/books/1684817278i/61897971._SY75_.jpg,3.81,158875,88216,979,3,4.010607855992051,"3,5 a 4,0",Alta
273,338798,Ulysses,James Joyce,5144,https://www.goodreads.com/book/show/338798.Ulysses,https://www.goodreads.com/author/show/5144.James_Joyce,https://i.gr-assets.com/images/S/compressed.photo.goodreads.com/books/1756682514i/338798._SY75_.jpg,3.76,141658,87578,1038,3,4.003795821869537,"3,5 a 4,0",Média
274,130739876,"We Need to Talk About Kevin by Shriver, Lionel. (Harper Perennial,2006) [Paperback]",Lionel Shriver,45922,https://www.goodreads.com/book/show/130739876-we-need-to-talk-about-kevin-by-shriver-lionel-harper-perennial-2006,https://www.goodreads.com/author/show/45922.Lionel_Shriver,https://i.gr-assets.com/images/S/compressed.photo.goodreads.com/books/1696950991i/130739876._SX50_.jpg,4.08,223058,87516,972,3,4.087707771896823,"4,0 a 4,25",Alta
275,62898932,Penance,Eliza  Clark,20473391,https://www.goodreads.com/book/show/62898932-penance,https://www.goodreads.com/author/show/20473391.Eliza_Clark,https://i.gr-assets.com/images/S/compressed.photo.goodreads.com/books/1682653172i/62898932._SY75_.jpg,3.86,55145,87430,977,3,4.063420368273234,"3,5 a 4,0",Média
276,71728,Jonathan Livingston Seagull,Richard Bach,16904,https://www.goodreads.com/book/show/71728.Jonathan_Livingston_Seagull,https://www.goodreads.com/author/show/16904.Richard_Bach,https://i.gr-assets.com/images/S/compressed.photo.goodreads.com/books/1432222358i/71728._SX50_.jpg,3.86,279537,87272,1071,3,3.9953549117928953,"3,5 a 4,0",Alta
277,128765450,"The Black Dahlia Ellroy, James ( Author ) Aug-01-2006 Paperback",James Ellroy,2887,https://www.goodreads.com/book/show/128765450-the-black-dahlia-ellroy-james-author-aug-01-2006-paperback,https://www.goodreads.com/author/show/2887.James_Ellroy,https://i.gr-assets.com/images/S/compressed.photo.goodreads.com/books/1699894347i/128765450._SX50_.jpg,3.8,101571,87202,969,3,4.031880332096659,"3,5 a 4,0",Média
278,112525,Winter's Bone,Daniel Woodrell,65135,https://www.goodreads.com/book/show/112525.Winter_s_Bone,https://www.goodreads.com/author/show/65135.Daniel_Woodrell,https://i.gr-assets.com/images/S/compressed.photo.goodreads.com/books/1387668411i/112525._SY75_.jpg,3.89,44297,87154,971,3,4.071541164880382,"3,5 a 4,0",Baixa
279,21727,A Simple Plan,Scott        Smith,12505,https://www.goodreads.com/book/show/21727.A_Simple_Plan,https://www.goodreads.com/author/show/12505.Scott_Smith,https://i.gr-assets.com/images/S/compressed.photo.goodreads.com/books/1388264590i/21727._SY75_.jpg,3.94,38678,86647,969,3,4.07841474175453,"3,5 a 4,0",Baixa
280,6149,Beloved,Toni Morrison,3534,https://www.goodreads.com/book/show/6149.Beloved,https://www.goodreads.com/author/show/3534.Toni_Morrison,https://i.gr-assets.com/images/S/compressed.photo.goodreads.com/books/1722944318i/6149._SY75_.jpg,3.99,513821,85647,1044,3,4.034127341888774,"3,5 a 4,0",Muito alta
281,131313317,No Country for Old Men,Cormac McCarthy,4178,https://www.goodreads.com/book/show/131313317-no-country-for-old-men,https://www.goodreads.com/author/show/4178.Cormac_McCarthy,https://i.gr-assets.com/images/S/compressed.photo.goodreads.com/books/1699773012i/131313317._SY75_.jpg,4.17,268356,85556,953,3,4.123803566298056,"4,0 a 4,25",Alta
282,10818853,"Fifty Shades of Grey (Fifty Shades, #1)",E.L. James,4725841,https://www.goodreads.com/book/show/10818853-fifty-shades-of-grey,https://www.goodreads.com/author/show/4725841.E_L_James,https://i.gr-assets.com/images/S/compressed.photo.goodreads.com/books/1385207843i/10818853._SX50_.jpg,3.67,2926402,84694,956,3,3.7197596404677613,"3,5 a 4,0",Muito alta
283,23955,Trainspotting,Irvine Welsh,5687,https://www.goodreads.com/book/show/23955.Trainspotting,https://www.goodreads.com/author/show/5687.Irvine_Welsh,https://i.gr-assets.com/images/S/compressed.photo.goodreads.com/books/1375258001i/23955._SY75_.jpg,4.12,186161,84653,946,3,4.101100485884814,"4,0 a 4,25",Alta
284,70241,Crash,J.G. Ballard,7010931,https://www.goodreads.com/book/show/70241.Crash,https://www.goodreads.com/author/show/7010931.J_G_Ballard,https://i.gr-assets.com/images/S/compressed.photo.goodreads.com/books/1281416649i/70241._SY75_.jpg,3.65,34532,84121,938,3,4.056233985936747,"3,5 a 4,0",Baixa
285,7736182,"The Lost Hero (The Heroes of Olympus, #1)",Rick Riordan,15872,https://www.goodreads.com/book/show/7736182-the-lost-hero,https://www.goodreads.com/author/show/15872.Rick_Riordan,https://i.gr-assets.com/images/S/compressed.photo.goodreads.com/books/1464201003i/7736182._SY75_.jpg,4.29,967787,84034,1012,3,4.233045733404152,"4,25 a 4,5",Muito alta
286,607639,The Beach,Alex Garland,5684,https://www.goodreads.com/book/show/607639.The_Beach,https://www.goodreads.com/author/show/5684.Alex_Garland,https://i.gr-assets.com/images/S/compressed.photo.goodreads.com/books/1348547768i/607639._SY75_.jpg,4.0,105043,83649,936,3,4.072603058003169,"3,5 a 4,0",Média
287,40611463,"The Clan of the Cave Bear (Earth's Children, #1)",Jean M. Auel,861,https://www.goodreads.com/book/show/40611463-the-clan-of-the-cave-bear,https://www.goodreads.com/author/show/861.Jean_M_Auel,https://i.gr-assets.com/images/S/compressed.photo.goodreads.com/books/1760432374i/40611463._SY75_.jpg,4.11,287947,81810,1014,3,4.099692938024993,"4,0 a 4,25",Alta
288,36381037,"Cinder (The Lunar Chronicles, #1)",Marissa Meyer,4684322,https://www.goodreads.com/book/show/36381037-cinder,https://www.goodreads.com/author/show/4684322.Marissa_Meyer,https://i.gr-assets.com/images/S/compressed.photo.goodreads.com/books/1507557775i/36381037._SY75_.jpg,4.12,1035205,81629,938,3,4.112351049849583,"4,0 a 4,25",Muito alta
289,7260188,"Mockingjay (The Hunger Games, #3)",Suzanne Collins,153394,https://www.goodreads.com/book/show/7260188-mockingjay,https://www.goodreads.com/author/show/153394.Suzanne_Collins,https://i.gr-assets.com/images/S/compressed.photo.goodreads.com/books/1586722918i/7260188._SY75_.jpg,4.13,3870582,80996,1005,3,4.126522391148384,"4,0 a 4,25",Muito alta
290,143416043,In Cold Blood,Truman Capote,431149,https://www.goodreads.com/book/show/143416043-in-cold-blood,https://www.goodreads.com/author/show/431149.Truman_Capote,https://i.gr-assets.com/images/S/compressed.photo.goodreads.com/books/1699706922i/143416043._SX50_.jpg,4.09,755215,80499,896,3,4.090717819897701,"4,0 a 4,25",Muito alta
291,3008,A Little Princess,Frances Hodgson Burnett,2041,https://www.goodreads.com/book/show/3008.A_Little_Princess,https://www.goodreads.com/author/show/2041.Frances_Hodgson_Burnett,https://i.gr-assets.com/images/S/compressed.photo.goodreads.com/books/1327868556i/3008._SY75_.jpg,4.23,335319,79862,1014,3,4.155759237799848,"4,0 a 4,25",Alta
292,10799,A Farewell to Arms,Ernest Hemingway,1455,https://www.goodreads.com/book/show/10799.A_Farewell_to_Arms,https://www.goodreads.com/author/show/1455.Ernest_Hemingway,https://i.gr-assets.com/images/S/compressed.photo.goodreads.com/books/1313714836i/10799._SY75_.jpg,3.82,366885,79857,1025,3,3.9603950460795887,"3,5 a 4,0",Alta
293,58696,David Copperfield,Charles Dickens,239579,https://www.goodreads.com/book/show/58696.David_Copperfield,https://www.goodreads.com/author/show/239579.Charles_Dickens,https://i.gr-assets.com/images/S/compressed.photo.goodreads.com/books/1461452762i/58696._SY75_.jpg,4.05,266327,79647,1050,3,4.075046957383755,"4,0 a 4,25",Alta
294,2696,The Canterbury Tales,Geoffrey Chaucer,1838,https://www.goodreads.com/book/show/2696.The_Canterbury_Tales,https://www.goodreads.com/author/show/1838.Geoffrey_Chaucer,https://i.gr-assets.com/images/S/compressed.photo.goodreads.com/books/1261208589i/2696._SY75_.jpg,3.53,241839,79170,1055,3,3.8773237387488693,"3,5 a 4,0",Alta
295,29844228,Thirteen Reasons Why,Jay Asher,569269,https://www.goodreads.com/book/show/29844228-thirteen-reasons-why,https://www.goodreads.com/author/show/569269.Jay_Asher,https://i.gr-assets.com/images/S/compressed.photo.goodreads.com/books/1555345043i/29844228._SY75_.jpg,3.83,1037416,78984,908,3,3.901756431296046,"3,5 a 4,0",Muito alta
296,7069,The World According to Garp,John Irving,3075,https://www.goodreads.com/book/show/7069.The_World_According_to_Garp,https://www.goodreads.com/author/show/3075.John_Irving,https://i.gr-assets.com/images/S/compressed.photo.goodreads.com/books/1447234581i/7069._SY75_.jpg,4.11,242594,78677,980,3,4.098955246990668,"4,0 a 4,25",Alta
297,1375,The Iliad / The Odyssey,Homer,903,https://www.goodreads.com/book/show/1375.The_Iliad_The_Odyssey,https://www.goodreads.com/author/show/903.Homer,https://i.gr-assets.com/images/S/compressed.photo.goodreads.com/books/1388181863i/1375._SX50_.jpg,4.08,86830,78099,1017,3,4.089904864868597,"4,0 a 4,25",Média
298,6294,"Howl's Moving Castle (Howl's Moving Castle, #1)",Diana Wynne Jones,4260,https://www.goodreads.com/book/show/6294.Howl_s_Moving_Castle,https://www.goodreads.com/author/show/4260.Diana_Wynne_Jones,https://i.gr-assets.com/images/S/compressed.photo.goodreads.com/books/1630502935i/6294._SX50_.jpg,4.28,472481,77165,908,3,4.194907638507612,"4,25 a 4,5",Muito alta
299,7332,The Silmarillion,J.R.R. Tolkien,656983,https://www.goodreads.com/book/show/7332.The_Silmarillion,https://www.goodreads.com/author/show/656983.J_R_R_Tolkien,https://i.gr-assets.com/images/S/compressed.photo.goodreads.com/books/1610045590i/7332._SX50_.jpg,4.04,349147,76636,921,3,4.067527840449105,"4,0 a 4,25",Alta
300,18116,His Dark Materials (His Dark Materials #1-3),Philip Pullman,3618,https://www.goodreads.com/book/show/18116.His_Dark_Materials,https://www.goodreads.com/author/show/3618.Philip_Pullman,https://i.gr-assets.com/images/S/compressed.photo.goodreads.com/books/1442329494i/18116._SY75_.jpg,4.29,170291,76240,890,3,4.152135356647356,"4,25 a 4,5",Alta
301,23807,"The Silence of the Lambs  (Hannibal Lecter, #2)",Thomas  Harris,12455,https://www.goodreads.com/book/show/23807.The_Silence_of_the_Lambs,https://www.goodreads.com/author/show/12455.Thomas_Harris,https://i.gr-assets.com/images/S/compressed.photo.goodreads.com/books/1647930822i/23807._SY75_.jpg,4.26,601454,76153,966,4,4.193845244610327,"4,25 a 4,5",Muito alta
302,17690,The Trial,Franz Kafka,5223,https://www.goodreads.com/book/show/17690.The_Trial,https://www.goodreads.com/author/show/5223.Franz_Kafka,https://i.gr-assets.com/images/S/compressed.photo.goodreads.com/books/1320399438i/17690._SY75_.jpg,3.93,421240,75581,922,4,4.008042760692744,"3,5 a 4,0",Muito alta
303,144974,The Velveteen Rabbit,Margery Williams Bianco,83846,https://www.goodreads.com/book/show/144974.The_Velveteen_Rabbit,https://www.goodreads.com/author/show/83846.Margery_Williams_Bianco,https://i.gr-assets.com/images/S/compressed.photo.goodreads.com/books/1347748913i/144974._SX50_.jpg,4.31,277304,75508,1000,4,4.182506170881368,"4,25 a 4,5",Alta
304,52382796,"Shōgun (Asian Saga, #1)",James Clavell,6417,https://www.goodreads.com/book/show/52382796-sh-gun,https://www.goodreads.com/author/show/6417.James_Clavell,https://i.gr-assets.com/images/S/compressed.photo.goodreads.com/books/1704385704i/52382796._SY75_.jpg,4.41,220766,74782,919,4,4.206806951900946,"4,25 a 4,5",Alta
305,375013,Schindler’s List,Thomas Keneally,6900,https://www.goodreads.com/book/show/375013.Schindler_s_List,https://www.goodreads.com/author/show/6900.Thomas_Keneally,https://i.gr-assets.com/images/S/compressed.photo.goodreads.com/books/1722260788i/375013._SY75_.jpg,4.34,167553,74532,979,4,4.166456325630165,"4,25 a 4,5",Alta
306,37442,"Wicked: The Life and Times of the Wicked Witch of the West (The Wicked Years, #1)",Gregory Maguire,7025,https://www.goodreads.com/book/show/37442.Wicked,https://www.goodreads.com/author/show/7025.Gregory_Maguire,https://i.gr-assets.com/images/S/compressed.photo.goodreads.com/books/1437733293i/37442._SY75_.jpg,3.5,696993,74330,900,4,3.7128168944412088,"Até 3,5",Muito alta
307,10025305,"Clockwork Prince (The Infernal Devices, #2)",Cassandra Clare,150038,https://www.goodreads.com/book/show/10025305-clockwork-prince,https://www.goodreads.com/author/show/150038.Cassandra_Clare,https://i.gr-assets.com/images/S/compressed.photo.goodreads.com/books/1460477747i/10025305._SY75_.jpg,4.42,594981,74086,872,4,4.289953566699043,"4,25 a 4,5",Muito alta
308,4069,Man's Search for Meaning,Viktor E. Frankl,2782,https://www.goodreads.com/book/show/4069.Man_s_Search_for_Meaning,https://www.goodreads.com/author/show/2782.Viktor_E_Frankl,https://i.gr-assets.com/images/S/compressed.photo.goodreads.com/books/1535419394i/4069._SY75_.jpg,4.37,937049,72031,839,4,4.288170814182877,"4,25 a 4,5",Muito alta
309,11566,The Green Mile,Stephen  King,3389,https://www.goodreads.com/book/show/11566.The_Green_Mile,https://www.goodreads.com/author/show/3389.Stephen_King,https://i.gr-assets.com/images/S/compressed.photo.goodreads.com/books/1373903563i/11566._SY75_.jpg,4.49,378692,71408,908,4,4.287850123816412,"4,25 a 4,5",Alta
310,4588,Extremely Loud & Incredibly Close,Jonathan Safran Foer,2617,https://www.goodreads.com/book/show/4588.Extremely_Loud_Incredibly_Close,https://www.goodreads.com/author/show/2617.Jonathan_Safran_Foer,https://i.gr-assets.com/images/S/compressed.photo.goodreads.com/books/1327879967i/4588._SY75_.jpg,3.97,439983,71239,813,4,4.0274595196794465,"3,5 a 4,0",Muito alta
311,22299763,"Crooked Kingdom (Six of Crows, #2)",Leigh Bardugo,4575289,https://www.goodreads.com/book/show/22299763-crooked-kingdom,https://www.goodreads.com/author/show/4575289.Leigh_Bardugo,https://i.gr-assets.com/images/S/compressed.photo.goodreads.com/books/1456172607i/22299763._SY75_.jpg,4.56,807168,71178,775,4,4.407289539336469,"Acima de 4,5",Muito alta
312,37470,"The Other Boleyn Girl (The Plantagenet and Tudor Novels, #9)",Philippa Gregory,9987,https://www.goodreads.com/book/show/37470.The_Other_Boleyn_Girl,https://www.goodreads.com/author/show/9987.Philippa_Gregory,https://i.gr-assets.com/images/S/compressed.photo.goodreads.com/books/1355932638i/37470._SY75_.jpg,4.09,519020,70142,866,4,4.090904112976503,"4,0 a 4,25",Muito alta
313,33,"The Lord of the Rings (The Lord of the Rings, #1-3)",J.R.R. Tolkien,656983,https://www.goodreads.com/book/show/33.The_Lord_of_the_Rings,https://www.goodreads.com/author/show/656983.J_R_R_Tolkien,https://i.gr-assets.com/images/S/compressed.photo.goodreads.com/books/1566425108i/33._SX50_.jpg,4.55,748486,69645,837,4,4.392857549939922,"Acima de 4,5",Muito alta
314,3876,The Sun Also Rises,Ernest Hemingway,1455,https://www.goodreads.com/book/show/3876.The_Sun_Also_Rises,https://www.goodreads.com/author/show/1455.Ernest_Hemingway,https://i.gr-assets.com/images/S/compressed.photo.goodreads.com/books/1509802323i/3876._SY75_.jpg,3.78,510942,69086,882,4,3.9153157294513914,"3,5 a 4,0",Muito alta
315,6487308,"Fallen (Fallen, #1)",Lauren Kate,2905297,https://www.goodreads.com/book/show/6487308-fallen,https://www.goodreads.com/author/show/2905297.Lauren_Kate,https://i.gr-assets.com/images/S/compressed.photo.goodreads.com/books/1440619649i/6487308._SY75_.jpg,3.72,625189,68931,798,4,3.863192997132897,"3,5 a 4,0",Muito alta
316,10614,Misery,Stephen  King,3389,https://www.goodreads.com/book/show/10614.Misery,https://www.goodreads.com/author/show/3389.Stephen_King,https://i.gr-assets.com/images/S/compressed.photo.goodreads.com/books/1746142586i/10614._SY75_.jpg,4.22,858499,68371,875,4,4.179972411843261,"4,0 a 4,25",Muito alta
317,6527740,"Last Sacrifice (Vampire Academy, #6)",Richelle Mead,137902,https://www.goodreads.com/book/show/6527740-last-sacrifice,https://www.goodreads.com/author/show/137902.Richelle_Mead,https://i.gr-assets.com/images/S/compressed.photo.goodreads.com/books/1319850978i/6527740._SX50_.jpg,4.36,302255,68045,801,4,4.208891437370712,"4,25 a 4,5",Alta
318,310612,A Confederacy of Dunces,John Kennedy Toole,3049,https://www.goodreads.com/book/show/310612.A_Confederacy_of_Dunces,https://www.goodreads.com/author/show/3049.John_Kennedy_Toole,https://i.gr-assets.com/images/S/compressed.photo.goodreads.com/books/1562554946i/310612._SY75_.jpg,3.89,308176,67736,786,4,4.003032850806231,"3,5 a 4,0",Alta
319,8130077,"The Screwtape Letters (Screwtape, #1)",C.S. Lewis,1069006,https://www.goodreads.com/book/show/8130077-the-screwtape-letters,https://www.goodreads.com/author/show/1069006.C_S_Lewis,https://i.gr-assets.com/images/S/compressed.photo.goodreads.com/books/1760782828i/8130077._SY75_.jpg,4.27,550953,67388,826,4,4.196147336969615,"4,25 a 4,5",Muito alta
320,5659,The Wind in the Willows,Kenneth Grahame,3843,https://www.goodreads.com/book/show/5659.The_Wind_in_the_Willows,https://www.goodreads.com/author/show/3843.Kenneth_Grahame,https://i.gr-assets.com/images/S/compressed.photo.goodreads.com/books/1731896433i/5659._SY75_.jpg,4.03,248189,66445,882,4,4.0679928487121435,"4,0 a 4,25",Alta
321,17250,The Crucible,Arthur Miller,8120,https://www.goodreads.com/book/show/17250.The_Crucible,https://www.goodreads.com/author/show/8120.Arthur_Miller,https://i.gr-assets.com/images/S/compressed.photo.goodreads.com/books/1547467608i/17250._SX50_.jpg,3.61,476455,66331,884,4,3.82733005688584,"3,5 a 4,0",Muito alta
322,7235533,"The Way of Kings (The Stormlight Archive, #1)",Brandon Sanderson,38550,https://www.goodreads.com/book/show/7235533-the-way-of-kings,https://www.goodreads.com/author/show/38550.Brandon_Sanderson,https://i.gr-assets.com/images/S/compressed.photo.goodreads.com/books/1659905828i/7235533._SY75_.jpg,4.66,724845,65913,697,4,4.460978520656953,"Acima de 4,5",Muito alta
323,135479,Cat’s Cradle,Kurt Vonnegut Jr.,2778055,https://www.goodreads.com/book/show/135479.Cat_s_Cradle,https://www.goodreads.com/author/show/2778055.Kurt_Vonnegut_Jr_,https://i.gr-assets.com/images/S/compressed.photo.goodreads.com/books/1327867150i/135479._SY75_.jpg,4.15,448971,65589,804,4,4.123046885382954,"4,0 a 4,25",Muito alta
324,514811,The Secret Magdalene,Ki Longfellow,286014,https://www.goodreads.com/book/show/514811.The_Secret_Magdalene,https://www.goodreads.com/author/show/286014.Ki_Longfellow,https://i.gr-assets.com/images/S/compressed.photo.goodreads.com/books/1175446011i/514811._SY75_.jpg,4.13,4804,65419,671,4,4.0925638620785465,"4,0 a 4,25",Baixa
325,30118,A Light in the Attic,Shel Silverstein,435477,https://www.goodreads.com/book/show/30118.A_Light_in_the_Attic,https://www.goodreads.com/author/show/435477.Shel_Silverstein,https://i.gr-assets.com/images/S/compressed.photo.goodreads.com/books/1427169918i/30118._SX50_.jpg,4.37,483210,65011,859,4,4.245693782529439,"4,25 a 4,5",Muito alta
326,34,"The Fellowship of the Ring (The Lord of the Rings, #1)",J.R.R. Tolkien,656983,https://www.goodreads.com/book/show/34.The_Fellowship_of_the_Ring,https://www.goodreads.com/author/show/656983.J_R_R_Tolkien,https://i.gr-assets.com/images/S/compressed.photo.goodreads.com/books/1298411339i/34._SX50_.jpg,4.41,3235588,64814,797,4,4.375719779039097,"4,25 a 4,5",Muito alta
327,480204,The Phantom of the Opera,Gaston Leroux,9057,https://www.goodreads.com/book/show/480204.The_Phantom_of_the_Opera,https://www.goodreads.com/author/show/9057.Gaston_Leroux,https://i.gr-assets.com/images/S/compressed.photo.goodreads.com/books/1327867727i/480204._SY75_.jpg,3.96,289078,64563,826,4,4.035957754565387,"3,5 a 4,0",Alta
328,9777,The God of Small Things,Arundhati Roy,6134,https://www.goodreads.com/book/show/9777.The_God_of_Small_Things,https://www.goodreads.com/author/show/6134.Arundhati_Roy,https://i.gr-assets.com/images/S/compressed.photo.goodreads.com/books/1767305433i/9777._SY75_.jpg,3.96,341575,64310,754,4,4.030515151758517,"3,5 a 4,0",Alta
329,10572,"A Clash of Kings  (A Song of Ice and Fire, #2)",George R.R. Martin,346732,https://www.goodreads.com/book/show/10572.A_Clash_of_Kings,https://www.goodreads.com/author/show/346732.George_R_R_Martin,https://i.gr-assets.com/images/S/compressed.photo.goodreads.com/books/1567840212i/10572._SY75_.jpg,4.42,1050809,64267,790,4,4.331065451708773,"4,25 a 4,5",Muito alta
330,40495148,Blindness,José Saramago,1285555,https://www.goodreads.com/book/show/40495148-blindness,https://www.goodreads.com/author/show/1285555.Jos_Saramago,https://i.gr-assets.com/images/S/compressed.photo.goodreads.com/books/1528481068i/40495148._SY75_.jpg,4.19,363502,64119,742,4,4.1392630316529235,"4,0 a 4,25",Alta
331,561909,The Hiding Place: The Triumphant True Story of Corrie Ten Boom,Corrie ten Boom,102203,https://www.goodreads.com/book/show/561909.The_Hiding_Place,https://www.goodreads.com/author/show/102203.Corrie_ten_Boom,https://i.gr-assets.com/images/S/compressed.photo.goodreads.com/books/1320418824i/561909._SY75_.jpg,4.48,367342,63721,763,4,4.279981397443576,"4,25 a 4,5",Alta
332,6752378,"City of Fallen Angels (The Mortal Instruments, #4)",Cassandra Clare,150038,https://www.goodreads.com/book/show/6752378-city-of-fallen-angels,https://www.goodreads.com/author/show/150038.Cassandra_Clare,https://i.gr-assets.com/images/S/compressed.photo.goodreads.com/books/1369452302i/6752378._SY75_.jpg,4.07,650785,63648,789,4,4.078297085203157,"4,0 a 4,25",Muito alta
333,6479259,"Spirit Bound (Vampire Academy, #5)",Richelle Mead,137902,https://www.goodreads.com/book/show/6479259-spirit-bound,https://www.goodreads.com/author/show/137902.Richelle_Mead,https://i.gr-assets.com/images/S/compressed.photo.goodreads.com/books/1291168967i/6479259._SY75_.jpg,4.32,310330,63571,755,4,4.19293360045879,"4,25 a 4,5",Alta
334,60288648,The Chain Between Worlds (The Lost Artefacts #1),Johnathon Nicolaou,22199652,https://www.goodreads.com/book/show/60288648-the-chain-between-worlds,https://www.goodreads.com/author/show/22199652.Johnathon_Nicolaou,https://i.gr-assets.com/images/S/compressed.photo.goodreads.com/books/1643771474i/60288648._SX50_.jpg,4.37,1311,63350,634,4,4.093032464107617,"4,25 a 4,5",Baixa
335,26032825,"The Cruel Prince (The Folk of the Air, #1)",Holly Black,25422,https://www.goodreads.com/book/show/26032825-the-cruel-prince,https://www.goodreads.com/author/show/25422.Holly_Black,https://i.gr-assets.com/images/S/compressed.photo.goodreads.com/books/1574535986i/26032825._SY75_.jpg,4.0,1868235,62996,692,4,4.015942924931143,"3,5 a 4,0",Muito alta
336,9328,The House of the Spirits,Isabel Allende,2238,https://www.goodreads.com/book/show/9328.The_House_of_the_Spirits,https://www.goodreads.com/author/show/2238.Isabel_Allende,https://i.gr-assets.com/images/S/compressed.photo.goodreads.com/books/1621672028i/9328._SY75_.jpg,4.31,347072,62386,775,4,4.194556507982934,"4,25 a 4,5",Alta
337,24337,"Ella Enchanted (Ella Enchanted, #1)",Gail Carson Levine,13677,https://www.goodreads.com/book/show/24337.Ella_Enchanted,https://www.goodreads.com/author/show/13677.Gail_Carson_Levine,https://i.gr-assets.com/images/S/compressed.photo.goodreads.com/books/1410727190i/24337._SY75_.jpg,4.02,427414,61997,766,4,4.05445163991339,"4,0 a 4,25",Muito alta
338,2865,Girl with a Pearl Earring,Tracy Chevalier,1973,https://www.goodreads.com/book/show/2865.Girl_with_a_Pearl_Earring,https://www.goodreads.com/author/show/1973.Tracy_Chevalier,https://i.gr-assets.com/images/S/compressed.photo.goodreads.com/books/1327197580i/2865._SY75_.jpg,3.93,796386,61667,808,4,3.983387392866369,"3,5 a 4,0",Muito alta
339,6442769,Paper Towns,John  Green,1406384,https://www.goodreads.com/book/show/6442769-paper-towns,https://www.goodreads.com/author/show/1406384.John_Green,https://i.gr-assets.com/images/S/compressed.photo.goodreads.com/books/1349013610i/6442769._SX50_.jpg,3.7,1520206,61638,721,4,3.7802309367749243,"3,5 a 4,0",Muito alta
340,11297,Norwegian Wood,Haruki Murakami,3354,https://www.goodreads.com/book/show/11297.Norwegian_Wood,https://www.goodreads.com/author/show/3354.Haruki_Murakami,https://i.gr-assets.com/images/S/compressed.photo.goodreads.com/books/1713542603i/11297._SY75_.jpg,3.98,771254,61118,699,4,4.0177186661570605,"3,5 a 4,0",Muito alta
341,4406,East of Eden,John Steinbeck,585,https://www.goodreads.com/book/show/4406.East_of_Eden,https://www.goodreads.com/author/show/585.John_Steinbeck,https://i.gr-assets.com/images/S/compressed.photo.goodreads.com/books/1639969375i/4406._SY75_.jpg,4.46,721536,61072,709,4,4.330685891074352,"4,25 a 4,5",Muito alta
342,10429045,"Shatter Me (Shatter Me, #1)",Tahereh Mafi,4637539,https://www.goodreads.com/book/show/10429045-shatter-me,https://www.goodreads.com/author/show/4637539.Tahereh_Mafi,https://i.gr-assets.com/images/S/compressed.photo.goodreads.com/books/1310649047i/10429045._SY75_.jpg,3.84,1317573,60567,679,4,3.897702165460966,"3,5 a 4,0",Muito alta
343,39832183,The Guernsey Literary and Potato Peel Pie Society,Mary Ann Shaffer,1194527,https://www.goodreads.com/book/show/39832183-the-guernsey-literary-and-potato-peel-pie-society,https://www.goodreads.com/author/show/1194527.Mary_Ann_Shaffer,https://i.gr-assets.com/images/S/compressed.photo.goodreads.com/books/1529026760i/39832183._SY75_.jpg,4.2,830750,60372,743,4,4.16546489879879,"4,0 a 4,25",Muito alta
344,11275,The Wind-Up Bird Chronicle,Haruki Murakami,3354,https://www.goodreads.com/book/show/11275.The_Wind_Up_Bird_Chronicle,https://www.goodreads.com/author/show/3354.Haruki_Murakami,https://i.gr-assets.com/images/S/compressed.photo.goodreads.com/books/1327872639i/11275._SY75_.jpg,4.14,325496,60307,678,4,4.113860157196001,"4,0 a 4,25",Alta
345,12691,Marley and Me: Life and Love With the World’s Worst Dog,John Grogan,8002,https://www.goodreads.com/book/show/12691.Marley_and_Me,https://www.goodreads.com/author/show/8002.John_Grogan,https://i.gr-assets.com/images/S/compressed.photo.goodreads.com/books/1308858322i/12691._SY75_.jpg,4.15,478915,59931,752,4,4.12397457274705,"4,0 a 4,25",Muito alta
346,24770,"Uglies (Uglies, #1)",Scott Westerfeld,13957,https://www.goodreads.com/book/show/24770.Uglies,https://www.goodreads.com/author/show/13957.Scott_Westerfeld,https://i.gr-assets.com/images/S/compressed.photo.goodreads.com/books/1654202671i/24770._SX50_.jpg,3.84,715832,59816,715,4,3.9290702735134273,"3,5 a 4,0",Muito alta
347,39280444,Speak,Laurie Halse Anderson,10003,https://www.goodreads.com/book/show/39280444-speak,https://www.goodreads.com/author/show/10003.Laurie_Halse_Anderson,https://i.gr-assets.com/images/S/compressed.photo.goodreads.com/books/1529044298i/39280444._SY75_.jpg,4.06,644430,58450,709,4,4.072124699234653,"4,0 a 4,25",Muito alta
348,133518,The Things They Carried,Tim O'Brien,2330,https://www.goodreads.com/book/show/133518.The_Things_They_Carried,https://www.goodreads.com/author/show/2330.Tim_O_Brien,https://i.gr-assets.com/images/S/compressed.photo.goodreads.com/books/1424663847i/133518._SY75_.jpg,4.15,355960,57658,691,4,4.119691062901188,"4,0 a 4,25",Alta
349,24812,The Complete Calvin and Hobbes,Bill Watterson,13778,https://www.goodreads.com/book/show/24812.The_Complete_Calvin_and_Hobbes,https://www.goodreads.com/author/show/13778.Bill_Watterson,https://i.gr-assets.com/images/S/compressed.photo.goodreads.com/books/1770915121i/24812._SX50_.jpg,4.81,42654,57629,720,4,4.162702761072291,"Acima de 4,5",Baixa
350,40874325,The Shack: Where Tragedy Confronts Eternity,William Paul Young,15481463,https://www.goodreads.com/book/show/40874325-the-shack,https://www.goodreads.com/author/show/15481463.William_Paul_Young,https://i.gr-assets.com/images/S/compressed.photo.goodreads.com/books/1532013572i/40874325._SY75_.jpg,3.84,705660,57546,686,4,3.9298963783355365,"3,5 a 4,0",Muito alta
351,5203,She’s Come Undone,Wally Lamb,3505,https://www.goodreads.com/book/show/5203.She_s_Come_Undone,https://www.goodreads.com/author/show/3505.Wally_Lamb,https://i.gr-assets.com/images/S/compressed.photo.goodreads.com/books/1543505339i/5203._SX50_.jpg,3.92,371856,57454,698,4,4.008220368723881,"3,5 a 4,0",Alta
352,10975,The Sound and the Fury,William Faulkner,3535,https://www.goodreads.com/book/show/10975.The_Sound_and_the_Fury,https://www.goodreads.com/author/show/3535.William_Faulkner,https://i.gr-assets.com/images/S/compressed.photo.goodreads.com/books/1757102364i/10975._SY75_.jpg,3.86,201485,57368,715,4,4.013183687038949,"3,5 a 4,0",Alta
353,6068551,"Shiver (The Wolves of Mercy Falls, #1)",Maggie Stiefvater,1330292,https://www.goodreads.com/book/show/6068551-shiver,https://www.goodreads.com/author/show/1330292.Maggie_Stiefvater,https://i.gr-assets.com/images/S/compressed.photo.goodreads.com/books/1409283154i/6068551._SX50_.jpg,3.76,500267,57291,667,4,3.9057113471122804,"3,5 a 4,0",Muito alta
354,61431922,"Fourth Wing (The Empyrean, #1)",Rebecca Yarros,7539785,https://www.goodreads.com/book/show/61431922-fourth-wing,https://www.goodreads.com/author/show/7539785.Rebecca_Yarros,https://i.gr-assets.com/images/S/compressed.photo.goodreads.com/books/1761312598i/61431922._SY75_.jpg,4.56,3950142,57174,612,4,4.517849405768916,"Acima de 4,5",Muito alta
355,11387515,"Wonder (Wonder, #1)",R.J. Palacio,4859212,https://www.goodreads.com/book/show/11387515-wonder,https://www.goodreads.com/author/show/4859212.R_J_Palacio,https://i.gr-assets.com/images/S/compressed.photo.goodreads.com/books/1545695751i/11387515._SY75_.jpg,4.35,1224780,57145,666,4,4.28758239309792,"4,25 a 4,5",Muito alta
356,4929,Kafka on the Shore,Haruki Murakami,3354,https://www.goodreads.com/book/show/4929.Kafka_on_the_Shore,https://www.goodreads.com/author/show/3354.Haruki_Murakami,https://i.gr-assets.com/images/S/compressed.photo.goodreads.com/books/1429638085i/4929._SY75_.jpg,4.11,576000,56874,645,4,4.10276298168276,"4,0 a 4,25",Muito alta
357,30183,"Marked (House of Night, #1)",P.C. Cast,17015,https://www.goodreads.com/book/show/30183.Marked,https://www.goodreads.com/author/show/17015.P_C_Cast,https://i.gr-assets.com/images/S/compressed.photo.goodreads.com/books/1317067002i/30183._SX50_.jpg,3.82,529094,56867,669,4,3.935646116564272,"3,5 a 4,0",Muito alta
358,7745,Fear and Loathing in Las Vegas: A Savage Journey to the Heart of the American Dream,Hunter S. Thompson,5237,https://www.goodreads.com/book/show/7745.Fear_and_Loathing_in_Las_Vegas,https://www.goodreads.com/author/show/5237.Hunter_S_Thompson,https://i.gr-assets.com/images/S/compressed.photo.goodreads.com/books/1703312483i/7745._SY75_.jpg,4.06,388575,56803,689,4,4.076103589818968,"4,0 a 4,25",Alta
359,188572,The Complete Sherlock Holmes,Arthur Conan Doyle,2448,https://www.goodreads.com/book/show/188572.The_Complete_Sherlock_Holmes,https://www.goodreads.com/author/show/2448.Arthur_Conan_Doyle,https://i.gr-assets.com/images/S/compressed.photo.goodreads.com/books/1348815538i/188572._SY75_.jpg,4.51,220264,56709,739,4,4.242669527133422,"Acima de 4,5",Alta
360,12505,The Idiot,Fyodor Dostoevsky,3137322,https://www.goodreads.com/book/show/12505.The_Idiot,https://www.goodreads.com/author/show/3137322.Fyodor_Dostoevsky,https://i.gr-assets.com/images/S/compressed.photo.goodreads.com/books/1657539107i/12505._SY75_.jpg,4.21,231701,56629,714,4,4.135966269721295,"4,0 a 4,25",Alta
361,46170,For Whom the Bell Tolls,Ernest Hemingway,1455,https://www.goodreads.com/book/show/46170.For_Whom_the_Bell_Tolls,https://www.goodreads.com/author/show/1455.Ernest_Hemingway,https://i.gr-assets.com/images/S/compressed.photo.goodreads.com/books/1492591524i/46170._SY75_.jpg,3.99,327356,56418,773,4,4.045580270494236,"3,5 a 4,0",Alta
362,40916679,"A Good Girl's Guide to Murder (A Good Girl's Guide to Murder, #1)",Holly  Jackson,18229614,https://www.goodreads.com/book/show/40916679-a-good-girl-s-guide-to-murder,https://www.goodreads.com/author/show/18229614.Holly_Jackson,https://i.gr-assets.com/images/S/compressed.photo.goodreads.com/books/1545494980i/40916679._SY75_.jpg,4.28,1922509,56239,603,4,4.248238747339713,"4,25 a 4,5",Muito alta
363,12996,Othello,William Shakespeare,947,https://www.goodreads.com/book/show/12996.Othello,https://www.goodreads.com/author/show/947.William_Shakespeare,https://i.gr-assets.com/images/S/compressed.photo.goodreads.com/books/1459795105i/12996._SY75_.jpg,3.89,448567,56143,800,4,3.9841335028861806,"3,5 a 4,0",Muito alta
364,41044096,Island of the Blue Dolphins,Scott O'Dell,4999,https://www.goodreads.com/book/show/41044096-island-of-the-blue-dolphins,https://www.goodreads.com/author/show/4999.Scott_O_Dell,https://i.gr-assets.com/images/S/compressed.photo.goodreads.com/books/1533405446i/41044096._SX50_.jpg,3.88,355150,56100,723,4,3.9911583667625594,"3,5 a 4,0",Alta
365,16096824,"A Court of Thorns and Roses (A Court of Thorns and Roses, #1)",Sarah J. Maas,3433047,https://www.goodreads.com/book/show/16096824-a-court-of-thorns-and-roses,https://www.goodreads.com/author/show/3433047.Sarah_J_Maas,https://i.gr-assets.com/images/S/compressed.photo.goodreads.com/books/1546406962i/16096824._SY75_.jpg,4.15,4581796,55504,634,4,4.145446898799171,"4,0 a 4,25",Muito alta
366,28194,"Inkheart (Inkworld, #1)",Cornelia Funke,15873,https://www.goodreads.com/book/show/28194.Inkheart,https://www.goodreads.com/author/show/15873.Cornelia_Funke,https://i.gr-assets.com/images/S/compressed.photo.goodreads.com/books/1538266636i/28194._SX50_.jpg,3.93,447660,55433,700,4,4.005584444773907,"3,5 a 4,0",Muito alta
367,350,Stranger in a Strange Land,Robert A. Heinlein,205,https://www.goodreads.com/book/show/350.Stranger_in_a_Strange_Land,https://www.goodreads.com/author/show/205.Robert_A_Heinlein,https://i.gr-assets.com/images/S/compressed.photo.goodreads.com/books/1156897088i/350._SY75_.jpg,3.92,330728,54996,689,4,4.013247084353023,"3,5 a 4,0",Alta
368,6334,Never Let Me Go,Kazuo Ishiguro,4280,https://www.goodreads.com/book/show/6334.Never_Let_Me_Go,https://www.goodreads.com/author/show/4280.Kazuo_Ishiguro,https://i.gr-assets.com/images/S/compressed.photo.goodreads.com/books/1353048590i/6334._SY75_.jpg,3.85,912242,54792,658,4,3.922646789828536,"3,5 a 4,0",Muito alta
369,1845,Into the Wild,Jon Krakauer,1235,https://www.goodreads.com/book/show/1845.Into_the_Wild,https://www.goodreads.com/author/show/1235.Jon_Krakauer,https://i.gr-assets.com/images/S/compressed.photo.goodreads.com/books/1634587789i/1845._SY75_.jpg,4.02,1224555,54749,691,4,4.0374534924706875,"4,0 a 4,25",Muito alta
370,9969571,"Ready Player One (Ready Player One, #1)",Ernest Cline,31712,https://www.goodreads.com/book/show/9969571-ready-player-one,https://www.goodreads.com/author/show/31712.Ernest_Cline,https://i.gr-assets.com/images/S/compressed.photo.goodreads.com/books/1500930947i/9969571._SY75_.jpg,4.22,1344125,54589,620,4,4.191174793766099,"4,0 a 4,25",Muito alta
371,546018,Roots: The Saga of an American Family,Alex Haley,17434,https://www.goodreads.com/book/show/546018.Roots,https://www.goodreads.com/author/show/17434.Alex_Haley,https://i.gr-assets.com/images/S/compressed.photo.goodreads.com/books/1329398936i/546018._SY75_.jpg,4.45,166432,54566,718,4,4.1989452284239235,"4,25 a 4,5",Alta
372,68428,"Mistborn: The Final Empire (Mistborn, #1)",Brandon Sanderson,38550,https://www.goodreads.com/book/show/68428.Mistborn,https://www.goodreads.com/author/show/38550.Brandon_Sanderson,https://i.gr-assets.com/images/S/compressed.photo.goodreads.com/books/1617768316i/68428._SY75_.jpg,4.48,1078658,54482,602,4,4.376785290173509,"4,25 a 4,5",Muito alta
373,18143977,All the Light We Cannot See,Anthony Doerr,28186,https://www.goodreads.com/book/show/18143977-all-the-light-we-cannot-see,https://www.goodreads.com/author/show/28186.Anthony_Doerr,https://i.gr-assets.com/images/S/compressed.photo.goodreads.com/books/1451445646i/18143977._SY75_.jpg,4.3,2068022,53652,619,4,4.266937484168972,"4,25 a 4,5",Muito alta
374,43814,"The Vampire Lestat (The Vampire Chronicles, #2)",Anne Rice,7577,https://www.goodreads.com/book/show/43814.The_Vampire_Lestat,https://www.goodreads.com/author/show/7577.Anne_Rice,https://i.gr-assets.com/images/S/compressed.photo.goodreads.com/books/1347515742i/43814._SY75_.jpg,4.12,223103,53364,683,4,4.102237256192467,"4,0 a 4,25",Alta
375,14497,"Neverwhere (London Below, #1)",Neil Gaiman,1221698,https://www.goodreads.com/book/show/14497.Neverwhere,https://www.goodreads.com/author/show/1221698.Neil_Gaiman,https://i.gr-assets.com/images/S/compressed.photo.goodreads.com/books/1348747943i/14497._SX50_.jpg,4.16,568965,53005,648,4,4.132342132026521,"4,0 a 4,25",Muito alta
376,12938,King Lear,William Shakespeare,947,https://www.goodreads.com/book/show/12938.King_Lear,https://www.goodreads.com/author/show/947.William_Shakespeare,https://i.gr-assets.com/images/S/compressed.photo.goodreads.com/books/1331563731i/12938._SY75_.jpg,3.91,243808,52659,719,4,4.022172989201652,"3,5 a 4,0",Alta
377,6892870,"The Girl Who Kicked the Hornet’s Nest (Millennium, #3)",Stieg Larsson,706255,https://www.goodreads.com/book/show/6892870-the-girl-who-kicked-the-hornet-s-nest,https://www.goodreads.com/author/show/706255.Stieg_Larsson,https://i.gr-assets.com/images/S/compressed.photo.goodreads.com/books/1327708260i/6892870._SX50_.jpg,4.25,789228,52570,675,4,4.197683107405584,"4,0 a 4,25",Muito alta
378,29579,"Foundation (Foundation, #1)",Isaac Asimov,16667,https://www.goodreads.com/book/show/29579.Foundation,https://www.goodreads.com/author/show/16667.Isaac_Asimov,https://i.gr-assets.com/images/S/compressed.photo.goodreads.com/books/1417900846i/29579._SX50_.jpg,4.17,615190,52550,643,4,4.139726213246286,"4,0 a 4,25",Muito alta
379,12127750,"The Mark of Athena (The Heroes of Olympus, #3)",Rick Riordan,15872,https://www.goodreads.com/book/show/12127750-the-mark-of-athena,https://www.goodreads.com/author/show/15872.Rick_Riordan,https://i.gr-assets.com/images/S/compressed.photo.goodreads.com/books/1464201354i/12127750._SY75_.jpg,4.47,694303,52163,638,4,4.3338381576083105,"4,25 a 4,5",Muito alta
380,9520360,"The Son of Neptune (The Heroes of Olympus, #2)",Rick Riordan,15872,https://www.goodreads.com/book/show/9520360-the-son-of-neptune,https://www.goodreads.com/author/show/15872.Rick_Riordan,https://i.gr-assets.com/images/S/compressed.photo.goodreads.com/books/1464201114i/9520360._SY75_.jpg,4.4,689139,52085,653,4,4.288529904584692,"4,25 a 4,5",Muito alta
381,18007564,The Martian,Andy Weir,6540057,https://www.goodreads.com/book/show/18007564-the-martian,https://www.goodreads.com/author/show/6540057.Andy_Weir,https://i.gr-assets.com/images/S/compressed.photo.goodreads.com/books/1413706054i/18007564._SY75_.jpg,4.42,1378024,52050,611,4,4.347514855408082,"4,25 a 4,5",Muito alta
382,27494,Leaves of Grass,Walt Whitman,1438,https://www.goodreads.com/book/show/27494.Leaves_of_Grass,https://www.goodreads.com/author/show/1438.Walt_Whitman,https://i.gr-assets.com/images/S/compressed.photo.goodreads.com/books/1418012204i/27494._SX50_.jpg,4.11,119462,51817,691,4,4.096291488612854,"4,0 a 4,25",Média
383,11614718,"Delirium (Delirium, #1)",Lauren Oliver,2936493,https://www.goodreads.com/book/show/11614718-delirium,https://www.goodreads.com/author/show/2936493.Lauren_Oliver,https://i.gr-assets.com/images/S/compressed.photo.goodreads.com/books/1327890411i/11614718._SX50_.jpg,3.95,482181,51791,596,4,4.013639726460022,"3,5 a 4,0",Muito alta
384,32234,White Oleander,Janet Fitch,3540,https://www.goodreads.com/book/show/32234.White_Oleander,https://www.goodreads.com/author/show/3540.Janet_Fitch,https://i.gr-assets.com/images/S/compressed.photo.goodreads.com/books/1501159524i/32234._SY75_.jpg,4.01,371227,51351,640,4,4.052121169433211,"4,0 a 4,25",Alta
385,11505797,"Beautiful Disaster (Beautiful, #1)",Jamie McGuire,4464118,https://www.goodreads.com/book/show/11505797-beautiful-disaster,https://www.goodreads.com/author/show/4464118.Jamie_McGuire,https://i.gr-assets.com/images/S/compressed.photo.goodreads.com/books/1358259032i/11505797._SY75_.jpg,3.99,712635,51348,580,4,4.02617861654869,"3,5 a 4,0",Muito alta
386,46787,Uncle Tom’s Cabin,Harriet Beecher Stowe,26242,https://www.goodreads.com/book/show/46787.Uncle_Tom_s_Cabin,https://www.goodreads.com/author/show/26242.Harriet_Beecher_Stowe,https://i.gr-assets.com/images/S/compressed.photo.goodreads.com/books/1414349231i/46787._SY75_.jpg,3.92,247062,50269,704,4,4.02547257866363,"3,5 a 4,0",Alta
387,2184798,Blood River: A Journey to Africa’s Broken Heart,Tim Butcher,534082,https://www.goodreads.com/book/show/2184798.Blood_River,https://www.goodreads.com/author/show/534082.Tim_Butcher,https://i.gr-assets.com/images/S/compressed.photo.goodreads.com/books/1531681288i/2184798._SY75_.jpg,3.98,12304,50012,507,4,4.088684615365356,"3,5 a 4,0",Baixa
388,6689,James and the Giant Peach,Roald Dahl,4273,https://www.goodreads.com/book/show/6689.James_and_the_Giant_Peach,https://www.goodreads.com/author/show/4273.Roald_Dahl,https://i.gr-assets.com/images/S/compressed.photo.goodreads.com/books/1320412586i/6689._SX50_.jpg,4.04,528476,49694,697,4,4.062159449536964,"4,0 a 4,25",Muito alta
389,15997,Paradise Lost,John Milton,9876,https://www.goodreads.com/book/show/15997.Paradise_Lost,https://www.goodreads.com/author/show/9876.John_Milton,https://i.gr-assets.com/images/S/compressed.photo.goodreads.com/books/1526070678i/15997._SY75_.jpg,3.86,188171,49646,665,4,4.0167045872507074,"3,5 a 4,0",Alta
390,2493,The Time Machine,H.G. Wells,880695,https://www.goodreads.com/book/show/2493.The_Time_Machine,https://www.goodreads.com/author/show/880695.H_G_Wells,https://i.gr-assets.com/images/S/compressed.photo.goodreads.com/books/1327942880i/2493._SY75_.jpg,3.89,580616,49469,693,4,3.971341204339728,"3,5 a 4,0",Muito alta
391,43545,"The Once and Future King (The Once and Future King, #1–5)",T.H. White,426944,https://www.goodreads.com/book/show/43545.The_Once_and_Future_King,https://www.goodreads.com/author/show/426944.T_H_White,https://i.gr-assets.com/images/S/compressed.photo.goodreads.com/books/1338741283i/43545._SY75_.jpg,4.06,120880,49417,620,4,4.084523865155679,"4,0 a 4,25",Média
392,1420,Hamlet,William Shakespeare,947,https://www.goodreads.com/book/show/1420.Hamlet,https://www.goodreads.com/author/show/947.William_Shakespeare,https://i.gr-assets.com/images/S/compressed.photo.goodreads.com/books/1351051208i/1420._SY75_.jpg,4.03,1089658,49327,618,4,4.046402406500134,"4,0 a 4,25",Muito alta
393,19380,Candide,Voltaire,5754446,https://www.goodreads.com/book/show/19380.Candide,https://www.goodreads.com/author/show/5754446.Voltaire,https://i.gr-assets.com/images/S/compressed.photo.goodreads.com/books/1345060082i/19380._SY75_.jpg,3.76,310165,49136,646,4,3.9452125041727526,"3,5 a 4,0",Alta
394,4502877,Midnight Sun [2008 Draft],Stephenie Meyer,941441,https://www.goodreads.com/book/show/4502877-midnight-sun-2008-draft,https://www.goodreads.com/author/show/941441.Stephenie_Meyer,https://i.gr-assets.com/images/S/compressed.photo.goodreads.com/nophoto/book/111x148._SX50_.png,4.01,148948,49129,578,4,4.069458489752629,"4,0 a 4,25",Média
395,17347634,"Me Before You (Me Before You, #1)",Jojo Moyes,281810,https://www.goodreads.com/book/show/17347634-me-before-you,https://www.goodreads.com/author/show/281810.Jojo_Moyes,https://i.gr-assets.com/images/S/compressed.photo.goodreads.com/books/1665087720i/17347634._SY75_.jpg,4.26,1846179,48894,569,4,4.230651197921027,"4,25 a 4,5",Muito alta
396,32085,"All Creatures Great and Small (All Creatures Great and Small, #1-2)",James Herriot,18062,https://www.goodreads.com/book/show/32085.All_Creatures_Great_and_Small,https://www.goodreads.com/author/show/18062.James_Herriot,https://i.gr-assets.com/images/S/compressed.photo.goodreads.com/books/1393644607i/32085._SX50_.jpg,4.36,162540,48840,652,4,4.170756788646379,"4,25 a 4,5",Alta
397,227711,I Know This Much Is True,Wally Lamb,3505,https://www.goodreads.com/book/show/227711.I_Know_This_Much_Is_True,https://www.goodreads.com/author/show/3505.Wally_Lamb,https://i.gr-assets.com/images/S/compressed.photo.goodreads.com/books/1373532198i/227711._SY75_.jpg,4.21,334435,48837,584,4,4.146449544889963,"4,0 a 4,25",Alta
398,569564,The Complete Works,William Shakespeare,947,https://www.goodreads.com/book/show/569564.The_Complete_Works,https://www.goodreads.com/author/show/947.William_Shakespeare,https://i.gr-assets.com/images/S/compressed.photo.goodreads.com/books/1327884293i/569564._SY75_.jpg,4.48,57585,48810,635,4,4.141889371760604,"4,25 a 4,5",Média
399,16981,Invisible Man,Ralph Ellison,7508,https://www.goodreads.com/book/show/16981.Invisible_Man,https://www.goodreads.com/author/show/7508.Ralph_Ellison,https://i.gr-assets.com/images/S/compressed.photo.goodreads.com/books/1556482805i/16981._SY75_.jpg,3.93,206736,48523,618,4,4.03604546275761,"3,5 a 4,0",Alta
400,30236962,The Historian,Elizabeth Kostova,5918,https://www.goodreads.com/book/show/30236962-the-historian,https://www.goodreads.com/author/show/5918.Elizabeth_Kostova,https://i.gr-assets.com/images/S/compressed.photo.goodreads.com/books/1717145561i/30236962._SY75_.jpg,3.8,281184,48396,584,4,3.969927474849752,"3,5 a 4,0",Alta
401,93,"Heidi (Heidi, #1-2)",Johanna Spyri,49,https://www.goodreads.com/book/show/93.Heidi,https://www.goodreads.com/author/show/49.Johanna_Spyri,https://i.gr-assets.com/images/S/compressed.photo.goodreads.com/books/1388462714i/93._SX50_.jpg,4.05,214998,48245,672,5,4.077168192083949,"4,0 a 4,25",Alta
402,1215032,"The Wise Man's Fear (The Kingkiller Chronicle, #2)",Patrick Rothfuss,108424,https://www.goodreads.com/book/show/1215032.The_Wise_Man_s_Fear,https://www.goodreads.com/author/show/108424.Patrick_Rothfuss,https://i.gr-assets.com/images/S/compressed.photo.goodreads.com/books/1785688949i/1215032._SY75_.jpg,4.55,639625,47906,532,5,4.376260490831646,"Acima de 4,5",Muito alta
403,40440,The Thirteenth Tale,Diane Setterfield,22665,https://www.goodreads.com/book/show/40440.The_Thirteenth_Tale,https://www.goodreads.com/author/show/22665.Diane_Setterfield,https://i.gr-assets.com/images/S/compressed.photo.goodreads.com/books/1346267826i/40440._SX50_.jpg,3.98,330996,47802,580,5,4.040716144645289,"3,5 a 4,0",Alta
404,6801755,Flow Down Like Silver,Ki Longfellow,286014,https://www.goodreads.com/book/show/6801755-flow-down-like-silver,https://www.goodreads.com/author/show/286014.Ki_Longfellow,https://i.gr-assets.com/images/S/compressed.photo.goodreads.com/books/1348371147i/6801755._SY75_.jpg,4.01,4507,47789,494,5,4.091168574856021,"4,0 a 4,25",Baixa
405,15195,The Complete Maus,Art Spiegelman,5117,https://www.goodreads.com/book/show/15195.The_Complete_Maus,https://www.goodreads.com/author/show/5117.Art_Spiegelman,https://i.gr-assets.com/images/S/compressed.photo.goodreads.com/books/1788759416i/15195._SX50_.jpg,4.58,264879,47420,594,5,4.289118229278549,"Acima de 4,5",Alta
406,16902,"Walden or, Life in the Woods",Henry David Thoreau,10264,https://www.goodreads.com/book/show/16902.Walden_or_Life_in_the_Woods,https://www.goodreads.com/author/show/10264.Henry_David_Thoreau,https://i.gr-assets.com/images/S/compressed.photo.goodreads.com/books/1630470982i/16902._SY75_.jpg,3.77,208424,47295,632,5,3.98012122739311,"3,5 a 4,0",Alta
407,8755776,"City of Lost Souls (The Mortal Instruments, #5)",Cassandra Clare,150038,https://www.goodreads.com/book/show/8755776-city-of-lost-souls,https://www.goodreads.com/author/show/150038.Cassandra_Clare,https://i.gr-assets.com/images/S/compressed.photo.goodreads.com/books/1460477703i/8755776._SY75_.jpg,4.2,576165,47030,588,5,4.156375048841517,"4,0 a 4,25",Muito alta
408,28881,"Lamb: The Gospel According to Biff, Christ’s Childhood Pal",Christopher Moore,16218,https://www.goodreads.com/book/show/28881.Lamb,https://www.goodreads.com/author/show/16218.Christopher_Moore,https://i.gr-assets.com/images/S/compressed.photo.goodreads.com/books/1331419009i/28881._SY75_.jpg,4.22,185167,46934,526,5,4.133201112538834,"4,0 a 4,25",Alta
409,37732,"Are You There God? It’s Me, Margaret",Judy Blume,12942,https://www.goodreads.com/book/show/37732.Are_You_There_God_It_s_Me_Margaret,https://www.goodreads.com/author/show/12942.Judy_Blume,https://i.gr-assets.com/images/S/compressed.photo.goodreads.com/books/1388356524i/37732._SY75_.jpg,3.95,260780,46713,625,5,4.035254617490009,"3,5 a 4,0",Alta
410,3236307,"Graceling (Graceling Realm, #1)",Kristin Cashore,1373880,https://www.goodreads.com/book/show/3236307-graceling,https://www.goodreads.com/author/show/1373880.Kristin_Cashore,https://i.gr-assets.com/images/S/compressed.photo.goodreads.com/books/1331548394i/3236307._SY75_.jpg,4.06,484490,46402,551,5,4.074339510996684,"4,0 a 4,25",Muito alta
411,13188676,"Ignite Me (Shatter Me, #3)",Tahereh Mafi,4637539,https://www.goodreads.com/book/show/13188676-ignite-me,https://www.goodreads.com/author/show/4637539.Tahereh_Mafi,https://i.gr-assets.com/images/S/compressed.photo.goodreads.com/books/1375972497i/13188676._SY75_.jpg,4.44,727100,46256,515,5,4.318324297210447,"4,25 a 4,5",Muito alta
412,39662,Different Seasons,Stephen  King,3389,https://www.goodreads.com/book/show/39662.Different_Seasons,https://www.goodreads.com/author/show/3389.Stephen_King,https://i.gr-assets.com/images/S/compressed.photo.goodreads.com/books/1763979040i/39662._SX50_.jpg,4.36,226248,45867,614,5,4.190286587815649,"4,25 a 4,5",Alta
413,14942,Mrs. Dalloway,Virginia Woolf,6765,https://www.goodreads.com/book/show/14942.Mrs_Dalloway,https://www.goodreads.com/author/show/6765.Virginia_Woolf,https://i.gr-assets.com/images/S/compressed.photo.goodreads.com/books/1646148221i/14942._SY75_.jpg,3.77,374526,45181,586,5,3.934534434810038,"3,5 a 4,0",Alta
414,22822858,A Little Life,Hanya Yanagihara,6571447,https://www.goodreads.com/book/show/22822858-a-little-life,https://www.goodreads.com/author/show/6571447.Hanya_Yanagihara,https://i.gr-assets.com/images/S/compressed.photo.goodreads.com/books/1446469353i/22822858._SY75_.jpg,4.26,1008606,45098,479,5,4.213088865346479,"4,25 a 4,5",Muito alta
415,4687,The Cider House Rules,John Irving,3075,https://www.goodreads.com/book/show/4687.The_Cider_House_Rules,https://www.goodreads.com/author/show/3075.John_Irving,https://i.gr-assets.com/images/S/compressed.photo.goodreads.com/books/1327962519i/4687._SY75_.jpg,4.17,199844,44859,605,5,4.11844753735226,"4,0 a 4,25",Alta
416,9275658,"Legend (Legend, #1)",Marie Lu,4342215,https://www.goodreads.com/book/show/9275658-legend,https://www.goodreads.com/author/show/4342215.Marie_Lu,https://i.gr-assets.com/images/S/compressed.photo.goodreads.com/books/1501368160i/9275658._SY75_.jpg,4.15,574060,44338,509,5,4.126540197787732,"4,0 a 4,25",Muito alta
417,16068905,Fangirl,Rainbow Rowell,4208569,https://www.goodreads.com/book/show/16068905-fangirl,https://www.goodreads.com/author/show/4208569.Rainbow_Rowell,https://i.gr-assets.com/images/S/compressed.photo.goodreads.com/books/1355886270i/16068905._SX50_.jpg,3.93,790887,44336,517,5,3.9836357729709633,"3,5 a 4,0",Muito alta
418,9375,Fried Green Tomatoes at the Whistle Stop Cafe,Fannie Flagg,6125,https://www.goodreads.com/book/show/9375.Fried_Green_Tomatoes_at_the_Whistle_Stop_Cafe,https://www.goodreads.com/author/show/6125.Fannie_Flagg,https://i.gr-assets.com/images/S/compressed.photo.goodreads.com/books/1165961740i/9375._SY75_.jpg,4.27,334802,43835,607,5,4.174155731621945,"4,25 a 4,5",Alta
419,12000020,"Aristotle and Dante Discover the Secrets of the Universe (Aristotle and Dante, #1)",Benjamin Alire Sáenz,4841310,https://www.goodreads.com/book/show/12000020-aristotle-and-dante-discover-the-secrets-of-the-universe,https://www.goodreads.com/author/show/4841310.Benjamin_Alire_S_enz,https://i.gr-assets.com/images/S/compressed.photo.goodreads.com/books/1328320260i/12000020._SY75_.jpg,4.28,693854,43715,478,5,4.212270112463446,"4,25 a 4,5",Muito alta
420,36402034,Do Androids Dream of Electric Sheep?,Philip K. Dick,4764,https://www.goodreads.com/book/show/36402034-do-androids-dream-of-electric-sheep,https://www.goodreads.com/author/show/4764.Philip_K_Dick,https://i.gr-assets.com/images/S/compressed.photo.goodreads.com/books/1507838927i/36402034._SY75_.jpg,4.09,534299,43670,557,5,4.090889185113463,"4,0 a 4,25",Muito alta
421,8921,"The Hound of the Baskervilles (Sherlock Holmes, #5)",Arthur Conan Doyle,2448,https://www.goodreads.com/book/show/8921.The_Hound_of_the_Baskervilles,https://www.goodreads.com/author/show/2448.Arthur_Conan_Doyle,https://i.gr-assets.com/images/S/compressed.photo.goodreads.com/books/1355929358i/8921._SX50_.jpg,4.14,403165,43513,601,5,4.1164163628171755,"4,0 a 4,25",Muito alta
422,50659468,"A Court of Mist and Fury (A Court of Thorns and Roses, #2)",Sarah J. Maas,3433047,https://www.goodreads.com/book/show/50659468-a-court-of-mist-and-fury,https://www.goodreads.com/author/show/3433047.Sarah_J_Maas,https://i.gr-assets.com/images/S/compressed.photo.goodreads.com/books/1620325671i/50659468._SY75_.jpg,4.63,3473428,43459,473,5,4.575565973656548,"Acima de 4,5",Muito alta
423,10959,Sophie’s World,Jostein Gaarder,1388082,https://www.goodreads.com/book/show/10959.Sophie_s_World,https://www.goodreads.com/author/show/1388082.Jostein_Gaarder,https://i.gr-assets.com/images/S/compressed.photo.goodreads.com/books/1343459906i/10959._SY75_.jpg,3.97,291609,42734,518,5,4.039947621006467,"3,5 a 4,0",Alta
424,58345,The Awakening,Kate Chopin,5132,https://www.goodreads.com/book/show/58345.The_Awakening,https://www.goodreads.com/author/show/5132.Kate_Chopin,https://i.gr-assets.com/images/S/compressed.photo.goodreads.com/books/1170507247i/58345._SY75_.jpg,3.69,233539,42000,535,5,3.9417613858639595,"3,5 a 4,0",Alta
425,37781,"Things Fall Apart (The African Trilogy, #1)",Chinua Achebe,8051,https://www.goodreads.com/book/show/37781.Things_Fall_Apart,https://www.goodreads.com/author/show/8051.Chinua_Achebe,https://i.gr-assets.com/images/S/compressed.photo.goodreads.com/books/1708114013i/37781._SY75_.jpg,3.75,426004,41853,541,5,3.9137410181722276,"3,5 a 4,0",Muito alta
426,44186,The Monster at the End of this Book,Jon Stone,24824,https://www.goodreads.com/book/show/44186.The_Monster_at_the_End_of_this_Book,https://www.goodreads.com/author/show/24824.Jon_Stone,https://i.gr-assets.com/images/S/compressed.photo.goodreads.com/books/1388193494i/44186._SX50_.jpg,4.46,127728,41634,518,5,4.182678070479729,"4,25 a 4,5",Média
427,3685,Black Beauty,Anna Sewell,2530,https://www.goodreads.com/book/show/3685.Black_Beauty,https://www.goodreads.com/author/show/2530.Anna_Sewell,https://i.gr-assets.com/images/S/compressed.photo.goodreads.com/books/1578265482i/3685._SY75_.jpg,4.01,303693,41476,596,5,4.056215467838271,"4,0 a 4,25",Alta
428,19089,Middlemarch,George Eliot,173,https://www.goodreads.com/book/show/19089.Middlemarch,https://www.goodreads.com/author/show/173.George_Eliot,https://i.gr-assets.com/images/S/compressed.photo.goodreads.com/books/1568307771i/19089._SY75_.jpg,4.05,187329,41429,520,5,4.0784678187011885,"4,0 a 4,25",Alta
429,2213661,The Graveyard Book,Neil Gaiman,1221698,https://www.goodreads.com/book/show/2213661.The_Graveyard_Book,https://www.goodreads.com/author/show/1221698.Neil_Gaiman,https://i.gr-assets.com/images/S/compressed.photo.goodreads.com/books/1531295292i/2213661._SY75_.jpg,4.15,571368,41186,518,5,4.126474579969064,"4,0 a 4,25",Muito alta
430,47281,Number the Stars,Lois Lowry,2493,https://www.goodreads.com/book/show/47281.Number_the_Stars,https://www.goodreads.com/author/show/2493.Lois_Lowry,https://i.gr-assets.com/images/S/compressed.photo.goodreads.com/books/1630542426i/47281._SX50_.jpg,4.2,636826,41103,537,5,4.158949536422443,"4,0 a 4,25",Muito alta
431,11857408,"Fifty Shades Darker (Fifty Shades, #2)",E.L. James,4725841,https://www.goodreads.com/book/show/11857408-fifty-shades-darker,https://www.goodreads.com/author/show/4725841.E_L_James,https://i.gr-assets.com/images/S/compressed.photo.goodreads.com/books/1631260114i/11857408._SY75_.jpg,3.82,989580,40910,485,5,3.897075151443249,"3,5 a 4,0",Muito alta
432,16793,Stardust,Neil Gaiman,1221698,https://www.goodreads.com/book/show/16793.Stardust,https://www.goodreads.com/author/show/1221698.Neil_Gaiman,https://i.gr-assets.com/images/S/compressed.photo.goodreads.com/books/1459127484i/16793._SY75_.jpg,4.09,488897,40865,525,5,4.090935062162651,"4,0 a 4,25",Muito alta
433,656,War and Peace,Leo Tolstoy,128382,https://www.goodreads.com/book/show/656.War_and_Peace,https://www.goodreads.com/author/show/128382.Leo_Tolstoy,https://i.gr-assets.com/images/S/compressed.photo.goodreads.com/books/1413215930i/656._SY75_.jpg,4.17,377727,40754,494,5,4.130375495561797,"4,0 a 4,25",Alta
434,301082,"Dead Until Dark (Sookie Stackhouse, #1)",Charlaine Harris,17061,https://www.goodreads.com/book/show/301082.Dead_Until_Dark,https://www.goodreads.com/author/show/17061.Charlaine_Harris,https://i.gr-assets.com/images/S/compressed.photo.goodreads.com/books/1468560853i/301082._SY75_.jpg,3.97,566047,40482,515,5,4.019891484076186,"3,5 a 4,0",Muito alta
435,16735,The Prince of Tides,Pat Conroy,6942,https://www.goodreads.com/book/show/16735.The_Prince_of_Tides,https://www.goodreads.com/author/show/6942.Pat_Conroy,https://i.gr-assets.com/images/S/compressed.photo.goodreads.com/books/1512744907i/16735._SY75_.jpg,4.26,221195,40288,530,5,4.152759277822125,"4,25 a 4,5",Alta
436,52022378,"Sheever's Journal, Diary of a Poison Master",K.  Ritz,2633143,https://www.goodreads.com/book/show/52022378-sheever-s-journal-diary-of-a-poison-master,https://www.goodreads.com/author/show/2633143.K_Ritz,https://i.gr-assets.com/images/S/compressed.photo.goodreads.com/books/1583221123i/52022378._SX50_.jpg,4.3,34168,40179,431,5,4.108808083264207,"4,25 a 4,5",Baixa
437,228560,Sophie’s Choice,William Styron,7565,https://www.goodreads.com/book/show/228560.Sophie_s_Choice,https://www.goodreads.com/author/show/7565.William_Styron,https://i.gr-assets.com/images/S/compressed.photo.goodreads.com/books/1356714742i/228560._SY75_.jpg,4.16,95536,40002,546,5,4.105433817060345,"4,0 a 4,25",Média
438,65605,"The Magician’s Nephew (Chronicles of Narnia, #6)",C.S. Lewis,1069006,https://www.goodreads.com/book/show/65605.The_Magician_s_Nephew,https://www.goodreads.com/author/show/1069006.C_S_Lewis,https://i.gr-assets.com/images/S/compressed.photo.goodreads.com/books/1308814770i/65605._SY75_.jpg,4.06,628322,39754,554,5,4.072316286568777,"4,0 a 4,25",Muito alta
439,3153910,The Art of Racing in the Rain,Garth Stein,194531,https://www.goodreads.com/book/show/3153910-the-art-of-racing-in-the-rain,https://www.goodreads.com/author/show/194531.Garth_Stein,https://i.gr-assets.com/images/S/compressed.photo.goodreads.com/books/1377206302i/3153910._SY75_.jpg,4.24,566696,39532,467,5,4.179610897213783,"4,0 a 4,25",Muito alta
440,32542,"A Time to Kill (Jake Brigance, #1)",John Grisham,721,https://www.goodreads.com/book/show/32542.A_Time_to_Kill,https://www.goodreads.com/author/show/721.John_Grisham,https://i.gr-assets.com/images/S/compressed.photo.goodreads.com/books/1554303029i/32542._SY75_.jpg,4.12,833947,39521,534,5,4.111094415124882,"4,0 a 4,25",Muito alta
441,5805,V for Vendetta,Alan Moore,3961,https://www.goodreads.com/book/show/5805.V_for_Vendetta,https://www.goodreads.com/author/show/3961.Alan_Moore,https://i.gr-assets.com/images/S/compressed.photo.goodreads.com/books/1343668985i/5805._SY75_.jpg,4.26,331145,39416,517,5,4.169085360634123,"4,25 a 4,5",Alta
442,227443,"Bridget Jones’s Diary (Bridget Jones, #1)",Helen Fielding,3090,https://www.goodreads.com/book/show/227443.Bridget_Jones_s_Diary,https://www.goodreads.com/author/show/3090.Helen_Fielding,https://i.gr-assets.com/images/S/compressed.photo.goodreads.com/books/1659879886i/227443._SY75_.jpg,3.81,1038832,39310,542,5,3.887155367625052,"3,5 a 4,0",Muito alta
443,43035,White Fang,Jack London,1240,https://www.goodreads.com/book/show/43035.White_Fang,https://www.goodreads.com/author/show/1240.Jack_London,https://i.gr-assets.com/images/S/compressed.photo.goodreads.com/books/1475878443i/43035._SX50_.jpg,4.03,211896,39196,557,5,4.070279627527928,"4,0 a 4,25",Alta
444,52357,Beowulf,Seamus Heaney,29574,https://www.goodreads.com/book/show/52357.Beowulf,https://www.goodreads.com/author/show/29574.Seamus_Heaney,https://i.gr-assets.com/images/S/compressed.photo.goodreads.com/books/1327878125i/52357._SY75_.jpg,3.5,356491,39155,556,5,3.8097501696633134,"Até 3,5",Alta
445,15745753,Eleanor & Park,Rainbow Rowell,4208569,https://www.goodreads.com/book/show/15745753-eleanor-park,https://www.goodreads.com/author/show/4208569.Rainbow_Rowell,https://i.gr-assets.com/images/S/compressed.photo.goodreads.com/books/1341952742i/15745753._SX50_.jpg,3.92,1281546,39102,457,5,3.96024003645643,"3,5 a 4,0",Muito alta
446,12127810,"The House of Hades (The Heroes of Olympus, #4)",Rick Riordan,15872,https://www.goodreads.com/book/show/12127810-the-house-of-hades,https://www.goodreads.com/author/show/15872.Rick_Riordan,https://i.gr-assets.com/images/S/compressed.photo.goodreads.com/books/1464201430i/12127810._SY75_.jpg,4.57,501921,38999,481,5,4.3607104592997725,"Acima de 4,5",Muito alta
447,10644930,11/22/63,Stephen  King,3389,https://www.goodreads.com/book/show/10644930-11-22-63,https://www.goodreads.com/author/show/3389.Stephen_King,https://i.gr-assets.com/images/S/compressed.photo.goodreads.com/books/1327876792i/10644930._SY75_.jpg,4.35,706067,38575,458,5,4.2580723985424935,"4,25 a 4,5",Muito alta
448,862041,"Harry Potter Series Box Set (Harry Potter, #1-7)",J.K. Rowling,1077326,https://www.goodreads.com/book/show/862041.Harry_Potter_Series_Box_Set,https://www.goodreads.com/author/show/1077326.J_K_Rowling,https://i.gr-assets.com/images/S/compressed.photo.goodreads.com/books/1534298934i/862041._SX50_.jpg,4.73,306384,38565,467,5,4.372320495620746,"Acima de 4,5",Alta
449,35959740,Circe,Madeline Miller,176372,https://www.goodreads.com/book/show/35959740-circe,https://www.goodreads.com/author/show/176372.Madeline_Miller,https://i.gr-assets.com/images/S/compressed.photo.goodreads.com/books/1565909496i/35959740._SY75_.jpg,4.22,1468951,38525,439,5,4.193109242032024,"4,0 a 4,25",Muito alta
450,36809135,Where the Crawdads Sing,Delia Owens,7043934,https://www.goodreads.com/book/show/36809135-where-the-crawdads-sing,https://www.goodreads.com/author/show/7043934.Delia_Owens,https://i.gr-assets.com/images/S/compressed.photo.goodreads.com/books/1582135294i/36809135._SY75_.jpg,4.37,3790643,38340,440,5,4.344010771012313,"4,25 a 4,5",Muito alta
451,310259,Love You Forever,Robert Munsch,6039100,https://www.goodreads.com/book/show/310259.Love_You_Forever,https://www.goodreads.com/author/show/6039100.Robert_Munsch,https://i.gr-assets.com/images/S/compressed.photo.goodreads.com/books/1348832754i/310259._SX50_.jpg,4.38,250572,38281,492,5,4.204530349784989,"4,25 a 4,5",Alta
452,18114322,The Grapes of Wrath,John Steinbeck,585,https://www.goodreads.com/book/show/18114322-the-grapes-of-wrath,https://www.goodreads.com/author/show/585.John_Steinbeck,https://i.gr-assets.com/images/S/compressed.photo.goodreads.com/books/1375670575i/18114322._SY75_.jpg,4.04,1026922,38254,500,5,4.054370121213093,"4,0 a 4,25",Muito alta
453,6327,The Witches,Roald Dahl,4273,https://www.goodreads.com/book/show/6327.The_Witches,https://www.goodreads.com/author/show/4273.Roald_Dahl,https://i.gr-assets.com/images/S/compressed.photo.goodreads.com/books/1351707720i/6327._SY75_.jpg,4.18,437719,38206,511,5,4.138525043471598,"4,0 a 4,25",Muito alta
454,18710190,"Allegiant (Divergent, #3)",Veronica Roth,4039811,https://www.goodreads.com/book/show/18710190-allegiant,https://www.goodreads.com/author/show/4039811.Veronica_Roth,https://i.gr-assets.com/images/S/compressed.photo.goodreads.com/books/1395582745i/18710190._SY75_.jpg,3.6,1165704,38199,475,5,3.7236217154606637,"3,5 a 4,0",Muito alta
455,21,A Short History of Nearly Everything,Bill  Bryson,7,https://www.goodreads.com/book/show/21.A_Short_History_of_Nearly_Everything,https://www.goodreads.com/author/show/7.Bill_Bryson,https://i.gr-assets.com/images/S/compressed.photo.goodreads.com/books/1433086293i/21._SY75_.jpg,4.21,435451,38010,461,5,4.154216473109472,"4,0 a 4,25",Muito alta
456,5113,Franny and Zooey,J.D. Salinger,819789,https://www.goodreads.com/book/show/5113.Franny_and_Zooey,https://www.goodreads.com/author/show/819789.J_D_Salinger,https://i.gr-assets.com/images/S/compressed.photo.goodreads.com/books/1355037988i/5113._SY75_.jpg,3.95,246203,37872,484,5,4.03720470104251,"3,5 a 4,0",Alta
457,20613470,"Heir of Fire (Throne of Glass, #3)",Sarah J. Maas,3433047,https://www.goodreads.com/book/show/20613470-heir-of-fire,https://www.goodreads.com/author/show/3433047.Sarah_J_Maas,https://i.gr-assets.com/images/S/compressed.photo.goodreads.com/books/1460846511i/20613470._SY75_.jpg,4.44,1763600,37827,436,5,4.3768558759333605,"4,25 a 4,5",Muito alta
458,14905,The Complete Novels,Jane Austen,1265,https://www.goodreads.com/book/show/14905.The_Complete_Novels,https://www.goodreads.com/author/show/1265.Jane_Austen,https://i.gr-assets.com/images/S/compressed.photo.goodreads.com/books/1388178574i/14905._SY75_.jpg,4.57,34226,37460,506,5,4.13056205056233,"Acima de 4,5",Baixa
459,43615,"The Gunslinger (The Dark Tower, #1)",Stephen  King,3389,https://www.goodreads.com/book/show/43615.The_Gunslinger,https://www.goodreads.com/author/show/3389.Stephen_King,https://i.gr-assets.com/images/S/compressed.photo.goodreads.com/books/1554220416i/43615._SY75_.jpg,3.9,680953,37427,460,5,3.9700800477578246,"3,5 a 4,0",Muito alta
460,228665,"The Eye of the World (The Wheel of Time, #1)",Robert Jordan,6252,https://www.goodreads.com/book/show/228665.The_Eye_of_the_World,https://www.goodreads.com/author/show/6252.Robert_Jordan,https://i.gr-assets.com/images/S/compressed.photo.goodreads.com/books/1659905815i/228665._SY75_.jpg,4.19,613228,37390,438,5,4.151879012702021,"4,0 a 4,25",Muito alta
461,7733,Gulliver’s Travels,Jonathan Swift,1831,https://www.goodreads.com/book/show/7733.Gulliver_s_Travels,https://www.goodreads.com/author/show/1831.Jonathan_Swift,https://i.gr-assets.com/images/S/compressed.photo.goodreads.com/books/1427829692i/7733._SY75_.jpg,3.59,305063,37251,573,5,3.872072788699173,"3,5 a 4,0",Alta
462,50623864,The Invisible Life of Addie LaRue,V.E. Schwab,7168230,https://www.goodreads.com/book/show/50623864-the-invisible-life-of-addie-larue,https://www.goodreads.com/author/show/7168230.V_E_Schwab,https://i.gr-assets.com/images/S/compressed.photo.goodreads.com/books/1584633432i/50623864._SY75_.jpg,4.16,1624987,37073,412,5,4.1468294016399,"4,0 a 4,25",Muito alta
463,122,"The Power of One (The Power of One, #1)",Bryce Courtenay,63,https://www.goodreads.com/book/show/122.The_Power_of_One,https://www.goodreads.com/author/show/63.Bryce_Courtenay,https://i.gr-assets.com/images/S/compressed.photo.goodreads.com/books/1388184360i/122._SX50_.jpg,4.36,96513,36934,424,5,4.145130616210729,"4,25 a 4,5",Média
464,4374400,"If I Stay (If I Stay, #1)",Gayle Forman,295178,https://www.goodreads.com/book/show/4374400-if-i-stay,https://www.goodreads.com/author/show/295178.Gayle_Forman,https://i.gr-assets.com/images/S/compressed.photo.goodreads.com/books/1630573973i/4374400._SY75_.jpg,3.91,980051,36868,447,5,3.9619405731053927,"3,5 a 4,0",Muito alta
465,84981,Tuck Everlasting,Natalie Babbitt,1954,https://www.goodreads.com/book/show/84981.Tuck_Everlasting,https://www.goodreads.com/author/show/1954.Natalie_Babbitt,https://i.gr-assets.com/images/S/compressed.photo.goodreads.com/books/1661030663i/84981._SY75_.jpg,3.91,302388,36546,498,5,4.012697300920914,"3,5 a 4,0",Alta
466,27362503,"It Ends with Us (It Ends with Us, #1)",Colleen Hoover,5430144,https://www.goodreads.com/book/show/27362503-it-ends-with-us,https://www.goodreads.com/author/show/5430144.Colleen_Hoover,https://i.gr-assets.com/images/S/compressed.photo.goodreads.com/books/1688011813i/27362503._SY75_.jpg,4.06,4828675,36020,390,5,4.062405334080622,"4,0 a 4,25",Muito alta
467,13536860,"Fifty Shades Freed (Fifty Shades, #3)",E.L. James,4725841,https://www.goodreads.com/book/show/13536860-fifty-shades-freed,https://www.goodreads.com/author/show/4725841.E_L_James,https://i.gr-assets.com/images/S/compressed.photo.goodreads.com/books/1336418837i/13536860._SY75_.jpg,3.83,930946,35871,429,5,3.9075353667374735,"3,5 a 4,0",Muito alta
468,60748,"A Child Called ""It"" (Dave Pelzer, #1)",Dave Pelzer,1881,https://www.goodreads.com/book/show/60748.A_Child_Called_It_,https://www.goodreads.com/author/show/1881.Dave_Pelzer,https://i.gr-assets.com/images/S/compressed.photo.goodreads.com/books/1438400434i/60748._SY75_.jpg,4.14,467414,35755,458,5,4.118181341700692,"4,0 a 4,25",Muito alta
469,11590,’Salem’s Lot,Stephen  King,3389,https://www.goodreads.com/book/show/11590._Salem_s_Lot,https://www.goodreads.com/author/show/3389.Stephen_King,https://i.gr-assets.com/images/S/compressed.photo.goodreads.com/books/1738025067i/11590._SY75_.jpg,4.1,684474,35717,477,5,4.097128948013107,"4,0 a 4,25",Muito alta
470,5826,Bel Canto,Ann Patchett,7136914,https://www.goodreads.com/book/show/5826.Bel_Canto,https://www.goodreads.com/author/show/7136914.Ann_Patchett,https://i.gr-assets.com/images/S/compressed.photo.goodreads.com/books/1352997328i/5826._SY75_.jpg,3.94,338348,35711,436,5,4.021550043644427,"3,5 a 4,0",Alta
471,15645,Inferno,Dante Alighieri,5031312,https://www.goodreads.com/book/show/15645.Inferno,https://www.goodreads.com/author/show/5031312.Dante_Alighieri,https://i.gr-assets.com/images/S/compressed.photo.goodreads.com/books/1520255019i/15645._SY75_.jpg,4.03,212976,35448,475,5,4.0702076111193195,"4,0 a 4,25",Alta
472,51496,Dr. Jekyll and Mr. Hyde,Robert Louis Stevenson,854076,https://www.goodreads.com/book/show/51496.Dr_Jekyll_and_Mr_Hyde,https://www.goodreads.com/author/show/854076.Robert_Louis_Stevenson,https://i.gr-assets.com/images/S/compressed.photo.goodreads.com/books/1318116526i/51496._SY75_.jpg,3.83,696947,35358,509,5,3.9242106751394896,"3,5 a 4,0",Muito alta
473,49628,Cloud Atlas,David  Mitchell,6538289,https://www.goodreads.com/book/show/49628.Cloud_Atlas,https://www.goodreads.com/author/show/6538289.David_Mitchell,https://i.gr-assets.com/images/S/compressed.photo.goodreads.com/books/1563042852i/49628._SX50_.jpg,4.01,275032,35082,424,5,4.058203992339134,"4,0 a 4,25",Alta
474,7588,A Portrait of the Artist as a Young Man,James Joyce,5144,https://www.goodreads.com/book/show/7588.A_Portrait_of_the_Artist_as_a_Young_Man,https://www.goodreads.com/author/show/5144.James_Joyce,https://i.gr-assets.com/images/S/compressed.photo.goodreads.com/books/1756682478i/7588._SY75_.jpg,3.65,168251,35038,463,5,3.959115947553487,"3,5 a 4,0",Alta
475,394535,"Blood Meridian, or, the Evening Redness in the West",Cormac McCarthy,4178,https://www.goodreads.com/book/show/394535.Blood_Meridian_or_the_Evening_Redness_in_the_West,https://www.goodreads.com/author/show/4178.Cormac_McCarthy,https://i.gr-assets.com/images/S/compressed.photo.goodreads.com/books/1701688704i/394535._SY75_.jpg,4.14,244887,34934,396,5,4.110546928516422,"4,0 a 4,25",Alta
476,30597,The Hunchback of Notre-Dame,Victor Hugo,13661,https://www.goodreads.com/book/show/30597.The_Hunchback_of_Notre_Dame,https://www.goodreads.com/author/show/13661.Victor_Hugo,https://i.gr-assets.com/images/S/compressed.photo.goodreads.com/books/1388342667i/30597._SY75_.jpg,4.02,225048,34522,498,5,4.065767197842983,"4,0 a 4,25",Alta
477,67896,Tao Te Ching,Lao Tzu,2622245,https://www.goodreads.com/book/show/67896.Tao_Te_Ching,https://www.goodreads.com/author/show/2622245.Lao_Tzu,https://i.gr-assets.com/images/S/compressed.photo.goodreads.com/books/1333578861i/67896._SY75_.jpg,4.29,187942,34463,436,5,4.1563380392186655,"4,25 a 4,5",Alta
478,391729,The Tell-Tale Heart and Other Writings,Edgar Allan Poe,4624490,https://www.goodreads.com/book/show/391729.The_Tell_Tale_Heart_and_Other_Writings,https://www.goodreads.com/author/show/4624490.Edgar_Allan_Poe,https://i.gr-assets.com/images/S/compressed.photo.goodreads.com/books/1697731059i/391729._SY75_.jpg,4.19,245705,34432,503,5,4.129877358904467,"4,0 a 4,25",Alta
479,45032,Mansfield Park,Jane Austen,1265,https://www.goodreads.com/book/show/45032.Mansfield_Park,https://www.goodreads.com/author/show/1265.Jane_Austen,https://i.gr-assets.com/images/S/compressed.photo.goodreads.com/books/1397063295i/45032._SY75_.jpg,3.86,389805,34405,490,5,3.976241596671472,"3,5 a 4,0",Alta
480,77013,As I Lay Dying,William Faulkner,3535,https://www.goodreads.com/book/show/77013.As_I_Lay_Dying,https://www.goodreads.com/author/show/3535.William_Faulkner,https://i.gr-assets.com/images/S/compressed.photo.goodreads.com/books/1757102388i/77013._SY75_.jpg,3.72,194177,34397,458,5,3.9686472180812644,"3,5 a 4,0",Alta
481,45978,"Eldest (The Inheritance Cycle, #2)",Christopher Paolini,8349,https://www.goodreads.com/book/show/45978.Eldest,https://www.goodreads.com/author/show/8349.Christopher_Paolini,https://i.gr-assets.com/images/S/compressed.photo.goodreads.com/books/1387119654i/45978._SX50_.jpg,4.06,504530,34204,440,5,4.074018653078918,"4,0 a 4,25",Muito alta
482,10920,Cold Mountain,Charles Frazier,7130,https://www.goodreads.com/book/show/10920.Cold_Mountain,https://www.goodreads.com/author/show/7130.Charles_Frazier,https://i.gr-assets.com/images/S/compressed.photo.goodreads.com/books/1442416348i/10920._SY75_.jpg,3.89,252533,34159,465,5,4.012804995850384,"3,5 a 4,0",Alta
483,22328546,"Red Queen (Red Queen, #1)",Victoria Aveyard,7074943,https://www.goodreads.com/book/show/22328546-red-queen,https://www.goodreads.com/author/show/7074943.Victoria_Aveyard,https://i.gr-assets.com/images/S/compressed.photo.goodreads.com/books/1449778912i/22328546._SY75_.jpg,3.97,1221172,34035,392,5,3.9996185098136756,"3,5 a 4,0",Muito alta
484,46799,Go Ask Alice,Beatrice Sparks,69007,https://www.goodreads.com/book/show/46799.Go_Ask_Alice,https://www.goodreads.com/author/show/69007.Beatrice_Sparks,https://i.gr-assets.com/images/S/compressed.photo.goodreads.com/books/1327870536i/46799._SX50_.jpg,3.73,296492,33899,455,5,3.9359591569008514,"3,5 a 4,0",Alta
485,76778,The Martian Chronicles,Ray Bradbury,1630,https://www.goodreads.com/book/show/76778.The_Martian_Chronicles,https://www.goodreads.com/author/show/1630.Ray_Bradbury,https://i.gr-assets.com/images/S/compressed.photo.goodreads.com/books/1661016554i/76778._SY75_.jpg,4.16,293646,33863,450,5,4.121221292140259,"4,0 a 4,25",Alta
486,2248573,"Brisingr (The Inheritance Cycle, #3)",Christopher Paolini,8349,https://www.goodreads.com/book/show/2248573.Brisingr,https://www.goodreads.com/author/show/8349.Christopher_Paolini,https://i.gr-assets.com/images/S/compressed.photo.goodreads.com/books/1661030683i/2248573._SX50_.jpg,4.12,426473,33862,437,5,4.106655814859879,"4,0 a 4,25",Muito alta
487,646462,القرآن الكريم,Anonymous,5158478,https://www.goodreads.com/book/show/646462._,https://www.goodreads.com/author/show/5158478.Anonymous,https://i.gr-assets.com/images/S/compressed.photo.goodreads.com/books/1275263838i/646462._SY75_.jpg,4.37,75503,33791,380,5,4.137073379426523,"4,25 a 4,5",Média
488,16631,Steppenwolf,Hermann Hesse,1113469,https://www.goodreads.com/book/show/16631.Steppenwolf,https://www.goodreads.com/author/show/1113469.Hermann_Hesse,https://i.gr-assets.com/images/S/compressed.photo.goodreads.com/books/1389332672i/16631._SY75_.jpg,4.13,226459,33674,429,5,4.106000903420387,"4,0 a 4,25",Alta
489,5148,A Separate Peace,John Knowles,3496,https://www.goodreads.com/book/show/5148.A_Separate_Peace,https://www.goodreads.com/author/show/3496.John_Knowles,https://i.gr-assets.com/images/S/compressed.photo.goodreads.com/books/1528860889i/5148._SY75_.jpg,3.6,236199,33585,456,5,3.906804741262571,"3,5 a 4,0",Alta
490,6319,The BFG,Roald Dahl,4273,https://www.goodreads.com/book/show/6319.The_BFG,https://www.goodreads.com/author/show/4273.Roald_Dahl,https://i.gr-assets.com/images/S/compressed.photo.goodreads.com/books/1327872673i/6319._SY75_.jpg,4.23,540756,33489,451,5,4.172126696439049,"4,0 a 4,25",Muito alta
491,28921,The Remains of the Day,Kazuo Ishiguro,4280,https://www.goodreads.com/book/show/28921.The_Remains_of_the_Day,https://www.goodreads.com/author/show/4280.Kazuo_Ishiguro,https://i.gr-assets.com/images/S/compressed.photo.goodreads.com/books/1327128714i/28921._SY75_.jpg,4.14,385351,33418,453,5,4.115875273516313,"4,0 a 4,25",Alta
492,6304335,"Beautiful Creatures (Caster Chronicles, #1)",Kami Garcia,2895706,https://www.goodreads.com/book/show/6304335-beautiful-creatures,https://www.goodreads.com/author/show/2895706.Kami_Garcia,https://i.gr-assets.com/images/S/compressed.photo.goodreads.com/books/1327873282i/6304335._SY75_.jpg,3.78,626442,33094,411,5,3.8999559089936806,"3,5 a 4,0",Muito alta
493,9460487,"Miss Peregrine's Home for Peculiar Children (Miss Peregrine's Peculiar Children, #1)",Ransom Riggs,3046613,https://www.goodreads.com/book/show/9460487-miss-peregrine-s-home-for-peculiar-children,https://www.goodreads.com/author/show/3046613.Ransom_Riggs,https://i.gr-assets.com/images/S/compressed.photo.goodreads.com/books/1623449170i/9460487._SY75_.jpg,3.92,1380446,32984,416,5,3.9579935337685415,"3,5 a 4,0",Muito alta
494,42899,"Dark Lover (Black Dagger Brotherhood, #1)",J.R. Ward,20248,https://www.goodreads.com/book/show/42899.Dark_Lover,https://www.goodreads.com/author/show/20248.J_R_Ward,https://i.gr-assets.com/images/S/compressed.photo.goodreads.com/books/1429676285i/42899._SY75_.jpg,4.15,359372,32921,389,5,4.1198288651723916,"4,0 a 4,25",Alta
495,2932,Robinson Crusoe,Daniel Defoe,2007,https://www.goodreads.com/book/show/2932.Robinson_Crusoe,https://www.goodreads.com/author/show/2007.Daniel_Defoe,https://i.gr-assets.com/images/S/compressed.photo.goodreads.com/books/1682976488i/2932._SY75_.jpg,3.68,338905,32866,491,5,3.90077957192726,"3,5 a 4,0",Alta
496,12578077,"Obsidian (Lux, #1)",Jennifer L. Armentrout,4476934,https://www.goodreads.com/book/show/12578077-obsidian,https://www.goodreads.com/author/show/4476934.Jennifer_L_Armentrout,https://i.gr-assets.com/images/S/compressed.photo.goodreads.com/books/1328275091i/12578077._SY75_.jpg,4.12,299579,32823,372,5,4.104204105419493,"4,0 a 4,25",Alta
497,21853621,The Nightingale,Kristin Hannah,54493,https://www.goodreads.com/book/show/21853621-the-nightingale,https://www.goodreads.com/author/show/54493.Kristin_Hannah,https://i.gr-assets.com/images/S/compressed.photo.goodreads.com/books/1681839850i/21853621._SY75_.jpg,4.65,2374955,32351,366,5,4.5711209088306255,"Acima de 4,5",Muito alta
498,17061,Coraline,Neil Gaiman,1221698,https://www.goodreads.com/book/show/17061.Coraline,https://www.goodreads.com/author/show/1221698.Neil_Gaiman,https://i.gr-assets.com/images/S/compressed.photo.goodreads.com/books/1493497435i/17061._SY75_.jpg,4.13,804068,32246,419,5,4.117599538465818,"4,0 a 4,25",Muito alta
499,22232,"Stargirl (Stargirl, #1)",Jerry Spinelli,12696,https://www.goodreads.com/book/show/22232.Stargirl,https://www.goodreads.com/author/show/12696.Jerry_Spinelli,https://i.gr-assets.com/images/S/compressed.photo.goodreads.com/books/1335947642i/22232._SX50_.jpg,3.77,338917,32135,389,5,3.9425603591216545,"3,5 a 4,0",Alta
500,8755785,"City of Heavenly Fire (The Mortal Instruments, #6)",Cassandra Clare,150038,https://www.goodreads.com/book/show/8755785-city-of-heavenly-fire,https://www.goodreads.com/author/show/150038.Cassandra_Clare,https://i.gr-assets.com/images/S/compressed.photo.goodreads.com/books/1460477794i/8755785._SY75_.jpg,4.38,424095,31913,401,5,4.241881829038707,"4,25 a 4,5",Muito alta
501,17167166,"Crown of Midnight (Throne of Glass, #2)",Sarah J. Maas,3433047,https://www.goodreads.com/book/show/17167166-crown-of-midnight,https://www.goodreads.com/author/show/3433047.Sarah_J_Maas,https://i.gr-assets.com/images/S/compressed.photo.goodreads.com/books/1391580481i/17167166._SY75_.jpg,4.36,1981811,31882,383,6,4.315847556635485,"4,25 a 4,5",Muito alta
502,3985,The Amazing Adventures of Kavalier & Clay,Michael Chabon,2715,https://www.goodreads.com/book/show/3985.The_Amazing_Adventures_of_Kavalier_Clay,https://www.goodreads.com/author/show/2715.Michael_Chabon,https://i.gr-assets.com/images/S/compressed.photo.goodreads.com/books/1503806495i/3985._SY75_.jpg,4.19,216827,31825,394,6,4.127021297882779,"4,0 a 4,25",Alta
503,18122,"The Amber Spyglass (His Dark Materials, #3)",Philip Pullman,3618,https://www.goodreads.com/book/show/18122.The_Amber_Spyglass,https://www.goodreads.com/author/show/3618.Philip_Pullman,https://i.gr-assets.com/images/S/compressed.photo.goodreads.com/books/1329189152i/18122._SY75_.jpg,4.11,391080,31747,408,6,4.101051991419922,"4,0 a 4,25",Alta
504,11989,The Plague,Albert Camus,957894,https://www.goodreads.com/book/show/11989.The_Plague,https://www.goodreads.com/author/show/957894.Albert_Camus,https://i.gr-assets.com/images/S/compressed.photo.goodreads.com/books/1503362434i/11989._SY75_.jpg,4.02,332451,31735,426,6,4.0589733918352575,"4,0 a 4,25",Alta
505,130440,Doctor Zhivago,Boris Pasternak,7902,https://www.goodreads.com/book/show/130440.Doctor_Zhivago,https://www.goodreads.com/author/show/7902.Boris_Pasternak,https://i.gr-assets.com/images/S/compressed.photo.goodreads.com/books/1385508725i/130440._SY75_.jpg,4.01,105520,31211,468,6,4.074658166339861,"4,0 a 4,25",Média
506,5526,Dear John,Nicholas Sparks,2345,https://www.goodreads.com/book/show/5526.Dear_John,https://www.goodreads.com/author/show/2345.Nicholas_Sparks,https://i.gr-assets.com/images/S/compressed.photo.goodreads.com/books/1397749854i/5526._SY75_.jpg,4.04,624211,31041,396,6,4.060069966487958,"4,0 a 4,25",Muito alta
507,18006496,"Queen of Shadows (Throne of Glass, #4)",Sarah J. Maas,3433047,https://www.goodreads.com/book/show/18006496-queen-of-shadows,https://www.goodreads.com/author/show/3433047.Sarah_J_Maas,https://i.gr-assets.com/images/S/compressed.photo.goodreads.com/books/1441230104i/18006496._SY75_.jpg,4.62,1593806,31019,359,6,4.515989046426956,"Acima de 4,5",Muito alta
508,18460392,All the Bright Places,Jennifer Niven,45592,https://www.goodreads.com/book/show/18460392-all-the-bright-places,https://www.goodreads.com/author/show/45592.Jennifer_Niven,https://i.gr-assets.com/images/S/compressed.photo.goodreads.com/books/1404331702i/18460392._SY75_.jpg,4.11,643590,31006,339,6,4.103235740836396,"4,0 a 4,25",Muito alta
509,52439531,"The Inheritance Games (The Inheritance Games, #1)",Jennifer Lynn Barnes,164187,https://www.goodreads.com/book/show/52439531-the-inheritance-games,https://www.goodreads.com/author/show/164187.Jennifer_Lynn_Barnes,https://i.gr-assets.com/images/S/compressed.photo.goodreads.com/books/1587396413i/52439531._SY75_.jpg,4.12,1153530,30995,343,6,4.112936998138851,"4,0 a 4,25",Muito alta
510,40937505,زندگی مه آلود پریا,سید مرتضی مصطفوی,18235662,https://www.goodreads.com/book/show/40937505,https://www.goodreads.com/author/show/18235662._,https://i.gr-assets.com/images/S/compressed.photo.goodreads.com/books/1532526741i/40937505._SX50_.jpg,3.76,825,30907,311,6,4.0914048885427166,"3,5 a 4,0",Baixa
511,5358,"The Firm (Penguin Readers, Level 5)",Robin Waterfield,69307569,https://www.goodreads.com/book/show/5358.The_Firm,https://www.goodreads.com/author/show/69307569.Robin_Waterfield,https://i.gr-assets.com/images/S/compressed.photo.goodreads.com/books/1418465200i/5358._SY75_.jpg,4.07,640277,30904,451,6,4.07838162014878,"4,0 a 4,25",Muito alta
512,629,"Zen and the Art of Motorcycle Maintenance: An Inquiry Into Values (Phaedrus, #1)",Robert M. Pirsig,401,https://www.goodreads.com/book/show/629.Zen_and_the_Art_of_Motorcycle_Maintenance,https://www.goodreads.com/author/show/401.Robert_M_Pirsig,https://i.gr-assets.com/images/S/compressed.photo.goodreads.com/books/1410136019i/629._SY75_.jpg,3.78,250464,30864,393,6,3.9702562002073902,"3,5 a 4,0",Alta
513,16143347,We Were Liars,E. Lockhart,173491,https://www.goodreads.com/book/show/16143347-we-were-liars,https://www.goodreads.com/author/show/173491.E_Lockhart,https://i.gr-assets.com/images/S/compressed.photo.goodreads.com/books/1402749479i/16143347._SY75_.jpg,3.66,1481580,30780,345,6,3.750239279270418,"3,5 a 4,0",Muito alta
514,11713,The English Patient,Michael Ondaatje,4030,https://www.goodreads.com/book/show/11713.The_English_Patient,https://www.goodreads.com/author/show/4030.Michael_Ondaatje,https://i.gr-assets.com/images/S/compressed.photo.goodreads.com/books/1320527907i/11713._SY75_.jpg,3.86,142398,30752,422,6,4.030149994536802,"3,5 a 4,0",Média
515,14836,Midnight’s Children,Salman Rushdie,3299,https://www.goodreads.com/book/show/14836.Midnight_s_Children,https://www.goodreads.com/author/show/3299.Salman_Rushdie,https://i.gr-assets.com/images/S/compressed.photo.goodreads.com/books/1673724335i/14836._SY75_.jpg,3.97,136513,30678,375,6,4.0605100257499265,"3,5 a 4,0",Média
516,41150487,"Red, White & Royal Blue (Red, White & Royal Blue, #1)",Casey McQuiston,17949486,https://www.goodreads.com/book/show/41150487-red-white-royal-blue,https://www.goodreads.com/author/show/17949486.Casey_McQuiston,https://i.gr-assets.com/images/S/compressed.photo.goodreads.com/books/1566742512i/41150487._SY75_.jpg,4.04,1280210,30582,341,6,4.052192295923375,"4,0 a 4,25",Muito alta
517,6952,Like Water for Chocolate,Laura Esquivel,4694,https://www.goodreads.com/book/show/6952.Like_Water_for_Chocolate,https://www.goodreads.com/author/show/4694.Laura_Esquivel,https://i.gr-assets.com/images/S/compressed.photo.goodreads.com/books/1550721459i/6952._SY75_.jpg,3.95,405284,30570,430,6,4.01978478002448,"3,5 a 4,0",Muito alta
518,6400090,The Last Song,Nicholas Sparks,2345,https://www.goodreads.com/book/show/6400090-the-last-song,https://www.goodreads.com/author/show/2345.Nicholas_Sparks,https://i.gr-assets.com/images/S/compressed.photo.goodreads.com/books/1286549186i/6400090._SY75_.jpg,4.16,577120,30551,376,6,4.132575089823056,"4,0 a 4,25",Muito alta
519,18635016,"The One (The Selection, #3)",Kiera Cass,2987125,https://www.goodreads.com/book/show/18635016-the-one,https://www.goodreads.com/author/show/2987125.Kiera_Cass,https://i.gr-assets.com/images/S/compressed.photo.goodreads.com/books/1699307836i/18635016._SY75_.jpg,4.14,799913,30253,358,6,4.1242726264499705,"4,0 a 4,25",Muito alta
520,5364,"Dragonfly in Amber (Outlander, #2)",Diana Gabaldon,3617,https://www.goodreads.com/book/show/5364.Dragonfly_in_Amber,https://www.goodreads.com/author/show/3617.Diana_Gabaldon,https://i.gr-assets.com/images/S/compressed.photo.goodreads.com/books/1456114344i/5364._SY75_.jpg,4.34,394593,30163,381,6,4.216606093048164,"4,25 a 4,5",Muito alta
521,12220,A Streetcar Named Desire,Tennessee Williams,7751,https://www.goodreads.com/book/show/12220.A_Streetcar_Named_Desire,https://www.goodreads.com/author/show/7751.Tennessee_Williams,https://i.gr-assets.com/images/S/compressed.photo.goodreads.com/books/1389153133i/12220._SX50_.jpg,3.98,341444,30137,450,6,4.039850150316423,"3,5 a 4,0",Alta
522,7791997,"Crescendo (Hush, Hush, #2)",Becca Fitzpatrick,2876763,https://www.goodreads.com/book/show/7791997-crescendo,https://www.goodreads.com/author/show/2876763.Becca_Fitzpatrick,https://i.gr-assets.com/images/S/compressed.photo.goodreads.com/books/1362408146i/7791997._SY75_.jpg,3.97,340831,29751,369,6,4.035243554155265,"3,5 a 4,0",Alta
523,32075671,"The Hate U Give (The Hate U Give, #1)",Angie Thomas,15049422,https://www.goodreads.com/book/show/32075671-the-hate-u-give,https://www.goodreads.com/author/show/15049422.Angie_Thomas,https://i.gr-assets.com/images/S/compressed.photo.goodreads.com/books/1476284759i/32075671._SY75_.jpg,4.45,1042691,29704,345,6,4.352378997143722,"4,25 a 4,5",Muito alta
524,2156,Persuasion,Jane Austen,1265,https://www.goodreads.com/book/show/2156.Persuasion,https://www.goodreads.com/author/show/1265.Jane_Austen,https://i.gr-assets.com/images/S/compressed.photo.goodreads.com/books/1385172413i/2156._SY75_.jpg,4.15,809323,29686,376,6,4.131138003690841,"4,0 a 4,25",Muito alta
525,386187,Midnight in the Garden of Good and Evil,John Berendt,4952,https://www.goodreads.com/book/show/386187.Midnight_in_the_Garden_of_Good_and_Evil,https://www.goodreads.com/author/show/4952.John_Berendt,https://i.gr-assets.com/images/S/compressed.photo.goodreads.com/books/1427166915i/386187._SY75_.jpg,3.91,305728,29612,426,6,4.012205043920588,"3,5 a 4,0",Alta
526,29588376,"The Lies of Locke Lamora (Gentleman Bastard, #1)",Scott Lynch,73149,https://www.goodreads.com/book/show/29588376-the-lies-of-locke-lamora,https://www.goodreads.com/author/show/73149.Scott_Lynch,https://i.gr-assets.com/images/S/compressed.photo.goodreads.com/books/1458646334i/29588376._SY75_.jpg,4.3,359285,29552,330,6,4.191647341843627,"4,25 a 4,5",Alta
527,17150,My Ántonia,Willa Cather,881203,https://www.goodreads.com/book/show/17150.My_ntonia,https://www.goodreads.com/author/show/881203.Willa_Cather,https://i.gr-assets.com/images/S/compressed.photo.goodreads.com/books/1389151307i/17150._SY75_.jpg,3.85,152158,29504,403,6,4.02429208409378,"3,5 a 4,0",Alta
528,58724923,Hidden Pictures,Jason Rekulak,173181,https://www.goodreads.com/book/show/58724923-hidden-pictures,https://www.goodreads.com/author/show/173181.Jason_Rekulak,https://i.gr-assets.com/images/S/compressed.photo.goodreads.com/books/1635260162i/58724923._SY75_.jpg,4.13,690089,29417,314,6,4.116292257897523,"4,0 a 4,25",Muito alta
529,28862,The Prince,Niccolò Machiavelli,16201,https://www.goodreads.com/book/show/28862.The_Prince,https://www.goodreads.com/author/show/16201.Niccol_Machiavelli,https://i.gr-assets.com/images/S/compressed.photo.goodreads.com/books/1390055828i/28862._SY75_.jpg,3.84,400380,29168,406,6,3.9645709549058497,"3,5 a 4,0",Muito alta
530,13497,"A Feast for Crows (A Song of Ice and Fire, #4)",George R.R. Martin,346732,https://www.goodreads.com/book/show/13497.A_Feast_for_Crows,https://www.goodreads.com/author/show/346732.George_R_R_Martin,https://i.gr-assets.com/images/S/compressed.photo.goodreads.com/books/1661026821i/13497._SY75_.jpg,4.18,812565,29113,380,6,4.151441403251745,"4,0 a 4,25",Muito alta
531,251688,Breakfast at Tiffany’s and Three Stories,Truman Capote,431149,https://www.goodreads.com/book/show/251688.Breakfast_at_Tiffany_s_and_Three_Stories,https://www.goodreads.com/author/show/431149.Truman_Capote,https://i.gr-assets.com/images/S/compressed.photo.goodreads.com/books/1739711613i/251688._SY75_.jpg,3.85,257043,29078,408,6,3.996086629132168,"3,5 a 4,0",Alta
532,5211,A Fine Balance,Rohinton Mistry,3539,https://www.goodreads.com/book/show/5211.A_Fine_Balance,https://www.goodreads.com/author/show/3539.Rohinton_Mistry,https://i.gr-assets.com/images/S/compressed.photo.goodreads.com/books/1551173390i/5211._SY75_.jpg,4.38,164915,28758,344,6,4.177497402449569,"4,25 a 4,5",Alta
533,4980,Breakfast of Champions,Kurt Vonnegut Jr.,2778055,https://www.goodreads.com/book/show/4980.Breakfast_of_Champions,https://www.goodreads.com/author/show/2778055.Kurt_Vonnegut_Jr_,https://i.gr-assets.com/images/S/compressed.photo.goodreads.com/books/1327934446i/4980._SY75_.jpg,4.06,286138,28700,367,6,4.078539440022888,"4,0 a 4,25",Alta
534,41637836,"The Subtle Knife (His Dark Materials, #2)",Philip Pullman,3618,https://www.goodreads.com/book/show/41637836-the-subtle-knife,https://www.goodreads.com/author/show/3618.Philip_Pullman,https://i.gr-assets.com/images/S/compressed.photo.goodreads.com/books/1535965085i/41637836._SY75_.jpg,4.15,468081,28634,383,6,4.123646393008069,"4,0 a 4,25",Muito alta
535,22463,The Origin of Species,Charles Darwin,12793,https://www.goodreads.com/book/show/22463.The_Origin_of_Species,https://www.goodreads.com/author/show/12793.Charles_Darwin,https://i.gr-assets.com/images/S/compressed.photo.goodreads.com/books/1298417570i/22463._SY75_.jpg,4.01,124550,28623,393,6,4.072271875558236,"4,0 a 4,25",Média
536,43448,"Flowers in the Attic (Dollanganger, #1)",V.C. Andrews,1353301,https://www.goodreads.com/book/show/43448.Flowers_in_the_Attic,https://www.goodreads.com/author/show/1353301.V_C_Andrews,https://i.gr-assets.com/images/S/compressed.photo.goodreads.com/books/1327880853l/43448._SX50_SY75_.jpg,3.86,246476,28593,379,6,4.002373845776082,"3,5 a 4,0",Alta
537,8664353,"Unbroken: A World War II Story of Survival, Resilience and Redemption",Laura Hillenbrand,30913,https://www.goodreads.com/book/show/8664353-unbroken,https://www.goodreads.com/author/show/30913.Laura_Hillenbrand,https://i.gr-assets.com/images/S/compressed.photo.goodreads.com/books/1327861115i/8664353._SY75_.jpg,4.39,1017478,28582,346,6,4.307290357181055,"4,25 a 4,5",Muito alta
538,6759,Infinite Jest,David Foster Wallace,4339,https://www.goodreads.com/book/show/6759.Infinite_Jest,https://www.goodreads.com/author/show/4339.David_Foster_Wallace,https://i.gr-assets.com/images/S/compressed.photo.goodreads.com/books/1446876799i/6759._SY75_.jpg,4.25,105817,28494,312,6,4.125728787055284,"4,0 a 4,25",Média
539,10592,Carrie,Stephen  King,3389,https://www.goodreads.com/book/show/10592.Carrie,https://www.goodreads.com/author/show/3389.Stephen_King,https://i.gr-assets.com/images/S/compressed.photo.goodreads.com/books/1771367607i/10592._SY75_.jpg,3.99,882747,28400,401,6,4.021347180886898,"3,5 a 4,0",Muito alta
540,1656001,The Host,Stephenie Meyer,941441,https://www.goodreads.com/book/show/1656001.The_Host,https://www.goodreads.com/author/show/941441.Stephenie_Meyer,https://i.gr-assets.com/images/S/compressed.photo.goodreads.com/books/1318009171i/1656001._SY75_.jpg,3.87,1058585,28389,352,6,3.9299176733657397,"3,5 a 4,0",Muito alta
541,15717943,"Hopeless (Hopeless, #1)",Colleen Hoover,5430144,https://www.goodreads.com/book/show/15717943-hopeless,https://www.goodreads.com/author/show/5430144.Colleen_Hoover,https://i.gr-assets.com/images/S/compressed.photo.goodreads.com/books/1353489892i/15717943._SY75_.jpg,4.22,703258,28226,318,6,4.174294167503435,"4,0 a 4,25",Muito alta
542,8490112,"Daughter of Smoke & Bone (Daughter of Smoke & Bone, #1)",Laini Taylor,324620,https://www.goodreads.com/book/show/8490112-daughter-of-smoke-bone,https://www.goodreads.com/author/show/324620.Laini_Taylor,https://i.gr-assets.com/images/S/compressed.photo.goodreads.com/books/1461353773i/8490112._SY75_.jpg,3.99,388512,27863,331,6,4.041220215808831,"3,5 a 4,0",Alta
543,12898,Death of a Salesman,Arthur Miller,8120,https://www.goodreads.com/book/show/12898.Death_of_a_Salesman,https://www.goodreads.com/author/show/8120.Arthur_Miller,https://i.gr-assets.com/images/S/compressed.photo.goodreads.com/books/1554514105i/12898._SY75_.jpg,3.6,266679,27583,423,6,3.8925876832658126,"3,5 a 4,0",Alta
544,19302,"Pippi Longstocking (Pippi Långstrump, #1)",Astrid Lindgren,410653,https://www.goodreads.com/book/show/19302.Pippi_Longstocking,https://www.goodreads.com/author/show/410653.Astrid_Lindgren,https://i.gr-assets.com/images/S/compressed.photo.goodreads.com/books/1519300455i/19302._SX50_.jpg,4.15,212366,27428,402,6,4.112478858156084,"4,0 a 4,25",Alta
545,23766634,"A Court of Wings and Ruin (A Court of Thorns and Roses, #3)",Sarah J. Maas,3433047,https://www.goodreads.com/book/show/23766634-a-court-of-wings-and-ruin,https://www.goodreads.com/author/show/3433047.Sarah_J_Maas,https://i.gr-assets.com/images/S/compressed.photo.goodreads.com/books/1555221560i/23766634._SY75_.jpg,4.46,2940655,27426,319,6,4.416816189998862,"4,25 a 4,5",Muito alta
546,26032887,"The Wicked King (The Folk of the Air, #2)",Holly Black,25422,https://www.goodreads.com/book/show/26032887-the-wicked-king,https://www.goodreads.com/author/show/25422.Holly_Black,https://i.gr-assets.com/images/S/compressed.photo.goodreads.com/books/1520620414i/26032887._SY75_.jpg,4.27,1157172,27420,314,6,4.225064377504254,"4,25 a 4,5",Muito alta
547,13214,"I Know Why the Caged Bird Sings (Maya Angelou's Autobiography, #1)",Maya Angelou,3503,https://www.goodreads.com/book/show/13214.I_Know_Why_the_Caged_Bird_Sings,https://www.goodreads.com/author/show/3503.Maya_Angelou,https://i.gr-assets.com/images/S/compressed.photo.goodreads.com/books/1327957927i/13214._SY75_.jpg,4.3,597839,27382,383,6,4.217784912676685,"4,25 a 4,5",Muito alta
548,17333223,The Goldfinch,Donna Tartt,8719,https://www.goodreads.com/book/show/17333223-the-goldfinch,https://www.goodreads.com/author/show/8719.Donna_Tartt,https://i.gr-assets.com/images/S/compressed.photo.goodreads.com/books/1378710146i/17333223._SY75_.jpg,3.97,1082510,27199,315,6,4.002405553507987,"3,5 a 4,0",Muito alta
549,1617,Night,Elie Wiesel,1049,https://www.goodreads.com/book/show/1617.Night,https://www.goodreads.com/author/show/1049.Elie_Wiesel,https://i.gr-assets.com/images/S/compressed.photo.goodreads.com/books/1709507006i/1617._SY75_.jpg,4.38,1401954,27182,339,6,4.317206691837958,"4,25 a 4,5",Muito alta
550,50398,Northanger Abbey,Jane Austen,1265,https://www.goodreads.com/book/show/50398.Northanger_Abbey,https://www.goodreads.com/author/show/1265.Jane_Austen,https://i.gr-assets.com/images/S/compressed.photo.goodreads.com/books/1388201718i/50398._SY75_.jpg,3.85,471331,27050,392,6,3.9597877132332675,"3,5 a 4,0",Muito alta
551,3975774,"Evermore (The Immortals, #1)",Alyson Noel,200317,https://www.goodreads.com/book/show/3975774-evermore,https://www.goodreads.com/author/show/200317.Alyson_Noel,https://i.gr-assets.com/images/S/compressed.photo.goodreads.com/books/1362336360i/3975774._SY75_.jpg,3.6,300333,27037,328,6,3.8783462165714813,"3,5 a 4,0",Alta
552,89717,The Haunting of Hill House,Shirley Jackson,13388,https://www.goodreads.com/book/show/89717.The_Haunting_of_Hill_House,https://www.goodreads.com/author/show/13388.Shirley_Jackson,https://i.gr-assets.com/images/S/compressed.photo.goodreads.com/books/1327871336i/89717._SY75_.jpg,3.81,423149,27036,336,6,3.9454966996698415,"3,5 a 4,0",Muito alta
553,40873273,Snow Flower and the Secret Fan,Lisa See,713,https://www.goodreads.com/book/show/40873273-snow-flower-and-the-secret-fan,https://www.goodreads.com/author/show/713.Lisa_See,https://i.gr-assets.com/images/S/compressed.photo.goodreads.com/books/1532005164i/40873273._SY75_.jpg,4.09,392903,26846,342,6,4.091049554787328,"4,0 a 4,25",Muito alta
554,136116,The Scarlet Pimpernel,Emmuska Orczy,2893961,https://www.goodreads.com/book/show/136116.The_Scarlet_Pimpernel,https://www.goodreads.com/author/show/2893961.Emmuska_Orczy,https://i.gr-assets.com/images/S/compressed.photo.goodreads.com/books/1406764899i/136116._SX50_.jpg,4.07,144130,26768,347,6,4.086151485929608,"4,0 a 4,25",Média
555,397483,"The Devil in the White City: Murder, Magic, and Madness at the Fair That Changed America",Erik Larson,5869,https://www.goodreads.com/book/show/397483.The_Devil_in_the_White_City,https://www.goodreads.com/author/show/5869.Erik_Larson,https://i.gr-assets.com/images/S/compressed.photo.goodreads.com/books/1583433024i/397483._SY75_.jpg,4.0,782288,26698,352,6,4.030698023445741,"3,5 a 4,0",Muito alta
556,40097951,The Silent Patient,Alex Michaelides,17621440,https://www.goodreads.com/book/show/40097951-the-silent-patient,https://www.goodreads.com/author/show/17621440.Alex_Michaelides,https://i.gr-assets.com/images/S/compressed.photo.goodreads.com/books/1668782119i/40097951._SY75_.jpg,4.16,3605811,26689,310,6,4.15335663303816,"4,0 a 4,25",Muito alta
557,249747,"Artemis Fowl (Artemis Fowl, #1)",Eoin Colfer,10896,https://www.goodreads.com/book/show/249747.Artemis_Fowl,https://www.goodreads.com/author/show/10896.Eoin_Colfer,https://i.gr-assets.com/images/S/compressed.photo.goodreads.com/books/1630661894i/249747._SX50_.jpg,3.86,566309,26597,346,6,3.9548113413560153,"3,5 a 4,0",Muito alta
558,14201,Jonathan Strange & Mr Norrell,Susanna Clarke,8842,https://www.goodreads.com/book/show/14201.Jonathan_Strange_Mr_Norrell,https://www.goodreads.com/author/show/8842.Susanna_Clarke,https://i.gr-assets.com/images/S/compressed.photo.goodreads.com/books/1743119988i/14201._SY75_.jpg,3.88,262629,26590,329,6,4.006890858516337,"3,5 a 4,0",Alta
559,14706,"Faust, First Part",Johann Wolfgang von Goethe,285217,https://www.goodreads.com/book/show/14706.Faust_First_Part,https://www.goodreads.com/author/show/285217.Johann_Wolfgang_von_Goethe,https://i.gr-assets.com/images/S/compressed.photo.goodreads.com/books/1435405022i/14706._SY75_.jpg,3.83,88311,26520,356,6,4.0438205943218675,"3,5 a 4,0",Média
559,6969,Emma,Jane Austen,1265,https://www.goodreads.com/book/show/6969.Emma,https://www.goodreads.com/author/show/1265.Jane_Austen,https://i.gr-assets.com/images/S/compressed.photo.goodreads.com/books/1373627931i/6969._SY75_.jpg,4.05,1022233,26520,350,6,4.0616506783423,"4,0 a 4,25",Muito alta
561,17675462,"The Raven Boys (The Raven Cycle, #1)",Maggie Stiefvater,1330292,https://www.goodreads.com/book/show/17675462-the-raven-boys,https://www.goodreads.com/author/show/1330292.Maggie_Stiefvater,https://i.gr-assets.com/images/S/compressed.photo.goodreads.com/books/1573508485i/17675462._SY75_.jpg,4.05,411027,26426,304,6,4.070528493706737,"4,0 a 4,25",Muito alta
562,26032912,"The Queen of Nothing (The Folk of the Air, #3)",Holly Black,25422,https://www.goodreads.com/book/show/26032912-the-queen-of-nothing,https://www.goodreads.com/author/show/25422.Holly_Black,https://i.gr-assets.com/images/S/compressed.photo.goodreads.com/books/1553624975i/26032912._SX50_.jpg,4.33,1043501,26406,304,6,4.265147267764977,"4,25 a 4,5",Muito alta
563,17716,Waiting for Godot,Samuel Beckett,1433597,https://www.goodreads.com/book/show/17716.Waiting_for_Godot,https://www.goodreads.com/author/show/1433597.Samuel_Beckett,https://i.gr-assets.com/images/S/compressed.photo.goodreads.com/books/1327910301i/17716._SY75_.jpg,3.84,228649,26313,349,6,3.999090347684615,"3,5 a 4,0",Alta
564,7735333,"Matched (Matched, #1)",Ally Condie,1304470,https://www.goodreads.com/book/show/7735333-matched,https://www.goodreads.com/author/show/1304470.Ally_Condie,https://i.gr-assets.com/images/S/compressed.photo.goodreads.com/books/1367706191i/7735333._SY75_.jpg,3.62,821432,26091,325,6,3.7722712123216846,"3,5 a 4,0",Muito alta
565,33124137,Pet Sematary,Stephen  King,3389,https://www.goodreads.com/book/show/33124137-pet-sematary,https://www.goodreads.com/author/show/3389.Stephen_King,https://i.gr-assets.com/images/S/compressed.photo.goodreads.com/books/1480069533i/33124137._SY75_.jpg,4.09,732339,26082,351,6,4.090732436738805,"4,0 a 4,25",Muito alta
566,59716,To the Lighthouse,Virginia Woolf,6765,https://www.goodreads.com/book/show/59716.To_the_Lighthouse,https://www.goodreads.com/author/show/6765.Virginia_Woolf,https://i.gr-assets.com/images/S/compressed.photo.goodreads.com/books/1639106809i/59716._SY75_.jpg,3.81,225872,25888,346,6,3.988823165790249,"3,5 a 4,0",Alta
567,13152,"The Angel Experiment (Maximum Ride, #1)",James  Patterson,3780,https://www.goodreads.com/book/show/13152.The_Angel_Experiment,https://www.goodreads.com/author/show/3780.James_Patterson,https://i.gr-assets.com/images/S/compressed.photo.goodreads.com/books/1339277875i/13152._SY75_.jpg,4.07,235069,25882,318,6,4.083805721232022,"4,0 a 4,25",Alta
568,18045891,Sharp Objects,Gillian Flynn,2383,https://www.goodreads.com/book/show/18045891-sharp-objects,https://www.goodreads.com/author/show/2383.Gillian_Flynn,https://i.gr-assets.com/images/S/compressed.photo.goodreads.com/books/1475695315i/18045891._SY75_.jpg,4.0,1280025,25815,297,6,4.021554651103319,"3,5 a 4,0",Muito alta
569,6936382,"Anna and the French Kiss (Anna and the French Kiss, #1)",Stephanie Perkins,3095893,https://www.goodreads.com/book/show/6936382-anna-and-the-french-kiss,https://www.goodreads.com/author/show/3095893.Stephanie_Perkins,https://i.gr-assets.com/images/S/compressed.photo.goodreads.com/books/1358271931i/6936382._SY75_.jpg,3.95,467398,25731,302,6,4.014735602247581,"3,5 a 4,0",Muito alta
570,838729,"The Return of the King (The Lord of the Rings, #3)",J.R.R. Tolkien,656983,https://www.goodreads.com/book/show/838729.The_Return_of_the_King,https://www.goodreads.com/author/show/656983.J_R_R_Tolkien,https://i.gr-assets.com/images/S/compressed.photo.goodreads.com/books/1574117762i/838729._SY75_.jpg,4.59,1088469,25571,350,6,4.458394056298546,"Acima de 4,5",Muito alta
571,33600,Shantaram,Gregory David Roberts,18907,https://www.goodreads.com/book/show/33600.Shantaram,https://www.goodreads.com/author/show/18907.Gregory_David_Roberts,https://i.gr-assets.com/images/S/compressed.photo.goodreads.com/books/1333482282i/33600._SY75_.jpg,4.28,248060,25532,291,6,4.16502922305924,"4,25 a 4,5",Alta
572,5326,A Christmas Carol,Charles Dickens,239579,https://www.goodreads.com/book/show/5326.A_Christmas_Carol,https://www.goodreads.com/author/show/239579.Charles_Dickens,https://i.gr-assets.com/images/S/compressed.photo.goodreads.com/books/1406512317i/5326._SY75_.jpg,4.09,962946,25476,366,6,4.090607693975027,"4,0 a 4,25",Muito alta
573,140225,"The Voyage of the Dawn Treader (Chronicles of Narnia, #3)",C.S. Lewis,1069006,https://www.goodreads.com/book/show/140225.The_Voyage_of_the_Dawn_Treader,https://www.goodreads.com/author/show/1069006.C_S_Lewis,https://i.gr-assets.com/images/S/compressed.photo.goodreads.com/books/1661032500i/140225._SX50_.jpg,4.09,519938,25467,367,6,4.0909032019351965,"4,0 a 4,25",Muito alta
574,77197,"Assassin's Apprentice (Farseer Trilogy, #1)",Robin Hobb,25307,https://www.goodreads.com/book/show/77197.Assassin_s_Apprentice,https://www.goodreads.com/author/show/25307.Robin_Hobb,https://i.gr-assets.com/images/S/compressed.photo.goodreads.com/books/1673728072i/77197._SY75_.jpg,4.2,445008,25408,295,6,4.149531615391308,"4,0 a 4,25",Muito alta
575,7354,The Shipping News,Annie Proulx,1262010,https://www.goodreads.com/book/show/7354.The_Shipping_News,https://www.goodreads.com/author/show/1262010.Annie_Proulx,https://i.gr-assets.com/images/S/compressed.photo.goodreads.com/books/1554192241i/7354._SY75_.jpg,3.88,155413,25292,346,6,4.031785434687953,"3,5 a 4,0",Alta
576,57361474,Local Woman Missing,Mary Kubica,7392948,https://www.goodreads.com/book/show/57361474-local-woman-missing,https://www.goodreads.com/author/show/7392948.Mary_Kubica,https://i.gr-assets.com/images/S/compressed.photo.goodreads.com/books/1629480107i/57361474._SX50_.jpg,4.11,846017,25281,269,6,4.104342580364406,"4,0 a 4,25",Muito alta
577,3950967,"The Tales of Beedle the Bard (Hogwarts Library, #3)",J.K. Rowling,1077326,https://www.goodreads.com/book/show/3950967-the-tales-of-beedle-the-bard,https://www.goodreads.com/author/show/1077326.J_K_Rowling,https://i.gr-assets.com/images/S/compressed.photo.goodreads.com/books/1630876355i/3950967._SX50_.jpg,4.03,517636,25237,363,6,4.056727447136856,"4,0 a 4,25",Muito alta
578,14866,Nineteen Minutes,Jodi Picoult,7128,https://www.goodreads.com/book/show/14866.Nineteen_Minutes,https://www.goodreads.com/author/show/7128.Jodi_Picoult,https://i.gr-assets.com/images/S/compressed.photo.goodreads.com/books/1348577596i/14866._SY75_.jpg,4.18,437413,25202,315,6,4.138509724904985,"4,0 a 4,25",Muito alta
579,285092,High Fidelity,Nick Hornby,2929,https://www.goodreads.com/book/show/285092.High_Fidelity,https://www.goodreads.com/author/show/2929.Nick_Hornby,https://i.gr-assets.com/images/S/compressed.photo.goodreads.com/books/1327928082i/285092._SY75_.jpg,3.89,219637,25181,315,6,4.019419824293628,"3,5 a 4,0",Alta
580,10664113,"A Dance with Dragons (A Song of Ice and Fire, #5)",George R.R. Martin,346732,https://www.goodreads.com/book/show/10664113-a-dance-with-dragons,https://www.goodreads.com/author/show/346732.George_R_R_Martin,https://i.gr-assets.com/images/S/compressed.photo.goodreads.com/books/1753059444i/10664113._SY75_.jpg,4.35,755653,25031,330,6,4.26204744684457,"4,25 a 4,5",Muito alta
581,6088007,"Neuromancer (Sprawl, #1)",William Gibson,9226,https://www.goodreads.com/book/show/6088007-neuromancer,https://www.goodreads.com/author/show/9226.William_Gibson,https://i.gr-assets.com/images/S/compressed.photo.goodreads.com/books/1752514552i/6088007._SY75_.jpg,3.89,379235,25020,311,6,3.9926059559317073,"3,5 a 4,0",Alta
582,11422,Redeeming Love,Francine Rivers,6492,https://www.goodreads.com/book/show/11422.Redeeming_Love,https://www.goodreads.com/author/show/6492.Francine_Rivers,https://i.gr-assets.com/images/S/compressed.photo.goodreads.com/books/1550053167i/11422._SX50_.jpg,4.51,387911,24953,283,6,4.30020178185199,"Acima de 4,5",Alta
583,187181,"The Chosen (Reuven Malter, #1)",Chaim Potok,7385,https://www.goodreads.com/book/show/187181.The_Chosen,https://www.goodreads.com/author/show/7385.Chaim_Potok,https://i.gr-assets.com/images/S/compressed.photo.goodreads.com/books/1403191327i/187181._SY75_.jpg,4.08,100122,24858,337,6,4.089636838144737,"4,0 a 4,25",Média
584,101299,The Reader,Bernhard Schlink,2894,https://www.goodreads.com/book/show/101299.The_Reader,https://www.goodreads.com/author/show/2894.Bernhard_Schlink,https://i.gr-assets.com/images/S/compressed.photo.goodreads.com/books/1735039201i/101299._SY75_.jpg,3.79,237936,24667,346,6,3.9778281602167196,"3,5 a 4,0",Alta
585,41804,"I, Robot (Robot, #0.1)",Isaac Asimov,16667,https://www.goodreads.com/book/show/41804.I_Robot,https://www.goodreads.com/author/show/16667.Isaac_Asimov,https://i.gr-assets.com/images/S/compressed.photo.goodreads.com/books/1609035271i/41804._SY75_.jpg,4.21,390106,24627,341,6,4.150978445804412,"4,0 a 4,25",Alta
586,6411961,"The Lost Symbol (Robert Langdon, #3)",Dan    Brown,630,https://www.goodreads.com/book/show/6411961-the-lost-symbol,https://www.goodreads.com/author/show/630.Dan_Brown,https://i.gr-assets.com/images/S/compressed.photo.goodreads.com/books/1534070883i/6411961._SY75_.jpg,3.77,673522,24581,319,6,3.8883245805987254,"3,5 a 4,0",Muito alta
587,11324204,Houdini Heart,Ki Longfellow,286014,https://www.goodreads.com/book/show/11324204-houdini-heart,https://www.goodreads.com/author/show/286014.Ki_Longfellow,https://i.gr-assets.com/images/S/compressed.photo.goodreads.com/books/1510418043i/11324204._SY75_.jpg,3.84,5455,24357,253,6,4.0886358957496265,"3,5 a 4,0",Baixa
588,8667848,"A Discovery of Witches (All Souls, #1)",Deborah Harkness,3849415,https://www.goodreads.com/book/show/8667848-a-discovery-of-witches,https://www.goodreads.com/author/show/3849415.Deborah_Harkness,https://i.gr-assets.com/images/S/compressed.photo.goodreads.com/books/1525097370i/8667848._SY75_.jpg,4.02,570299,23984,284,6,4.049331267272896,"4,0 a 4,25",Muito alta
589,54493401,Project Hail Mary,Andy Weir,6540057,https://www.goodreads.com/book/show/54493401-project-hail-mary,https://www.goodreads.com/author/show/6540057.Andy_Weir,https://i.gr-assets.com/images/S/compressed.photo.goodreads.com/books/1764703833i/54493401._SY75_.jpg,4.51,1859541,23801,263,6,4.437384030167664,"Acima de 4,5",Muito alta
590,78411,"The Bad Beginning (A Series of Unfortunate Events, #1)",Lemony Snicket,36746,https://www.goodreads.com/book/show/78411.The_Bad_Beginning,https://www.goodreads.com/author/show/36746.Lemony_Snicket,https://i.gr-assets.com/images/S/compressed.photo.goodreads.com/books/1436737029i/78411._SX50_.jpg,4.03,586191,23710,314,6,4.0548525334923475,"4,0 a 4,25",Muito alta
591,960,"Angels & Demons (Robert Langdon, #1)",Dan    Brown,630,https://www.goodreads.com/book/show/960.Angels_Demons,https://www.goodreads.com/author/show/630.Dan_Brown,https://i.gr-assets.com/images/S/compressed.photo.goodreads.com/books/1696691404i/960._SY75_.jpg,3.96,3459032,23646,309,6,3.973418654141492,"3,5 a 4,0",Muito alta
592,53835,The Age of Innocence,Edith Wharton,16,https://www.goodreads.com/book/show/53835.The_Age_of_Innocence,https://www.goodreads.com/author/show/16.Edith_Wharton,https://i.gr-assets.com/images/S/compressed.photo.goodreads.com/books/1388248423i/53835._SY75_.jpg,3.98,204041,23402,327,6,4.053668482790286,"3,5 a 4,0",Alta
593,11012,Dubliners,James Joyce,5144,https://www.goodreads.com/book/show/11012.Dubliners,https://www.goodreads.com/author/show/5144.James_Joyce,https://i.gr-assets.com/images/S/compressed.photo.goodreads.com/books/1756682305i/11012._SY75_.jpg,3.83,185542,23274,326,6,4.007765842395223,"3,5 a 4,0",Alta
594,14935,Sense and Sensibility,Jane Austen,1265,https://www.goodreads.com/book/show/14935.Sense_and_Sensibility,https://www.goodreads.com/author/show/1265.Jane_Austen,https://i.gr-assets.com/images/S/compressed.photo.goodreads.com/books/1397245675i/14935._SY75_.jpg,4.09,1337772,23220,325,6,4.090475942151811,"4,0 a 4,25",Muito alta
595,30289,The Republic,Plato,879,https://www.goodreads.com/book/show/30289.The_Republic,https://www.goodreads.com/author/show/879.Plato,https://i.gr-assets.com/images/S/compressed.photo.goodreads.com/books/1386925655i/30289._SY75_.jpg,3.97,232821,23128,340,6,4.0465385317447815,"3,5 a 4,0",Alta
596,34080,The Waste Land,T.S. Eliot,18540,https://www.goodreads.com/book/show/34080.The_Waste_Land,https://www.goodreads.com/author/show/18540.T_S_Eliot,https://i.gr-assets.com/images/S/compressed.photo.goodreads.com/books/1597549396i/34080._SY75_.jpg,4.11,60983,23027,324,6,4.094518154570014,"4,0 a 4,25",Média
597,35068705,"The Poppy War (The Poppy War, #1)",R.F. Kuang,16820001,https://www.goodreads.com/book/show/35068705-the-poppy-war,https://www.goodreads.com/author/show/16820001.R_F_Kuang,https://i.gr-assets.com/images/S/compressed.photo.goodreads.com/books/1515691735i/35068705._SY75_.jpg,4.15,548975,22921,252,6,4.125914182640764,"4,0 a 4,25",Muito alta
598,222910,"The Two Towers (The Lord of the Rings, #2)",J.R.R. Tolkien,656983,https://www.goodreads.com/book/show/222910.The_Two_Towers,https://www.goodreads.com/author/show/656983.J_R_R_Tolkien,https://i.gr-assets.com/images/S/compressed.photo.goodreads.com/books/1486871714i/222910._SY75_.jpg,4.51,1178986,22875,322,6,4.405908195557927,"Acima de 4,5",Muito alta
599,53138095,"A ​Court of Silver Flames (A Court of Thorns and Roses, #5)",Sarah J. Maas,3433047,https://www.goodreads.com/book/show/53138095-a-court-of-silver-flames,https://www.goodreads.com/author/show/3433047.Sarah_J_Maas,https://i.gr-assets.com/images/S/compressed.photo.goodreads.com/books/1734440950i/53138095._SY75_.jpg,4.45,2288762,22843,259,6,4.3977707279272265,"4,25 a 4,5",Muito alta
600,3777732,"City of Glass (The Mortal Instruments, #3)",Cassandra Clare,150038,https://www.goodreads.com/book/show/3777732-city-of-glass,https://www.goodreads.com/author/show/150038.Cassandra_Clare,https://i.gr-assets.com/images/S/compressed.photo.goodreads.com/books/1369452339i/3777732._SY75_.jpg,4.27,1029126,22683,302,6,4.221012976735957,"4,25 a 4,5",Muito alta
601,10987,"Voyager (Outlander, #3)",Diana Gabaldon,3617,https://www.goodreads.com/book/show/10987.Voyager,https://www.goodreads.com/author/show/3617.Diana_Gabaldon,https://i.gr-assets.com/images/S/compressed.photo.goodreads.com/books/1483278195i/10987._SY75_.jpg,4.39,337860,22522,290,7,4.230177145944989,"4,25 a 4,5",Alta
602,17332218,"Words of Radiance (The Stormlight Archive, #2)",Brandon Sanderson,38550,https://www.goodreads.com/book/show/17332218-words-of-radiance,https://www.goodreads.com/author/show/38550.Brandon_Sanderson,https://i.gr-assets.com/images/S/compressed.photo.goodreads.com/books/1728768241i/17332218._SY75_.jpg,4.76,530916,22515,243,7,4.476700445416972,"Acima de 4,5",Muito alta
603,52578297,"The Midnight Library (The Midnight World, #1)",Matt Haig,76360,https://www.goodreads.com/book/show/52578297-the-midnight-library,https://www.goodreads.com/author/show/76360.Matt_Haig,https://i.gr-assets.com/images/S/compressed.photo.goodreads.com/books/1602190253i/52578297._SY75_.jpg,3.97,2670256,22479,256,7,3.9855985857805423,"3,5 a 4,0",Muito alta
604,16248068,"The Elite (The Selection, #2)",Kiera Cass,2987125,https://www.goodreads.com/book/show/16248068-the-elite,https://www.goodreads.com/author/show/2987125.Kiera_Cass,https://i.gr-assets.com/images/S/compressed.photo.goodreads.com/books/1391454595i/16248068._SY75_.jpg,3.94,896662,22472,282,7,3.9861931906803596,"3,5 a 4,0",Muito alta
605,13104080,"Unravel Me (Shatter Me, #2)",Tahereh Mafi,4637539,https://www.goodreads.com/book/show/13104080-unravel-me,https://www.goodreads.com/author/show/4637539.Tahereh_Mafi,https://i.gr-assets.com/images/S/compressed.photo.goodreads.com/books/1340287622i/13104080._SY75_.jpg,4.09,820070,22334,266,7,4.09067938190023,"4,0 a 4,25",Muito alta
606,690926,The Twilight Collection,Stephenie Meyer,941441,https://www.goodreads.com/book/show/690926.The_Twilight_Collection,https://www.goodreads.com/author/show/941441.Stephenie_Meyer,https://i.gr-assets.com/images/S/compressed.photo.goodreads.com/books/1388187657i/690926._SX50_.jpg,3.82,47641,22295,287,7,4.062556099391015,"3,5 a 4,0",Baixa
607,41681,The Jungle,Upton Sinclair,23510,https://www.goodreads.com/book/show/41681.The_Jungle,https://www.goodreads.com/author/show/23510.Upton_Sinclair,https://i.gr-assets.com/images/S/compressed.photo.goodreads.com/books/1332140681i/41681._SY75_.jpg,3.79,157919,22216,309,7,4.005204212566582,"3,5 a 4,0",Alta
608,8852,Macbeth,William Shakespeare,947,https://www.goodreads.com/book/show/8852.Macbeth,https://www.goodreads.com/author/show/947.William_Shakespeare,https://i.gr-assets.com/images/S/compressed.photo.goodreads.com/books/1459795224i/8852._SY75_.jpg,3.89,1054755,22204,302,7,3.9446666410053837,"3,5 a 4,0",Muito alta
609,75513900,"Powerless (The Powerless Trilogy, #1)",Lauren  Roberts,21728475,https://www.goodreads.com/book/show/75513900-powerless,https://www.goodreads.com/author/show/21728475.Lauren_Roberts,https://i.gr-assets.com/images/S/compressed.photo.goodreads.com/books/1672676191i/75513900._SX50_.jpg,4.13,1095981,22098,236,7,4.120033772234407,"4,0 a 4,25",Muito alta
610,4137,Me Talk Pretty One Day,David Sedaris,2849,https://www.goodreads.com/book/show/4137.Me_Talk_Pretty_One_Day,https://www.goodreads.com/author/show/2849.David_Sedaris,https://i.gr-assets.com/images/S/compressed.photo.goodreads.com/books/1431013639i/4137._SY75_.jpg,4.01,730190,22089,299,7,4.038636521462813,"4,0 a 4,25",Muito alta
611,5308,The Pearl,John Steinbeck,585,https://www.goodreads.com/book/show/5308.The_Pearl,https://www.goodreads.com/author/show/585.John_Steinbeck,https://i.gr-assets.com/images/S/compressed.photo.goodreads.com/books/1437234939i/5308._SY75_.jpg,3.59,290478,21992,344,7,3.878108998524338,"3,5 a 4,0",Alta
612,137791,Divine Secrets of the Ya-Ya Sisterhood,Rebecca Wells,3489,https://www.goodreads.com/book/show/137791.Divine_Secrets_of_the_Ya_Ya_Sisterhood,https://www.goodreads.com/author/show/3489.Rebecca_Wells,https://i.gr-assets.com/images/S/compressed.photo.goodreads.com/books/1408313524i/137791._SY75_.jpg,3.86,571594,21950,323,7,3.954290835402092,"3,5 a 4,0",Muito alta
613,84369,"The Last Battle (Chronicles of Narnia, #7)",C.S. Lewis,1069006,https://www.goodreads.com/book/show/84369.The_Last_Battle,https://www.goodreads.com/author/show/1069006.C_S_Lewis,https://i.gr-assets.com/images/S/compressed.photo.goodreads.com/books/1308814830i/84369._SY75_.jpg,4.01,315076,21907,322,7,4.0554704906495616,"4,0 a 4,25",Alta
614,55710822,"Better Than the Movies (Better Than the Movies, #1)",Lynn Painter,19322026,https://www.goodreads.com/book/show/55710822-better-than-the-movies,https://www.goodreads.com/author/show/19322026.Lynn_Painter,https://i.gr-assets.com/images/S/compressed.photo.goodreads.com/books/1618150545i/55710822._SY75_.jpg,4.25,903081,21853,235,7,4.202285650459071,"4,0 a 4,25",Muito alta
615,11901,"The Witching Hour (Lives of the Mayfair Witches, #1)",Anne Rice,7577,https://www.goodreads.com/book/show/11901.The_Witching_Hour,https://www.goodreads.com/author/show/7577.Anne_Rice,https://i.gr-assets.com/images/S/compressed.photo.goodreads.com/books/1327289387i/11901._SY75_.jpg,4.1,127089,21840,289,7,4.0940406139069285,"4,0 a 4,25",Média
616,676924,"Betrayed (House of Night, #2)",P.C. Cast,17015,https://www.goodreads.com/book/show/676924.Betrayed,https://www.goodreads.com/author/show/17015.P_C_Cast,https://i.gr-assets.com/images/S/compressed.photo.goodreads.com/books/1406941788i/676924._SX50_.jpg,3.92,282365,21785,285,7,4.019943553579482,"3,5 a 4,0",Alta
617,77142,Snow Falling on Cedars,David Guterson,1873,https://www.goodreads.com/book/show/77142.Snow_Falling_on_Cedars,https://www.goodreads.com/author/show/1873.David_Guterson,https://i.gr-assets.com/images/S/compressed.photo.goodreads.com/books/1479863528i/77142._SY75_.jpg,3.86,197130,21783,321,7,4.014317829788048,"3,5 a 4,0",Alta
618,27883214,"Caraval (Caraval, #1)",Stephanie Garber,14137787,https://www.goodreads.com/book/show/27883214-caraval,https://www.goodreads.com/author/show/14137787.Stephanie_Garber,https://i.gr-assets.com/images/S/compressed.photo.goodreads.com/books/1465563623i/27883214._SY75_.jpg,3.97,976626,21629,237,7,4.0049143000851615,"3,5 a 4,0",Muito alta
619,179780,"The Exorcist (The Exorcist, #1)",William Peter Blatty,104728,https://www.goodreads.com/book/show/179780.The_Exorcist,https://www.goodreads.com/author/show/104728.William_Peter_Blatty,https://i.gr-assets.com/images/S/compressed.photo.goodreads.com/books/1731395907i/179780._SY75_.jpg,4.21,282494,21601,316,7,4.141549013525225,"4,0 a 4,25",Alta
620,8908,World War Z: An Oral History of the Zombie War,Max Brooks,5791,https://www.goodreads.com/book/show/8908.World_War_Z,https://www.goodreads.com/author/show/5791.Max_Brooks,https://i.gr-assets.com/images/S/compressed.photo.goodreads.com/books/1528312647i/8908._SX50_.jpg,4.02,580794,21557,275,7,4.049014527229975,"4,0 a 4,25",Muito alta
621,42900,"Lover Awakened (Black Dagger Brotherhood, #3)",J.R. Ward,20248,https://www.goodreads.com/book/show/42900.Lover_Awakened,https://www.goodreads.com/author/show/20248.J_R_Ward,https://i.gr-assets.com/images/S/compressed.photo.goodreads.com/books/1388773547i/42900._SY75_.jpg,4.43,191160,21500,262,7,4.203041270124085,"4,25 a 4,5",Alta
622,2866718,"Untamed (House of Night, #4)",P.C. Cast,17015,https://www.goodreads.com/book/show/2866718-untamed,https://www.goodreads.com/author/show/17015.P_C_Cast,https://i.gr-assets.com/images/S/compressed.photo.goodreads.com/books/1438037020i/2866718._SY75_.jpg,3.94,246955,21481,280,7,4.033231368928778,"3,5 a 4,0",Alta
623,18765,"I, Claudius (Claudius, #1)",Robert Graves,3012988,https://www.goodreads.com/book/show/18765.I_Claudius,https://www.goodreads.com/author/show/3012988.Robert_Graves,https://i.gr-assets.com/images/S/compressed.photo.goodreads.com/books/1657550972i/18765._SY75_.jpg,4.24,75359,21388,291,7,4.115998392928562,"4,0 a 4,25",Média
624,256566,Everything is Illuminated,Jonathan Safran Foer,2617,https://www.goodreads.com/book/show/256566.Everything_is_Illuminated,https://www.goodreads.com/author/show/2617.Jonathan_Safran_Foer,https://i.gr-assets.com/images/S/compressed.photo.goodreads.com/books/1479774440i/256566._SY75_.jpg,3.89,185288,21350,264,7,4.027132667060801,"3,5 a 4,0",Alta
625,3087,A Room with a View,E.M. Forster,86404,https://www.goodreads.com/book/show/3087.A_Room_with_a_View,https://www.goodreads.com/author/show/86404.E_M_Forster,https://i.gr-assets.com/images/S/compressed.photo.goodreads.com/books/1388781285i/3087._SY75_.jpg,3.89,208638,21135,321,7,4.021793417994685,"3,5 a 4,0",Alta
626,8909,The War of the Worlds,H.G. Wells,880695,https://www.goodreads.com/book/show/8909.The_War_of_the_Worlds,https://www.goodreads.com/author/show/880695.H_G_Wells,https://i.gr-assets.com/images/S/compressed.photo.goodreads.com/books/1320391644i/8909._SY75_.jpg,3.83,361523,21108,319,7,3.9661989345628426,"3,5 a 4,0",Alta
627,16101128,"The 5th Wave (The 5th Wave, #1)",Rick Yancey,3377941,https://www.goodreads.com/book/show/16101128-the-5th-wave,https://www.goodreads.com/author/show/3377941.Rick_Yancey,https://i.gr-assets.com/images/S/compressed.photo.goodreads.com/books/1359853842i/16101128._SX50_.jpg,4.0,485423,20924,254,7,4.041095205123765,"3,5 a 4,0",Muito alta
628,40597810,Daisy Jones & The Six,Taylor Jenkins Reid,6572605,https://www.goodreads.com/book/show/40597810-daisy-jones-the-six,https://www.goodreads.com/author/show/6572605.Taylor_Jenkins_Reid,https://i.gr-assets.com/images/S/compressed.photo.goodreads.com/books/1580255154i/40597810._SY75_.jpg,4.19,1948552,20870,233,7,4.173636217649117,"4,0 a 4,25",Muito alta
629,15839976,"Red Rising (Red Rising Saga, #1)",Pierce Brown,6474348,https://www.goodreads.com/book/show/15839976-red-rising,https://www.goodreads.com/author/show/6474348.Pierce_Brown,https://i.gr-assets.com/images/S/compressed.photo.goodreads.com/books/1461354651i/15839976._SY75_.jpg,4.27,975705,20762,235,7,4.2190983125175245,"4,25 a 4,5",Muito alta
630,28260587,"Empire of Storms (Throne of Glass, #5)",Sarah J. Maas,3433047,https://www.goodreads.com/book/show/28260587-empire-of-storms,https://www.goodreads.com/author/show/3433047.Sarah_J_Maas,https://i.gr-assets.com/images/S/compressed.photo.goodreads.com/books/1463107108i/28260587._SY75_.jpg,4.63,1399344,20736,244,7,4.512507895904589,"Acima de 4,5",Muito alta
631,31242,Bleak House,Charles Dickens,239579,https://www.goodreads.com/book/show/31242.Bleak_House,https://www.goodreads.com/author/show/239579.Charles_Dickens,https://i.gr-assets.com/images/S/compressed.photo.goodreads.com/books/1280113147i/31242._SY75_.jpg,4.02,116756,20669,288,7,4.07552667544836,"4,0 a 4,25",Média
632,59344312,Verity,Colleen Hoover,5430144,https://www.goodreads.com/book/show/59344312-verity,https://www.goodreads.com/author/show/5430144.Colleen_Hoover,https://i.gr-assets.com/images/S/compressed.photo.goodreads.com/books/1634158558i/59344312._SY75_.jpg,4.29,4156445,20645,232,7,4.272981225317525,"4,25 a 4,5",Muito alta
633,17788401,Ugly Love,Colleen Hoover,5430144,https://www.goodreads.com/book/show/17788401-ugly-love,https://www.goodreads.com/author/show/5430144.Colleen_Hoover,https://i.gr-assets.com/images/S/compressed.photo.goodreads.com/books/1632597571i/17788401._SY75_.jpg,3.98,2407766,20636,231,7,3.995664207551914,"3,5 a 4,0",Muito alta
634,56732449,The Love Hypothesis,Ali Hazelwood,21098177,https://www.goodreads.com/book/show/56732449-the-love-hypothesis,https://www.goodreads.com/author/show/21098177.Ali_Hazelwood,https://i.gr-assets.com/images/S/compressed.photo.goodreads.com/books/1747519081i/56732449._SY75_.jpg,4.09,2109613,20602,229,7,4.090329042249976,"4,0 a 4,25",Muito alta
635,41057294,Normal People,Sally Rooney,15860970,https://www.goodreads.com/book/show/41057294-normal-people,https://www.goodreads.com/author/show/15860970.Sally_Rooney,https://i.gr-assets.com/images/S/compressed.photo.goodreads.com/books/1571423190i/41057294._SY75_.jpg,3.81,1996134,20559,224,7,3.856215131629025,"3,5 a 4,0",Muito alta
636,10194157,"Shadow and Bone (Shadow and Bone, #1)",Leigh Bardugo,4575289,https://www.goodreads.com/book/show/10194157-shadow-and-bone,https://www.goodreads.com/author/show/4575289.Leigh_Bardugo,https://i.gr-assets.com/images/S/compressed.photo.goodreads.com/books/1339533695i/10194157._SX50_.jpg,3.91,1151990,20542,250,7,3.956153015924902,"3,5 a 4,0",Muito alta
637,5890,The Woman in White,Wilkie Collins,4012,https://www.goodreads.com/book/show/5890.The_Woman_in_White,https://www.goodreads.com/author/show/4012.Wilkie_Collins,https://i.gr-assets.com/images/S/compressed.photo.goodreads.com/books/1295661017i/5890._SY75_.jpg,4.02,171293,20523,295,7,4.070141896555449,"4,0 a 4,25",Alta
638,764347,"Unwind (Unwind, #1)",Neal Shusterman,19564,https://www.goodreads.com/book/show/764347.Unwind,https://www.goodreads.com/author/show/19564.Neal_Shusterman,https://i.gr-assets.com/images/S/compressed.photo.goodreads.com/books/1297677706i/764347._SX50_.jpg,4.17,255322,20472,241,7,4.122872066057887,"4,0 a 4,25",Alta
639,18774964,A Man Called Ove,Fredrik Backman,6485178,https://www.goodreads.com/book/show/18774964-a-man-called-ove,https://www.goodreads.com/author/show/6485178.Fredrik_Backman,https://i.gr-assets.com/images/S/compressed.photo.goodreads.com/books/1405259930i/18774964._SY75_.jpg,4.38,1279395,20412,239,7,4.312599689877569,"4,25 a 4,5",Muito alta
640,156538,North and South,Elizabeth Gaskell,1413437,https://www.goodreads.com/book/show/156538.North_and_South,https://www.goodreads.com/author/show/1413437.Elizabeth_Gaskell,https://i.gr-assets.com/images/S/compressed.photo.goodreads.com/books/1699604581i/156538._SY75_.jpg,4.15,189595,20319,266,7,4.1110074794719775,"4,0 a 4,25",Alta
641,1326258,"Chosen (House of Night, #3)",P.C. Cast,17015,https://www.goodreads.com/book/show/1326258.Chosen,https://www.goodreads.com/author/show/17015.P_C_Cast,https://i.gr-assets.com/images/S/compressed.photo.goodreads.com/books/1393192825i/1326258._SX50_.jpg,3.91,257705,20217,268,7,4.01977024217625,"3,5 a 4,0",Alta
642,14743,The God Delusion: A Study of Religious Belief and Skepticism,Richard Dawkins,1194,https://www.goodreads.com/book/show/14743.The_God_Delusion,https://www.goodreads.com/author/show/1194.Richard_Dawkins,https://i.gr-assets.com/images/S/compressed.photo.goodreads.com/books/1347220693i/14743._SY75_.jpg,3.9,288141,20193,257,7,4.010609202956177,"3,5 a 4,0",Alta
643,36336078,"Call Me By Your Name (Call Me By Your Name, #1)",André Aciman,2922229,https://www.goodreads.com/book/show/36336078-call-me-by-your-name,https://www.goodreads.com/author/show/2922229.Andr_Aciman,https://i.gr-assets.com/images/S/compressed.photo.goodreads.com/books/1519203520i/36336078._SY75_.jpg,4.1,627909,20152,220,7,4.096969573440753,"4,0 a 4,25",Muito alta
644,51335759,"Good Girl, Bad Blood (A Good Girl's Guide to Murder, #2)",Holly  Jackson,18229614,https://www.goodreads.com/book/show/51335759-good-girl-bad-blood,https://www.goodreads.com/author/show/18229614.Holly_Jackson,https://i.gr-assets.com/images/S/compressed.photo.goodreads.com/books/1588319723i/51335759._SY75_.jpg,4.25,846073,20095,222,7,4.2000869749600644,"4,0 a 4,25",Muito alta
645,112204,The Complete Poems of Emily Dickinson,Emily Dickinson,7440,https://www.goodreads.com/book/show/112204.The_Complete_Poems_of_Emily_Dickinson,https://www.goodreads.com/author/show/7440.Emily_Dickinson,https://i.gr-assets.com/images/S/compressed.photo.goodreads.com/books/1549999503i/112204._SY75_.jpg,4.29,107735,20090,314,7,4.134845885275274,"4,25 a 4,5",Média
646,30933,Brideshead Revisited,Evelyn Waugh,11315,https://www.goodreads.com/book/show/30933.Brideshead_Revisited,https://www.goodreads.com/author/show/11315.Evelyn_Waugh,https://i.gr-assets.com/images/S/compressed.photo.goodreads.com/books/1753925707i/30933._SY75_.jpg,4.0,131548,20074,272,7,4.068921010177875,"3,5 a 4,0",Média
647,40495957,"Heartstopper: Volume One (Heartstopper, #1)",Alice Oseman,7789423,https://www.goodreads.com/book/show/40495957-heartstopper,https://www.goodreads.com/author/show/7789423.Alice_Oseman,https://i.gr-assets.com/images/S/compressed.photo.goodreads.com/books/1712679126i/40495957._SY75_.jpg,4.4,929750,20064,229,7,4.308836012031065,"4,25 a 4,5",Muito alta
648,18423,The Left Hand of Darkness,Ursula K. Le Guin,874602,https://www.goodreads.com/book/show/18423.The_Left_Hand_of_Darkness,https://www.goodreads.com/author/show/874602.Ursula_K_Le_Guin,https://i.gr-assets.com/images/S/compressed.photo.goodreads.com/books/1488213612i/18423._SY75_.jpg,4.09,237038,19999,252,7,4.091309997350024,"4,0 a 4,25",Alta
649,30528535,انتحار فاشل,أحمد جمال الدين رمضان,15342319,https://www.goodreads.com/book/show/30528535,https://www.goodreads.com/author/show/15342319._,https://i.gr-assets.com/images/S/compressed.photo.goodreads.com/books/1465754541i/30528535._SX50_.jpg,4.53,3361,19943,203,7,4.095835269461207,"Acima de 4,5",Baixa
650,70535,"2001: A Space Odyssey (Space Odyssey, #1)",Arthur C. Clarke,7779,https://www.goodreads.com/book/show/70535.2001,https://www.goodreads.com/author/show/7779.Arthur_C_Clarke,https://i.gr-assets.com/images/S/compressed.photo.goodreads.com/books/1432468943i/70535._SY75_.jpg,4.18,343904,19923,269,7,4.133231092751244,"4,0 a 4,25",Alta
651,12957,Much Ado About Nothing,William Shakespeare,947,https://www.goodreads.com/book/show/12957.Much_Ado_About_Nothing,https://www.goodreads.com/author/show/947.William_Shakespeare,https://i.gr-assets.com/images/S/compressed.photo.goodreads.com/books/1327885569i/12957._SY75_.jpg,4.06,263310,19612,290,7,4.079186176451913,"4,0 a 4,25",Alta
652,31548,Of Human Bondage,W. Somerset Maugham,4176632,https://www.goodreads.com/book/show/31548.Of_Human_Bondage,https://www.goodreads.com/author/show/4176632.W_Somerset_Maugham,https://i.gr-assets.com/images/S/compressed.photo.goodreads.com/books/1386924695i/31548._SY75_.jpg,4.16,63244,19583,274,7,4.101555421310417,"4,0 a 4,25",Média
652,25480342,A Monster Calls,Patrick Ness,370361,https://www.goodreads.com/book/show/25480342-a-monster-calls,https://www.goodreads.com/author/show/370361.Patrick_Ness,https://i.gr-assets.com/images/S/compressed.photo.goodreads.com/books/1430763000i/25480342._SY75_.jpg,4.34,297068,19583,225,7,4.199118608292175,"4,25 a 4,5",Alta
654,30528544,العصبي,أحمد جمال الدين رمضان,15342319,https://www.goodreads.com/book/show/30528544,https://www.goodreads.com/author/show/15342319._,https://i.gr-assets.com/images/S/compressed.photo.goodreads.com/books/1465754782i/30528544._SX50_.jpg,4.59,2915,19551,199,7,4.095787711918212,"Acima de 4,5",Baixa
655,5797,Vanity Fair,William Makepeace Thackeray,3953,https://www.goodreads.com/book/show/5797.Vanity_Fair,https://www.goodreads.com/author/show/3953.William_Makepeace_Thackeray,https://i.gr-assets.com/images/S/compressed.photo.goodreads.com/books/1344386439i/5797._SY75_.jpg,3.81,135200,19405,280,7,4.019632299676551,"3,5 a 4,0",Média
656,8709527,"Bloodlines (Bloodlines, #1)",Richelle Mead,137902,https://www.goodreads.com/book/show/8709527-bloodlines,https://www.goodreads.com/author/show/137902.Richelle_Mead,https://i.gr-assets.com/images/S/compressed.photo.goodreads.com/books/1297199431i/8709527._SY75_.jpg,4.2,192271,19402,248,7,4.127666200363675,"4,0 a 4,25",Alta
657,33385229,"They Both Die at the End (They Both Die at the End, #1)",Adam Silvera,7577278,https://www.goodreads.com/book/show/33385229-they-both-die-at-the-end,https://www.goodreads.com/author/show/7577278.Adam_Silvera,https://i.gr-assets.com/images/S/compressed.photo.goodreads.com/books/1494333138i/33385229._SY75_.jpg,3.75,907373,19364,217,7,3.8530381628132693,"3,5 a 4,0",Muito alta
658,31463,Far From the Madding Crowd,Thomas Hardy,15905,https://www.goodreads.com/book/show/31463.Far_From_the_Madding_Crowd,https://www.goodreads.com/author/show/15905.Thomas_Hardy,https://i.gr-assets.com/images/S/compressed.photo.goodreads.com/books/1631259654i/31463._SY75_.jpg,3.97,170886,19341,276,7,4.054973931105354,"3,5 a 4,0",Alta
659,6644117,"The Iron King (The Iron Fey, #1)",Julie Kagawa,2995873,https://www.goodreads.com/book/show/6644117-the-iron-king,https://www.goodreads.com/author/show/2995873.Julie_Kagawa,https://i.gr-assets.com/images/S/compressed.photo.goodreads.com/books/1327877670i/6644117._SY75_.jpg,3.87,219550,19322,236,7,4.0122473383431805,"3,5 a 4,0",Alta
660,77566,"Hyperion (Hyperion Cantos, #1)",Dan Simmons,2687,https://www.goodreads.com/book/show/77566.Hyperion,https://www.goodreads.com/author/show/2687.Dan_Simmons,https://i.gr-assets.com/images/S/compressed.photo.goodreads.com/books/1746983261i/77566._SY75_.jpg,4.28,318309,19261,227,7,4.176414476524365,"4,25 a 4,5",Alta
661,208430658,Blood Over Bright Haven,M.L. Wang,15735471,https://www.goodreads.com/book/show/208430658-blood-over-bright-haven,https://www.goodreads.com/author/show/15735471.M_L_Wang,https://i.gr-assets.com/images/S/compressed.photo.goodreads.com/books/1717354584i/208430658._SY75_.jpg,4.3,180871,19251,210,7,4.157847932798527,"4,25 a 4,5",Alta
662,40651883,Snow Crash,Neal Stephenson,545,https://www.goodreads.com/book/show/40651883-snow-crash,https://www.goodreads.com/author/show/545.Neal_Stephenson,https://i.gr-assets.com/images/S/compressed.photo.goodreads.com/books/1589842551i/40651883._SX50_.jpg,4.01,303463,19116,226,7,4.056230772212693,"4,0 a 4,25",Alta
663,23692271,Sapiens: A Brief History of Humankind,Yuval Noah Harari,395812,https://www.goodreads.com/book/show/23692271-sapiens,https://www.goodreads.com/author/show/395812.Yuval_Noah_Harari,https://i.gr-assets.com/images/S/compressed.photo.goodreads.com/books/1703329310i/23692271._SY75_.jpg,4.32,1327583,19051,213,7,4.268142422505857,"4,25 a 4,5",Muito alta
664,43889,"Wizard's First Rule (Sword of Truth, #1)",Terry Goodkind,3441,https://www.goodreads.com/book/show/43889.Wizard_s_First_Rule,https://www.goodreads.com/author/show/3441.Terry_Goodkind,https://i.gr-assets.com/images/S/compressed.photo.goodreads.com/books/1385248539i/43889._SY75_.jpg,4.12,255496,19007,228,7,4.1031271560537865,"4,0 a 4,25",Alta
665,62984900,Those Empty Eyes,Charlie Donlea,13922088,https://www.goodreads.com/book/show/62984900-those-empty-eyes,https://www.goodreads.com/author/show/13922088.Charlie_Donlea,https://i.gr-assets.com/images/S/compressed.photo.goodreads.com/books/1679436159i/62984900._SX50_.jpg,4.13,117186,18991,200,7,4.100841303111014,"4,0 a 4,25",Média
666,13206828,"Cress (The Lunar Chronicles, #3)",Marissa Meyer,4684322,https://www.goodreads.com/book/show/13206828-cress,https://www.goodreads.com/author/show/4684322.Marissa_Meyer,https://i.gr-assets.com/images/S/compressed.photo.goodreads.com/books/1470057005i/13206828._SY75_.jpg,4.4,414465,18890,232,7,4.250520968421719,"4,25 a 4,5",Muito alta
667,7090447,"The Red Pyramid (The Kane Chronicles, #1)",Rick Riordan,15872,https://www.goodreads.com/book/show/7090447-the-red-pyramid,https://www.goodreads.com/author/show/15872.Rick_Riordan,https://i.gr-assets.com/images/S/compressed.photo.goodreads.com/books/1661018382i/7090447._SY75_.jpg,4.1,434141,18834,253,7,4.096258007496773,"4,0 a 4,25",Muito alta
668,51606,Johnny Got His Gun,Dalton Trumbo,29068,https://www.goodreads.com/book/show/51606.Johnny_Got_His_Gun,https://www.goodreads.com/author/show/29068.Dalton_Trumbo,https://i.gr-assets.com/images/S/compressed.photo.goodreads.com/books/1386925458i/51606._SY75_.jpg,4.22,50842,18706,232,7,4.106818083925301,"4,0 a 4,25",Média
669,77390,"Anne of Avonlea (Anne of Green Gables, #2)",L.M. Montgomery,5350,https://www.goodreads.com/book/show/77390.Anne_of_Avonlea,https://www.goodreads.com/author/show/5350.L_M_Montgomery,https://i.gr-assets.com/images/S/compressed.photo.goodreads.com/books/1764879073i/77390._SY75_.jpg,4.23,235468,18684,291,7,4.1439277333136495,"4,0 a 4,25",Alta
670,3591262,Cutting for Stone,Abraham   Verghese,93353,https://www.goodreads.com/book/show/3591262-cutting-for-stone,https://www.goodreads.com/author/show/93353.Abraham_Verghese,https://i.gr-assets.com/images/S/compressed.photo.goodreads.com/books/1553715166i/3591262._SX50_.jpg,4.34,438930,18574,232,7,4.223197472319486,"4,25 a 4,5",Muito alta
671,4799,"Cannery Row (Cannery Row, #1)",John Steinbeck,585,https://www.goodreads.com/book/show/4799.Cannery_Row,https://www.goodreads.com/author/show/585.John_Steinbeck,https://i.gr-assets.com/images/S/compressed.photo.goodreads.com/books/1388188936i/4799._SX50_.jpg,4.06,161725,18544,271,7,4.082711877360176,"4,0 a 4,25",Alta
672,13206760,"Scarlet (The Lunar Chronicles, #2)",Marissa Meyer,4684322,https://www.goodreads.com/book/show/13206760-scarlet,https://www.goodreads.com/author/show/4684322.Marissa_Meyer,https://i.gr-assets.com/images/S/compressed.photo.goodreads.com/books/1470056982i/13206760._SY75_.jpg,4.23,472273,18520,235,7,4.167536066644756,"4,0 a 4,25",Muito alta
673,50202953,Piranesi,Susanna Clarke,8842,https://www.goodreads.com/book/show/50202953-piranesi,https://www.goodreads.com/author/show/8842.Susanna_Clarke,https://i.gr-assets.com/images/S/compressed.photo.goodreads.com/books/1773750050i/50202953._SY75_.jpg,4.2,574725,18500,209,7,4.156310004778911,"4,0 a 4,25",Muito alta
674,197084,Are You My Mother?,P.D. Eastman,13898,https://www.goodreads.com/book/show/197084.Are_You_My_Mother_,https://www.goodreads.com/author/show/13898.P_D_Eastman,https://i.gr-assets.com/images/S/compressed.photo.goodreads.com/books/1389098758i/197084._SX50_.jpg,4.22,255307,18421,278,7,4.142619722292077,"4,0 a 4,25",Alta
675,20820994,I'll Give You the Sun,Jandy Nelson,2982266,https://www.goodreads.com/book/show/20820994-i-ll-give-you-the-sun,https://www.goodreads.com/author/show/2982266.Jandy_Nelson,https://i.gr-assets.com/images/S/compressed.photo.goodreads.com/books/1608612077i/20820994._SX50_.jpg,4.15,362924,18413,204,7,4.119970996731785,"4,0 a 4,25",Alta
676,77767,"Little House on the Prairie (Little House, #3)",Laura Ingalls Wilder,5300,https://www.goodreads.com/book/show/77767.Little_House_on_the_Prairie,https://www.goodreads.com/author/show/5300.Laura_Ingalls_Wilder,https://i.gr-assets.com/images/S/compressed.photo.goodreads.com/books/1559209202i/77767._SX50_.jpg,4.21,306461,18397,292,7,4.143900936966139,"4,0 a 4,25",Alta
677,33590260,"Kingdom of Ash (Throne of Glass, #7)",Sarah J. Maas,3433047,https://www.goodreads.com/book/show/33590260-kingdom-of-ash,https://www.goodreads.com/author/show/3433047.Sarah_J_Maas,https://i.gr-assets.com/images/S/compressed.photo.goodreads.com/books/1531922609i/33590260._SY75_.jpg,4.71,1248342,18373,210,7,4.562602246063744,"Acima de 4,5",Muito alta
678,3682,"A Great and Terrible Beauty (Gemma Doyle, #1)",Libba Bray,2526,https://www.goodreads.com/book/show/3682.A_Great_and_Terrible_Beauty,https://www.goodreads.com/author/show/2526.Libba_Bray,https://i.gr-assets.com/images/S/compressed.photo.goodreads.com/books/1284558475i/3682._SY75_.jpg,3.8,226331,18245,225,7,3.9850244207338132,"3,5 a 4,0",Alta
679,420282,The Polar Express,Chris Van Allsburg,9685,https://www.goodreads.com/book/show/420282.The_Polar_Express,https://www.goodreads.com/author/show/9685.Chris_Van_Allsburg,https://i.gr-assets.com/images/S/compressed.photo.goodreads.com/books/1638557399i/420282._SX50_.jpg,4.32,250338,18242,291,7,4.181049059445176,"4,25 a 4,5",Alta
680,10576365,"The Darkest Minds (The Darkest Minds, #1)",Alexandra Bracken,2973783,https://www.goodreads.com/book/show/10576365-the-darkest-minds,https://www.goodreads.com/author/show/2973783.Alexandra_Bracken,https://i.gr-assets.com/images/S/compressed.photo.goodreads.com/books/1343178841i/10576365._SY75_.jpg,4.15,210890,18175,210,7,4.112386858328249,"4,0 a 4,25",Alta
681,4268157,"Perfect Chemistry (Perfect Chemistry, #1)",Simone Elkeles,274533,https://www.goodreads.com/book/show/4268157-perfect-chemistry,https://www.goodreads.com/author/show/274533.Simone_Elkeles,https://i.gr-assets.com/images/S/compressed.photo.goodreads.com/books/1439792475i/4268157._SX50_.jpg,4.04,264287,18130,215,7,4.071092270558019,"4,0 a 4,25",Alta
682,556602,Sarah's Key,Tatiana de Rosnay,305400,https://www.goodreads.com/book/show/556602.Sarah_s_Key,https://www.goodreads.com/author/show/305400.Tatiana_de_Rosnay,https://i.gr-assets.com/images/S/compressed.photo.goodreads.com/books/1438863728i/556602._SX50_.jpg,4.18,502114,18127,239,7,4.141515186243538,"4,0 a 4,25",Muito alta
683,50659467,"A Court of Thorns and Roses (A Court of Thorns and Roses, #1)",Sarah J. Maas,3433047,https://www.goodreads.com/book/show/50659467-a-court-of-thorns-and-roses,https://www.goodreads.com/author/show/3433047.Sarah_J_Maas,https://i.gr-assets.com/images/S/compressed.photo.goodreads.com/books/1620324329i/50659467._SY75_.jpg,4.15,4581796,18110,207,7,4.145446898799171,"4,0 a 4,25",Muito alta
684,20448515,"Bared to You (Crossfire, #1)",Sylvia Day,19823,https://www.goodreads.com/book/show/20448515-bared-to-you,https://www.goodreads.com/author/show/19823.Sylvia_Day,https://i.gr-assets.com/images/S/compressed.photo.goodreads.com/books/1433411511i/20448515._SY75_.jpg,4.12,556411,18103,213,7,4.108485822064414,"4,0 a 4,25",Muito alta
685,1898,Into Thin Air: A Personal Account of the Mt. Everest Disaster,Jon Krakauer,1235,https://www.goodreads.com/book/show/1898.Into_Thin_Air,https://www.goodreads.com/author/show/1235.Jon_Krakauer,https://i.gr-assets.com/images/S/compressed.photo.goodreads.com/books/1631501298i/1898._SY75_.jpg,4.27,590266,18068,253,7,4.19910589340414,"4,25 a 4,5",Muito alta
686,10534,The Art of War,Sun Tzu,1771,https://www.goodreads.com/book/show/10534.The_Art_of_War,https://www.goodreads.com/author/show/1771.Sun_Tzu,https://i.gr-assets.com/images/S/compressed.photo.goodreads.com/books/1630683326i/10534._SY75_.jpg,3.94,597131,18050,250,7,4.000194534620743,"3,5 a 4,0",Muito alta
687,7740152,"Torment (Fallen, #2)",Lauren Kate,2905297,https://www.goodreads.com/book/show/7740152-torment,https://www.goodreads.com/author/show/2905297.Lauren_Kate,https://i.gr-assets.com/images/S/compressed.photo.goodreads.com/books/1362339749i/7740152._SY75_.jpg,3.84,247205,17980,233,7,3.99446533374433,"3,5 a 4,0",Alta
688,6150,"Cry, the Beloved Country",Alan Paton,3527,https://www.goodreads.com/book/show/6150.Cry_the_Beloved_Country,https://www.goodreads.com/author/show/3527.Alan_Paton,https://i.gr-assets.com/images/S/compressed.photo.goodreads.com/books/1344182368i/6150._SY75_.jpg,3.93,81107,17967,248,7,4.06425963273719,"3,5 a 4,0",Média
689,84119,"The Horse and His Boy (Chronicles of Narnia, #5)",C.S. Lewis,1069006,https://www.goodreads.com/book/show/84119.The_Horse_and_His_Boy,https://www.goodreads.com/author/show/1069006.C_S_Lewis,https://i.gr-assets.com/images/S/compressed.photo.goodreads.com/books/1703358949i/84119._SX50_.jpg,3.91,405089,17963,274,7,3.999449980858981,"3,5 a 4,0",Muito alta
690,15863832,"Angelfall (Penryn & the End of Days, #1)",Susan Ee,4890182,https://www.goodreads.com/book/show/15863832-angelfall,https://www.goodreads.com/author/show/4890182.Susan_Ee,https://i.gr-assets.com/images/S/compressed.photo.goodreads.com/books/1464206558i/15863832._SY75_.jpg,4.09,200810,17951,206,7,4.09139017867402,"4,0 a 4,25",Alta
690,944073,"The Blade Itself (The First Law, #1)",Joe Abercrombie,276660,https://www.goodreads.com/book/show/944073.The_Blade_Itself,https://www.goodreads.com/author/show/276660.Joe_Abercrombie,https://i.gr-assets.com/images/S/compressed.photo.goodreads.com/books/1747782133i/944073._SY75_.jpg,4.22,336036,17951,205,7,4.151210959447709,"4,0 a 4,25",Alta
692,8337,"Little House in the Big Woods (Little House, #1)",Laura Ingalls Wilder,5300,https://www.goodreads.com/book/show/8337.Little_House_in_the_Big_Woods,https://www.goodreads.com/author/show/5300.Laura_Ingalls_Wilder,https://i.gr-assets.com/images/S/compressed.photo.goodreads.com/books/1743630755i/8337._SY75_.jpg,4.21,292595,17945,283,7,4.14256034589204,"4,0 a 4,25",Alta
693,12497,No Country for Old Men,Cormac McCarthy,4178,https://www.goodreads.com/book/show/12497.No_Country_for_Old_Men,https://www.goodreads.com/author/show/4178.Cormac_McCarthy,https://i.gr-assets.com/images/S/compressed.photo.goodreads.com/books/1443231179i/12497._SY75_.jpg,4.17,268357,17899,240,7,4.123803636352331,"4,0 a 4,25",Alta
694,6485421,"The Mortal Instruments Boxed Set: City of Bones; City of Ashes; City of Glass (The Mortal Instruments, #1-3)",Cassandra Clare,150038,https://www.goodreads.com/book/show/6485421-the-mortal-instruments-boxed-set,https://www.goodreads.com/author/show/150038.Cassandra_Clare,https://i.gr-assets.com/images/S/compressed.photo.goodreads.com/books/1312016549i/6485421._SX50_.jpg,4.55,69155,17876,231,7,4.160907429285969,"Acima de 4,5",Média
694,40611510,The Last Lecture,Randy Pausch,287960,https://www.goodreads.com/book/show/40611510-the-last-lecture,https://www.goodreads.com/author/show/287960.Randy_Pausch,https://i.gr-assets.com/images/S/compressed.photo.goodreads.com/books/1529682044i/40611510._SX50_.jpg,4.26,368808,17876,222,7,4.1735914387441575,"4,25 a 4,5",Alta
696,47401,"Chocolat (Chocolat, #1)",Joanne Harris,9432,https://www.goodreads.com/book/show/47401.Chocolat,https://www.goodreads.com/author/show/9432.Joanne_Harris,https://i.gr-assets.com/images/S/compressed.photo.goodreads.com/books/1388674628i/47401._SY75_.jpg,3.96,133366,17850,268,7,4.058510156461071,"3,5 a 4,0",Média
697,1923820,The Holy Bible: King James Version,Anonymous,5158478,https://www.goodreads.com/book/show/1923820.The_Holy_Bible,https://www.goodreads.com/author/show/5158478.Anonymous,https://i.gr-assets.com/images/S/compressed.photo.goodreads.com/books/1631816305i/1923820._SY75_.jpg,4.45,328747,17833,217,7,4.255555931815632,"4,25 a 4,5",Alta
698,518848,"Sabriel (Abhorsen, #1)",Garth Nix,8347,https://www.goodreads.com/book/show/518848.Sabriel,https://www.goodreads.com/author/show/8347.Garth_Nix,https://i.gr-assets.com/images/S/compressed.photo.goodreads.com/books/1293655399i/518848._SY75_.jpg,4.16,221835,17798,220,7,4.116677865429303,"4,0 a 4,25",Alta
699,7747374,"I Am Number Four (Lorien Legacies, #1)",Pittacus Lore,3380908,https://www.goodreads.com/book/show/7747374-i-am-number-four,https://www.goodreads.com/author/show/3380908.Pittacus_Lore,https://i.gr-assets.com/images/S/compressed.photo.goodreads.com/books/1305807140i/7747374._SY75_.jpg,3.93,354967,17757,227,7,4.014975464235365,"3,5 a 4,0",Alta
700,7445,The Glass Castle,Jeannette Walls,3275,https://www.goodreads.com/book/show/7445.The_Glass_Castle,https://www.goodreads.com/author/show/3275.Jeannette_Walls,https://i.gr-assets.com/images/S/compressed.photo.goodreads.com/books/1523542886i/7445._SY75_.jpg,4.33,1409647,17504,215,7,4.278333918826985,"4,25 a 4,5",Muito alta
701,12749,"Swann’s Way (In Search of Lost Time, #1)",Marcel Proust,233619,https://www.goodreads.com/book/show/12749.Swann_s_Way,https://www.goodreads.com/author/show/233619.Marcel_Proust,https://i.gr-assets.com/images/S/compressed.photo.goodreads.com/books/1735845760i/12749._SX50_.jpg,4.16,71508,17496,223,8,4.102599515007661,"4,0 a 4,25",Média
701,902,The Westing Game,Ellen Raskin,10074,https://www.goodreads.com/book/show/902.The_Westing_Game,https://www.goodreads.com/author/show/10074.Ellen_Raskin,https://i.gr-assets.com/images/S/compressed.photo.goodreads.com/books/1356850909i/902._SX50_.jpg,3.98,241334,17496,228,8,4.049324310348549,"3,5 a 4,0",Alta
703,2800905,"The Summoning (Darkest Powers, #1)",Kelley Armstrong,7581,https://www.goodreads.com/book/show/2800905-the-summoning,https://www.goodreads.com/author/show/7581.Kelley_Armstrong,https://i.gr-assets.com/images/S/compressed.photo.goodreads.com/books/1478986944i/2800905._SY75_.jpg,4.02,177822,17466,218,8,4.0695664441734545,"4,0 a 4,25",Alta
704,51738,Just Listen,Sarah Dessen,2987,https://www.goodreads.com/book/show/51738.Just_Listen,https://www.goodreads.com/author/show/2987.Sarah_Dessen,https://i.gr-assets.com/images/S/compressed.photo.goodreads.com/books/1358270741i/51738._SY75_.jpg,4.05,251469,17451,214,8,4.075626130736181,"4,0 a 4,25",Alta
705,11408650,"The Unbecoming of Mara Dyer (Mara Dyer, #1)",Michelle Hodkin,4126827,https://www.goodreads.com/book/show/11408650-the-unbecoming-of-mara-dyer,https://www.goodreads.com/author/show/4126827.Michelle_Hodkin,https://i.gr-assets.com/images/S/compressed.photo.goodreads.com/books/1336655755i/11408650._SX50_.jpg,4.01,192480,17436,201,8,4.065023052695027,"4,0 a 4,25",Alta
706,1625,Twelfth Night,William Shakespeare,947,https://www.goodreads.com/book/show/1625.Twelfth_Night,https://www.goodreads.com/author/show/947.William_Shakespeare,https://i.gr-assets.com/images/S/compressed.photo.goodreads.com/books/1561384026i/1625._SY75_.jpg,3.96,198325,17388,266,8,4.047653253124864,"3,5 a 4,0",Alta
707,60784373,What Lies in the Woods,Kate Alice Marshall,17294875,https://www.goodreads.com/book/show/60784373-what-lies-in-the-woods,https://www.goodreads.com/author/show/17294875.Kate_Alice_Marshall,https://i.gr-assets.com/images/S/compressed.photo.goodreads.com/books/1652628677i/60784373._SY75_.jpg,3.94,217872,17363,184,8,4.03768400979879,"3,5 a 4,0",Alta
708,7967,"Speaker for the Dead (Ender's Saga, #2)",Orson Scott Card,589,https://www.goodreads.com/book/show/7967.Speaker_for_the_Dead,https://www.goodreads.com/author/show/589.Orson_Scott_Card,https://i.gr-assets.com/images/S/compressed.photo.goodreads.com/books/1295660894i/7967._SY75_.jpg,4.12,277760,17314,219,8,4.1036888099267275,"4,0 a 4,25",Alta
709,179064,"The Goose Girl (The Books of Bayern, #1)",Shannon Hale,49177,https://www.goodreads.com/book/show/179064.The_Goose_Girl,https://www.goodreads.com/author/show/49177.Shannon_Hale,https://i.gr-assets.com/images/S/compressed.photo.goodreads.com/books/1617553319i/179064._SY75_.jpg,4.15,149844,17180,213,8,4.108142031582027,"4,0 a 4,25",Alta
710,29127,"The Last Unicorn (The Last Unicorn, #1)",Peter S. Beagle,1067608,https://www.goodreads.com/book/show/29127.The_Last_Unicorn,https://www.goodreads.com/author/show/1067608.Peter_S_Beagle,https://i.gr-assets.com/images/S/compressed.photo.goodreads.com/books/1524764327i/29127._SY75_.jpg,4.16,127586,17160,218,8,4.10880562788727,"4,0 a 4,25",Média
711,10637766,"Silence (Hush, Hush, #3)",Becca Fitzpatrick,2876763,https://www.goodreads.com/book/show/10637766-silence,https://www.goodreads.com/author/show/2876763.Becca_Fitzpatrick,https://i.gr-assets.com/images/S/compressed.photo.goodreads.com/books/1362408152i/10637766._SY75_.jpg,4.06,298310,17125,220,8,4.078212104525626,"4,0 a 4,25",Alta
712,1421990,"Halfway to the Grave (Night Huntress, #1)",Jeaniene Frost,669810,https://www.goodreads.com/book/show/1421990.Halfway_to_the_Grave,https://www.goodreads.com/author/show/669810.Jeaniene_Frost,https://i.gr-assets.com/images/S/compressed.photo.goodreads.com/books/1373855613i/1421990._SY75_.jpg,4.12,166840,17120,205,8,4.100445988786042,"4,0 a 4,25",Alta
713,13642,A Wizard of Earthsea,Ursula K. Le Guin,874602,https://www.goodreads.com/book/show/13642.A_Wizard_of_Earthsea,https://www.goodreads.com/author/show/874602.Ursula_K_Le_Guin,https://i.gr-assets.com/images/S/compressed.photo.goodreads.com/books/1353424536i/13642._SY75_.jpg,4.01,376494,17042,225,8,4.05183213934278,"4,0 a 4,25",Alta
714,135836,"Trainspotting (Mark Renton, #2)",Irvine Welsh,5687,https://www.goodreads.com/book/show/135836.Trainspotting,https://www.goodreads.com/author/show/5687.Irvine_Welsh,https://i.gr-assets.com/images/S/compressed.photo.goodreads.com/books/1353033083i/135836._SY75_.jpg,4.12,186161,17031,212,8,4.101100485884814,"4,0 a 4,25",Alta
715,32049,Lady Chatterley’s Lover,D.H. Lawrence,17623,https://www.goodreads.com/book/show/32049.Lady_Chatterley_s_Lover,https://www.goodreads.com/author/show/17623.D_H_Lawrence,https://i.gr-assets.com/images/S/compressed.photo.goodreads.com/books/1215571713i/32049._SY75_.jpg,3.5,142140,17015,264,8,3.934267564414926,"Até 3,5",Média
716,49436,Three Cups of Tea: One Man's Mission to Promote Peace ... One School at a Time,Greg Mortenson,27837,https://www.goodreads.com/book/show/49436.Three_Cups_of_Tea,https://www.goodreads.com/author/show/27837.Greg_Mortenson,https://i.gr-assets.com/images/S/compressed.photo.goodreads.com/books/1395407074i/49436._SY75_.jpg,3.66,359457,17005,232,8,3.885155305509949,"3,5 a 4,0",Alta
717,56905097,"As Good As Dead (A Good Girl's Guide to Murder, #3)",Holly  Jackson,18229614,https://www.goodreads.com/book/show/56905097-as-good-as-dead,https://www.goodreads.com/author/show/18229614.Holly_Jackson,https://i.gr-assets.com/images/S/compressed.photo.goodreads.com/books/1623112782i/56905097._SY75_.jpg,4.19,621993,16945,184,8,4.152208831191214,"4,0 a 4,25",Muito alta
718,4009,Nine Stories,J.D. Salinger,819789,https://www.goodreads.com/book/show/4009.Nine_Stories,https://www.goodreads.com/author/show/819789.J_D_Salinger,https://i.gr-assets.com/images/S/compressed.photo.goodreads.com/books/1554892563i/4009._SY75_.jpg,4.18,150448,16929,226,8,4.116523345063397,"4,0 a 4,25",Alta
719,51737,The Truth About Forever,Sarah Dessen,2987,https://www.goodreads.com/book/show/51737.The_Truth_About_Forever,https://www.goodreads.com/author/show/2987.Sarah_Dessen,https://i.gr-assets.com/images/S/compressed.photo.goodreads.com/books/1362767907i/51737._SY75_.jpg,4.12,227159,16922,208,8,4.1023537897684506,"4,0 a 4,25",Alta
720,35133922,Educated,Tara Westover,16121977,https://www.goodreads.com/book/show/35133922-educated,https://www.goodreads.com/author/show/16121977.Tara_Westover,https://i.gr-assets.com/images/S/compressed.photo.goodreads.com/books/1774287363i/35133922._SY75_.jpg,4.46,1971182,16777,194,8,4.399093547658066,"4,25 a 4,5",Muito alta
721,40611328,"Ishmael (Ishmael, #1)",Daniel Quinn,10330,https://www.goodreads.com/book/show/40611328-ishmael,https://www.goodreads.com/author/show/10330.Daniel_Quinn,https://i.gr-assets.com/images/S/compressed.photo.goodreads.com/books/1529680413i/40611328._SY75_.jpg,4.01,106595,16771,202,8,4.0745185020527925,"4,0 a 4,25",Média
722,31122,I Capture the Castle,Dodie Smith,6208,https://www.goodreads.com/book/show/31122.I_Capture_the_Castle,https://www.goodreads.com/author/show/6208.Dodie_Smith,https://i.gr-assets.com/images/S/compressed.photo.goodreads.com/books/1385316083i/31122._SX50_.jpg,3.98,118832,16739,215,8,4.065978858928316,"3,5 a 4,0",Média
723,140077,"Dead to the World (Sookie Stackhouse, #4)",Charlaine Harris,17061,https://www.goodreads.com/book/show/140077.Dead_to_the_World,https://www.goodreads.com/author/show/17061.Charlaine_Harris,https://i.gr-assets.com/images/S/compressed.photo.goodreads.com/books/1468561630i/140077._SY75_.jpg,4.12,269129,16735,227,8,4.103475571813352,"4,0 a 4,25",Alta
724,15749186,"To All the Boys I've Loved Before (To All the Boys I've Loved Before, #1)",Jenny Han,151371,https://www.goodreads.com/book/show/15749186-to-all-the-boys-i-ve-loved-before,https://www.goodreads.com/author/show/151371.Jenny_Han,https://i.gr-assets.com/images/S/compressed.photo.goodreads.com/books/1372086100i/15749186._SY75_.jpg,4.04,1101278,16680,196,8,4.053654137383521,"4,0 a 4,25",Muito alta
725,11899,The Hours,Michael Cunningham,1432,https://www.goodreads.com/book/show/11899.The_Hours,https://www.goodreads.com/author/show/1432.Michael_Cunningham,https://i.gr-assets.com/images/S/compressed.photo.goodreads.com/books/1479663379i/11899._SY75_.jpg,3.96,151713,16619,236,8,4.055180409498083,"3,5 a 4,0",Alta
726,101265124,The Polymorph,Max Nowaz,14887946,https://www.goodreads.com/book/show/101265124-the-polymorph,https://www.goodreads.com/author/show/14887946.Max_Nowaz,https://i.gr-assets.com/images/S/compressed.photo.goodreads.com/books/1675618392i/101265124._SY75_.jpg,4.28,21701,16563,178,8,4.101982176775015,"4,25 a 4,5",Baixa
727,24861,Demian: Die Geschichte von Emil Sinclairs Jugend,Hermann Hesse,1113469,https://www.goodreads.com/book/show/24861.Demian,https://www.goodreads.com/author/show/1113469.Hermann_Hesse,https://i.gr-assets.com/images/S/compressed.photo.goodreads.com/books/1421510580i/24861._SY75_.jpg,4.14,145223,16547,203,8,4.10507351738264,"4,0 a 4,25",Média
728,83144,"The Bronze Horseman (The Bronze Horseman, #1)",Paullina Simons,47499,https://www.goodreads.com/book/show/83144.The_Bronze_Horseman,https://www.goodreads.com/author/show/47499.Paullina_Simons,https://i.gr-assets.com/images/S/compressed.photo.goodreads.com/books/1327921996i/83144._SY75_.jpg,4.28,100607,16541,182,8,4.130550458899982,"4,25 a 4,5",Média
729,13006,Julius Caesar,William Shakespeare,947,https://www.goodreads.com/book/show/13006.Julius_Caesar,https://www.goodreads.com/author/show/947.William_Shakespeare,https://i.gr-assets.com/images/S/compressed.photo.goodreads.com/books/1631505382i/13006._SX50_.jpg,3.72,225790,16480,261,8,3.9559047035347357,"3,5 a 4,0",Alta
730,15638,Cyrano de Bergerac,Edmond Rostand,670859,https://www.goodreads.com/book/show/15638.Cyrano_de_Bergerac,https://www.goodreads.com/author/show/670859.Edmond_Rostand,https://i.gr-assets.com/images/S/compressed.photo.goodreads.com/books/1386920459i/15638._SY75_.jpg,4.06,92972,16467,236,8,4.085937785495486,"4,0 a 4,25",Média
731,30319086,If We Were Villains,M.L. Rio,14954351,https://www.goodreads.com/book/show/30319086-if-we-were-villains,https://www.goodreads.com/author/show/14954351.M_L_Rio,https://i.gr-assets.com/images/S/compressed.photo.goodreads.com/books/1480717682i/30319086._SY75_.jpg,4.07,441806,16457,183,8,4.080378900730501,"4,0 a 4,25",Muito alta
732,55987278,"Once Upon a Broken Heart (Once Upon a Broken Heart, #1)",Stephanie Garber,14137787,https://www.goodreads.com/book/show/55987278-once-upon-a-broken-heart,https://www.goodreads.com/author/show/14137787.Stephanie_Garber,https://i.gr-assets.com/images/S/compressed.photo.goodreads.com/books/1615486938i/55987278._SY75_.jpg,4.06,769879,16402,183,8,4.070814549253753,"4,0 a 4,25",Muito alta
733,5064,"World Without End (Kingsbridge, #2)",Ken Follett,3447,https://www.goodreads.com/book/show/5064.World_Without_End,https://www.goodreads.com/author/show/3447.Ken_Follett,https://i.gr-assets.com/images/S/compressed.photo.goodreads.com/books/1509545511i/5064._SY75_.jpg,4.33,284351,16380,220,8,4.192256184874341,"4,25 a 4,5",Alta
734,30333938,"Slammed (Slammed, #1)",Colleen Hoover,5430144,https://www.goodreads.com/book/show/30333938-slammed,https://www.goodreads.com/author/show/5430144.Colleen_Hoover,https://i.gr-assets.com/images/S/compressed.photo.goodreads.com/books/1761077859i/30333938._SY75_.jpg,4.13,463945,16324,186,8,4.112666725414995,"4,0 a 4,25",Muito alta
735,92517,The Glass Menagerie,Tennessee Williams,7751,https://www.goodreads.com/book/show/92517.The_Glass_Menagerie,https://www.goodreads.com/author/show/7751.Tennessee_Williams,https://i.gr-assets.com/images/S/compressed.photo.goodreads.com/books/1391591003i/92517._SY75_.jpg,3.74,145860,16319,269,8,3.996454918718685,"3,5 a 4,0",Média
736,59808071,"The Ballad of Never After (Once Upon a Broken Heart, #2)",Stephanie Garber,14137787,https://www.goodreads.com/book/show/59808071-the-ballad-of-never-after,https://www.goodreads.com/author/show/14137787.Stephanie_Garber,https://i.gr-assets.com/images/S/compressed.photo.goodreads.com/books/1716011416i/59808071._SY75_.jpg,4.48,553954,16312,176,8,4.319478221724651,"4,25 a 4,5",Muito alta
737,154462576,The Warm Hands of Ghosts,Katherine Arden,13922215,https://www.goodreads.com/book/show/154462576-the-warm-hands-of-ghosts,https://www.goodreads.com/author/show/13922215.Katherine_Arden,https://i.gr-assets.com/images/S/compressed.photo.goodreads.com/books/1692543384i/154462576._SY75_.jpg,3.96,34333,16291,176,8,4.081442551863921,"3,5 a 4,0",Baixa
738,56728,"You Are Special (Wemmicksville, #1)",Max Lucado,2737,https://www.goodreads.com/book/show/56728.You_Are_Special,https://www.goodreads.com/author/show/2737.Max_Lucado,https://i.gr-assets.com/images/S/compressed.photo.goodreads.com/books/1348346102i/56728._SX50_.jpg,4.46,54048,16265,196,8,4.136774318437081,"4,25 a 4,5",Média
739,40909452,"Drums of Autumn (Outlander, #4)",Diana Gabaldon,3617,https://www.goodreads.com/book/show/40909452-drums-of-autumn,https://www.goodreads.com/author/show/3617.Diana_Gabaldon,https://i.gr-assets.com/images/S/compressed.photo.goodreads.com/books/1536699977i/40909452._SY75_.jpg,4.36,274824,16255,208,8,4.202666734841582,"4,25 a 4,5",Alta
740,2299110,"Acheron (Dark-Hunter, #14)",Sherrilyn Kenyon,4430,https://www.goodreads.com/book/show/2299110.Acheron,https://www.goodreads.com/author/show/4430.Sherrilyn_Kenyon,https://i.gr-assets.com/images/S/compressed.photo.goodreads.com/books/1437687512i/2299110._SY75_.jpg,4.56,62104,16200,187,8,4.1562240154771315,"Acima de 4,5",Média
741,24800,House of Leaves,Mark Z. Danielewski,13974,https://www.goodreads.com/book/show/24800.House_of_Leaves,https://www.goodreads.com/author/show/13974.Mark_Z_Danielewski,https://i.gr-assets.com/images/S/compressed.photo.goodreads.com/books/1403889034i/24800._SX50_.jpg,4.09,212888,16182,184,8,4.091362378265432,"4,0 a 4,25",Alta
742,93101,The Arabian Nights,Anonymous,5158478,https://www.goodreads.com/book/show/93101.The_Arabian_Nights,https://www.goodreads.com/author/show/5158478.Anonymous,https://i.gr-assets.com/images/S/compressed.photo.goodreads.com/books/1657544409i/93101._SY75_.jpg,4.02,83679,16176,242,8,4.0793952760275065,"4,0 a 4,25",Média
743,45047384,"The House in the Cerulean Sea (Cerulean Chronicles, #1)",T.J. Klune,5073330,https://www.goodreads.com/book/show/45047384-the-house-in-the-cerulean-sea,https://www.goodreads.com/author/show/5073330.T_J_Klune,https://i.gr-assets.com/images/S/compressed.photo.goodreads.com/books/1569514209i/45047384._SY75_.jpg,4.35,1101057,16117,183,8,4.282406936891718,"4,25 a 4,5",Muito alta
744,34186576,"Being a Witch, and Other Things I Didn't Ask For",Sara Pascoe,6066772,https://www.goodreads.com/book/show/34186576-being-a-witch-and-other-things-i-didn-t-ask-for,https://www.goodreads.com/author/show/6066772.Sara_Pascoe,https://i.gr-assets.com/images/S/compressed.photo.goodreads.com/books/1486484628i/34186576._SX50_.jpg,4.27,27015,16057,169,8,4.103598640737199,"4,25 a 4,5",Baixa
745,80660,We Need to Talk About Kevin,Lionel Shriver,45922,https://www.goodreads.com/book/show/80660.We_Need_to_Talk_About_Kevin,https://www.goodreads.com/author/show/45922.Lionel_Shriver,https://i.gr-assets.com/images/S/compressed.photo.goodreads.com/books/1327865017i/80660._SY75_.jpg,4.08,223058,16030,200,8,4.087707771896823,"4,0 a 4,25",Alta
746,32768522,"Carry On (Simon Snow, #1)",Rainbow Rowell,4208569,https://www.goodreads.com/book/show/32768522-carry-on,https://www.goodreads.com/author/show/4208569.Rainbow_Rowell,https://i.gr-assets.com/images/S/compressed.photo.goodreads.com/books/1481729252i/32768522._SX50_.jpg,4.15,339035,16022,184,8,4.1189884636757945,"4,0 a 4,25",Alta
747,10357575,"1Q84 (1Q84, #1-3)",Haruki Murakami,3354,https://www.goodreads.com/book/show/10357575-1q84,https://www.goodreads.com/author/show/3354.Haruki_Murakami,https://i.gr-assets.com/images/S/compressed.photo.goodreads.com/books/1483103331i/10357575._SX50_.jpg,3.95,349250,15964,190,8,4.02506663595697,"3,5 a 4,0",Alta
748,20758104,"The Knife of Never Letting Go (Chaos Walking, #1)",Patrick Ness,370361,https://www.goodreads.com/book/show/20758104-the-knife-of-never-letting-go,https://www.goodreads.com/author/show/370361.Patrick_Ness,https://i.gr-assets.com/images/S/compressed.photo.goodreads.com/books/1776786403i/20758104._SY75_.jpg,3.97,207060,15957,182,8,4.049834928314114,"3,5 a 4,0",Alta
749,7664041,"Inheritance (The Inheritance Cycle, #4)",Christopher Paolini,8349,https://www.goodreads.com/book/show/7664041-inheritance,https://www.goodreads.com/author/show/8349.Christopher_Paolini,https://i.gr-assets.com/images/S/compressed.photo.goodreads.com/books/1390886502i/7664041._SX50_.jpg,4.17,320761,15953,205,8,4.127204496502207,"4,0 a 4,25",Alta
750,11337,The Bluest Eye,Toni Morrison,3534,https://www.goodreads.com/book/show/11337.The_Bluest_Eye,https://www.goodreads.com/author/show/3534.Toni_Morrison,https://i.gr-assets.com/images/S/compressed.photo.goodreads.com/books/1388208495i/11337._SX50_.jpg,4.14,322725,15930,204,8,4.11375868210364,"4,0 a 4,25",Alta
751,6482837,Before I Fall,Lauren Oliver,2936493,https://www.goodreads.com/book/show/6482837-before-i-fall,https://www.goodreads.com/author/show/2936493.Lauren_Oliver,https://i.gr-assets.com/images/S/compressed.photo.goodreads.com/books/1361044695i/6482837._SY75_.jpg,3.88,348698,15847,192,8,3.992127837408144,"3,5 a 4,0",Alta
752,57945316,Babel,R.F. Kuang,16820001,https://www.goodreads.com/book/show/57945316-babel,https://www.goodreads.com/author/show/16820001.R_F_Kuang,https://i.gr-assets.com/images/S/compressed.photo.goodreads.com/books/1677361825i/57945316._SY75_.jpg,4.13,541529,15796,169,8,4.114108684150042,"4,0 a 4,25",Muito alta
753,7631105,"The Scorch Trials (The Maze Runner, #2)",James Dashner,348878,https://www.goodreads.com/book/show/7631105-the-scorch-trials,https://www.goodreads.com/author/show/348878.James_Dashner,https://i.gr-assets.com/images/S/compressed.photo.goodreads.com/books/1388240248i/7631105._SY75_.jpg,3.9,667735,15794,207,8,3.9709549101418258,"3,5 a 4,0",Muito alta
754,4134071,"Hunted (House of Night, #5)",P.C. Cast,17015,https://www.goodreads.com/book/show/4134071-hunted,https://www.goodreads.com/author/show/17015.P_C_Cast,https://i.gr-assets.com/images/S/compressed.photo.goodreads.com/books/1438042897i/4134071._SY75_.jpg,3.93,192959,15760,213,8,4.038546984855055,"3,5 a 4,0",Alta
755,153008,"Kushiel's Dart (Phèdre's Trilogy, #1)",Jacqueline Carey,9237,https://www.goodreads.com/book/show/153008.Kushiel_s_Dart,https://www.goodreads.com/author/show/9237.Jacqueline_Carey,https://i.gr-assets.com/images/S/compressed.photo.goodreads.com/books/1328168291i/153008._SY75_.jpg,4.02,86447,15758,181,8,4.07905099001681,"4,0 a 4,25",Média
756,62986809,Pericles and Aspasia: A Story of Ancient Greece,Yvonne Korshak,746237,https://www.goodreads.com/book/show/62986809-pericles-and-aspasia,https://www.goodreads.com/author/show/746237.Yvonne_Korshak,https://i.gr-assets.com/images/S/compressed.photo.goodreads.com/books/1665706704i/62986809._SY75_.jpg,4.28,15762,15728,165,8,4.099383512175159,"4,25 a 4,5",Baixa
757,65641,"The Silver Chair (Chronicles of Narnia, #4)",C.S. Lewis,1069006,https://www.goodreads.com/book/show/65641.The_Silver_Chair,https://www.goodreads.com/author/show/1069006.C_S_Lewis,https://i.gr-assets.com/images/S/compressed.photo.goodreads.com/books/1661032839i/65641._SY75_.jpg,3.95,341003,15664,247,8,4.0259122694609735,"3,5 a 4,0",Alta
758,24128,The Merchant of Venice,William Shakespeare,947,https://www.goodreads.com/book/show/24128.The_Merchant_of_Venice,https://www.goodreads.com/author/show/947.William_Shakespeare,https://i.gr-assets.com/images/S/compressed.photo.goodreads.com/books/1327871054i/24128._SY75_.jpg,3.77,207264,15541,250,8,3.9805285855654287,"3,5 a 4,0",Alta
758,18705209,"The Blood of Olympus (The Heroes of Olympus, #5)",Rick Riordan,15872,https://www.goodreads.com/book/show/18705209-the-blood-of-olympus,https://www.goodreads.com/author/show/15872.Rick_Riordan,https://i.gr-assets.com/images/S/compressed.photo.goodreads.com/books/1464201441i/18705209._SY75_.jpg,4.43,408468,15541,203,8,4.264725998756173,"4,25 a 4,5",Muito alta
760,7723542,"A Dog's Purpose (A Dog's Purpose, #1)",W. Bruce Cameron,327737,https://www.goodreads.com/book/show/7723542-a-dog-s-purpose,https://www.goodreads.com/author/show/327737.W_Bruce_Cameron,https://i.gr-assets.com/images/S/compressed.photo.goodreads.com/books/1564936796i/7723542._SY75_.jpg,4.36,142066,15500,182,8,4.163489435878583,"4,25 a 4,5",Média
761,242834294,Eden 2:b (The Star Dreamers #1),Joseph A. Anderson,60891527,https://www.goodreads.com/book/show/242834294-eden-2,https://www.goodreads.com/author/show/60891527.Joseph_A_Anderson,https://i.gr-assets.com/images/S/compressed.photo.goodreads.com/books/1765794074i/242834294._SX50_.jpg,4.35,5617,15494,174,8,4.095755651243296,"4,25 a 4,5",Baixa
762,44778083,"House of Earth and Blood (Crescent City, #1)",Sarah J. Maas,3433047,https://www.goodreads.com/book/show/44778083-house-of-earth-and-blood,https://www.goodreads.com/author/show/3433047.Sarah_J_Maas,https://i.gr-assets.com/images/S/compressed.photo.goodreads.com/books/1559142847i/44778083._SY75_.jpg,4.45,1315585,15485,176,8,4.3679884894848335,"4,25 a 4,5",Muito alta
763,121749,"Prince Caspian (Chronicles of Narnia, #2)",C.S. Lewis,1069006,https://www.goodreads.com/book/show/121749.Prince_Caspian,https://www.goodreads.com/author/show/1069006.C_S_Lewis,https://i.gr-assets.com/images/S/compressed.photo.goodreads.com/books/1308814880i/121749._SY75_.jpg,3.98,499655,15448,263,8,4.02921966632416,"3,5 a 4,0",Muito alta
764,17212231,"Inferno (Robert Langdon, #4)",Dan    Brown,630,https://www.goodreads.com/book/show/17212231-inferno,https://www.goodreads.com/author/show/630.Dan_Brown,https://i.gr-assets.com/images/S/compressed.photo.goodreads.com/books/1534070896i/17212231._SY75_.jpg,3.91,609905,15399,195,8,3.9811472355105955,"3,5 a 4,0",Muito alta
765,5439,Interpreter of Maladies,Jhumpa Lahiri,3670,https://www.goodreads.com/book/show/5439.Interpreter_of_Maladies,https://www.goodreads.com/author/show/3670.Jhumpa_Lahiri,https://i.gr-assets.com/images/S/compressed.photo.goodreads.com/books/1442586143i/5439._SY75_.jpg,4.18,211448,15336,205,8,4.122949720487197,"4,0 a 4,25",Alta
766,30868,"The Bean Trees (Greer Family, #1)",Barbara Kingsolver,3541,https://www.goodreads.com/book/show/30868.The_Bean_Trees,https://www.goodreads.com/author/show/3541.Barbara_Kingsolver,https://i.gr-assets.com/images/S/compressed.photo.goodreads.com/books/1443483961i/30868._SY75_.jpg,4.02,181241,15290,223,8,4.0692703385779065,"4,0 a 4,25",Alta
767,415,Gravity’s Rainbow,Thomas Pynchon,235,https://www.goodreads.com/book/show/415.Gravity_s_Rainbow,https://www.goodreads.com/author/show/235.Thomas_Pynchon,https://i.gr-assets.com/images/S/compressed.photo.goodreads.com/books/1657594227i/415._SY75_.jpg,4.02,50176,15281,177,8,4.083904940599775,"4,0 a 4,25",Média
768,216505858,The Pythagorean,Alexander Morpheigh,51005711,https://www.goodreads.com/book/show/216505858-the-pythagorean,https://www.goodreads.com/author/show/51005711.Alexander_Morpheigh,https://i.gr-assets.com/images/S/compressed.photo.goodreads.com/books/1721049574i/216505858._SY75_.jpg,4.32,7490,15228,168,8,4.096386655061868,"4,25 a 4,5",Baixa
769,12513614,"Captive in the Dark (The Dark Duet, #1)",C.J. Roberts,5174152,https://www.goodreads.com/book/show/12513614-captive-in-the-dark,https://www.goodreads.com/author/show/5174152.C_J_Roberts,https://i.gr-assets.com/images/S/compressed.photo.goodreads.com/books/1315343569i/12513614._SX50_.jpg,3.93,75512,15227,165,8,4.065869564835716,"3,5 a 4,0",Média
770,44421460,"Before the Coffee Gets Cold (Before the Coffee Gets Cold, #1)",Toshikazu Kawaguchi,16836980,https://www.goodreads.com/book/show/44421460-before-the-coffee-gets-cold,https://www.goodreads.com/author/show/16836980.Toshikazu_Kawaguchi,https://i.gr-assets.com/images/S/compressed.photo.goodreads.com/books/1704153539i/44421460._SY75_.jpg,3.64,772269,15205,166,8,3.791982816343924,"3,5 a 4,0",Muito alta
771,366522,"P.S. I Love You (P.S. I Love You, #1)",Cecelia Ahern,7116,https://www.goodreads.com/book/show/366522.P_S_I_Love_You,https://www.goodreads.com/author/show/7116.Cecelia_Ahern,https://i.gr-assets.com/images/S/compressed.photo.goodreads.com/books/1392344536i/366522._SX50_.jpg,4.04,402056,15146,197,8,4.065691498216418,"4,0 a 4,25",Muito alta
772,52529,"The Secret (The Secret, #1)",Rhonda Byrne,29655,https://www.goodreads.com/book/show/52529.The_Secret,https://www.goodreads.com/author/show/29655.Rhonda_Byrne,https://i.gr-assets.com/images/S/compressed.photo.goodreads.com/books/1659289885i/52529._SX50_.jpg,3.74,547867,15096,198,8,3.886654695533378,"3,5 a 4,0",Muito alta
773,43758,"The Queen of the Damned (The Vampire Chronicles, #3)",Anne Rice,7577,https://www.goodreads.com/book/show/43758.The_Queen_of_the_Damned,https://www.goodreads.com/author/show/7577.Anne_Rice,https://i.gr-assets.com/images/S/compressed.photo.goodreads.com/books/1327871992i/43758._SY75_.jpg,3.93,165480,15076,217,8,4.04390626072356,"3,5 a 4,0",Alta
774,27003,"The Eyre Affair (Thursday Next, #1)",Jasper Fforde,4432,https://www.goodreads.com/book/show/27003.The_Eyre_Affair,https://www.goodreads.com/author/show/4432.Jasper_Fforde,https://i.gr-assets.com/images/S/compressed.photo.goodreads.com/books/1445540555i/27003._SY75_.jpg,3.88,139188,15072,193,8,4.036429718700187,"3,5 a 4,0",Média
775,37190,The Tale of Despereaux,Kate DiCamillo,13663,https://www.goodreads.com/book/show/37190.The_Tale_of_Despereaux,https://www.goodreads.com/author/show/13663.Kate_DiCamillo,https://i.gr-assets.com/images/S/compressed.photo.goodreads.com/books/1412211823i/37190._SX50_.jpg,4.08,218922,15068,186,8,4.087760032881819,"4,0 a 4,25",Alta
776,1371,The Iliad,Homer,903,https://www.goodreads.com/book/show/1371.The_Iliad,https://www.goodreads.com/author/show/903.Homer,https://i.gr-assets.com/images/S/compressed.photo.goodreads.com/books/1625333695i/1371._SX50_.jpg,3.94,536254,15014,195,8,4.0041461418306605,"3,5 a 4,0",Muito alta
777,305234,"Wicked Lovely (Wicked Lovely, #1)",Melissa Marr,175855,https://www.goodreads.com/book/show/305234.Wicked_Lovely,https://www.goodreads.com/author/show/175855.Melissa_Marr,https://i.gr-assets.com/images/S/compressed.photo.goodreads.com/books/1327814035i/305234._SX50_.jpg,3.7,167014,15005,192,8,3.974763965075822,"3,5 a 4,0",Alta
778,17125,One Day in the Life of Ivan Denisovich,Aleksandr Solzhenitsyn,19771050,https://www.goodreads.com/book/show/17125.One_Day_in_the_Life_of_Ivan_Denisovich,https://www.goodreads.com/author/show/19771050.Aleksandr_Solzhenitsyn,https://i.gr-assets.com/images/S/compressed.photo.goodreads.com/books/1574794164i/17125._SY75_.jpg,3.98,128923,14961,217,8,4.064310385065492,"3,5 a 4,0",Média
779,3869,A Brief History of Time,Stephen W. Hawking,1401,https://www.goodreads.com/book/show/3869.A_Brief_History_of_Time,https://www.goodreads.com/author/show/1401.Stephen_W_Hawking,https://i.gr-assets.com/images/S/compressed.photo.goodreads.com/books/1333578746i/3869._SX50_.jpg,4.21,493357,14943,216,8,4.15786873796149,"4,0 a 4,25",Muito alta
780,47212,"Storm Front (The Dresden Files, #1)",Jim  Butcher,10746,https://www.goodreads.com/book/show/47212.Storm_Front,https://www.goodreads.com/author/show/10746.Jim_Butcher,https://i.gr-assets.com/images/S/compressed.photo.goodreads.com/books/1572991273i/47212._SY75_.jpg,3.96,391083,14893,179,8,4.026051809992473,"3,5 a 4,0",Muito alta
781,58679358,"One of Us Is Lying (One of Us is Lying, #1)",Karen M. McManus,15127507,https://www.goodreads.com/book/show/58679358-one-of-us-is-lying,https://www.goodreads.com/author/show/15127507.Karen_M_McManus,https://i.gr-assets.com/images/S/compressed.photo.goodreads.com/books/1632078539i/58679358._SY75_.jpg,3.9,1110925,14744,167,8,3.950018567770463,"3,5 a 4,0",Muito alta
782,5527,All the King's Men,Robert Penn Warren,3736,https://www.goodreads.com/book/show/5527.All_the_King_s_Men,https://www.goodreads.com/author/show/3736.Robert_Penn_Warren,https://i.gr-assets.com/images/S/compressed.photo.goodreads.com/books/1342193852i/5527._SY75_.jpg,4.09,67861,14713,203,8,4.091792893974017,"4,0 a 4,25",Média
783,127305892,No One Can Know,Kate Alice Marshall,17294875,https://www.goodreads.com/book/show/127305892-no-one-can-know,https://www.goodreads.com/author/show/17294875.Kate_Alice_Marshall,https://i.gr-assets.com/images/S/compressed.photo.goodreads.com/books/1684451250i/127305892._SY75_.jpg,3.64,91389,14646,156,8,4.006466853928148,"3,5 a 4,0",Média
784,36236125,Invisible Monsters,Chuck Palahniuk,2546,https://www.goodreads.com/book/show/36236125-invisible-monsters,https://www.goodreads.com/author/show/2546.Chuck_Palahniuk,https://i.gr-assets.com/images/S/compressed.photo.goodreads.com/books/1508534066i/36236125._SX50_.jpg,3.99,154318,14625,179,8,4.063214155510991,"3,5 a 4,0",Alta
785,15783514,The Ocean at the End of the Lane,Neil Gaiman,1221698,https://www.goodreads.com/book/show/15783514-the-ocean-at-the-end-of-the-lane,https://www.goodreads.com/author/show/1221698.Neil_Gaiman,https://i.gr-assets.com/images/S/compressed.photo.goodreads.com/books/1497098563i/15783514._SY75_.jpg,4.01,666313,14618,175,8,4.040366449487714,"4,0 a 4,25",Muito alta
786,33507,Twenty Thousand Leagues Under the Sea,Jules Verne,696805,https://www.goodreads.com/book/show/33507.Twenty_Thousand_Leagues_Under_the_Sea,https://www.goodreads.com/author/show/696805.Jules_Verne,https://i.gr-assets.com/images/S/compressed.photo.goodreads.com/books/1494979127i/33507._SX50_.jpg,3.89,284502,14508,215,8,4.006993786324474,"3,5 a 4,0",Alta
787,60510,"Poison Study (Study, #1)",Maria V. Snyder,445303,https://www.goodreads.com/book/show/60510.Poison_Study,https://www.goodreads.com/author/show/445303.Maria_V_Snyder,https://i.gr-assets.com/images/S/compressed.photo.goodreads.com/books/1388519019i/60510._SY75_.jpg,4.08,178937,14500,175,8,4.088304375430415,"4,0 a 4,25",Alta
788,2767793,"The Hero of Ages (Mistborn, #3)",Brandon Sanderson,38550,https://www.goodreads.com/book/show/2767793-the-hero-of-ages,https://www.goodreads.com/author/show/38550.Brandon_Sanderson,https://i.gr-assets.com/images/S/compressed.photo.goodreads.com/books/1628563911i/2767793._SY75_.jpg,4.56,653445,14493,168,8,4.3848151195870475,"Acima de 4,5",Muito alta
789,10441,The Memory Keeper's Daughter,Kim Edwards,6876,https://www.goodreads.com/book/show/10441.The_Memory_Keeper_s_Daughter,https://www.goodreads.com/author/show/6876.Kim_Edwards,https://i.gr-assets.com/images/S/compressed.photo.goodreads.com/books/1631287935i/10441._SY75_.jpg,3.7,614980,14481,202,8,3.8524205435884458,"3,5 a 4,0",Muito alta
790,205404157,"Viciously Yours (Fae Kings of Eden, #1)",Jamie Applegate Hunter,21588967,https://www.goodreads.com/book/show/205404157-viciously-yours,https://www.goodreads.com/author/show/21588967.Jamie_Applegate_Hunter,https://i.gr-assets.com/images/S/compressed.photo.goodreads.com/books/1753442907i/205404157._SY75_.jpg,3.58,49055,14460,153,8,4.035027832658447,"3,5 a 4,0",Baixa
791,19547856,"Simon vs. the Homo Sapiens Agenda (Simonverse, #1)",Becky Albertalli,7579036,https://www.goodreads.com/book/show/19547856-simon-vs-the-homo-sapiens-agenda,https://www.goodreads.com/author/show/7579036.Becky_Albertalli,https://i.gr-assets.com/images/S/compressed.photo.goodreads.com/books/1402915678i/19547856._SY75_.jpg,4.12,473679,14421,165,8,4.107384254873102,"4,0 a 4,25",Muito alta
792,17841,Foucault’s Pendulum,Umberto Eco,1730,https://www.goodreads.com/book/show/17841.Foucault_s_Pendulum,https://www.goodreads.com/author/show/1730.Umberto_Eco,https://i.gr-assets.com/images/S/compressed.photo.goodreads.com/books/1396645125i/17841._SY75_.jpg,3.91,76529,14399,190,8,4.062300863910558,"3,5 a 4,0",Média
793,1582996,"City of Ashes (The Mortal Instruments, #2)",Cassandra Clare,150038,https://www.goodreads.com/book/show/1582996.City_of_Ashes,https://www.goodreads.com/author/show/150038.Cassandra_Clare,https://i.gr-assets.com/images/S/compressed.photo.goodreads.com/books/1432730356i/1582996._SY75_.jpg,4.1,1011256,14396,206,8,4.097797979977349,"4,0 a 4,25",Muito alta
794,35729,"Lover Eternal (Black Dagger Brotherhood, #2)",J.R. Ward,20248,https://www.goodreads.com/book/show/35729.Lover_Eternal,https://www.goodreads.com/author/show/20248.J_R_Ward,https://i.gr-assets.com/images/S/compressed.photo.goodreads.com/books/1300845974i/35729._SY75_.jpg,4.32,204515,14382,183,8,4.170358672636599,"4,25 a 4,5",Alta
795,64216,"Guards! Guards! (Discworld, #8; City Watch, #1)",Terry Pratchett,1654,https://www.goodreads.com/book/show/64216.Guards_Guards_,https://www.goodreads.com/author/show/1654.Terry_Pratchett,https://i.gr-assets.com/images/S/compressed.photo.goodreads.com/books/1431127356i/64216._SY75_.jpg,4.34,245230,14377,173,8,4.187641496545516,"4,25 a 4,5",Alta
796,61608233,Taming Flame,Therisa Peimer,22565447,https://www.goodreads.com/book/show/61608233-taming-flame,https://www.goodreads.com/author/show/22565447.Therisa_Peimer,https://i.gr-assets.com/images/S/compressed.photo.goodreads.com/books/1658244114i/61608233._SX50_.jpg,4.28,16645,14313,150,8,4.099774668139061,"4,25 a 4,5",Baixa
797,7869,"The Bourne Identity (Jason Bourne, #1)",Robert Ludlum,5293,https://www.goodreads.com/book/show/7869.The_Bourne_Identity,https://www.goodreads.com/author/show/5293.Robert_Ludlum,https://i.gr-assets.com/images/S/compressed.photo.goodreads.com/books/1335860740i/7869._SY75_.jpg,4.05,444160,14266,210,8,4.069714152952906,"4,0 a 4,25",Muito alta
798,196970,The Night Before Christmas,Clement Clarke Moore,64709,https://www.goodreads.com/book/show/196970.The_Night_Before_Christmas,https://www.goodreads.com/author/show/64709.Clement_Clarke_Moore,https://i.gr-assets.com/images/S/compressed.photo.goodreads.com/books/1388370094i/196970._SX50_.jpg,4.4,129043,14264,234,8,4.168493173784124,"4,25 a 4,5",Média
799,204787816,Gray After Dark,Noelle W. Ihli,21646097,https://www.goodreads.com/book/show/204787816-gray-after-dark,https://www.goodreads.com/author/show/21646097.Noelle_W_Ihli,https://i.gr-assets.com/images/S/compressed.photo.goodreads.com/books/1708240567i/204787816._SY75_.jpg,4.17,138917,14242,150,8,4.112521216171201,"4,0 a 4,25",Média
800,50659472,"A Court of Wings and Ruin (A Court of Thorns and Roses, #3)",Sarah J. Maas,3433047,https://www.goodreads.com/book/show/50659472-a-court-of-wings-and-ruin,https://www.goodreads.com/author/show/3433047.Sarah_J_Maas,https://i.gr-assets.com/images/S/compressed.photo.goodreads.com/books/1585623092i/50659472._SX50_.jpg,4.46,2940655,14174,164,8,4.416816189998862,"4,25 a 4,5",Muito alta
801,2767,A People’s History of the United States: 1492 - Present,Howard Zinn,1899,https://www.goodreads.com/book/show/2767.A_People_s_History_of_the_United_States,https://www.goodreads.com/author/show/1899.Howard_Zinn,https://i.gr-assets.com/images/S/compressed.photo.goodreads.com/books/1494279423i/2767._SY75_.jpg,4.09,273870,14173,192,9,4.091237435852204,"4,0 a 4,25",Alta
802,19351490,Grimm's Fairy Tales,Jacob Grimm,2938140,https://www.goodreads.com/book/show/19351490-grimm-s-fairy-tales,https://www.goodreads.com/author/show/2938140.Jacob_Grimm,https://i.gr-assets.com/images/S/compressed.photo.goodreads.com/books/1386705031i/19351490._SX50_.jpg,4.23,223595,14163,234,9,4.1422651721627215,"4,0 a 4,25",Alta
803,357664,Because of Winn-Dixie,Kate DiCamillo,13663,https://www.goodreads.com/book/show/357664.Because_of_Winn_Dixie,https://www.goodreads.com/author/show/13663.Kate_DiCamillo,https://i.gr-assets.com/images/S/compressed.photo.goodreads.com/books/1456871914i/357664._SX50_.jpg,4.11,286055,14153,193,9,4.099664138834791,"4,0 a 4,25",Alta
804,12842828,"Keeper of the Lost Cities (Keeper of the Lost Cities, #1)",Shannon Messenger,5265998,https://www.goodreads.com/book/show/12842828-keeper-of-the-lost-cities,https://www.goodreads.com/author/show/5265998.Shannon_Messenger,https://i.gr-assets.com/images/S/compressed.photo.goodreads.com/books/1326469854i/12842828._SX50_.jpg,4.38,122061,14146,156,9,4.160585805770043,"4,25 a 4,5",Média
805,110737,Seabiscuit: An American Legend,Laura Hillenbrand,30913,https://www.goodreads.com/book/show/110737.Seabiscuit,https://www.goodreads.com/author/show/30913.Laura_Hillenbrand,https://i.gr-assets.com/images/S/compressed.photo.goodreads.com/books/1171644213i/110737._SY75_.jpg,4.23,170892,14142,206,9,4.134037213366662,"4,0 a 4,25",Alta
806,28954189,"Scythe (Arc of a Scythe, #1)",Neal Shusterman,19564,https://www.goodreads.com/book/show/28954189-scythe,https://www.goodreads.com/author/show/19564.Neal_Shusterman,https://i.gr-assets.com/images/S/compressed.photo.goodreads.com/books/1456172676i/28954189._SY75_.jpg,4.32,443581,14127,156,9,4.21321933273928,"4,25 a 4,5",Muito alta
807,8492825,"Where She Went (If I Stay, #2)",Gayle Forman,295178,https://www.goodreads.com/book/show/8492825-where-she-went,https://www.goodreads.com/author/show/295178.Gayle_Forman,https://i.gr-assets.com/images/S/compressed.photo.goodreads.com/books/1347810457i/8492825._SX50_.jpg,3.96,307811,14063,179,9,4.033921793178987,"3,5 a 4,0",Alta
808,16328,"The Murder of Roger Ackroyd (Hercule Poirot, #4)",Agatha Christie,123715,https://www.goodreads.com/book/show/16328.The_Murder_of_Roger_Ackroyd,https://www.goodreads.com/author/show/123715.Agatha_Christie,https://i.gr-assets.com/images/S/compressed.photo.goodreads.com/books/1389734015i/16328._SY75_.jpg,4.26,373203,14045,194,9,4.174088329626268,"4,25 a 4,5",Alta
809,58536005,The Club,Ellery Lloyd,19874425,https://www.goodreads.com/book/show/58536005-the-club,https://www.goodreads.com/author/show/19874425.Ellery_Lloyd,https://i.gr-assets.com/images/S/compressed.photo.goodreads.com/books/1644230879i/58536005._SY75_.jpg,3.28,131440,14043,149,9,3.8878193859248658,"Até 3,5",Média
810,198494009,"Think Twice (Myron Bolitar, #12)",Harlan Coben,24689,https://www.goodreads.com/book/show/198494009-think-twice,https://www.goodreads.com/author/show/24689.Harlan_Coben,https://i.gr-assets.com/images/S/compressed.photo.goodreads.com/books/1697047908i/198494009._SY75_.jpg,4.22,55076,14035,148,9,4.10789217331801,"4,0 a 4,25",Média
811,3867,The History of Love,Nicole Krauss,2633,https://www.goodreads.com/book/show/3867.The_History_of_Love,https://www.goodreads.com/author/show/2633.Nicole_Krauss,https://i.gr-assets.com/images/S/compressed.photo.goodreads.com/books/1327911009i/3867._SY75_.jpg,3.92,142723,13983,169,9,4.046088588545884,"3,5 a 4,0",Média
812,227571,Peace Like a River,Leif Enger,13591,https://www.goodreads.com/book/show/227571.Peace_Like_a_River,https://www.goodreads.com/author/show/13591.Leif_Enger,https://i.gr-assets.com/images/S/compressed.photo.goodreads.com/books/1436139976i/227571._SY75_.jpg,4.03,105517,13974,170,9,4.078908153325302,"4,0 a 4,25",Média
813,23522,Mythology,Edith Hamilton,13263,https://www.goodreads.com/book/show/23522.Mythology,https://www.goodreads.com/author/show/13263.Edith_Hamilton,https://i.gr-assets.com/images/S/compressed.photo.goodreads.com/books/1305000423i/23522._SY75_.jpg,4.04,61397,13942,210,9,4.085033974373325,"4,0 a 4,25",Média
814,15622,Native Son,Richard Wright,9657,https://www.goodreads.com/book/show/15622.Native_Son,https://www.goodreads.com/author/show/9657.Richard_Wright,https://i.gr-assets.com/images/S/compressed.photo.goodreads.com/books/1627788308i/15622._SX50_.jpg,4.05,107738,13932,200,9,4.083010114190776,"4,0 a 4,25",Média
815,59219,"The Talisman (The Talisman, #1)",Stephen  King,3389,https://www.goodreads.com/book/show/59219.The_Talisman,https://www.goodreads.com/author/show/3389.Stephen_King,https://i.gr-assets.com/images/S/compressed.photo.goodreads.com/books/1170530286i/59219._SX50_.jpg,4.1,148112,13922,191,9,4.094272968985581,"4,0 a 4,25",Média
816,1554,"Oedipus Rex  (The Theban Plays, #1)",Sophocles,1002,https://www.goodreads.com/book/show/1554.Oedipus_Rex,https://www.goodreads.com/author/show/1002.Sophocles,https://i.gr-assets.com/images/S/compressed.photo.goodreads.com/books/1388182316i/1554._SY75_.jpg,3.73,243650,13909,208,9,3.9531054725141326,"3,5 a 4,0",Alta
817,166997,Stoner,John  Williams,51229,https://www.goodreads.com/book/show/166997.Stoner,https://www.goodreads.com/author/show/51229.John_Williams,https://i.gr-assets.com/images/S/compressed.photo.goodreads.com/books/1742326950i/166997._SY75_.jpg,4.36,301890,13871,153,9,4.208811845807345,"4,25 a 4,5",Alta
818,60168787,Ask for Andrea,Noelle W. Ihli,21646097,https://www.goodreads.com/book/show/60168787-ask-for-andrea,https://www.goodreads.com/author/show/21646097.Noelle_W_Ihli,https://i.gr-assets.com/images/S/compressed.photo.goodreads.com/books/1642696843i/60168787._SX50_.jpg,4.07,300226,13867,147,9,4.082504505269188,"4,0 a 4,25",Alta
819,99300,The Yellow Wallpaper and Other Stories,Charlotte Perkins Gilman,29527,https://www.goodreads.com/book/show/99300.The_Yellow_Wallpaper_and_Other_Stories,https://www.goodreads.com/author/show/29527.Charlotte_Perkins_Gilman,https://i.gr-assets.com/images/S/compressed.photo.goodreads.com/books/1327909237i/99300._SY75_.jpg,4.06,386446,13852,201,9,4.076147684176782,"4,0 a 4,25",Alta
820,32822135,"Archer's Voice (Pelion Lake, #1)",Mia Sheridan,6994378,https://www.goodreads.com/book/show/32822135-archer-s-voice,https://www.goodreads.com/author/show/6994378.Mia_Sheridan,https://i.gr-assets.com/images/S/compressed.photo.goodreads.com/books/1656593818i/32822135._SY75_.jpg,4.16,717330,13809,157,9,4.1360442429830275,"4,0 a 4,25",Muito alta
821,46756,"Oryx and Crake (MaddAddam, #1)",Margaret Atwood,3472,https://www.goodreads.com/book/show/46756.Oryx_and_Crake,https://www.goodreads.com/author/show/3472.Margaret_Atwood,https://i.gr-assets.com/images/S/compressed.photo.goodreads.com/books/1668379066i/46756._SY75_.jpg,4.0,295093,13802,179,9,4.05249414073039,"3,5 a 4,0",Alta
822,14290364,"Champion (Legend, #3)",Marie Lu,4342215,https://www.goodreads.com/book/show/14290364-champion,https://www.goodreads.com/author/show/4342215.Marie_Lu,https://i.gr-assets.com/images/S/compressed.photo.goodreads.com/books/1382652310i/14290364._SY75_.jpg,4.3,237952,13764,166,9,4.1707473917661675,"4,25 a 4,5",Alta
823,374233,If on a Winter's Night a Traveler,Italo Calvino,155517,https://www.goodreads.com/book/show/374233.If_on_a_Winter_s_Night_a_Traveler,https://www.goodreads.com/author/show/155517.Italo_Calvino,https://i.gr-assets.com/images/S/compressed.photo.goodreads.com/books/1763828460i/374233._SY75_.jpg,4.01,117006,13679,169,9,4.073196479534253,"4,0 a 4,25",Média
824,127281143,The Butcher of the Forest,Premee Mohamed,16489415,https://www.goodreads.com/book/show/127281143-the-butcher-of-the-forest,https://www.goodreads.com/author/show/16489415.Premee_Mohamed,https://i.gr-assets.com/images/S/compressed.photo.goodreads.com/books/1685624911i/127281143._SY75_.jpg,3.83,12961,13658,148,9,4.083696131397312,"3,5 a 4,0",Baixa
825,61800582,Head Like a Hole,Andrew Van Wey,5187310,https://www.goodreads.com/book/show/61800582-head-like-a-hole,https://www.goodreads.com/author/show/5187310.Andrew_Van_Wey,https://i.gr-assets.com/images/S/compressed.photo.goodreads.com/books/1659300362i/61800582._SY75_.jpg,3.83,6075,13641,145,9,4.088094787493319,"3,5 a 4,0",Baixa
826,2536134,"Gone (Gone, #1)",Michael  Grant,1599723,https://www.goodreads.com/book/show/2536134.Gone,https://www.goodreads.com/author/show/1599723.Michael_Grant,https://i.gr-assets.com/images/S/compressed.photo.goodreads.com/books/1357796831i/2536134._SY75_.jpg,3.87,213598,13638,164,9,4.013647513490428,"3,5 a 4,0",Alta
827,10967,"The Fiery Cross (Outlander, #5)",Diana Gabaldon,3617,https://www.goodreads.com/book/show/10967.The_Fiery_Cross,https://www.goodreads.com/author/show/3617.Diana_Gabaldon,https://i.gr-assets.com/images/S/compressed.photo.goodreads.com/books/1407366842i/10967._SY75_.jpg,4.26,231626,13587,178,9,4.154555673915531,"4,25 a 4,5",Alta
828,17214,Starship Troopers,Robert A. Heinlein,205,https://www.goodreads.com/book/show/17214.Starship_Troopers,https://www.goodreads.com/author/show/205.Robert_A_Heinlein,https://i.gr-assets.com/images/S/compressed.photo.goodreads.com/books/1614054412i/17214._SY75_.jpg,4.0,251938,13557,170,9,4.0560171867429995,"3,5 a 4,0",Alta
829,55030,Cosmos,Carl Sagan,10538,https://www.goodreads.com/book/show/55030.Cosmos,https://www.goodreads.com/author/show/10538.Carl_Sagan,https://i.gr-assets.com/images/S/compressed.photo.goodreads.com/books/1388620656i/55030._SX50_.jpg,4.4,163563,13555,180,9,4.182901729980731,"4,25 a 4,5",Alta
830,32423,Watchers,Dean Koontz,9355,https://www.goodreads.com/book/show/32423.Watchers,https://www.goodreads.com/author/show/9355.Dean_Koontz,https://i.gr-assets.com/images/S/compressed.photo.goodreads.com/books/1532695250i/32423._SY75_.jpg,4.19,174603,13549,172,9,4.122320415599706,"4,0 a 4,25",Alta
831,50531218,"The Hawthorne Legacy (The Inheritance Games, #2)",Jennifer Lynn Barnes,164187,https://www.goodreads.com/book/show/50531218-the-hawthorne-legacy,https://www.goodreads.com/author/show/164187.Jennifer_Lynn_Barnes,https://i.gr-assets.com/images/S/compressed.photo.goodreads.com/books/1610493390i/50531218._SY75_.jpg,4.18,669211,13541,153,9,4.147580212142554,"4,0 a 4,25",Muito alta
832,131359,"Death on the Nile (Hercule Poirot, #18)",Agatha Christie,123715,https://www.goodreads.com/book/show/131359.Death_on_the_Nile,https://www.goodreads.com/author/show/123715.Agatha_Christie,https://i.gr-assets.com/images/S/compressed.photo.goodreads.com/books/1486837149i/131359._SY75_.jpg,4.12,323194,13462,212,9,4.1047263415065425,"4,0 a 4,25",Alta
833,57040367,The Roommate,Kiersten Modglin,15300347,https://www.goodreads.com/book/show/57040367-the-roommate,https://www.goodreads.com/author/show/15300347.Kiersten_Modglin,https://i.gr-assets.com/images/S/compressed.photo.goodreads.com/books/1613149059i/57040367._SY75_.jpg,3.76,14640,13457,142,9,4.08012038180941,"3,5 a 4,0",Baixa
834,682804,"The Killer Angels (The Civil War Trilogy, #2)",Michael Shaara,16892,https://www.goodreads.com/book/show/682804.The_Killer_Angels,https://www.goodreads.com/author/show/16892.Michael_Shaara,https://i.gr-assets.com/images/S/compressed.photo.goodreads.com/books/1355371689i/682804._SX50_.jpg,4.34,94335,13440,175,9,4.140279752764512,"4,25 a 4,5",Média
835,18545,Rosencrantz and Guildenstern Are Dead,Tom Stoppard,293,https://www.goodreads.com/book/show/18545.Rosencrantz_and_Guildenstern_Are_Dead,https://www.goodreads.com/author/show/293.Tom_Stoppard,https://i.gr-assets.com/images/S/compressed.photo.goodreads.com/books/1338735611i/18545._SY75_.jpg,4.04,94301,13439,188,9,4.081981123925653,"4,0 a 4,25",Média
836,7304203,"Shadowfever (Fever, #5)",Karen Marie Moning,48206,https://www.goodreads.com/book/show/7304203-shadowfever,https://www.goodreads.com/author/show/48206.Karen_Marie_Moning,https://i.gr-assets.com/images/S/compressed.photo.goodreads.com/books/1439940228i/7304203._SY75_.jpg,4.39,113774,13434,156,9,4.159237803344427,"4,25 a 4,5",Média
837,47989,"Night Watch (Discworld, #29; City Watch, #6)",Terry Pratchett,1654,https://www.goodreads.com/book/show/47989.Night_Watch,https://www.goodreads.com/author/show/1654.Terry_Pratchett,https://i.gr-assets.com/images/S/compressed.photo.goodreads.com/books/1320518310i/47989._SY75_.jpg,4.5,121335,13414,167,9,4.188689753189671,"4,25 a 4,5",Média
838,334176,"The Sparrow (The Sparrow, #1)",Mary Doria Russell,4007,https://www.goodreads.com/book/show/334176.The_Sparrow,https://www.goodreads.com/author/show/4007.Mary_Doria_Russell,https://i.gr-assets.com/images/S/compressed.photo.goodreads.com/books/1230829367i/334176._SY75_.jpg,4.13,84937,13406,158,9,4.098865875060331,"4,0 a 4,25",Média
839,59316367,Look Closer,David  Ellis,4490971,https://www.goodreads.com/book/show/59316367-look-closer,https://www.goodreads.com/author/show/4490971.David_Ellis,https://i.gr-assets.com/images/S/compressed.photo.goodreads.com/books/1650843418i/59316367._SY75_.jpg,4.13,186249,13382,142,9,4.104329408623061,"4,0 a 4,25",Alta
840,10965,"A Breath of Snow and Ashes (Outlander, #6)",Diana Gabaldon,3617,https://www.goodreads.com/book/show/10965.A_Breath_of_Snow_and_Ashes,https://www.goodreads.com/author/show/3617.Diana_Gabaldon,https://i.gr-assets.com/images/S/compressed.photo.goodreads.com/books/1734099153i/10965._SY75_.jpg,4.44,195784,13379,173,9,4.208165614646305,"4,25 a 4,5",Alta
841,547094,I Am Legend and Other Stories,Richard Matheson,8726,https://www.goodreads.com/book/show/547094.I_Am_Legend_and_Other_Stories,https://www.goodreads.com/author/show/8726.Richard_Matheson,https://i.gr-assets.com/images/S/compressed.photo.goodreads.com/books/1317791583i/547094._SY75_.jpg,4.0,138043,13353,185,9,4.068075004000482,"3,5 a 4,0",Média
842,3980,From the Mixed-up Files of Mrs. Basil E. Frankweiler,E.L. Konigsburg,2713,https://www.goodreads.com/book/show/3980.From_the_Mixed_up_Files_of_Mrs_Basil_E_Frankweiler,https://www.goodreads.com/author/show/2713.E_L_Konigsburg,https://i.gr-assets.com/images/S/compressed.photo.goodreads.com/books/1327784751i/3980._SY75_.jpg,4.16,222203,13345,187,9,4.116703860811573,"4,0 a 4,25",Alta
843,6320534,Under the Dome,Stephen  King,3389,https://www.goodreads.com/book/show/6320534-under-the-dome,https://www.goodreads.com/author/show/3389.Stephen_King,https://i.gr-assets.com/images/S/compressed.photo.goodreads.com/books/1511289992i/6320534._SY75_.jpg,3.93,331619,13343,184,9,4.0177207358906655,"3,5 a 4,0",Alta
844,6853,"One for the Money (Stephanie Plum, #1)",Janet Evanovich,2384,https://www.goodreads.com/book/show/6853.One_for_the_Money,https://www.goodreads.com/author/show/2384.Janet_Evanovich,https://i.gr-assets.com/images/S/compressed.photo.goodreads.com/books/1316730230i/6853._SY75_.jpg,4.04,586784,13319,180,9,4.060838128583733,"4,0 a 4,25",Muito alta
845,56495,The Purpose Driven Life: What on Earth Am I Here for?,Rick Warren,711,https://www.goodreads.com/book/show/56495.The_Purpose_Driven_Life,https://www.goodreads.com/author/show/711.Rick_Warren,https://i.gr-assets.com/images/S/compressed.photo.goodreads.com/books/1440111652i/56495._SY75_.jpg,3.99,298048,13290,157,9,4.047944047317718,"3,5 a 4,0",Alta
846,112750,"Darkfever (Fever, #1)",Karen Marie Moning,48206,https://www.goodreads.com/book/show/112750.Darkfever,https://www.goodreads.com/author/show/48206.Karen_Marie_Moning,https://i.gr-assets.com/images/S/compressed.photo.goodreads.com/books/1726371112i/112750._SY75_.jpg,4.05,192422,13263,171,9,4.078219342407555,"4,0 a 4,25",Alta
847,101145468,"Not Forever, But For Now",Chuck Palahniuk,2546,https://www.goodreads.com/book/show/101145468-not-forever-but-for-now,https://www.goodreads.com/author/show/2546.Chuck_Palahniuk,https://i.gr-assets.com/images/S/compressed.photo.goodreads.com/books/1687711848i/101145468._SY75_.jpg,3.01,5372,13262,140,9,4.077441312736512,"Até 3,5",Baixa
848,27523,"Left Behind (Left Behind, #1)",Tim LaHaye,7625163,https://www.goodreads.com/book/show/27523.Left_Behind,https://www.goodreads.com/author/show/7625163.Tim_LaHaye,https://i.gr-assets.com/images/S/compressed.photo.goodreads.com/books/1406505054i/27523._SY75_.jpg,3.87,250687,13233,181,9,4.005345845748716,"3,5 a 4,0",Alta
849,39657755,The Girl Who Was Taken,Charlie Donlea,13922088,https://www.goodreads.com/book/show/39657755-the-girl-who-was-taken,https://www.goodreads.com/author/show/13922088.Charlie_Donlea,https://i.gr-assets.com/images/S/compressed.photo.goodreads.com/books/1522156793i/39657755._SY75_.jpg,4.15,203039,13212,140,9,4.111889819178709,"4,0 a 4,25",Alta
850,58124274,"Corrupt (Devil's Night, #1)",Penelope Douglas,7139136,https://www.goodreads.com/book/show/58124274-corrupt,https://www.goodreads.com/author/show/7139136.Penelope_Douglas,https://i.gr-assets.com/images/S/compressed.photo.goodreads.com/books/1621729447i/58124274._SY75_.jpg,3.77,455959,13169,141,9,3.9187163664963776,"3,5 a 4,0",Muito alta
851,7864437,"The Death Cure (The Maze Runner, #3)",James Dashner,348878,https://www.goodreads.com/book/show/7864437-the-death-cure,https://www.goodreads.com/author/show/348878.James_Dashner,https://i.gr-assets.com/images/S/compressed.photo.goodreads.com/books/1303997647i/7864437._SY75_.jpg,3.78,516314,13165,171,9,3.914514627066114,"3,5 a 4,0",Muito alta
852,24768,"Pretties (Uglies, #2)",Scott Westerfeld,13957,https://www.goodreads.com/book/show/24768.Pretties,https://www.goodreads.com/author/show/13957.Scott_Westerfeld,https://i.gr-assets.com/images/S/compressed.photo.goodreads.com/books/1388314207i/24768._SX50_.jpg,3.83,283463,13131,178,9,3.981960238158014,"3,5 a 4,0",Alta
853,78433,The Blind Assassin,Margaret Atwood,3472,https://www.goodreads.com/book/show/78433.The_Blind_Assassin,https://www.goodreads.com/author/show/3472.Margaret_Atwood,https://i.gr-assets.com/images/S/compressed.photo.goodreads.com/books/1451445426i/78433._SY75_.jpg,3.96,167239,13121,182,9,4.052533591007662,"3,5 a 4,0",Alta
854,16286,The Magus,John Fowles,10039,https://www.goodreads.com/book/show/16286.The_Magus,https://www.goodreads.com/author/show/10039.John_Fowles,https://i.gr-assets.com/images/S/compressed.photo.goodreads.com/books/1441323311i/16286._SY75_.jpg,4.05,66337,13075,168,9,4.085997868246259,"4,0 a 4,25",Média
855,2967752,The Elegance of the Hedgehog,Muriel Barbery,643126,https://www.goodreads.com/book/show/2967752-the-elegance-of-the-hedgehog,https://www.goodreads.com/author/show/643126.Muriel_Barbery,https://i.gr-assets.com/images/S/compressed.photo.goodreads.com/books/1347755370i/2967752._SY75_.jpg,3.81,206048,13066,166,9,3.994759892900819,"3,5 a 4,0",Alta
856,50919253,The Arnolfini Art Mysteries,Rich DiSilvio,2953073,https://www.goodreads.com/book/show/50919253-the-arnolfini-art-mysteries,https://www.goodreads.com/author/show/2953073.Rich_DiSilvio,https://i.gr-assets.com/images/S/compressed.photo.goodreads.com/books/1679082803i/50919253._SY75_.jpg,4.34,6610,13064,146,9,4.096224268223488,"4,25 a 4,5",Baixa
857,323355,The Book of Mormon: Another Testament of Jesus Christ,Joseph Smith Jr.,3009967,https://www.goodreads.com/book/show/323355.The_Book_of_Mormon,https://www.goodreads.com/author/show/3009967.Joseph_Smith_Jr_,https://i.gr-assets.com/images/S/compressed.photo.goodreads.com/books/1327389004i/323355._SX50_.jpg,4.22,92514,13031,143,9,4.116571119512773,"4,0 a 4,25",Média
858,2203,John Adams,David McCullough,6281688,https://www.goodreads.com/book/show/2203.John_Adams,https://www.goodreads.com/author/show/6281688.David_McCullough,https://i.gr-assets.com/images/S/compressed.photo.goodreads.com/books/1478144278i/2203._SX50_.jpg,4.09,384224,12978,181,9,4.091061303826656,"4,0 a 4,25",Alta
859,13831,"Alanna: The First Adventure (Song of the Lioness, #1)",Tamora Pierce,8596,https://www.goodreads.com/book/show/13831.Alanna,https://www.goodreads.com/author/show/8596.Tamora_Pierce,https://i.gr-assets.com/images/S/compressed.photo.goodreads.com/books/1388206270i/13831._SY75_.jpg,4.27,138481,12891,161,9,4.138624006356199,"4,25 a 4,5",Média
860,58524608,"Why They Stay: Sex Scandals, Deals, and Hidden Agendas of Eight Political Wives",Anne  Michaud,5251259,https://www.goodreads.com/book/show/58524608-why-they-stay,https://www.goodreads.com/author/show/5251259.Anne_Michaud,https://i.gr-assets.com/images/S/compressed.photo.goodreads.com/books/1625880812i/58524608._SY75_.jpg,4.29,13508,12890,142,9,4.098711151503842,"4,25 a 4,5",Baixa
861,6882,Papillon,Henri Charrière,957910,https://www.goodreads.com/book/show/6882.Papillon,https://www.goodreads.com/author/show/957910.Henri_Charri_re,https://i.gr-assets.com/images/S/compressed.photo.goodreads.com/books/1327865561i/6882._SY75_.jpg,4.23,77499,12874,179,9,4.114910794582993,"4,0 a 4,25",Média
862,1431,Veronika Decides to Die,Paulo Coelho,566,https://www.goodreads.com/book/show/1431.Veronika_Decides_to_Die,https://www.goodreads.com/author/show/566.Paulo_Coelho,https://i.gr-assets.com/images/S/compressed.photo.goodreads.com/books/1348139939i/1431._SY75_.jpg,3.74,249334,12867,160,9,3.9550186209764844,"3,5 a 4,0",Alta
863,41219,Possession,A.S. Byatt,1169504,https://www.goodreads.com/book/show/41219.Possession,https://www.goodreads.com/author/show/1169504.A_S_Byatt,https://i.gr-assets.com/images/S/compressed.photo.goodreads.com/books/1391124124i/41219._SY75_.jpg,3.9,86546,12860,178,9,4.057294741967446,"3,5 a 4,0",Média
864,2666,The Bonfire of the Vanities,Tom Wolfe,3083854,https://www.goodreads.com/book/show/2666.The_Bonfire_of_the_Vanities,https://www.goodreads.com/author/show/3083854.Tom_Wolfe,https://i.gr-assets.com/images/S/compressed.photo.goodreads.com/books/1542903489i/2666._SY75_.jpg,3.93,89452,12849,178,9,4.061928060882427,"3,5 a 4,0",Média
865,214331246,"Sunrise on the Reaping (The Hunger Games, #0.5)",Suzanne Collins,153394,https://www.goodreads.com/book/show/214331246-sunrise-on-the-reaping,https://www.goodreads.com/author/show/153394.Suzanne_Collins,https://i.gr-assets.com/images/S/compressed.photo.goodreads.com/books/1729085500i/214331246._SX50_.jpg,4.49,1304110,12835,142,9,4.39820533553407,"4,25 a 4,5",Muito alta
866,452306,"The Sisterhood of the Traveling Pants (Sisterhood, #1)",Ann Brashares,3681,https://www.goodreads.com/book/show/452306.The_Sisterhood_of_the_Traveling_Pants,https://www.goodreads.com/author/show/3681.Ann_Brashares,https://i.gr-assets.com/images/S/compressed.photo.goodreads.com/books/1461611233i/452306._SY75_.jpg,3.85,741355,12804,182,9,3.9336093472834994,"3,5 a 4,0",Muito alta
867,27833670,Dark Matter,Blake Crouch,442240,https://www.goodreads.com/book/show/27833670-dark-matter,https://www.goodreads.com/author/show/442240.Blake_Crouch,https://i.gr-assets.com/images/S/compressed.photo.goodreads.com/books/1472119680i/27833670._SY75_.jpg,4.13,808221,12802,145,9,4.11764247938269,"4,0 a 4,25",Muito alta
868,321552,The Agony and the Ecstasy,Irving Stone,12833,https://www.goodreads.com/book/show/321552.The_Agony_and_the_Ecstasy,https://www.goodreads.com/author/show/12833.Irving_Stone,https://i.gr-assets.com/images/S/compressed.photo.goodreads.com/books/1327879079i/321552._SY75_.jpg,4.09,99549,12762,170,9,4.091677097440585,"4,0 a 4,25",Média
869,4982,The Sirens of Titan,Kurt Vonnegut Jr.,2778055,https://www.goodreads.com/book/show/4982.The_Sirens_of_Titan,https://www.goodreads.com/author/show/2778055.Kurt_Vonnegut_Jr_,https://i.gr-assets.com/images/S/compressed.photo.goodreads.com/books/1419363185i/4982._SY75_.jpg,4.15,163918,12746,157,9,4.109203491715973,"4,0 a 4,25",Alta
870,60880820,The Shards,Bret Easton Ellis,2751,https://www.goodreads.com/book/show/60880820-the-shards,https://www.goodreads.com/author/show/2751.Bret_Easton_Ellis,https://i.gr-assets.com/images/S/compressed.photo.goodreads.com/books/1658241203i/60880820._SX50_.jpg,4.0,52761,12742,134,9,4.081155279777083,"3,5 a 4,0",Média
871,43352954,This Is How You Lose the Time War,Amal El-Mohtar,4175512,https://www.goodreads.com/book/show/43352954-this-is-how-you-lose-the-time-war,https://www.goodreads.com/author/show/4175512.Amal_El_Mohtar,https://i.gr-assets.com/images/S/compressed.photo.goodreads.com/books/1759084233i/43352954._SY75_.jpg,3.82,373426,12696,138,9,3.959193848056933,"3,5 a 4,0",Alta
872,14995,"Odd Thomas (Odd Thomas, #1)",Dean Koontz,9355,https://www.goodreads.com/book/show/14995.Odd_Thomas,https://www.goodreads.com/author/show/9355.Dean_Koontz,https://i.gr-assets.com/images/S/compressed.photo.goodreads.com/books/1388245669i/14995._SY75_.jpg,4.0,278820,12689,173,9,4.053769310450839,"3,5 a 4,0",Alta
873,58388343,Some Desperate Glory,Emily  Tesh,18758567,https://www.goodreads.com/book/show/58388343-some-desperate-glory,https://www.goodreads.com/author/show/18758567.Emily_Tesh,https://i.gr-assets.com/images/S/compressed.photo.goodreads.com/books/1668621616i/58388343._SY75_.jpg,4.04,22061,12660,134,9,4.089321743440356,"4,0 a 4,25",Baixa
874,10569,On Writing: A Memoir of the Craft,Stephen  King,3389,https://www.goodreads.com/book/show/10569.On_Writing,https://www.goodreads.com/author/show/3389.Stephen_King,https://i.gr-assets.com/images/S/compressed.photo.goodreads.com/books/1436735207i/10569._SY75_.jpg,4.34,327659,12601,169,9,4.205114801843087,"4,25 a 4,5",Alta
875,38311414,House of Sand and Fog,Andre Dubus III,9785,https://www.goodreads.com/book/show/38311414-house-of-sand-and-fog,https://www.goodreads.com/author/show/9785.Andre_Dubus_III,https://i.gr-assets.com/images/S/compressed.photo.goodreads.com/books/1519083021i/38311414._SX50_.jpg,3.86,137465,12595,180,9,4.031738030999208,"3,5 a 4,0",Média
876,76401,Bury My Heart at Wounded Knee: An Indian History of the American West,Dee Brown,43443,https://www.goodreads.com/book/show/76401.Bury_My_Heart_at_Wounded_Knee,https://www.goodreads.com/author/show/43443.Dee_Brown,https://i.gr-assets.com/images/S/compressed.photo.goodreads.com/books/1604058784i/76401._SX50_.jpg,4.26,106160,12590,198,9,4.127949492067977,"4,25 a 4,5",Média
877,30474,The Communist Manifesto,Karl Marx,7084,https://www.goodreads.com/book/show/30474.The_Communist_Manifesto,https://www.goodreads.com/author/show/7084.Karl_Marx,https://i.gr-assets.com/images/S/compressed.photo.goodreads.com/books/1740105815i/30474._SY75_.jpg,3.7,209497,12572,156,9,3.9553280177262646,"3,5 a 4,0",Alta
878,1202,Freakonomics: A Rogue Economist Explores the Hidden Side of Everything,Steven D. Levitt,798,https://www.goodreads.com/book/show/1202.Freakonomics,https://www.goodreads.com/author/show/798.Steven_D_Levitt,https://i.gr-assets.com/images/S/compressed.photo.goodreads.com/books/1550917827i/1202._SX50_.jpg,4.01,911125,12555,167,9,4.034657619502909,"4,0 a 4,25",Muito alta
879,304027,"Lover Unbound (Black Dagger Brotherhood, #5)",J.R. Ward,20248,https://www.goodreads.com/book/show/304027.Lover_Unbound,https://www.goodreads.com/author/show/20248.J_R_Ward,https://i.gr-assets.com/images/S/compressed.photo.goodreads.com/books/1351276662i/304027._SY75_.jpg,4.31,142633,12537,165,9,4.150335889599996,"4,25 a 4,5",Média
880,11334,Song of Solomon,Toni Morrison,3534,https://www.goodreads.com/book/show/11334.Song_of_Solomon,https://www.goodreads.com/author/show/3534.Toni_Morrison,https://i.gr-assets.com/images/S/compressed.photo.goodreads.com/books/1632283992i/11334._SY75_.jpg,4.17,134864,12535,175,9,4.112078277039556,"4,0 a 4,25",Média
881,30659,Meditations,Marcus Aurelius,17212,https://www.goodreads.com/book/show/30659.Meditations,https://www.goodreads.com/author/show/17212.Marcus_Aurelius,https://i.gr-assets.com/images/S/compressed.photo.goodreads.com/books/1421618636i/30659._SY75_.jpg,4.27,381365,12522,157,9,4.179933220420981,"4,25 a 4,5",Alta
882,76715522,"Kingdom of Ash (Throne of Glass, #7)",Sarah J. Maas,3433047,https://www.goodreads.com/book/show/76715522-kingdom-of-ash,https://www.goodreads.com/author/show/3433047.Sarah_J_Maas,https://i.gr-assets.com/images/S/compressed.photo.goodreads.com/books/1673567331i/76715522._SY75_.jpg,4.71,1248342,12505,137,9,4.562602246063744,"Acima de 4,5",Muito alta
883,133286777,The Familiar,Leigh Bardugo,4575289,https://www.goodreads.com/book/show/133286777-the-familiar,https://www.goodreads.com/author/show/4575289.Leigh_Bardugo,https://i.gr-assets.com/images/S/compressed.photo.goodreads.com/books/1695054790i/133286777._SY75_.jpg,3.74,149955,12468,136,9,3.9945138586461244,"3,5 a 4,0",Alta
884,4865,How to Win Friends & Influence People,Dale Carnegie,3317,https://www.goodreads.com/book/show/4865.How_to_Win_Friends_Influence_People,https://www.goodreads.com/author/show/3317.Dale_Carnegie,https://i.gr-assets.com/images/S/compressed.photo.goodreads.com/books/1442726934i/4865._SX50_.jpg,4.21,1193051,12389,173,9,4.18089455715915,"4,0 a 4,25",Muito alta
885,13414446,"Prodigy (Legend, #2)",Marie Lu,4342215,https://www.goodreads.com/book/show/13414446-prodigy,https://www.goodreads.com/author/show/4342215.Marie_Lu,https://i.gr-assets.com/images/S/compressed.photo.goodreads.com/books/1336254717i/13414446._SY75_.jpg,4.22,286942,12387,154,9,4.146230110122411,"4,0 a 4,25",Alta
885,280111,Holy Bible: New International Version,Anonymous,5158478,https://www.goodreads.com/book/show/280111.Holy_Bible,https://www.goodreads.com/author/show/5158478.Anonymous,https://i.gr-assets.com/images/S/compressed.photo.goodreads.com/books/1631965680i/280111._SY75_.jpg,4.63,100137,12387,156,9,4.201756576178283,"Acima de 4,5",Média
887,703292,The Witch of Blackbird Pond,Elizabeth George Speare,7549,https://www.goodreads.com/book/show/703292.The_Witch_of_Blackbird_Pond,https://www.goodreads.com/author/show/7549.Elizabeth_George_Speare,https://i.gr-assets.com/images/S/compressed.photo.goodreads.com/books/1345499790i/703292._SY75_.jpg,4.03,162621,12323,176,9,4.073864190239601,"4,0 a 4,25",Alta
888,12368985,"Consequences (Consequences, #1) A Dark Wealth and Power Romance",Aleatha Romig,5131072,https://www.goodreads.com/book/show/12368985-consequences-consequences-1-a-dark-wealth-and-power-romance,https://www.goodreads.com/author/show/5131072.Aleatha_Romig,https://i.gr-assets.com/images/S/compressed.photo.goodreads.com/books/1350233855i/12368985._SY75_.jpg,3.91,43590,12289,132,9,4.07384210094192,"3,5 a 4,0",Baixa
889,33917,The Namesake,Jhumpa Lahiri,3670,https://www.goodreads.com/book/show/33917.The_Namesake,https://www.goodreads.com/author/show/3670.Jhumpa_Lahiri,https://i.gr-assets.com/images/S/compressed.photo.goodreads.com/books/1480106986i/33917._SY75_.jpg,4.02,289274,12284,168,9,4.0614467399514735,"4,0 a 4,25",Alta
890,248596,Something Wicked This Way Comes,Ray Bradbury,1630,https://www.goodreads.com/book/show/248596.Something_Wicked_This_Way_Comes,https://www.goodreads.com/author/show/1630.Ray_Bradbury,https://i.gr-assets.com/images/S/compressed.photo.goodreads.com/books/1409596011i/248596._SY75_.jpg,3.89,159146,12238,178,9,4.033648021289404,"3,5 a 4,0",Alta
891,4953,A Heartbreaking Work of Staggering Genius,Dave Eggers,3371,https://www.goodreads.com/book/show/4953.A_Heartbreaking_Work_of_Staggering_Genius,https://www.goodreads.com/author/show/3371.Dave_Eggers,https://i.gr-assets.com/images/S/compressed.photo.goodreads.com/books/1327714834i/4953._SY75_.jpg,3.69,185023,12232,157,9,3.962963218687606,"3,5 a 4,0",Alta
892,90202302,"Iron Flame (The Empyrean, #2)",Rebecca Yarros,7539785,https://www.goodreads.com/book/show/90202302-iron-flame,https://www.goodreads.com/author/show/7539785.Rebecca_Yarros,https://i.gr-assets.com/images/S/compressed.photo.goodreads.com/books/1706724269i/90202302._SY75_.jpg,4.36,2885779,12218,138,9,4.328027631148388,"4,25 a 4,5",Muito alta
893,51901147,"The Ballad of Songbirds and Snakes (The Hunger Games, #0)",Suzanne Collins,153394,https://www.goodreads.com/book/show/51901147-the-ballad-of-songbirds-and-snakes,https://www.goodreads.com/author/show/153394.Suzanne_Collins,https://i.gr-assets.com/images/S/compressed.photo.goodreads.com/books/1593892032i/51901147._SY75_.jpg,3.99,1300008,12203,142,9,4.013612544816469,"3,5 a 4,0",Muito alta
894,16070018,"Truth (Consequences, #2)",Aleatha Romig,5131072,https://www.goodreads.com/book/show/16070018-truth,https://www.goodreads.com/author/show/5131072.Aleatha_Romig,https://i.gr-assets.com/images/S/compressed.photo.goodreads.com/books/1398768721i/16070018._SY75_.jpg,4.34,32672,12156,129,9,4.111217169441378,"4,25 a 4,5",Baixa
895,40024,"The Alienist (Dr. Laszlo Kreizler, #1)",Caleb Carr,27779,https://www.goodreads.com/book/show/40024.The_Alienist,https://www.goodreads.com/author/show/27779.Caleb_Carr,https://i.gr-assets.com/images/S/compressed.photo.goodreads.com/books/1388256626i/40024._SY75_.jpg,4.06,184950,12133,172,9,4.081796156538518,"4,0 a 4,25",Alta
896,54479,Around the World in Eighty Days,Jules Verne,696805,https://www.goodreads.com/book/show/54479.Around_the_World_in_Eighty_Days,https://www.goodreads.com/author/show/696805.Jules_Verne,https://i.gr-assets.com/images/S/compressed.photo.goodreads.com/books/1684014860i/54479._SY75_.jpg,3.95,292236,12127,193,9,4.03132998188322,"3,5 a 4,0",Alta
896,6280118,One Day,David Nicholls,46118,https://www.goodreads.com/book/show/6280118-one-day,https://www.goodreads.com/author/show/46118.David_Nicholls,https://i.gr-assets.com/images/S/compressed.photo.goodreads.com/books/1327873020i/6280118._SY75_.jpg,3.88,422070,12127,148,9,3.9820103485091787,"3,5 a 4,0",Muito alta
898,164154,"A Canticle for Leibowitz (St. Leibowitz, #1)",Walter M. Miller Jr.,6025722,https://www.goodreads.com/book/show/164154.A_Canticle_for_Leibowitz,https://www.goodreads.com/author/show/6025722.Walter_M_Miller_Jr_,https://i.gr-assets.com/images/S/compressed.photo.goodreads.com/books/1450516880i/164154._SY75_.jpg,3.99,123878,12115,162,9,4.067541956317861,"3,5 a 4,0",Média
899,9416,"Confessions of a Shopaholic (Shopaholic, #1)",Sophie Kinsella,6160,https://www.goodreads.com/book/show/9416.Confessions_of_a_Shopaholic,https://www.goodreads.com/author/show/6160.Sophie_Kinsella,https://i.gr-assets.com/images/S/compressed.photo.goodreads.com/books/1546503932i/9416._SX50_.jpg,3.72,823549,12098,160,9,3.839808288408875,"3,5 a 4,0",Muito alta
900,217306484,Stoneslayer: Book One Scandal,Candace L. Talmadge,1657053,https://www.goodreads.com/book/show/217306484-stoneslayer,https://www.goodreads.com/author/show/1657053.Candace_L_Talmadge,https://i.gr-assets.com/images/S/compressed.photo.goodreads.com/books/1723149238i/217306484._SX50_.jpg,4.38,2346,12097,143,9,4.0938207211329685,"4,25 a 4,5",Baixa
901,12914,The Aeneid,Virgil,919,https://www.goodreads.com/book/show/12914.The_Aeneid,https://www.goodreads.com/author/show/919.Virgil,https://i.gr-assets.com/images/S/compressed.photo.goodreads.com/books/1386923968i/12914._SY75_.jpg,3.88,148744,12065,176,10,4.033660593364791,"3,5 a 4,0",Média
902,3388,Corelli’s Mandolin,Louis de Bernières,2313,https://www.goodreads.com/book/show/3388.Corelli_s_Mandolin,https://www.goodreads.com/author/show/2313.Louis_de_Berni_res,https://i.gr-assets.com/images/S/compressed.photo.goodreads.com/books/1479680795i/3388._SY75_.jpg,4.04,94307,12058,162,10,4.081980604986425,"4,0 a 4,25",Média
903,57891,Battle Royale,Koushun Takami,32595,https://www.goodreads.com/book/show/57891.Battle_Royale,https://www.goodreads.com/author/show/32595.Koushun_Takami,https://i.gr-assets.com/images/S/compressed.photo.goodreads.com/books/1331235272i/57891._SY75_.jpg,4.26,88871,12051,142,10,4.123192719680676,"4,25 a 4,5",Média
904,7061,"The No. 1 Ladies' Detective Agency (No. 1 Ladies' Detective Agency, #1)",Alexander McCall Smith,4738,https://www.goodreads.com/book/show/7061.The_No_1_Ladies_Detective_Agency,https://www.goodreads.com/author/show/4738.Alexander_McCall_Smith,https://i.gr-assets.com/images/S/compressed.photo.goodreads.com/books/1459953654i/7061._SY75_.jpg,3.81,279719,12030,184,10,3.9744685226820673,"3,5 a 4,0",Alta
905,6325285,"Rubinrot (Edelstein-Trilogie, #1)",Kerstin Gier,298438,https://www.goodreads.com/book/show/6325285-rubinrot,https://www.goodreads.com/author/show/298438.Kerstin_Gier,https://i.gr-assets.com/images/S/compressed.photo.goodreads.com/books/1327918185i/6325285._SX50_.jpg,4.14,175413,11987,140,10,4.106934845085228,"4,0 a 4,25",Alta
906,11125,Digital Fortress,Dan    Brown,630,https://www.goodreads.com/book/show/11125.Digital_Fortress,https://www.goodreads.com/author/show/630.Dan_Brown,https://i.gr-assets.com/images/S/compressed.photo.goodreads.com/books/1360095966i/11125._SY75_.jpg,3.71,673522,11925,156,10,3.8503655202825655,"3,5 a 4,0",Muito alta
907,22055262,"A Darker Shade of Magic (Shades of Magic, #1)",V.E. Schwab,7168230,https://www.goodreads.com/book/show/22055262-a-darker-shade-of-magic,https://www.goodreads.com/author/show/7168230.V_E_Schwab,https://i.gr-assets.com/images/S/compressed.photo.goodreads.com/books/1758833715i/22055262._SY75_.jpg,4.03,446290,11909,137,10,4.059004689855718,"4,0 a 4,25",Muito alta
908,18243700,"The Assassin's Blade (Throne of Glass, #0.1-0.5)",Sarah J. Maas,3433047,https://www.goodreads.com/book/show/18243700-the-assassin-s-blade,https://www.goodreads.com/author/show/3433047.Sarah_J_Maas,https://i.gr-assets.com/images/S/compressed.photo.goodreads.com/books/1384362444i/18243700._SX50_.jpg,4.2,1354084,11901,146,10,4.175821166109389,"4,0 a 4,25",Muito alta
909,62874245,The Drowning Woman,Robyn Harding,344233,https://www.goodreads.com/book/show/62874245-the-drowning-woman,https://www.goodreads.com/author/show/344233.Robyn_Harding,https://i.gr-assets.com/images/S/compressed.photo.goodreads.com/books/1681110477i/62874245._SY75_.jpg,4.02,181238,11899,126,10,4.069270596844853,"4,0 a 4,25",Alta
910,20559676,"Killing Sarai (In the Company of Killers, #1)",J.A. Redmerski,5437976,https://www.goodreads.com/book/show/20559676-killing-sarai,https://www.goodreads.com/author/show/5437976.J_A_Redmerski,https://i.gr-assets.com/images/S/compressed.photo.goodreads.com/books/1389883928i/20559676._SY75_.jpg,4.08,32899,11871,127,10,4.0911647818038475,"4,0 a 4,25",Baixa
911,426504,Ficciones,Jorge Luis Borges,500,https://www.goodreads.com/book/show/426504.Ficciones,https://www.goodreads.com/author/show/500.Jorge_Luis_Borges,https://i.gr-assets.com/images/S/compressed.photo.goodreads.com/books/1621713120i/426504._SY75_.jpg,4.39,83607,11861,142,10,4.144572577232085,"4,25 a 4,5",Média
912,34497,"The Color of Magic (Discworld, #1; Rincewind, #1)",Terry Pratchett,1654,https://www.goodreads.com/book/show/34497.The_Color_of_Magic,https://www.goodreads.com/author/show/1654.Terry_Pratchett,https://i.gr-assets.com/images/S/compressed.photo.goodreads.com/books/1407111017i/34497._SY75_.jpg,3.99,433000,11860,165,10,4.038455092414184,"3,5 a 4,0",Muito alta
913,852470,"I'd Tell You I Love You, But Then I'd Have to Kill You (Gallagher Girls, #1)",Ally Carter,56224,https://www.goodreads.com/book/show/852470.I_d_Tell_You_I_Love_You_But_Then_I_d_Have_to_Kill_You,https://www.goodreads.com/author/show/56224.Ally_Carter,https://i.gr-assets.com/images/S/compressed.photo.goodreads.com/books/1334491180i/852470._SX50_.jpg,3.84,194777,11847,149,10,4.00828832834933,"3,5 a 4,0",Alta
914,14249,Prodigal Summer,Barbara Kingsolver,3541,https://www.goodreads.com/book/show/14249.Prodigal_Summer,https://www.goodreads.com/author/show/3541.Barbara_Kingsolver,https://i.gr-assets.com/images/S/compressed.photo.goodreads.com/books/1426308771i/14249._SY75_.jpg,4.06,135804,11844,164,10,4.083829227165903,"4,0 a 4,25",Média
915,8682,Jitterbug Perfume,Tom Robbins,197,https://www.goodreads.com/book/show/8682.Jitterbug_Perfume,https://www.goodreads.com/author/show/197.Tom_Robbins,https://i.gr-assets.com/images/S/compressed.photo.goodreads.com/books/1388607752i/8682._SY75_.jpg,4.23,82290,11811,149,10,4.116075615990215,"4,0 a 4,25",Média
916,6262365,"Tempted (House of Night, #6)",P.C. Cast,17015,https://www.goodreads.com/book/show/6262365-tempted,https://www.goodreads.com/author/show/17015.P_C_Cast,https://i.gr-assets.com/images/S/compressed.photo.goodreads.com/books/1408633041i/6262365._SY75_.jpg,3.95,175713,11809,167,10,4.048050020660955,"3,5 a 4,0",Alta
917,9532,"Ender's Shadow (The Shadow Series, #1)",Orson Scott Card,589,https://www.goodreads.com/book/show/9532.Ender_s_Shadow,https://www.goodreads.com/author/show/589.Orson_Scott_Card,https://i.gr-assets.com/images/S/compressed.photo.goodreads.com/books/1424904668i/9532._SY75_.jpg,4.32,182378,11798,151,10,4.164582128004848,"4,25 a 4,5",Alta
918,73968,"Love Story (Love Story, #1)",Erich Segal,15516,https://www.goodreads.com/book/show/73968.Love_Story,https://www.goodreads.com/author/show/15516.Erich_Segal,https://i.gr-assets.com/images/S/compressed.photo.goodreads.com/books/1388812297i/73968._SY75_.jpg,3.66,65474,11797,184,10,4.03013645438581,"3,5 a 4,0",Média
919,9822,"Mrs. Frisby and the Rats of NIMH (Rats of NIMH, #1)",Robert C. O'Brien,6412,https://www.goodreads.com/book/show/9822.Mrs_Frisby_and_the_Rats_of_NIMH,https://www.goodreads.com/author/show/6412.Robert_C_O_Brien,https://i.gr-assets.com/images/S/compressed.photo.goodreads.com/books/1351191064i/9822._SY75_.jpg,4.17,187769,11796,153,10,4.117372135684605,"4,0 a 4,25",Alta
920,27774758,"An Ember in the Ashes (An Ember in the Ashes, #1)",Sabaa Tahir,7770873,https://www.goodreads.com/book/show/27774758-an-ember-in-the-ashes,https://www.goodreads.com/author/show/7770873.Sabaa_Tahir,https://i.gr-assets.com/images/S/compressed.photo.goodreads.com/books/1787853834i/27774758._SY75_.jpg,4.23,363226,11794,135,10,4.158505914732965,"4,0 a 4,25",Alta
921,18839,Orlando,Virginia Woolf,6765,https://www.goodreads.com/book/show/18839.Orlando,https://www.goodreads.com/author/show/6765.Virginia_Woolf,https://i.gr-assets.com/images/S/compressed.photo.goodreads.com/books/1443118010i/18839._SY75_.jpg,3.87,122748,11761,159,10,4.039045813216952,"3,5 a 4,0",Média
922,88077,The Magic Mountain,Thomas Mann,19405,https://www.goodreads.com/book/show/88077.The_Magic_Mountain,https://www.goodreads.com/author/show/19405.Thomas_Mann,https://i.gr-assets.com/images/S/compressed.photo.goodreads.com/books/1645738968i/88077._SY75_.jpg,4.13,65914,11727,151,10,4.097569876673638,"4,0 a 4,25",Média
923,18300212,The Trigger: Hunting the Assassin Who Brought the World to War,Tim Butcher,534082,https://www.goodreads.com/book/show/18300212-the-trigger,https://www.goodreads.com/author/show/534082.Tim_Butcher,https://i.gr-assets.com/images/S/compressed.photo.goodreads.com/books/1388535774i/18300212._SY75_.jpg,3.82,4145,11714,121,10,4.089250261143158,"3,5 a 4,0",Baixa
924,213317622,A Stone's Throw: A heartwarming story of a city girl and her rancher grandfather turning adversity into love and community,Wayne   Edwards,21134156,https://www.goodreads.com/book/show/213317622-a-stone-s-throw,https://www.goodreads.com/author/show/21134156.Wayne_Edwards,https://i.gr-assets.com/images/S/compressed.photo.goodreads.com/books/1719008609i/213317622._SY75_.jpg,4.36,5698,11663,126,10,4.095951160181839,"4,25 a 4,5",Baixa
925,6295,Howl and Other Poems,Allen Ginsberg,4261,https://www.goodreads.com/book/show/6295.Howl_and_Other_Poems,https://www.goodreads.com/author/show/4261.Allen_Ginsberg,https://i.gr-assets.com/images/S/compressed.photo.goodreads.com/books/1668784961i/6295._SX50_.jpg,4.13,121102,11659,164,10,4.10106424200737,"4,0 a 4,25",Média
926,7770,"One Fish, Two Fish, Red Fish, Blue Fish",Dr. Seuss,61105,https://www.goodreads.com/book/show/7770.One_Fish_Two_Fish_Red_Fish_Blue_Fish,https://www.goodreads.com/author/show/61105.Dr_Seuss,https://i.gr-assets.com/images/S/compressed.photo.goodreads.com/books/1165640023i/7770._SX50_.jpg,4.19,219393,11651,195,10,4.127286015816405,"4,0 a 4,25",Alta
927,6440,Ivanhoe,Walter  Scott,4345,https://www.goodreads.com/book/show/6440.Ivanhoe,https://www.goodreads.com/author/show/4345.Walter_Scott,https://i.gr-assets.com/images/S/compressed.photo.goodreads.com/books/1715643510i/6440._SY75_.jpg,3.77,100697,11621,178,10,4.026149599891414,"3,5 a 4,0",Média
928,667,Anthem,Ayn Rand,432,https://www.goodreads.com/book/show/667.Anthem,https://www.goodreads.com/author/show/432.Ayn_Rand,https://i.gr-assets.com/images/S/compressed.photo.goodreads.com/books/1388190459i/667._SY75_.jpg,3.61,170535,11609,153,10,3.9457127963345044,"3,5 a 4,0",Alta
929,7824322,Between Shades of Gray,Ruta Sepetys,3407448,https://www.goodreads.com/book/show/7824322-between-shades-of-gray,https://www.goodreads.com/author/show/3407448.Ruta_Sepetys,https://i.gr-assets.com/images/S/compressed.photo.goodreads.com/books/1327873479i/7824322._SX50_.jpg,4.36,287432,11599,140,10,4.20559027284012,"4,25 a 4,5",Alta
930,32905484,Oswald the Almost Famous Opossum,Sara Pascoe,6066772,https://www.goodreads.com/book/show/32905484-oswald-the-almost-famous-opossum,https://www.goodreads.com/author/show/6066772.Sara_Pascoe,https://i.gr-assets.com/images/S/compressed.photo.goodreads.com/books/1478552737i/32905484._SY75_.jpg,4.33,6097,11567,126,10,4.095755896190056,"4,25 a 4,5",Baixa
931,22020052,"It Ain't Me, Babe (Hades Hangmen, #1)",Tillie Cole,7074846,https://www.goodreads.com/book/show/22020052-it-ain-t-me-babe,https://www.goodreads.com/author/show/7074846.Tillie_Cole,https://i.gr-assets.com/images/S/compressed.photo.goodreads.com/books/1398707039i/22020052._SY75_.jpg,4.04,56404,11566,124,10,4.085536459953104,"4,0 a 4,25",Média
932,821611,The Story of My Life,Helen Keller,7275,https://www.goodreads.com/book/show/821611.The_Story_of_My_Life,https://www.goodreads.com/author/show/7275.Helen_Keller,https://i.gr-assets.com/images/S/compressed.photo.goodreads.com/books/1320429331i/821611._SY75_.jpg,4.07,152246,11548,194,10,4.085910221423848,"4,0 a 4,25",Alta
933,18134894,"Tears of Tess (Monsters in the Dark, #1)",Pepper Winters,7151973,https://www.goodreads.com/book/show/18134894-tears-of-tess,https://www.goodreads.com/author/show/7151973.Pepper_Winters,https://i.gr-assets.com/images/S/compressed.photo.goodreads.com/books/1372821993i/18134894._SY75_.jpg,3.97,44260,11520,123,10,4.079689993178906,"3,5 a 4,0",Baixa
934,35519,The Power of Myth,Joseph Campbell,20105,https://www.goodreads.com/book/show/35519.The_Power_of_Myth,https://www.goodreads.com/author/show/20105.Joseph_Campbell,https://i.gr-assets.com/images/S/compressed.photo.goodreads.com/books/1327878742i/35519._SY75_.jpg,4.26,54651,11514,163,10,4.1126896645751625,"4,25 a 4,5",Média
935,2052,"The Big Sleep (Philip Marlowe, #1)",Raymond Chandler,1377,https://www.goodreads.com/book/show/2052.The_Big_Sleep,https://www.goodreads.com/author/show/1377.Raymond_Chandler,https://i.gr-assets.com/images/S/compressed.photo.goodreads.com/books/1371584712i/2052._SY75_.jpg,3.94,173538,11470,158,10,4.045354181734135,"3,5 a 4,0",Alta
936,205840559,"Magical Midlife Awakening (Leveling Up, #10)",K.F. Breene,7010202,https://www.goodreads.com/book/show/205840559-magical-midlife-awakening,https://www.goodreads.com/author/show/7010202.K_F_Breene,https://i.gr-assets.com/images/S/compressed.photo.goodreads.com/books/1706048401i/205840559._SY75_.jpg,4.62,13451,11445,120,10,4.109656958688657,"Acima de 4,5",Baixa
937,7728,"Antigone (Theban Plays, #3)",Sophocles,1002,https://www.goodreads.com/book/show/7728.Antigone,https://www.goodreads.com/author/show/1002.Sophocles,https://i.gr-assets.com/images/S/compressed.photo.goodreads.com/books/1486701308i/7728._SY75_.jpg,3.69,183782,11443,176,10,3.9635524851766792,"3,5 a 4,0",Alta
938,85990,"Princess Academy (Princess Academy, #1)",Shannon Hale,49177,https://www.goodreads.com/book/show/85990.Princess_Academy,https://www.goodreads.com/author/show/49177.Shannon_Hale,https://i.gr-assets.com/images/S/compressed.photo.goodreads.com/books/1349410861i/85990._SY75_.jpg,4.04,123475,11426,157,10,4.079600901161827,"4,0 a 4,25",Média
939,111332,"Into the Wild (Warriors, #1)",Erin Hunter,27498,https://www.goodreads.com/book/show/111332.Into_the_Wild,https://www.goodreads.com/author/show/27498.Erin_Hunter,https://i.gr-assets.com/images/S/compressed.photo.goodreads.com/books/1327994729i/111332._SX50_.jpg,4.32,127432,11417,136,10,4.148112734736031,"4,25 a 4,5",Média
940,53496,Walk Two Moons,Sharon Creech,11633,https://www.goodreads.com/book/show/53496.Walk_Two_Moons,https://www.goodreads.com/author/show/11633.Sharon_Creech,https://i.gr-assets.com/images/S/compressed.photo.goodreads.com/books/1389035862i/53496._SY75_.jpg,4.0,175751,11413,147,10,4.063546372266551,"3,5 a 4,0",Alta
941,247942305,"Stranger to the Beautiful: A Journey of Faith, Hope, and Transformation",Don Hynes,24010064,https://www.goodreads.com/book/show/247942305-stranger-to-the-beautiful,https://www.goodreads.com/author/show/24010064.Don_Hynes,https://i.gr-assets.com/images/S/compressed.photo.goodreads.com/books/1770941025i/247942305._SY75_.jpg,4.36,4486,11412,125,10,4.095142125565407,"4,25 a 4,5",Baixa
942,205338104,Murder on Family Grounds (Mary Wandwalker #3),Susan  Rowland,22156343,https://www.goodreads.com/book/show/205338104-murder-on-family-grounds,https://www.goodreads.com/author/show/22156343.Susan_Rowland,https://i.gr-assets.com/images/S/compressed.photo.goodreads.com/books/1705391004i/205338104._SX50_.jpg,4.29,16686,11357,120,10,4.100201993904603,"4,25 a 4,5",Baixa
943,140082,"Club Dead (Sookie Stackhouse, #3)",Charlaine Harris,17061,https://www.goodreads.com/book/show/140082.Club_Dead,https://www.goodreads.com/author/show/17061.Charlaine_Harris,https://i.gr-assets.com/images/S/compressed.photo.goodreads.com/books/1329501590i/140082._SY75_.jpg,4.02,247014,11339,164,10,4.064191691591256,"4,0 a 4,25",Alta
944,9673436,The Invention of Hugo Cabret,Brian Selznick,38120,https://www.goodreads.com/book/show/9673436-the-invention-of-hugo-cabret,https://www.goodreads.com/author/show/38120.Brian_Selznick,https://i.gr-assets.com/images/S/compressed.photo.goodreads.com/books/1422312376i/9673436._SY75_.jpg,4.22,191560,11304,150,10,4.134153509513366,"4,0 a 4,25",Alta
945,3805,The Corrections,Jonathan Franzen,2578,https://www.goodreads.com/book/show/3805.The_Corrections,https://www.goodreads.com/author/show/2578.Jonathan_Franzen,https://i.gr-assets.com/images/S/compressed.photo.goodreads.com/books/1355011305i/3805._SY75_.jpg,3.85,203710,11289,153,10,4.009185753810058,"3,5 a 4,0",Alta
946,34521870,Mistress Suffragette,Diana   Forbes,16857084,https://www.goodreads.com/book/show/34521870-mistress-suffragette,https://www.goodreads.com/author/show/16857084.Diana_Forbes,https://i.gr-assets.com/images/S/compressed.photo.goodreads.com/books/1489112488i/34521870._SX50_.jpg,4.29,4552,11287,126,10,4.094380916134976,"4,25 a 4,5",Baixa
947,23444482,"The Traitor Baru Cormorant (The Masquerade, #1)",Seth Dickinson,5760737,https://www.goodreads.com/book/show/23444482-the-traitor-baru-cormorant,https://www.goodreads.com/author/show/5760737.Seth_Dickinson,https://i.gr-assets.com/images/S/compressed.photo.goodreads.com/books/1755005480i/23444482._SY75_.jpg,4.04,27251,11286,124,10,4.088709837104164,"4,0 a 4,25",Baixa
948,3478,Message in a Bottle,Nicholas Sparks,2345,https://www.goodreads.com/book/show/3478.Message_in_a_Bottle,https://www.goodreads.com/author/show/2345.Nicholas_Sparks,https://i.gr-assets.com/images/S/compressed.photo.goodreads.com/books/1163789140i/3478._SY75_.jpg,3.98,251045,11281,164,10,4.048275904521817,"3,5 a 4,0",Alta
949,248704,It's Kind of a Funny Story,Ned Vizzini,11672,https://www.goodreads.com/book/show/248704.It_s_Kind_of_a_Funny_Story,https://www.goodreads.com/author/show/11672.Ned_Vizzini,https://i.gr-assets.com/images/S/compressed.photo.goodreads.com/books/1420629730i/248704._SX50_.jpg,4.07,264651,11262,131,10,4.0831829042867,"4,0 a 4,25",Alta
950,9014,The Long Walk,Richard  Bachman,5858,https://www.goodreads.com/book/show/9014.The_Long_Walk,https://www.goodreads.com/author/show/5858.Richard_Bachman,https://i.gr-assets.com/images/S/compressed.photo.goodreads.com/books/1309212400i/9014._SY75_.jpg,3.98,310998,11204,140,10,4.042445582348134,"3,5 a 4,0",Alta
951,194746,No Longer Human,Osamu Dazai,113561,https://www.goodreads.com/book/show/194746.No_Longer_Human,https://www.goodreads.com/author/show/113561.Osamu_Dazai,https://i.gr-assets.com/images/S/compressed.photo.goodreads.com/books/1422638843i/194746._SY75_.jpg,3.92,287549,11195,119,10,4.0191800925291,"3,5 a 4,0",Alta
952,232101884,The Swan Lake Murders (Mary Wandwalker #4),Susan  Rowland,22156343,https://www.goodreads.com/book/show/232101884-the-swan-lake-murders,https://www.goodreads.com/author/show/22156343.Susan_Rowland,https://i.gr-assets.com/images/S/compressed.photo.goodreads.com/books/1745703709i/232101884._SY75_.jpg,4.32,16581,11193,122,10,4.10137331107959,"4,25 a 4,5",Baixa
953,220768368,Mademoiselle le Sleuth,Theasa Tuohy,6206985,https://www.goodreads.com/book/show/220768368-mademoiselle-le-sleuth,https://www.goodreads.com/author/show/6206985.Theasa_Tuohy,https://i.gr-assets.com/images/S/compressed.photo.goodreads.com/books/1729722536i/220768368._SX50_.jpg,4.31,6402,11166,125,10,4.095613511273131,"4,25 a 4,5",Baixa
954,68429,"The Well of Ascension (Mistborn, #2)",Brandon Sanderson,38550,https://www.goodreads.com/book/show/68429.The_Well_of_Ascension,https://www.goodreads.com/author/show/38550.Brandon_Sanderson,https://i.gr-assets.com/images/S/compressed.photo.goodreads.com/books/1619538925i/68429._SY75_.jpg,4.37,724835,11151,132,10,4.272609335783637,"4,25 a 4,5",Muito alta
955,50798,Jude the Obscure,Thomas Hardy,15905,https://www.goodreads.com/book/show/50798.Jude_the_Obscure,https://www.goodreads.com/author/show/15905.Thomas_Hardy,https://i.gr-assets.com/images/S/compressed.photo.goodreads.com/books/1389403264i/50798._SY75_.jpg,3.84,77675,11137,165,10,4.050329198944226,"3,5 a 4,0",Média
956,34484,"Small Gods (Discworld, #13)",Terry Pratchett,1654,https://www.goodreads.com/book/show/34484.Small_Gods,https://www.goodreads.com/author/show/1654.Terry_Pratchett,https://i.gr-assets.com/images/S/compressed.photo.goodreads.com/books/1390899426i/34484._SY75_.jpg,4.32,137436,11125,141,10,4.151366293306692,"4,25 a 4,5",Média
957,10374,Hard-Boiled Wonderland and the End of the World,Haruki Murakami,3354,https://www.goodreads.com/book/show/10374.Hard_Boiled_Wonderland_and_the_End_of_the_World,https://www.goodreads.com/author/show/3354.Haruki_Murakami,https://i.gr-assets.com/images/S/compressed.photo.goodreads.com/books/1399844477i/10374._SY75_.jpg,4.11,157783,11110,136,10,4.097248600218178,"4,0 a 4,25",Alta
958,110494,"Living Dead in Dallas (Sookie Stackhouse, #2)",Charlaine Harris,17061,https://www.goodreads.com/book/show/110494.Living_Dead_in_Dallas,https://www.goodreads.com/author/show/17061.Charlaine_Harris,https://i.gr-assets.com/images/S/compressed.photo.goodreads.com/books/1329501808i/110494._SY75_.jpg,3.96,265357,11071,155,10,4.038702559988361,"3,5 a 4,0",Alta
959,22107214,"Souls Unfractured (Hades Hangmen, #3)",Tillie Cole,7074846,https://www.goodreads.com/book/show/22107214-souls-unfractured,https://www.goodreads.com/author/show/7074846.Tillie_Cole,https://i.gr-assets.com/images/S/compressed.photo.goodreads.com/books/1429054401i/22107214._SY75_.jpg,4.41,28328,11070,118,10,4.113575554630179,"4,25 a 4,5",Baixa
960,41684,The Jungle Books,Rudyard Kipling,6989,https://www.goodreads.com/book/show/41684.The_Jungle_Books,https://www.goodreads.com/author/show/6989.Rudyard_Kipling,https://i.gr-assets.com/images/S/compressed.photo.goodreads.com/books/1349066474i/41684._SY75_.jpg,4.01,89613,11059,188,10,4.076797818565355,"4,0 a 4,25",Média
961,37095,The Shell Seekers,Rosamunde Pilcher,20849,https://www.goodreads.com/book/show/37095.The_Shell_Seekers,https://www.goodreads.com/author/show/20849.Rosamunde_Pilcher,https://i.gr-assets.com/images/S/compressed.photo.goodreads.com/books/1385213408i/37095._SY75_.jpg,4.21,127036,11056,169,10,4.12101068224102,"4,0 a 4,25",Média
962,13206900,"Winter (The Lunar Chronicles, #4)",Marissa Meyer,4684322,https://www.goodreads.com/book/show/13206900-winter,https://www.goodreads.com/author/show/4684322.Marissa_Meyer,https://i.gr-assets.com/images/S/compressed.photo.goodreads.com/books/1470057036i/13206900._SX50_.jpg,4.41,320447,11055,134,10,4.235273144860479,"4,25 a 4,5",Alta
963,27266,"Glass Houses (The Morganville Vampires, #1)",Rachel Caine,15292,https://www.goodreads.com/book/show/27266.Glass_Houses,https://www.goodreads.com/author/show/15292.Rachel_Caine,https://i.gr-assets.com/images/S/compressed.photo.goodreads.com/books/1428057864i/27266._SY75_.jpg,3.92,104146,11038,144,10,4.055910593274697,"3,5 a 4,0",Média
964,2153405,Still Alice,Lisa Genova,978484,https://www.goodreads.com/book/show/2153405.Still_Alice,https://www.goodreads.com/author/show/978484.Lisa_Genova,https://i.gr-assets.com/images/S/compressed.photo.goodreads.com/books/1236089972i/2153405._SY75_.jpg,4.33,366461,11029,140,10,4.207186246035945,"4,25 a 4,5",Alta
965,16081272,"The Edge of Never (The Edge of Never, #1)",J.A. Redmerski,5437976,https://www.goodreads.com/book/show/16081272-the-edge-of-never,https://www.goodreads.com/author/show/5437976.J_A_Redmerski,https://i.gr-assets.com/images/S/compressed.photo.goodreads.com/books/1358810128i/16081272._SY75_.jpg,4.21,150405,11009,129,10,4.124851210577564,"4,0 a 4,25",Alta
966,18584855,Heartless,Marissa Meyer,4684322,https://www.goodreads.com/book/show/18584855-heartless,https://www.goodreads.com/author/show/4684322.Marissa_Meyer,https://i.gr-assets.com/images/S/compressed.photo.goodreads.com/books/1477740245i/18584855._SY75_.jpg,4.08,281431,11004,122,10,4.087038748985426,"4,0 a 4,25",Alta
967,58763686,"Haunting Adeline (Cat and Mouse, #1)",H.D. Carlton,18239774,https://www.goodreads.com/book/show/58763686-haunting-adeline,https://www.goodreads.com/author/show/18239774.H_D_Carlton,https://i.gr-assets.com/images/S/compressed.photo.goodreads.com/books/1628900532i/58763686._SX50_.jpg,3.94,974361,10998,118,10,3.983564616650985,"3,5 a 4,0",Muito alta
968,44652,"Fablehaven (Fablehaven, #1)",Brandon Mull,25052,https://www.goodreads.com/book/show/44652.Fablehaven,https://www.goodreads.com/author/show/25052.Brandon_Mull,https://i.gr-assets.com/images/S/compressed.photo.goodreads.com/books/1460309528i/44652._SX50_.jpg,4.14,181803,10996,138,10,4.107303656977528,"4,0 a 4,25",Alta
969,292408,Angle of Repose,Wallace Stegner,157779,https://www.goodreads.com/book/show/292408.Angle_of_Repose,https://www.goodreads.com/author/show/157779.Wallace_Stegner,https://i.gr-assets.com/images/S/compressed.photo.goodreads.com/books/1329151576i/292408._SY75_.jpg,4.24,63236,10982,142,10,4.112689530813029,"4,0 a 4,25",Média
970,197891975,I'm Glad You're Dead: Preternatural Chronicles Book 1,Hunter Blain,18948101,https://www.goodreads.com/book/show/197891975-i-m-glad-you-re-dead,https://www.goodreads.com/author/show/18948101.Hunter_Blain,https://i.gr-assets.com/images/S/compressed.photo.goodreads.com/books/1694922052i/197891975._SX50_.jpg,4.11,4622,10976,118,10,4.092313033957939,"4,0 a 4,25",Baixa
971,19057,I Am the Messenger,Markus Zusak,11466,https://www.goodreads.com/book/show/19057.I_Am_the_Messenger,https://www.goodreads.com/author/show/11466.Markus_Zusak,https://i.gr-assets.com/images/S/compressed.photo.goodreads.com/books/1398483261i/19057._SY75_.jpg,4.02,172540,10975,131,10,4.07003095857986,"4,0 a 4,25",Alta
972,67998095,A Winter Grave,Peter  May,4605488,https://www.goodreads.com/book/show/67998095-a-winter-grave,https://www.goodreads.com/author/show/4605488.Peter_May,https://i.gr-assets.com/images/S/compressed.photo.goodreads.com/books/1671083731i/67998095._SY75_.jpg,4.05,10086,10959,116,10,4.09104543534079,"4,0 a 4,25",Baixa
973,34640476,Socialism Is Dead! Long Live Socialism!: The Marx Code—Socialism with a Human Face: A New World Order,Todor Bombov,6899673,https://www.goodreads.com/book/show/34640476-socialism-is-dead-long-live-socialism,https://www.goodreads.com/author/show/6899673.Todor_Bombov,https://i.gr-assets.com/images/S/compressed.photo.goodreads.com/books/1490032864i/34640476._SY75_.jpg,4.28,16675,10866,118,10,4.099787927939705,"4,25 a 4,5",Baixa
974,41880609,On Earth We're Briefly Gorgeous,Ocean Vuong,4456871,https://www.goodreads.com/book/show/41880609-on-earth-we-re-briefly-gorgeous,https://www.goodreads.com/author/show/4456871.Ocean_Vuong,https://i.gr-assets.com/images/S/compressed.photo.goodreads.com/books/1615580168i/41880609._SX50_.jpg,3.99,442770,10838,118,10,4.03788735741738,"3,5 a 4,0",Muito alta
975,60353768,The Marriage Portrait,Maggie O'Farrell,91236,https://www.goodreads.com/book/show/60353768-the-marriage-portrait,https://www.goodreads.com/author/show/91236.Maggie_O_Farrell,https://i.gr-assets.com/images/S/compressed.photo.goodreads.com/books/1655741851i/60353768._SX50_.jpg,4.01,221508,10807,114,10,4.062415742042275,"4,0 a 4,25",Alta
976,816,Cryptonomicon,Neal Stephenson,545,https://www.goodreads.com/book/show/816.Cryptonomicon,https://www.goodreads.com/author/show/545.Neal_Stephenson,https://i.gr-assets.com/images/S/compressed.photo.goodreads.com/books/1327931476i/816._SY75_.jpg,4.23,118539,10795,130,10,4.12417900090803,"4,0 a 4,25",Média
977,13872,Geek Love,Katherine Dunn,8622,https://www.goodreads.com/book/show/13872.Geek_Love,https://www.goodreads.com/author/show/8622.Katherine_Dunn,https://i.gr-assets.com/images/S/compressed.photo.goodreads.com/books/1636594691i/13872._SY75_.jpg,3.95,75202,10789,136,10,4.069185491845881,"3,5 a 4,0",Média
978,152380,"Mary Poppins (Mary Poppins, #1)",P.L. Travers,6872556,https://www.goodreads.com/book/show/152380.Mary_Poppins,https://www.goodreads.com/author/show/6872556.P_L_Travers,https://i.gr-assets.com/images/S/compressed.photo.goodreads.com/books/1704135408i/152380._SX50_.jpg,4.0,142983,10779,196,10,4.0674453216455895,"3,5 a 4,0",Média
979,8695,"The Restaurant at the End of the Universe (The Hitchhiker's Guide to the Galaxy, #2)",Douglas Adams,4,https://www.goodreads.com/book/show/8695.The_Restaurant_at_the_End_of_the_Universe,https://www.goodreads.com/author/show/4.Douglas_Adams,https://i.gr-assets.com/images/S/compressed.photo.goodreads.com/books/1521213881i/8695._SY75_.jpg,4.19,324938,10775,154,10,4.136530393090963,"4,0 a 4,25",Alta
979,89724,We Have Always Lived in the Castle,Shirley Jackson,13388,https://www.goodreads.com/book/show/89724.We_Have_Always_Lived_in_the_Castle,https://www.goodreads.com/author/show/13388.Shirley_Jackson,https://i.gr-assets.com/images/S/compressed.photo.goodreads.com/books/1746532708i/89724._SY75_.jpg,3.9,318219,10775,135,10,4.005918797233469,"3,5 a 4,0",Alta
981,42898,"Lover Revealed (Black Dagger Brotherhood, #4)",J.R. Ward,20248,https://www.goodreads.com/book/show/42898.Lover_Revealed,https://www.goodreads.com/author/show/20248.J_R_Ward,https://i.gr-assets.com/images/S/compressed.photo.goodreads.com/books/1389646548i/42898._SY75_.jpg,4.28,145991,10751,144,10,4.143179345027923,"4,25 a 4,5",Média
982,49750,An Abundance of Katherines,John  Green,1406384,https://www.goodreads.com/book/show/49750.An_Abundance_of_Katherines,https://www.goodreads.com/author/show/1406384.John_Green,https://i.gr-assets.com/images/S/compressed.photo.goodreads.com/books/1360206426i/49750._SY75_.jpg,3.5,555542,10741,132,10,3.7446174850519913,"Até 3,5",Muito alta
983,75523433,"The Girl in the Eagle's Talons (Millennium, #7)",Karin Smirnoff,8508024,https://www.goodreads.com/book/show/75523433-the-girl-in-the-eagle-s-talons,https://www.goodreads.com/author/show/8508024.Karin_Smirnoff,https://i.gr-assets.com/images/S/compressed.photo.goodreads.com/books/1698252152i/75523433._SX50_.jpg,3.41,21249,10737,114,10,4.05695245467493,"Até 3,5",Baixa
984,6690798,"The Passage (The Passage, #1)",Justin Cronin,45315,https://www.goodreads.com/book/show/6690798-the-passage,https://www.goodreads.com/author/show/45315.Justin_Cronin,https://i.gr-assets.com/images/S/compressed.photo.goodreads.com/books/1327874267i/6690798._SY75_.jpg,4.05,227006,10730,134,10,4.076640376772355,"4,0 a 4,25",Alta
985,37794149,"A Memory Called Empire (Teixcalaan, #1)",Arkady Martine,13803582,https://www.goodreads.com/book/show/37794149-a-memory-called-empire,https://www.goodreads.com/author/show/13803582.Arkady_Martine,https://i.gr-assets.com/images/S/compressed.photo.goodreads.com/books/1526486698i/37794149._SY75_.jpg,4.1,77230,10709,115,10,4.0934061440998315,"4,0 a 4,25",Média
986,36072,The 7 Habits of Highly Effective People: Powerful Lessons in Personal Change,Stephen R. Covey,1538,https://www.goodreads.com/book/show/36072.The_7_Habits_of_Highly_Effective_People,https://www.goodreads.com/author/show/1538.Stephen_R_Covey,https://i.gr-assets.com/images/S/compressed.photo.goodreads.com/books/1421842784i/36072._SY75_.jpg,4.16,843254,10679,154,10,4.138488154366552,"4,0 a 4,25",Muito alta
987,6137154,"Fire (Graceling Realm, #2)",Kristin Cashore,1373880,https://www.goodreads.com/book/show/6137154-fire,https://www.goodreads.com/author/show/1373880.Kristin_Cashore,https://i.gr-assets.com/images/S/compressed.photo.goodreads.com/books/1331535456i/6137154._SY75_.jpg,4.09,195777,10669,144,10,4.0914021011020125,"4,0 a 4,25",Alta
988,386372,"Mort (Discworld, #4; Death, #1)",Terry Pratchett,1654,https://www.goodreads.com/book/show/386372.Mort,https://www.goodreads.com/author/show/1654.Terry_Pratchett,https://i.gr-assets.com/images/S/compressed.photo.goodreads.com/books/1388181166i/386372._SY75_.jpg,4.24,280506,10627,142,10,4.1538766829423,"4,0 a 4,25",Alta
989,29059,Choke,Chuck Palahniuk,2546,https://www.goodreads.com/book/show/29059.Choke,https://www.goodreads.com/author/show/2546.Chuck_Palahniuk,https://i.gr-assets.com/images/S/compressed.photo.goodreads.com/books/1624579622i/29059._SY75_.jpg,3.71,224606,10611,139,10,3.9527103050341754,"3,5 a 4,0",Alta
990,5098079,"Lover Avenged (Black Dagger Brotherhood, #7)",J.R. Ward,20248,https://www.goodreads.com/book/show/5098079-lover-avenged,https://www.goodreads.com/author/show/20248.J_R_Ward,https://i.gr-assets.com/images/S/compressed.photo.goodreads.com/books/1321039998i/5098079._SY75_.jpg,4.36,121495,10549,141,10,4.155602955071519,"4,25 a 4,5",Média
991,228086938,Banker's Holiday: A Novel of Fiscal Irregularity,Gary Clemenceau,808471,https://www.goodreads.com/book/show/228086938-banker-s-holiday,https://www.goodreads.com/author/show/808471.Gary_Clemenceau,https://i.gr-assets.com/images/S/compressed.photo.goodreads.com/books/1739789614i/228086938._SY75_.jpg,4.34,6269,10546,114,10,4.096015063298769,"4,25 a 4,5",Baixa
992,52831200,"From Blood and Ash (Blood and Ash, #1)",Jennifer L. Armentrout,4476934,https://www.goodreads.com/book/show/52831200-from-blood-and-ash,https://www.goodreads.com/author/show/4476934.Jennifer_L_Armentrout,https://i.gr-assets.com/images/S/compressed.photo.goodreads.com/books/1734440654i/52831200._SY75_.jpg,4.21,905666,10523,116,10,4.174444209247488,"4,0 a 4,25",Muito alta
993,201930181,"The Mercy of Gods (The Captive's War, #1)",James S.A. Corey,4192148,https://www.goodreads.com/book/show/201930181-the-mercy-of-gods,https://www.goodreads.com/author/show/4192148.James_S_A_Corey,https://i.gr-assets.com/images/S/compressed.photo.goodreads.com/books/1725128722i/201930181._SY75_.jpg,4.15,45449,10515,111,10,4.098131802925231,"4,0 a 4,25",Baixa
994,50033,Dandelion Wine,Ray Bradbury,1630,https://www.goodreads.com/book/show/50033.Dandelion_Wine,https://www.goodreads.com/author/show/1630.Ray_Bradbury,https://i.gr-assets.com/images/S/compressed.photo.goodreads.com/books/1374049845i/50033._SY75_.jpg,4.09,82011,10499,140,10,4.091739269175588,"4,0 a 4,25",Média
995,42046112,Recursion,Blake Crouch,442240,https://www.goodreads.com/book/show/42046112-recursion,https://www.goodreads.com/author/show/442240.Blake_Crouch,https://i.gr-assets.com/images/S/compressed.photo.goodreads.com/books/1750526564i/42046112._SX50_.jpg,4.16,351861,10498,114,10,4.124259891704835,"4,0 a 4,25",Alta
996,60109530,Keep It in the Family,John Marrs,7264719,https://www.goodreads.com/book/show/60109530-keep-it-in-the-family,https://www.goodreads.com/author/show/7264719.John_Marrs,https://i.gr-assets.com/images/S/compressed.photo.goodreads.com/books/1755098318i/60109530._SY75_.jpg,4.06,270118,10491,111,10,4.078988626941596,"4,0 a 4,25",Alta
997,25499718,"Children of Time (Children of Time, #1)",Adrian Tchaikovsky,1445909,https://www.goodreads.com/book/show/25499718-children-of-time,https://www.goodreads.com/author/show/1445909.Adrian_Tchaikovsky,https://i.gr-assets.com/images/S/compressed.photo.goodreads.com/books/1431014197i/25499718._SY75_.jpg,4.3,196219,10478,111,10,4.161562815918106,"4,25 a 4,5",Alta
998,18521,A Room of One’s Own,Virginia Woolf,6765,https://www.goodreads.com/book/show/18521.A_Room_of_One_s_Own,https://www.goodreads.com/author/show/6765.Virginia_Woolf,https://i.gr-assets.com/images/S/compressed.photo.goodreads.com/books/1327883012i/18521._SY75_.jpg,4.22,280890,10448,148,10,4.145565713087958,"4,0 a 4,25",Alta
999,16690,The Moon Is a Harsh Mistress,Robert A. Heinlein,205,https://www.goodreads.com/book/show/16690.The_Moon_Is_a_Harsh_Mistress,https://www.goodreads.com/author/show/205.Robert_A_Heinlein,https://i.gr-assets.com/images/S/compressed.photo.goodreads.com/books/1348768309i/16690._SY75_.jpg,4.15,141719,10396,134,10,4.107503712976592,"4,0 a 4,25",Média
1000,11507,My Name Is Asher Lev,Chaim Potok,7385,https://www.goodreads.com/book/show/11507.My_Name_Is_Asher_Lev,https://www.goodreads.com/author/show/7385.Chaim_Potok,https://i.gr-assets.com/images/S/compressed.photo.goodreads.com/books/1385056726i/11507._SY75_.jpg,4.24,44158,10376,141,10,4.1071090784035205,"4,0 a 4,25",Baixa
1001,157981682,The Book of Love,Kelly Link,24902,https://www.goodreads.com/book/show/157981682-the-book-of-love,https://www.goodreads.com/author/show/24902.Kelly_Link,https://i.gr-assets.com/images/S/compressed.photo.goodreads.com/books/1695356776i/157981682._SY75_.jpg,3.52,12128,10329,113,11,4.074895848361426,"3,5 a 4,0",Baixa
1002,3109,The Omnivore's Dilemma: A Natural History of Four Meals,Michael Pollan,2121,https://www.goodreads.com/book/show/3109.The_Omnivore_s_Dilemma,https://www.goodreads.com/author/show/2121.Michael_Pollan,https://i.gr-assets.com/images/S/compressed.photo.goodreads.com/books/1393804353i/3109._SY75_.jpg,4.19,212332,10326,136,11,4.126552150908313,"4,0 a 4,25",Alta
1003,1848,Wild Swans: Three Daughters of China,Jung Chang,1237,https://www.goodreads.com/book/show/1848.Wild_Swans,https://www.goodreads.com/author/show/1237.Jung_Chang,https://i.gr-assets.com/images/S/compressed.photo.goodreads.com/books/1440643710i/1848._SX50_.jpg,4.31,129023,10319,139,11,4.1461578221614435,"4,25 a 4,5",Média
1004,60215314,"The High Auction (Wisdom Revolution, #1)",Misba,15178124,https://www.goodreads.com/book/show/60215314-the-high-auction,https://www.goodreads.com/author/show/15178124.Misba,https://i.gr-assets.com/images/S/compressed.photo.goodreads.com/books/1643167769i/60215314._SY75_.jpg,4.67,13995,10312,106,11,4.112069782992441,"Acima de 4,5",Baixa
1005,3698,The Quiet American,Graham Greene,2533,https://www.goodreads.com/book/show/3698.The_Quiet_American,https://www.goodreads.com/author/show/2533.Graham_Greene,https://i.gr-assets.com/images/S/compressed.photo.goodreads.com/books/1753926448i/3698._SX50_.jpg,3.98,75323,10298,140,11,4.073999493781943,"3,5 a 4,0",Média
1006,7940583,Chasing the Devil: The Search for Africa's Fighting Spirit,Tim Butcher,534082,https://www.goodreads.com/book/show/7940583-chasing-the-devil,https://www.goodreads.com/author/show/534082.Tim_Butcher,https://i.gr-assets.com/images/S/compressed.photo.goodreads.com/books/1310975260i/7940583._SY75_.jpg,4.12,1995,10287,105,11,4.092245582175954,"4,0 a 4,25",Baixa
1007,264,The Portrait of a Lady,Henry James,159,https://www.goodreads.com/book/show/264.The_Portrait_of_a_Lady,https://www.goodreads.com/author/show/159.Henry_James,https://i.gr-assets.com/images/S/compressed.photo.goodreads.com/books/1502148606i/264._SY75_.jpg,3.8,86817,10280,152,11,4.039039107001446,"3,5 a 4,0",Média
1008,1768603,The White Tiger,Aravind Adiga,810254,https://www.goodreads.com/book/show/1768603.The_White_Tiger,https://www.goodreads.com/author/show/810254.Aravind_Adiga,https://i.gr-assets.com/images/S/compressed.photo.goodreads.com/books/1710937569i/1768603._SY75_.jpg,3.77,206698,10276,120,11,3.980727922158491,"3,5 a 4,0",Alta
1008,60215458,"The Oldest Dance (Wisdom Revolution, #2)",Misba,15178124,https://www.goodreads.com/book/show/60215458-the-oldest-dance,https://www.goodreads.com/author/show/15178124.Misba,https://i.gr-assets.com/images/S/compressed.photo.goodreads.com/books/1643167654i/60215458._SY75_.jpg,4.7,11274,10276,106,11,4.109137275993387,"Acima de 4,5",Baixa
1010,16640,The Sorrows of Young Werther,Johann Wolfgang von Goethe,285217,https://www.goodreads.com/book/show/16640.The_Sorrows_of_Young_Werther,https://www.goodreads.com/author/show/285217.Johann_Wolfgang_von_Goethe,https://i.gr-assets.com/images/S/compressed.photo.goodreads.com/books/1758424070i/16640._SY75_.jpg,3.7,163335,10246,130,11,3.9765872477432325,"3,5 a 4,0",Alta
1011,3407877,The Forgotten Garden,Kate Morton,615274,https://www.goodreads.com/book/show/3407877-the-forgotten-garden,https://www.goodreads.com/author/show/615274.Kate_Morton,https://i.gr-assets.com/images/S/compressed.photo.goodreads.com/books/1547843777i/3407877._SY75_.jpg,4.16,244606,10216,131,11,4.118229712036628,"4,0 a 4,25",Alta
1012,38374795,Howards End,E.M. Forster,86404,https://www.goodreads.com/book/show/38374795-howards-end,https://www.goodreads.com/author/show/86404.E_M_Forster,https://i.gr-assets.com/images/S/compressed.photo.goodreads.com/books/1518837828i/38374795._SX50_.jpg,3.96,96681,10213,156,11,4.065919193946635,"3,5 a 4,0",Média
1013,19691,"The Hunt for Red October (Jack Ryan, #3)",Tom Clancy,3892,https://www.goodreads.com/book/show/19691.The_Hunt_for_Red_October,https://www.goodreads.com/author/show/3892.Tom_Clancy,https://i.gr-assets.com/images/S/compressed.photo.goodreads.com/books/1281995542i/19691._SX50_.jpg,4.12,393118,10212,153,11,4.106088235154672,"4,0 a 4,25",Muito alta
1014,199798179,The Ministry of Time,Kaliane Bradley,22032713,https://www.goodreads.com/book/show/199798179-the-ministry-of-time,https://www.goodreads.com/author/show/22032713.Kaliane_Bradley,https://i.gr-assets.com/images/S/compressed.photo.goodreads.com/books/1716480921i/199798179._SY75_.jpg,3.55,267258,10193,108,11,3.8720324474261916,"3,5 a 4,0",Alta
1015,78983,"Kane & Abel (Kane & Abel, #1)",Jeffrey Archer,4820,https://www.goodreads.com/book/show/78983.Kane_Abel,https://www.goodreads.com/author/show/4820.Jeffrey_Archer,https://i.gr-assets.com/images/S/compressed.photo.goodreads.com/books/1388965561i/78983._SY75_.jpg,4.35,134223,10163,125,11,4.158000302487846,"4,25 a 4,5",Média
1016,7805,Pale Fire,Vladimir Nabokov,5152,https://www.goodreads.com/book/show/7805.Pale_Fire,https://www.goodreads.com/author/show/5152.Vladimir_Nabokov,https://i.gr-assets.com/images/S/compressed.photo.goodreads.com/books/1388155863i/7805._SY75_.jpg,4.17,60354,10156,129,11,4.102518207554913,"4,0 a 4,25",Média
1017,102868,"A Study in Scarlet (Sherlock Holmes, #1)",Arthur Conan Doyle,2448,https://www.goodreads.com/book/show/102868.A_Study_in_Scarlet,https://www.goodreads.com/author/show/2448.Arthur_Conan_Doyle,https://i.gr-assets.com/images/S/compressed.photo.goodreads.com/books/1519031842i/102868._SX50_.jpg,4.13,510591,10147,155,11,4.113563424159623,"4,0 a 4,25",Muito alta
1017,58446227,Sea of Tranquility,Emily St. John Mandel,2786093,https://www.goodreads.com/book/show/58446227-sea-of-tranquility,https://www.goodreads.com/author/show/2786093.Emily_St_John_Mandel,https://i.gr-assets.com/images/S/compressed.photo.goodreads.com/books/1626710416i/58446227._SX50_.jpg,4.04,314943,10147,108,11,4.068861453170662,"4,0 a 4,25",Alta
1019,24335,The Trumpet of the Swan,E.B. White,988142,https://www.goodreads.com/book/show/24335.The_Trumpet_of_the_Swan,https://www.goodreads.com/author/show/988142.E_B_White,https://i.gr-assets.com/images/S/compressed.photo.goodreads.com/books/1631119077i/24335._SY75_.jpg,4.11,84344,10101,120,11,4.095278887769306,"4,0 a 4,25",Média
1020,15790842,"Life After Life (Todd Family, #1)",Kate Atkinson,10015,https://www.goodreads.com/book/show/15790842-life-after-life,https://www.goodreads.com/author/show/10015.Kate_Atkinson,https://i.gr-assets.com/images/S/compressed.photo.goodreads.com/books/1358173808i/15790842._SY75_.jpg,3.78,248265,10081,113,11,3.9709105775677713,"3,5 a 4,0",Alta
1021,59317244,Living Fearless: Exchanging the Lies of the World for the Liberating Truth of God,Jamie Winship,568926,https://www.goodreads.com/book/show/59317244-living-fearless,https://www.goodreads.com/author/show/568926.Jamie_Winship,https://i.gr-assets.com/images/S/compressed.photo.goodreads.com/books/1646026780i/59317244._SY75_.jpg,4.44,5100,10075,107,11,4.09658243465388,"4,25 a 4,5",Baixa
1022,83674,The Bridges of Madison County,Robert James Waller,28024,https://www.goodreads.com/book/show/83674.The_Bridges_of_Madison_County,https://www.goodreads.com/author/show/28024.Robert_James_Waller,https://i.gr-assets.com/images/S/compressed.photo.goodreads.com/books/1344267141i/83674._SY75_.jpg,3.73,110173,10025,159,11,4.0125154004294235,"3,5 a 4,0",Média
1023,5091,"The Dark Tower (Dark Tower, #7)",Stephen  King,3389,https://www.goodreads.com/book/show/5091.The_Dark_Tower,https://www.goodreads.com/author/show/3389.Stephen_King,https://i.gr-assets.com/images/S/compressed.photo.goodreads.com/books/1372296329i/5091._SY75_.jpg,4.29,195367,10023,136,11,4.1580303298938395,"4,25 a 4,5",Alta
1024,169485073,"The Strength of the Few (Hierarchy, #2)",James Islington,8427407,https://www.goodreads.com/book/show/169485073-the-strength-of-the-few,https://www.goodreads.com/author/show/8427407.James_Islington,https://i.gr-assets.com/images/S/compressed.photo.goodreads.com/books/1742965949i/169485073._SY75_.jpg,4.29,129828,10015,109,11,4.14142634654918,"4,25 a 4,5",Média
1025,43594238,"A Dead and Stormy Night (Nevermore Bookshop Mysteries, #1)",Steffanie Holmes,10789666,https://www.goodreads.com/book/show/43594238-a-dead-and-stormy-night,https://www.goodreads.com/author/show/10789666.Steffanie_Holmes,https://i.gr-assets.com/images/S/compressed.photo.goodreads.com/books/1764083110i/43594238._SY75_.jpg,3.9,15035,10005,106,11,4.084992028499264,"3,5 a 4,0",Baixa
1026,46164,Tender Is the Night,F. Scott Fitzgerald,3190,https://www.goodreads.com/book/show/46164.Tender_Is_the_Night,https://www.goodreads.com/author/show/3190.F_Scott_Fitzgerald,https://i.gr-assets.com/images/S/compressed.photo.goodreads.com/books/1559763775i/46164._SY75_.jpg,3.76,153976,10000,146,11,3.9982861626757216,"3,5 a 4,0",Alta
1027,34384161,"Worm Holes (Quantum Roots, #2)",Kyle Keyes,4868409,https://www.goodreads.com/book/show/34384161-worm-holes,https://www.goodreads.com/author/show/4868409.Kyle_Keyes,https://i.gr-assets.com/images/S/compressed.photo.goodreads.com/books/1487896475i/34384161._SX50_.jpg,4.34,2089,9987,111,11,4.093421127637617,"4,25 a 4,5",Baixa
1028,241800575,Poinsettia Girl: The Story of Agata della Pieta,Jennifer Wizbowski,59496761,https://www.goodreads.com/book/show/241800575-poinsettia-girl,https://www.goodreads.com/author/show/59496761.Jennifer_Wizbowski,https://i.gr-assets.com/images/S/compressed.photo.goodreads.com/books/1758238420i/241800575._SY75_.jpg,4.34,5440,9983,108,11,4.095504967641668,"4,25 a 4,5",Baixa
1029,12751687,"Finale (Hush, Hush, #4)",Becca Fitzpatrick,2876763,https://www.goodreads.com/book/show/12751687-finale,https://www.goodreads.com/author/show/2876763.Becca_Fitzpatrick,https://i.gr-assets.com/images/S/compressed.photo.goodreads.com/books/1362408156i/12751687._SY75_.jpg,4.11,189526,9975,130,11,4.097945746235297,"4,0 a 4,25",Alta
1030,6654313,"Linger (The Wolves of Mercy Falls, #2)",Maggie Stiefvater,1330292,https://www.goodreads.com/book/show/6654313-linger,https://www.goodreads.com/author/show/1330292.Maggie_Stiefvater,https://i.gr-assets.com/images/S/compressed.photo.goodreads.com/books/1292482391i/6654313._SY75_.jpg,3.88,176506,9973,136,11,4.026144693120479,"3,5 a 4,0",Alta
1031,61755703,"The Fury of the Gods (The Bloodsworn Saga, #3)",John Gwynne,5898355,https://www.goodreads.com/book/show/61755703-the-fury-of-the-gods,https://www.goodreads.com/author/show/5898355.John_Gwynne,https://i.gr-assets.com/images/S/compressed.photo.goodreads.com/books/1711655158i/61755703._SX50_.jpg,4.46,48476,9961,109,11,4.1326769783378365,"4,25 a 4,5",Baixa
1032,58340706,"One Dark Window (The Shepherd King, #1)",Rachel Gillig,21163293,https://www.goodreads.com/book/show/58340706-one-dark-window,https://www.goodreads.com/author/show/21163293.Rachel_Gillig,https://i.gr-assets.com/images/S/compressed.photo.goodreads.com/books/1734440714i/58340706._SY75_.jpg,4.25,765741,9955,110,11,4.196620915364013,"4,0 a 4,25",Muito alta
1033,215186841,"Inara (Godfrey Davis, #3)",A.R. Merrydew,14407836,https://www.goodreads.com/book/show/215186841-inara,https://www.goodreads.com/author/show/14407836.A_R_Merrydew,https://i.gr-assets.com/images/S/compressed.photo.goodreads.com/books/1719253079i/215186841._SY75_.jpg,4.35,5994,9943,109,11,4.095997041861765,"4,25 a 4,5",Baixa
1033,225578897,The Doomsday Butcher (Cole Chambers FBI Profiler Thrillers #1),S.E. Stitcher,54509953,https://www.goodreads.com/book/show/225578897-the-doomsday-butcher,https://www.goodreads.com/author/show/54509953.S_E_Stitcher,https://i.gr-assets.com/images/S/compressed.photo.goodreads.com/books/1738484593i/225578897._SY75_.jpg,4.32,4700,9943,108,11,4.094810324650706,"4,25 a 4,5",Baixa
1035,40605329,"The Mysterious Benedict Society (The Mysterious Benedict Society, #1)",Trenton Lee Stewart,47672,https://www.goodreads.com/book/show/40605329-the-mysterious-benedict-society,https://www.goodreads.com/author/show/47672.Trenton_Lee_Stewart,https://i.gr-assets.com/images/S/compressed.photo.goodreads.com/books/1776240113i/40605329._SX50_.jpg,4.2,179718,9940,122,11,4.126075436216355,"4,0 a 4,25",Alta
1036,307791,"The City of Ember (Book of Ember, #1)",Jeanne DuPrau,2347,https://www.goodreads.com/book/show/307791.The_City_of_Ember,https://www.goodreads.com/author/show/2347.Jeanne_DuPrau,https://i.gr-assets.com/images/S/compressed.photo.goodreads.com/books/1591616783i/307791._SX50_.jpg,3.9,304113,9923,140,11,4.008067968674919,"3,5 a 4,0",Alta
1037,52867387,Beach Read,Emily Henry,13905555,https://www.goodreads.com/book/show/52867387-beach-read,https://www.goodreads.com/author/show/13905555.Emily_Henry,https://i.gr-assets.com/images/S/compressed.photo.goodreads.com/books/1589881197i/52867387._SX50_.jpg,3.95,1786712,9921,114,11,3.9755185618089692,"3,5 a 4,0",Muito alta
1038,976,Deception Point,Dan    Brown,630,https://www.goodreads.com/book/show/976.Deception_Point,https://www.goodreads.com/author/show/630.Dan_Brown,https://i.gr-assets.com/images/S/compressed.photo.goodreads.com/books/1551277487i/976._SY75_.jpg,3.77,710181,9910,133,11,3.8843857705926865,"3,5 a 4,0",Muito alta
1038,43722869,"The Eden Paradox (Eden Paradox, #1)",Barry Kirwan,711866,https://www.goodreads.com/book/show/43722869-the-eden-paradox,https://www.goodreads.com/author/show/711866.Barry_Kirwan,https://i.gr-assets.com/images/S/compressed.photo.goodreads.com/books/1548629676i/43722869._SY75_.jpg,4.21,16449,9910,109,11,4.096862600578239,"4,0 a 4,25",Baixa
1040,49041,"New Moon (The Twilight Saga, #2)",Stephenie Meyer,941441,https://www.goodreads.com/book/show/49041.New_Moon,https://www.goodreads.com/author/show/941441.Stephenie_Meyer,https://i.gr-assets.com/images/S/compressed.photo.goodreads.com/books/1630592760i/49041._SX50_.jpg,3.62,2179835,9899,132,11,3.6918151835189468,"3,5 a 4,0",Muito alta
1041,43301353,"The Space Between Worlds (The Space Between Worlds, #1)",Micaiah Johnson,18715817,https://www.goodreads.com/book/show/43301353-the-space-between-worlds,https://www.goodreads.com/author/show/18715817.Micaiah_Johnson,https://i.gr-assets.com/images/S/compressed.photo.goodreads.com/books/1585293595l/43301353._SX50_SY75_.jpg,3.92,47159,9880,104,11,4.073583880508329,"3,5 a 4,0",Baixa
1042,16151178,The Sea of Tranquility,Katja Millay,6466759,https://www.goodreads.com/book/show/16151178-the-sea-of-tranquility,https://www.goodreads.com/author/show/6466759.Katja_Millay,https://i.gr-assets.com/images/S/compressed.photo.goodreads.com/books/1465919812i/16151178._SY75_.jpg,4.28,89177,9877,115,11,4.126993601660774,"4,25 a 4,5",Média
1043,126918599,"Empire of the Damned (Empire of the Vampire, #2)",Jay Kristoff,4735144,https://www.goodreads.com/book/show/126918599-empire-of-the-damned,https://www.goodreads.com/author/show/4735144.Jay_Kristoff,https://i.gr-assets.com/images/S/compressed.photo.goodreads.com/books/1687870963i/126918599._SX50_.jpg,4.55,43739,9862,107,11,4.138164265533017,"Acima de 4,5",Baixa
1044,51340378,"The Mask of Mirrors (Rook & Rose, #1)",M.A. Carrick,19457338,https://www.goodreads.com/book/show/51340378-the-mask-of-mirrors,https://www.goodreads.com/author/show/19457338.M_A_Carrick,https://i.gr-assets.com/images/S/compressed.photo.goodreads.com/books/1590151669i/51340378._SY75_.jpg,4.01,15569,9853,109,11,4.088960564707097,"4,0 a 4,25",Baixa
1045,373755,"Absalom, Absalom!",William Faulkner,3535,https://www.goodreads.com/book/show/373755.Absalom_Absalom_,https://www.goodreads.com/author/show/3535.William_Faulkner,https://i.gr-assets.com/images/S/compressed.photo.goodreads.com/books/1781818184i/373755._SY75_.jpg,4.0,49637,9849,128,11,4.081730543863958,"3,5 a 4,0",Baixa
1046,182484360,The Reappearance of Rachel Price,Holly  Jackson,18229614,https://www.goodreads.com/book/show/182484360-the-reappearance-of-rachel-price,https://www.goodreads.com/author/show/18229614.Holly_Jackson,https://i.gr-assets.com/images/S/compressed.photo.goodreads.com/books/1692547104i/182484360._SY75_.jpg,4.07,254533,9845,107,11,4.083389505564279,"4,0 a 4,25",Alta
1047,202901080,"The Lies of Vampires and Slayers (Magic on Main Street, #1)",K.M. Shea,6893644,https://www.goodreads.com/book/show/202901080-the-lies-of-vampires-and-slayers,https://www.goodreads.com/author/show/6893644.K_M_Shea,https://i.gr-assets.com/images/S/compressed.photo.goodreads.com/books/1701218507i/202901080._SY75_.jpg,4.35,9101,9844,105,11,4.097969113778927,"4,25 a 4,5",Baixa
1048,60400,"The Ruins of Gorlan (Ranger's Apprentice, #1)",John Flanagan,34049,https://www.goodreads.com/book/show/60400.The_Ruins_of_Gorlan,https://www.goodreads.com/author/show/34049.John_Flanagan,https://i.gr-assets.com/images/S/compressed.photo.goodreads.com/books/1293952830i/60400._SY75_.jpg,4.26,180588,9837,119,11,4.145141712570435,"4,25 a 4,5",Alta
1049,186190,"Forrest Gump (Forrest Gump, #1)",Winston Groom,77004,https://www.goodreads.com/book/show/186190.Forrest_Gump,https://www.goodreads.com/author/show/77004.Winston_Groom,https://i.gr-assets.com/images/S/compressed.photo.goodreads.com/books/1385313197i/186190._SY75_.jpg,4.0,73869,9822,160,11,4.0774709555129345,"3,5 a 4,0",Média
1050,22896,"Practical Magic (Practical Magic, #1)",Alice Hoffman,3502,https://www.goodreads.com/book/show/22896.Practical_Magic,https://www.goodreads.com/author/show/3502.Alice_Hoffman,https://i.gr-assets.com/images/S/compressed.photo.goodreads.com/books/1490354120i/22896._SY75_.jpg,3.71,177968,9794,134,11,3.9726023146487885,"3,5 a 4,0",Alta
1051,368916,"84, Charing Cross Road",Helene Hanff,58918,https://www.goodreads.com/book/show/368916.84_Charing_Cross_Road,https://www.goodreads.com/author/show/58918.Helene_Hanff,https://i.gr-assets.com/images/S/compressed.photo.goodreads.com/books/1662637640i/368916._SY75_.jpg,4.17,101489,9771,143,11,4.108153680566051,"4,0 a 4,25",Média
1052,13651,The Dispossessed: An Ambiguous Utopia,Ursula K. Le Guin,874602,https://www.goodreads.com/book/show/13651.The_Dispossessed,https://www.goodreads.com/author/show/874602.Ursula_K_Le_Guin,https://i.gr-assets.com/images/S/compressed.photo.goodreads.com/books/1353467455i/13651._SY75_.jpg,4.26,162762,9754,122,11,4.141444880154159,"4,25 a 4,5",Alta
1053,106264,"Sarah, Plain and Tall (Sarah, Plain and Tall, #1)",Patricia MacLachlan,29182,https://www.goodreads.com/book/show/106264.Sarah_Plain_and_Tall,https://www.goodreads.com/author/show/29182.Patricia_MacLachlan,https://i.gr-assets.com/images/S/compressed.photo.goodreads.com/books/1327254558i/106264._SY75_.jpg,3.85,92376,9750,127,11,4.045844227840442,"3,5 a 4,0",Média
1054,9791,A Walk in the Woods: Rediscovering America on the Appalachian Trail,Bill  Bryson,7,https://www.goodreads.com/book/show/9791.A_Walk_in_the_Woods,https://www.goodreads.com/author/show/7.Bill_Bryson,https://i.gr-assets.com/images/S/compressed.photo.goodreads.com/books/1388189974i/9791._SY75_.jpg,4.07,458395,9731,136,11,4.080176216210998,"4,0 a 4,25",Muito alta
1055,195790847,A Sorceress Comes to Call,T. Kingfisher,7367300,https://www.goodreads.com/book/show/195790847-a-sorceress-comes-to-call,https://www.goodreads.com/author/show/7367300.T_Kingfisher,https://i.gr-assets.com/images/S/compressed.photo.goodreads.com/books/1697733485i/195790847._SY75_.jpg,4.03,65894,9726,105,11,4.08314884224566,"4,0 a 4,25",Média
1056,57645345,Twenty Years Later,Charlie Donlea,13922088,https://www.goodreads.com/book/show/57645345-twenty-years-later,https://www.goodreads.com/author/show/13922088.Charlie_Donlea,https://i.gr-assets.com/images/S/compressed.photo.goodreads.com/books/1632079606i/57645345._SY75_.jpg,4.16,212855,9723,102,11,4.116033702919557,"4,0 a 4,25",Alta
1057,11991,The Fall,Albert Camus,957894,https://www.goodreads.com/book/show/11991.The_Fall,https://www.goodreads.com/author/show/957894.Albert_Camus,https://i.gr-assets.com/images/S/compressed.photo.goodreads.com/books/1738704293i/11991._SY75_.jpg,4.02,145768,9708,126,11,4.072525942172725,"4,0 a 4,25",Média
1058,6468666,"The Reckoning (Darkest Powers, #3)",Kelley Armstrong,7581,https://www.goodreads.com/book/show/6468666-the-reckoning,https://www.goodreads.com/author/show/7581.Kelley_Armstrong,https://i.gr-assets.com/images/S/compressed.photo.goodreads.com/books/1327154591i/6468666._SY75_.jpg,4.18,119464,9693,128,11,4.112671066342372,"4,0 a 4,25",Média
1059,298275,Nausea,Jean-Paul Sartre,1466,https://www.goodreads.com/book/show/298275.Nausea,https://www.goodreads.com/author/show/1466.Jean_Paul_Sartre,https://i.gr-assets.com/images/S/compressed.photo.goodreads.com/books/1738688084i/298275._SY75_.jpg,3.93,146990,9680,126,11,4.047820479738027,"3,5 a 4,0",Média
1060,42697,Exodus,Leon Uris,19708,https://www.goodreads.com/book/show/42697.Exodus,https://www.goodreads.com/author/show/19708.Leon_Uris,https://i.gr-assets.com/images/S/compressed.photo.goodreads.com/books/1750535523i/42697._SY75_.jpg,4.34,101998,9653,154,11,4.143383630704021,"4,25 a 4,5",Média
1061,428263,"Eclipse (The Twilight Saga, #3)",Stephenie Meyer,941441,https://www.goodreads.com/book/show/428263.Eclipse,https://www.goodreads.com/author/show/941441.Stephenie_Meyer,https://i.gr-assets.com/images/S/compressed.photo.goodreads.com/books/1361038355i/428263._SY75_.jpg,3.75,2038520,9648,131,11,3.8050667795513315,"3,5 a 4,0",Muito alta
1062,40275288,"The Priory of the Orange Tree (The Roots of Chaos, #1)",Samantha Shannon,5830526,https://www.goodreads.com/book/show/40275288-the-priory-of-the-orange-tree,https://www.goodreads.com/author/show/5830526.Samantha_Shannon,https://i.gr-assets.com/images/S/compressed.photo.goodreads.com/books/1700221964i/40275288._SY75_.jpg,4.16,300491,9640,105,11,4.121605113855503,"4,0 a 4,25",Alta
1062,202102011,"The Ending Fire (The Ending Fire Trilogy, #3)",Saara El-Arifi,20487614,https://www.goodreads.com/book/show/202102011-the-ending-fire,https://www.goodreads.com/author/show/20487614.Saara_El_Arifi,https://i.gr-assets.com/images/S/compressed.photo.goodreads.com/books/1699934840i/202102011._SY75_.jpg,4.05,3440,9640,107,11,4.091736876699135,"4,0 a 4,25",Baixa
1064,195790571,"The Daughters' War (Blacktongue, #0)",Christopher Buehlman,4712375,https://www.goodreads.com/book/show/195790571-the-daughters-war,https://www.goodreads.com/author/show/4712375.Christopher_Buehlman,https://i.gr-assets.com/images/S/compressed.photo.goodreads.com/books/1722012743i/195790571._SY75_.jpg,4.22,15440,9632,106,11,4.096961597650305,"4,0 a 4,25",Baixa
1065,55073379,The Venice Sketchbook,Rhys Bowen,202867,https://www.goodreads.com/book/show/55073379-the-venice-sketchbook,https://www.goodreads.com/author/show/202867.Rhys_Bowen,https://i.gr-assets.com/images/S/compressed.photo.goodreads.com/books/1598152224i/55073379._SY75_.jpg,4.25,85595,9631,102,11,4.120456833388315,"4,0 a 4,25",Média
1066,15745950,"Walking Disaster (Beautiful, #2)",Jamie McGuire,4464118,https://www.goodreads.com/book/show/15745950-walking-disaster,https://www.goodreads.com/author/show/4464118.Jamie_McGuire,https://i.gr-assets.com/images/S/compressed.photo.goodreads.com/books/1352338368i/15745950._SY75_.jpg,4.14,206121,9601,118,11,4.10863504903996,"4,0 a 4,25",Alta
1067,991197,The Complete Persepolis,Marjane Satrapi,6238,https://www.goodreads.com/book/show/991197.The_Complete_Persepolis,https://www.goodreads.com/author/show/6238.Marjane_Satrapi,https://i.gr-assets.com/images/S/compressed.photo.goodreads.com/books/1327876995i/991197._SX50_.jpg,4.41,216559,9586,131,11,4.205400142762221,"4,25 a 4,5",Alta
1068,5246,Ethan Frome,Edith Wharton,16,https://www.goodreads.com/book/show/5246.Ethan_Frome,https://www.goodreads.com/author/show/16.Edith_Wharton,https://i.gr-assets.com/images/S/compressed.photo.goodreads.com/books/1701588541i/5246._SY75_.jpg,3.47,142079,9583,141,11,3.9263227042138875,"Até 3,5",Média
1069,77295,Gift from the Sea,Anne Morrow Lindbergh,21135,https://www.goodreads.com/book/show/77295.Gift_from_the_Sea,https://www.goodreads.com/author/show/21135.Anne_Morrow_Lindbergh,https://i.gr-assets.com/images/S/compressed.photo.goodreads.com/books/1328312670i/77295._SY75_.jpg,4.13,58458,9580,137,11,4.09703199423409,"4,0 a 4,25",Média
1070,35504431,Turtles All the Way Down,John  Green,1406384,https://www.goodreads.com/book/show/35504431-turtles-all-the-way-down,https://www.goodreads.com/author/show/1406384.John_Green,https://i.gr-assets.com/images/S/compressed.photo.goodreads.com/books/1503002776i/35504431._SY75_.jpg,3.87,660433,9577,111,11,3.9526052906088958,"3,5 a 4,0",Muito alta
1071,51893,Thus Spoke Zarathustra,Friedrich Nietzsche,1938,https://www.goodreads.com/book/show/51893.Thus_Spoke_Zarathustra,https://www.goodreads.com/author/show/1938.Friedrich_Nietzsche,https://i.gr-assets.com/images/S/compressed.photo.goodreads.com/books/1650680683i/51893._SY75_.jpg,4.07,183844,9571,117,11,4.085035791897983,"4,0 a 4,25",Alta
1072,5168,Where the Heart Is,Billie Letts,3510,https://www.goodreads.com/book/show/5168.Where_the_Heart_Is,https://www.goodreads.com/author/show/3510.Billie_Letts,https://i.gr-assets.com/images/S/compressed.photo.goodreads.com/books/1327959469i/5168._SY75_.jpg,4.04,254148,9566,146,11,4.071580848494429,"4,0 a 4,25",Alta
1073,29946,Illusions: The Adventures of a Reluctant Messiah,Richard Bach,16904,https://www.goodreads.com/book/show/29946.Illusions,https://www.goodreads.com/author/show/16904.Richard_Bach,https://i.gr-assets.com/images/S/compressed.photo.goodreads.com/books/1353964306i/29946._SY75_.jpg,4.15,67549,9559,124,11,4.100631176669198,"4,0 a 4,25",Média
1074,334123,"The Amulet of Samarkand (Bartimaeus, #1)",Jonathan Stroud,33467,https://www.goodreads.com/book/show/334123.The_Amulet_of_Samarkand,https://www.goodreads.com/author/show/33467.Jonathan_Stroud,https://i.gr-assets.com/images/S/compressed.photo.goodreads.com/books/1528705815i/334123._SX50_.jpg,4.04,136603,9555,116,11,4.078615688654426,"4,0 a 4,25",Média
1075,1162543,"Breaking Dawn (The Twilight Saga, #4)",Stephenie Meyer,941441,https://www.goodreads.com/book/show/1162543.Breaking_Dawn,https://www.goodreads.com/author/show/941441.Stephenie_Meyer,https://i.gr-assets.com/images/S/compressed.photo.goodreads.com/books/1361039438i/1162543._SY75_.jpg,3.76,1915470,9526,131,11,3.816308963242192,"3,5 a 4,0",Muito alta
1076,42038,Shakespeare's Sonnets,William Shakespeare,947,https://www.goodreads.com/book/show/42038.Shakespeare_s_Sonnets,https://www.goodreads.com/author/show/947.William_Shakespeare,https://i.gr-assets.com/images/S/compressed.photo.goodreads.com/books/1660269733i/42038._SY75_.jpg,4.25,114592,9510,154,11,4.127885280347814,"4,0 a 4,25",Média
1077,60018635,The Very Secret Society of Irregular Witches,Sangu Mandanna,5333630,https://www.goodreads.com/book/show/60018635-the-very-secret-society-of-irregular-witches,https://www.goodreads.com/author/show/5333630.Sangu_Mandanna,https://i.gr-assets.com/images/S/compressed.photo.goodreads.com/books/1643062993i/60018635._SX50_.jpg,4.02,413214,9499,102,11,4.055059891163035,"4,0 a 4,25",Muito alta
1078,50,"Hatchet (Brian's Saga, #1)",Gary Paulsen,18,https://www.goodreads.com/book/show/50.Hatchet,https://www.goodreads.com/author/show/18.Gary_Paulsen,https://i.gr-assets.com/images/S/compressed.photo.goodreads.com/books/1385297074i/50._SX50_.jpg,3.8,465655,9497,136,11,3.9333389570798225,"3,5 a 4,0",Muito alta
1079,297673,The Brief Wondrous Life of Oscar Wao,Junot Díaz,55215,https://www.goodreads.com/book/show/297673.The_Brief_Wondrous_Life_of_Oscar_Wao,https://www.goodreads.com/author/show/55215.Junot_D_az,https://i.gr-assets.com/images/S/compressed.photo.goodreads.com/books/1391409748i/297673._SY75_.jpg,3.89,283375,9486,126,11,4.007189280242625,"3,5 a 4,0",Alta
1080,23878688,The 5 Love Languages: The Secret to Love That Lasts,Gary Chapman,622,https://www.goodreads.com/book/show/23878688-the-5-love-languages,https://www.goodreads.com/author/show/622.Gary_Chapman,https://i.gr-assets.com/images/S/compressed.photo.goodreads.com/books/1432487272i/23878688._SY75_.jpg,4.27,492464,9480,131,11,4.19125842963585,"4,25 a 4,5",Muito alta
1081,170210,"Dead as a Doornail (Sookie Stackhouse, #5)",Charlaine Harris,17061,https://www.goodreads.com/book/show/170210.Dead_as_a_Doornail,https://www.goodreads.com/author/show/17061.Charlaine_Harris,https://i.gr-assets.com/images/S/compressed.photo.goodreads.com/books/1468562419i/170210._SY75_.jpg,4.01,226625,9476,138,11,4.061981536351248,"4,0 a 4,25",Alta
1082,140079,"Definitely Dead (Sookie Stackhouse, #6)",Charlaine Harris,17061,https://www.goodreads.com/book/show/140079.Definitely_Dead,https://www.goodreads.com/author/show/17061.Charlaine_Harris,https://i.gr-assets.com/images/S/compressed.photo.goodreads.com/books/1468562748i/140079._SY75_.jpg,4.02,212955,9436,139,11,4.066683472622274,"4,0 a 4,25",Alta
1083,61374793,I Am Not Jessica Chen,Ann Liang,16624571,https://www.goodreads.com/book/show/61374793-i-am-not-jessica-chen,https://www.goodreads.com/author/show/16624571.Ann_Liang,https://i.gr-assets.com/images/S/compressed.photo.goodreads.com/books/1721069346i/61374793._SY75_.jpg,4.03,23799,9425,101,11,4.088541490390891,"4,0 a 4,25",Baixa
1084,13928,"Daughter of the Forest  (Sevenwaters, #1)",Juliet Marillier,8649,https://www.goodreads.com/book/show/13928.Daughter_of_the_Forest,https://www.goodreads.com/author/show/8649.Juliet_Marillier,https://i.gr-assets.com/images/S/compressed.photo.goodreads.com/books/1343589988i/13928._SY75_.jpg,4.29,73304,9422,114,11,4.1233422531596915,"4,25 a 4,5",Média
1085,43982455,The Ruthless Elimination of Hurry: How to Stay Emotionally Healthy and Spiritually Alive in the Chaos of the Modern World,John Mark Comer,5611731,https://www.goodreads.com/book/show/43982455-the-ruthless-elimination-of-hurry,https://www.goodreads.com/author/show/5611731.John_Mark_Comer,https://i.gr-assets.com/images/S/compressed.photo.goodreads.com/books/1550193763i/43982455._SY75_.jpg,4.49,106654,9390,101,11,4.177364673449061,"4,25 a 4,5",Média
1086,150247395,"The Tainted Cup (Ana and Din Mysteries, #1)",Robert Jackson Bennett,2916869,https://www.goodreads.com/book/show/150247395-the-tainted-cup,https://www.goodreads.com/author/show/2916869.Robert_Jackson_Bennett,https://i.gr-assets.com/images/S/compressed.photo.goodreads.com/books/1735662086i/150247395._SY75_.jpg,4.29,109245,9383,103,11,4.135314145630122,"4,25 a 4,5",Média
1087,36236123,Survivor,Chuck Palahniuk,2546,https://www.goodreads.com/book/show/36236123-survivor,https://www.goodreads.com/author/show/2546.Chuck_Palahniuk,https://i.gr-assets.com/images/S/compressed.photo.goodreads.com/books/1523531504i/36236123._SY75_.jpg,3.93,125866,9376,119,11,4.05263497913083,"3,5 a 4,0",Média
1088,5391115,"The Awakening (Darkest Powers, #2)",Kelley Armstrong,7581,https://www.goodreads.com/book/show/5391115-the-awakening,https://www.goodreads.com/author/show/7581.Kelley_Armstrong,https://i.gr-assets.com/images/S/compressed.photo.goodreads.com/books/1478986806i/5391115._SY75_.jpg,4.14,118594,9366,125,11,4.103248711846133,"4,0 a 4,25",Média
1089,195790755,"The Silverblood Promise (The Last Legacy, #1)",James   Logan,36640036,https://www.goodreads.com/book/show/195790755-the-silverblood-promise,https://www.goodreads.com/author/show/36640036.James_Logan,https://i.gr-assets.com/images/S/compressed.photo.goodreads.com/books/1706280435i/195790755._SY75_.jpg,3.97,8816,9351,103,11,4.089412133001831,"3,5 a 4,0",Baixa
1090,6493208,The Immortal Life of Henrietta Lacks,Rebecca Skloot,2940640,https://www.goodreads.com/book/show/6493208-the-immortal-life-of-henrietta-lacks,https://www.goodreads.com/author/show/2940640.Rebecca_Skloot,https://i.gr-assets.com/images/S/compressed.photo.goodreads.com/books/1327878144i/6493208._SY75_.jpg,4.13,828023,9332,126,11,4.1178432035813195,"4,0 a 4,25",Muito alta
1091,11594337,"The One and Only Ivan (The One and Only, #1)",Katherine Applegate,1036736,https://www.goodreads.com/book/show/11594337-the-one-and-only-ivan,https://www.goodreads.com/author/show/1036736.Katherine_Applegate,https://i.gr-assets.com/images/S/compressed.photo.goodreads.com/books/1424981397i/11594337._SX50_.jpg,4.27,217604,9323,106,11,4.155701586737634,"4,25 a 4,5",Alta
1092,48328,Revolutionary Road,Richard Yates,27069,https://www.goodreads.com/book/show/48328.Revolutionary_Road,https://www.goodreads.com/author/show/27069.Richard_Yates,https://i.gr-assets.com/images/S/compressed.photo.goodreads.com/books/1759183553i/48328._SY75_.jpg,3.94,95699,9298,122,11,4.062200946933392,"3,5 a 4,0",Média
1093,8709523,"The Golden Lily (Bloodlines, #2)",Richelle Mead,137902,https://www.goodreads.com/book/show/8709523-the-golden-lily,https://www.goodreads.com/author/show/137902.Richelle_Mead,https://i.gr-assets.com/images/S/compressed.photo.goodreads.com/books/1360599818i/8709523._SY75_.jpg,4.31,122938,9290,125,11,4.144218243785854,"4,25 a 4,5",Média
1094,156150514,The Three Witches and the Master,Max Nowaz,14887946,https://www.goodreads.com/book/show/156150514-the-three-witches-and-the-master,https://www.goodreads.com/author/show/14887946.Max_Nowaz,https://i.gr-assets.com/images/S/compressed.photo.goodreads.com/books/1684157728i/156150514._SY75_.jpg,4.3,17784,9281,98,11,4.101146653992549,"4,25 a 4,5",Baixa
1095,24765,"Specials (Uglies, #3)",Scott Westerfeld,13957,https://www.goodreads.com/book/show/24765.Specials,https://www.goodreads.com/author/show/13957.Scott_Westerfeld,https://i.gr-assets.com/images/S/compressed.photo.goodreads.com/books/1390340887i/24765._SX50_.jpg,3.74,206857,9272,132,11,3.970293364815986,"3,5 a 4,0",Alta
1096,40389231,Cold Sassy Tree,Olive Ann Burns,52627,https://www.goodreads.com/book/show/40389231-cold-sassy-tree,https://www.goodreads.com/author/show/52627.Olive_Ann_Burns,https://i.gr-assets.com/images/S/compressed.photo.goodreads.com/books/1722549809i/40389231._SX50_.jpg,4.02,106309,9270,132,11,4.076692938280292,"4,0 a 4,25",Média
1097,156480764,The Book of Doors,Gareth  Brown,40006932,https://www.goodreads.com/book/show/156480764-the-book-of-doors,https://www.goodreads.com/author/show/40006932.Gareth_Brown,https://i.gr-assets.com/images/S/compressed.photo.goodreads.com/books/1685909433i/156480764._SY75_.jpg,4.02,120104,9266,99,11,4.075163003978503,"4,0 a 4,25",Média
1098,7437,Naked Lunch: The Restored Text,William S. Burroughs,4462369,https://www.goodreads.com/book/show/7437.Naked_Lunch,https://www.goodreads.com/author/show/4462369.William_S_Burroughs,https://i.gr-assets.com/images/S/compressed.photo.goodreads.com/books/1746119646i/7437._SY75_.jpg,3.46,100769,9261,119,11,3.962600044826697,"Até 3,5",Média
1099,7822895,"The Millennium Trilogy (Millennium Trilogy, #1-3)",Stieg Larsson,706255,https://www.goodreads.com/book/show/7822895-the-millennium-trilogy,https://www.goodreads.com/author/show/706255.Stieg_Larsson,https://i.gr-assets.com/images/S/compressed.photo.goodreads.com/books/1275608877i/7822895._SX50_.jpg,4.48,58182,9258,124,11,4.142338667957671,"4,25 a 4,5",Média
1100,198821102,The Wings Upon Her Back,Samantha Mills,5127680,https://www.goodreads.com/book/show/198821102-the-wings-upon-her-back,https://www.goodreads.com/author/show/5127680.Samantha_Mills,https://i.gr-assets.com/images/S/compressed.photo.goodreads.com/books/1697566335i/198821102._SY75_.jpg,4.03,1856,9232,101,11,4.091810657562572,"4,0 a 4,25",Baixa
1101,138959,Stuart Little,E.B. White,988142,https://www.goodreads.com/book/show/138959.Stuart_Little,https://www.goodreads.com/author/show/988142.E_B_White,https://i.gr-assets.com/images/S/compressed.photo.goodreads.com/books/1692299661i/138959._SX50_.jpg,3.89,135296,9224,119,12,4.040156677509027,"3,5 a 4,0",Média
1102,2122,The Fountainhead,Ayn Rand,432,https://www.goodreads.com/book/show/2122.The_Fountainhead,https://www.goodreads.com/author/show/432.Ayn_Rand,https://i.gr-assets.com/images/S/compressed.photo.goodreads.com/books/1491163636i/2122._SY75_.jpg,3.89,341644,9220,114,12,3.997869952390717,"3,5 a 4,0",Alta
1103,270730,"Crank (Crank, #1)",Ellen Hopkins,2821144,https://www.goodreads.com/book/show/270730.Crank,https://www.goodreads.com/author/show/2821144.Ellen_Hopkins,https://i.gr-assets.com/images/S/compressed.photo.goodreads.com/books/1388192181i/270730._SX50_.jpg,4.16,157744,9207,116,12,4.111618766096099,"4,0 a 4,25",Alta
1104,24192,The Runaway Jury,John Grisham,721,https://www.goodreads.com/book/show/24192.The_Runaway_Jury,https://www.goodreads.com/author/show/721.John_Grisham,https://i.gr-assets.com/images/S/compressed.photo.goodreads.com/books/1388444668i/24192._SY75_.jpg,4.03,318442,9198,141,12,4.064231007952881,"4,0 a 4,25",Alta
1105,40874032,"Vicious (Villains, #1)",V.E. Schwab,7168230,https://www.goodreads.com/book/show/40874032-vicious,https://www.goodreads.com/author/show/7168230.V_E_Schwab,https://i.gr-assets.com/images/S/compressed.photo.goodreads.com/books/1670752670i/40874032._SY75_.jpg,4.17,343852,9192,105,12,4.128549097040512,"4,0 a 4,25",Alta
1106,10916,The Pact,Jodi Picoult,7128,https://www.goodreads.com/book/show/10916.The_Pact,https://www.goodreads.com/author/show/7128.Jodi_Picoult,https://i.gr-assets.com/images/S/compressed.photo.goodreads.com/books/1410754561i/10916._SY75_.jpg,4.03,332377,9173,122,12,4.063571661783981,"4,0 a 4,25",Alta
1107,5821978,"The Summer I Turned Pretty (Summer, #1)",Jenny Han,151371,https://www.goodreads.com/book/show/5821978-the-summer-i-turned-pretty,https://www.goodreads.com/author/show/151371.Jenny_Han,https://i.gr-assets.com/images/S/compressed.photo.goodreads.com/books/1361666855i/5821978._SY75_.jpg,3.73,1200994,9163,110,12,3.8189480245183214,"3,5 a 4,0",Muito alta
1108,13596809,"Reflected in You (Crossfire, #2)",Sylvia Day,19823,https://www.goodreads.com/book/show/13596809-reflected-in-you,https://www.goodreads.com/author/show/19823.Sylvia_Day,https://i.gr-assets.com/images/S/compressed.photo.goodreads.com/books/1477802540i/13596809._SX50_.jpg,4.29,368588,9134,112,12,4.188122285401366,"4,25 a 4,5",Alta
1109,29227774,"Light Bringer (Red Rising Saga, #6)",Pierce Brown,6474348,https://www.goodreads.com/book/show/29227774-light-bringer,https://www.goodreads.com/author/show/6474348.Pierce_Brown,https://i.gr-assets.com/images/S/compressed.photo.goodreads.com/books/1667655583i/29227774._SY75_.jpg,4.78,140318,9133,95,12,4.2737457350021995,"Acima de 4,5",Média
1110,30281,"Guilty Pleasures (Anita Blake, Vampire Hunter, #1)",Laurell K. Hamilton,9550,https://www.goodreads.com/book/show/30281.Guilty_Pleasures,https://www.goodreads.com/author/show/9550.Laurell_K_Hamilton,https://i.gr-assets.com/images/S/compressed.photo.goodreads.com/books/1388207930i/30281._SY75_.jpg,4.02,154955,9118,123,12,4.071642198149114,"4,0 a 4,25",Alta
1111,11768,The Hotel New Hampshire,John Irving,3075,https://www.goodreads.com/book/show/11768.The_Hotel_New_Hampshire,https://www.goodreads.com/author/show/3075.John_Irving,https://i.gr-assets.com/images/S/compressed.photo.goodreads.com/books/1318013543i/11768._SY75_.jpg,3.93,70106,9112,131,12,4.067462218717255,"3,5 a 4,0",Média
1112,76171,We,Yevgeny Zamyatin,43298,https://www.goodreads.com/book/show/76171.We,https://www.goodreads.com/author/show/43298.Yevgeny_Zamyatin,https://i.gr-assets.com/images/S/compressed.photo.goodreads.com/books/1765882854i/76171._SY75_.jpg,3.87,119443,9106,116,12,4.040140172514991,"3,5 a 4,0",Média
1113,6050298,"Dreamfever (Fever, #4)",Karen Marie Moning,48206,https://www.goodreads.com/book/show/6050298-dreamfever,https://www.goodreads.com/author/show/48206.Karen_Marie_Moning,https://i.gr-assets.com/images/S/compressed.photo.goodreads.com/books/1429621657i/6050298._SY75_.jpg,4.37,107243,9100,115,12,4.151909298719959,"4,25 a 4,5",Média
1114,61771675,Hello Beautiful,Ann Napolitano,347770,https://www.goodreads.com/book/show/61771675-hello-beautiful,https://www.goodreads.com/author/show/347770.Ann_Napolitano,https://i.gr-assets.com/images/S/compressed.photo.goodreads.com/books/1687803098i/61771675._SY75_.jpg,4.12,585096,9098,95,12,4.108824166728003,"4,0 a 4,25",Muito alta
1115,1241,A Million Little Pieces,James Frey,822,https://www.goodreads.com/book/show/1241.A_Million_Little_Pieces,https://www.goodreads.com/author/show/822.James_Frey,https://i.gr-assets.com/images/S/compressed.photo.goodreads.com/books/1483206985i/1241._SY75_.jpg,3.7,266557,9076,119,12,3.93317445873203,"3,5 a 4,0",Alta
1116,208099994,"Heretical Fishing (Heretical Fishing, #1)",Haylock Jobson,48464884,https://www.goodreads.com/book/show/208099994-heretical-fishing,https://www.goodreads.com/author/show/48464884.Haylock_Jobson,https://i.gr-assets.com/images/S/compressed.photo.goodreads.com/books/1707524477i/208099994._SY75_.jpg,4.17,12002,9063,96,12,4.0944233941988335,"4,0 a 4,25",Baixa
1117,10140661,"Gabriel's Inferno (Gabriel's Inferno, #1)",Sylvain Reynard,4562483,https://www.goodreads.com/book/show/10140661-gabriel-s-inferno,https://www.goodreads.com/author/show/4562483.Sylvain_Reynard,https://i.gr-assets.com/images/S/compressed.photo.goodreads.com/books/1301789770i/10140661._SY75_.jpg,3.97,161924,9053,106,12,4.0563510194044445,"3,5 a 4,0",Alta
1118,9593911,"Pandemonium (Delirium, #2)",Lauren Oliver,2936493,https://www.goodreads.com/book/show/9593911-pandemonium,https://www.goodreads.com/author/show/2936493.Lauren_Oliver,https://i.gr-assets.com/images/S/compressed.photo.goodreads.com/books/1310371414i/9593911._SY75_.jpg,4.02,247400,9017,108,12,4.064164975056804,"4,0 a 4,25",Alta
1119,162898,A Connecticut Yankee in King Arthur's Court,Mark Twain,1244,https://www.goodreads.com/book/show/162898.A_Connecticut_Yankee_in_King_Arthur_s_Court,https://www.goodreads.com/author/show/1244.Mark_Twain,https://i.gr-assets.com/images/S/compressed.photo.goodreads.com/books/1348239402i/162898._SY75_.jpg,3.78,109661,9013,141,12,4.023754123553708,"3,5 a 4,0",Média
1120,13362536,"Opal (Lux, #3)",Jennifer L. Armentrout,4476934,https://www.goodreads.com/book/show/13362536-opal,https://www.goodreads.com/author/show/4476934.Jennifer_L_Armentrout,https://i.gr-assets.com/images/S/compressed.photo.goodreads.com/books/1553011318i/13362536._SY75_.jpg,4.23,160527,8997,116,12,4.132234022089066,"4,0 a 4,25",Alta
1121,2731276,The Story of Edgar Sawtelle,David Wroblewski,982213,https://www.goodreads.com/book/show/2731276-the-story-of-edgar-sawtelle,https://www.goodreads.com/author/show/982213.David_Wroblewski,https://i.gr-assets.com/images/S/compressed.photo.goodreads.com/books/1310466361i/2731276._SX50_.jpg,3.66,107428,8970,120,12,3.998986138955434,"3,5 a 4,0",Média
1122,38746485,Becoming,Michelle Obama,2338628,https://www.goodreads.com/book/show/38746485-becoming,https://www.goodreads.com/author/show/2338628.Michelle_Obama,https://i.gr-assets.com/images/S/compressed.photo.goodreads.com/books/1528206996i/38746485._SY75_.jpg,4.43,1242197,8965,105,12,4.349092376601591,"4,25 a 4,5",Muito alta
1123,233800039,The Devils (The Devils #1),Joe Abercrombie,276660,https://www.goodreads.com/book/show/233800039-the-devils,https://www.goodreads.com/author/show/276660.Joe_Abercrombie,https://i.gr-assets.com/images/S/compressed.photo.goodreads.com/books/1747022269i/233800039._SY75_.jpg,4.2,85813,8956,99,12,4.11151897335203,"4,0 a 4,25",Média
1124,2595138,The Gargoyle,Andrew  Davidson,149883,https://www.goodreads.com/book/show/2595138-the-gargoyle,https://www.goodreads.com/author/show/149883.Andrew_Davidson,https://i.gr-assets.com/images/S/compressed.photo.goodreads.com/books/1368598513i/2595138._SY75_.jpg,3.98,51400,8954,109,12,4.079081635524258,"3,5 a 4,0",Média
1125,13047090,"Onyx (Lux, #2)",Jennifer L. Armentrout,4476934,https://www.goodreads.com/book/show/13047090-onyx,https://www.goodreads.com/author/show/4476934.Jennifer_L_Armentrout,https://i.gr-assets.com/images/S/compressed.photo.goodreads.com/books/1329408511i/13047090._SY75_.jpg,4.22,192670,8933,116,12,4.134316746313388,"4,0 a 4,25",Alta
1126,12395,Journey to the End of the Night,Louis-Ferdinand Céline,7869,https://www.goodreads.com/book/show/12395.Journey_to_the_End_of_the_Night,https://www.goodreads.com/author/show/7869.Louis_Ferdinand_C_line,https://i.gr-assets.com/images/S/compressed.photo.goodreads.com/books/1585118052i/12395._SY75_.jpg,4.18,49977,8907,105,12,4.1020636444955345,"4,0 a 4,25",Média
1127,16729,Beach Music,Pat Conroy,6942,https://www.goodreads.com/book/show/16729.Beach_Music,https://www.goodreads.com/author/show/6942.Pat_Conroy,https://i.gr-assets.com/images/S/compressed.photo.goodreads.com/books/1426903848i/16729._SY75_.jpg,4.19,56743,8893,124,12,4.104508238783673,"4,0 a 4,25",Média
1128,21484,"The Winds of War (The Henry Family, #1)",Herman Wouk,9020,https://www.goodreads.com/book/show/21484.The_Winds_of_War,https://www.goodreads.com/author/show/9020.Herman_Wouk,https://i.gr-assets.com/images/S/compressed.photo.goodreads.com/books/1442187661i/21484._SY75_.jpg,4.38,60401,8885,122,12,4.130619856501398,"4,25 a 4,5",Média
1129,37909928,Seed of the Defiled,John  Edgell,70626173,https://www.goodreads.com/book/show/37909928-seed-of-the-defiled,https://www.goodreads.com/author/show/70626173.John_Edgell,https://i.gr-assets.com/images/S/compressed.photo.goodreads.com/books/1515666953i/37909928._SY75_.jpg,4.36,2181,8866,97,12,4.093589731007402,"4,25 a 4,5",Baixa
1130,7996,"Redwall (Redwall, #1)",Brian Jacques,5329,https://www.goodreads.com/book/show/7996.Redwall,https://www.goodreads.com/author/show/5329.Brian_Jacques,https://i.gr-assets.com/images/S/compressed.photo.goodreads.com/books/1327877368i/7996._SY75_.jpg,4.15,132453,8854,126,12,4.1067515731278075,"4,0 a 4,25",Média
1131,2233407,"From Dead to Worse (Sookie Stackhouse, #8)",Charlaine Harris,17061,https://www.goodreads.com/book/show/2233407.From_Dead_to_Worse,https://www.goodreads.com/author/show/17061.Charlaine_Harris,https://i.gr-assets.com/images/S/compressed.photo.goodreads.com/books/1525214511i/2233407._SY75_.jpg,4.01,196695,8842,131,12,4.064628476758355,"4,0 a 4,25",Alta
1132,6917952,"Burned (House of Night, #7)",P.C. Cast,17015,https://www.goodreads.com/book/show/6917952-burned,https://www.goodreads.com/author/show/17015.P_C_Cast,https://i.gr-assets.com/images/S/compressed.photo.goodreads.com/books/1327944437i/6917952._SY75_.jpg,3.97,167677,8835,132,12,4.055461944640589,"3,5 a 4,0",Alta
1133,5472,Animal Farm / 1984,George Orwell,3706,https://www.goodreads.com/book/show/5472.Animal_Farm_1984,https://www.goodreads.com/author/show/3706.George_Orwell,https://i.gr-assets.com/images/S/compressed.photo.goodreads.com/books/1327959366i/5472._SY75_.jpg,4.3,222379,8828,141,12,4.167466245989243,"4,25 a 4,5",Alta
1134,13262783,"Every Day (Every Day, #1)",David Levithan,11664,https://www.goodreads.com/book/show/13262783-every-day,https://www.goodreads.com/author/show/11664.David_Levithan,https://i.gr-assets.com/images/S/compressed.photo.goodreads.com/books/1356993940i/13262783._SY75_.jpg,3.89,246434,8809,103,12,4.013979851286578,"3,5 a 4,0",Alta
1135,4631,A Moveable Feast,Ernest Hemingway,1455,https://www.goodreads.com/book/show/4631.A_Moveable_Feast,https://www.goodreads.com/author/show/1455.Ernest_Hemingway,https://i.gr-assets.com/images/S/compressed.photo.goodreads.com/books/1427463201i/4631._SX50_.jpg,4.01,173024,8798,125,12,4.066920800432898,"4,0 a 4,25",Alta
1136,35879889,"Christy: A Historical Novel of Faith, Love, and Courage in the Smoky Mountains",Catherine Marshall,11237,https://www.goodreads.com/book/show/35879889-christy,https://www.goodreads.com/author/show/11237.Catherine_Marshall,https://i.gr-assets.com/images/S/compressed.photo.goodreads.com/books/1507060335i/35879889._SY75_.jpg,4.26,59116,8791,133,12,4.114150671674107,"4,25 a 4,5",Média
1137,414999,Childhood’s End,Arthur C. Clarke,7779,https://www.goodreads.com/book/show/414999.Childhood_s_End,https://www.goodreads.com/author/show/7779.Arthur_C_Clarke,https://i.gr-assets.com/images/S/compressed.photo.goodreads.com/books/1320552628i/414999._SY75_.jpg,4.12,178601,8789,119,12,4.100849678610908,"4,0 a 4,25",Alta
1138,173663896,Blessing,Brian J. Twiddy,39617147,https://www.goodreads.com/book/show/173663896-blessing,https://www.goodreads.com/author/show/39617147.Brian_J_Twiddy,https://i.gr-assets.com/images/S/compressed.photo.goodreads.com/books/1685968721i/173663896._SY75_.jpg,4.42,1456,8788,101,12,4.093320234087636,"4,25 a 4,5",Baixa
1139,99944,The Bhagavad Gita,Krishna-Dwaipayana Vyasa,1782206,https://www.goodreads.com/book/show/99944.The_Bhagavad_Gita,https://www.goodreads.com/author/show/1782206.Krishna_Dwaipayana_Vyasa,https://i.gr-assets.com/images/S/compressed.photo.goodreads.com/books/1769077152i/99944._SY75_.jpg,4.19,84506,8760,128,12,4.109498932419795,"4,0 a 4,25",Média
1140,76703559,"Throne of Glass (Throne of Glass, #1)",Sarah J. Maas,3433047,https://www.goodreads.com/book/show/76703559-throne-of-glass,https://www.goodreads.com/author/show/3433047.Sarah_J_Maas,https://i.gr-assets.com/images/S/compressed.photo.goodreads.com/books/1673566495i/76703559._SY75_.jpg,4.18,2686326,8750,97,12,4.168830064923331,"4,0 a 4,25",Muito alta
1141,3063499,The Lucky One,Nicholas Sparks,2345,https://www.goodreads.com/book/show/3063499-the-lucky-one,https://www.goodreads.com/author/show/2345.Nicholas_Sparks,https://i.gr-assets.com/images/S/compressed.photo.goodreads.com/books/1420816338i/3063499._SY75_.jpg,4.13,378664,8714,119,12,4.110746349875072,"4,0 a 4,25",Alta
1142,40496,How Green Was My Valley,Richard Llewellyn,22698,https://www.goodreads.com/book/show/40496.How_Green_Was_My_Valley,https://www.goodreads.com/author/show/22698.Richard_Llewellyn,https://i.gr-assets.com/images/S/compressed.photo.goodreads.com/books/1440708862i/40496._SY75_.jpg,4.21,19422,8709,127,12,4.097681979957503,"4,0 a 4,25",Baixa
1143,38462,Giovanni’s Room,James Baldwin,10427,https://www.goodreads.com/book/show/38462.Giovanni_s_Room,https://www.goodreads.com/author/show/10427.James_Baldwin,https://i.gr-assets.com/images/S/compressed.photo.goodreads.com/books/1501485157i/38462._SY75_.jpg,4.34,299568,8707,103,12,4.199628568643613,"4,25 a 4,5",Alta
1144,140075,"All Together Dead (Sookie Stackhouse, #7)",Charlaine Harris,17061,https://www.goodreads.com/book/show/140075.All_Together_Dead,https://www.goodreads.com/author/show/17061.Charlaine_Harris,https://i.gr-assets.com/images/S/compressed.photo.goodreads.com/books/1417964062i/140075._SY75_.jpg,4.05,209460,8679,128,12,4.077418728700758,"4,0 a 4,25",Alta
1144,18692431,"Everything, Everything",Nicola Yoon,7353006,https://www.goodreads.com/book/show/18692431-everything-everything,https://www.goodreads.com/author/show/7353006.Nicola_Yoon,https://i.gr-assets.com/images/S/compressed.photo.goodreads.com/books/1450515891i/18692431._SY75_.jpg,3.96,691189,8679,101,12,4.007736094811852,"3,5 a 4,0",Muito alta
1146,42933,"Tai-Pan (Asian Saga, #2)",James Clavell,6417,https://www.goodreads.com/book/show/42933.Tai_Pan,https://www.goodreads.com/author/show/6417.James_Clavell,https://i.gr-assets.com/images/S/compressed.photo.goodreads.com/books/1577989362i/42933._SY75_.jpg,4.31,60885,8662,119,12,4.121457104654501,"4,25 a 4,5",Média
1147,197697866,"A Game of Love and Betrayal (The Choosing Chronicles, #1)",Elayna R. Gallea,21922918,https://www.goodreads.com/book/show/197697866-a-game-of-love-and-betrayal,https://www.goodreads.com/author/show/21922918.Elayna_R_Gallea,https://i.gr-assets.com/images/S/compressed.photo.goodreads.com/books/1708971521i/197697866._SY75_.jpg,3.77,17167,8661,92,12,4.078559383114787,"3,5 a 4,0",Baixa
1148,3099787,"Night World, No. 1 (Night World, #1-3)",L.J. Smith,50873,https://www.goodreads.com/book/show/3099787-night-world-no-1,https://www.goodreads.com/author/show/50873.L_J_Smith,https://i.gr-assets.com/images/S/compressed.photo.goodreads.com/books/1434962482i/3099787._SY75_.jpg,4.06,66910,8659,114,12,4.087413777238951,"4,0 a 4,25",Média
1149,217217019,The Pink Cadillac,Rebecca Harlem,51316961,https://www.goodreads.com/book/show/217217019-the-pink-cadillac,https://www.goodreads.com/author/show/51316961.Rebecca_Harlem,https://i.gr-assets.com/images/S/compressed.photo.goodreads.com/books/1722922930i/217217019._SY75_.jpg,4.31,6356,8636,95,12,4.095588697819212,"4,25 a 4,5",Baixa
1150,2168860,"One Foot in the Grave (Night Huntress, #2)",Jeaniene Frost,669810,https://www.goodreads.com/book/show/2168860.One_Foot_in_the_Grave,https://www.goodreads.com/author/show/669810.Jeaniene_Frost,https://i.gr-assets.com/images/S/compressed.photo.goodreads.com/books/1373857981i/2168860._SY75_.jpg,4.28,109680,8624,110,12,4.1332582503680655,"4,25 a 4,5",Média
1151,38180,On the Beach,Nevil Shute,21477,https://www.goodreads.com/book/show/38180.On_the_Beach,https://www.goodreads.com/author/show/21477.Nevil_Shute,https://i.gr-assets.com/images/S/compressed.photo.goodreads.com/books/1327943327i/38180._SY75_.jpg,3.99,51621,8604,129,12,4.080198217870158,"3,5 a 4,0",Média
1152,529626,Sometimes a Great Notion,Ken Kesey,7285,https://www.goodreads.com/book/show/529626.Sometimes_a_Great_Notion,https://www.goodreads.com/author/show/7285.Ken_Kesey,https://i.gr-assets.com/images/S/compressed.photo.goodreads.com/books/1364846481i/529626._SY75_.jpg,4.26,24453,8598,108,12,4.101984210423341,"4,25 a 4,5",Baixa
1153,43263680,"Ninth House (Ninth House Trilogy, #1)",Leigh Bardugo,4575289,https://www.goodreads.com/book/show/43263680-ninth-house,https://www.goodreads.com/author/show/4575289.Leigh_Bardugo,https://i.gr-assets.com/images/S/compressed.photo.goodreads.com/books/1553102141i/43263680._SY75_.jpg,4.0,422473,8580,99,12,4.044275011206082,"3,5 a 4,0",Muito alta
1154,7046495,"Lover Mine (Black Dagger Brotherhood, #8)",J.R. Ward,20248,https://www.goodreads.com/book/show/7046495-lover-mine,https://www.goodreads.com/author/show/20248.J_R_Ward,https://i.gr-assets.com/images/S/compressed.photo.goodreads.com/books/1391511285i/7046495._SX50_.jpg,4.39,118517,8553,118,12,4.161385585784082,"4,25 a 4,5",Média
1155,20518872,"The Three-Body Problem (Remembrance of Earth’s Past, #1)",Liu Cixin,5780686,https://www.goodreads.com/book/show/20518872-the-three-body-problem,https://www.goodreads.com/author/show/5780686.Liu_Cixin,https://i.gr-assets.com/images/S/compressed.photo.goodreads.com/books/1415428227i/20518872._SY75_.jpg,4.08,536278,8552,95,12,4.085104433853673,"4,0 a 4,25",Muito alta
1155,25494343,"Lady Midnight (The Dark Artifices, #1)",Cassandra Clare,150038,https://www.goodreads.com/book/show/25494343-lady-midnight,https://www.goodreads.com/author/show/150038.Cassandra_Clare,https://i.gr-assets.com/images/S/compressed.photo.goodreads.com/books/1460477682i/25494343._SY75_.jpg,4.35,249166,8552,105,12,4.1924698585318865,"4,25 a 4,5",Alta
1157,5306,Travels with Charley: In Search of America,John Steinbeck,585,https://www.goodreads.com/book/show/5306.Travels_with_Charley,https://www.goodreads.com/author/show/585.John_Steinbeck,https://i.gr-assets.com/images/S/compressed.photo.goodreads.com/books/1386924381i/5306._SY75_.jpg,4.09,112370,8530,96,12,4.091634388066757,"4,0 a 4,25",Média
1158,6192,Disgrace,J.M. Coetzee,4128,https://www.goodreads.com/book/show/6192.Disgrace,https://www.goodreads.com/author/show/4128.J_M_Coetzee,https://i.gr-assets.com/images/S/compressed.photo.goodreads.com/books/1385161943i/6192._SY75_.jpg,3.86,121598,8529,120,12,4.037053186616375,"3,5 a 4,0",Média
1159,58303345,"Mother of Death & Dawn (The War of Lost Hearts, #3)",Carissa Broadbent,16170636,https://www.goodreads.com/book/show/58303345-mother-of-death-dawn,https://www.goodreads.com/author/show/16170636.Carissa_Broadbent,https://i.gr-assets.com/images/S/compressed.photo.goodreads.com/books/1638162097i/58303345._SY75_.jpg,4.34,98564,8526,93,12,4.142004711370846,"4,25 a 4,5",Média
1160,34912895,The Great Alone,Kristin Hannah,54493,https://www.goodreads.com/book/show/34912895-the-great-alone,https://www.goodreads.com/author/show/54493.Kristin_Hannah,https://i.gr-assets.com/images/S/compressed.photo.goodreads.com/books/1501852423i/34912895._SY75_.jpg,4.46,1349601,8513,97,12,4.377344429214588,"4,25 a 4,5",Muito alta
1161,16056408,"Easy (Contours of the Heart, #1)",Tammara Webber,4826501,https://www.goodreads.com/book/show/16056408-easy,https://www.goodreads.com/author/show/4826501.Tammara_Webber,https://i.gr-assets.com/images/S/compressed.photo.goodreads.com/books/1349370267i/16056408._SY75_.jpg,4.07,229786,8488,105,12,4.083923195110706,"4,0 a 4,25",Alta
1162,9566,Still Life with Woodpecker,Tom Robbins,197,https://www.goodreads.com/book/show/9566.Still_Life_with_Woodpecker,https://www.goodreads.com/author/show/197.Tom_Robbins,https://i.gr-assets.com/images/S/compressed.photo.goodreads.com/books/1308749778i/9566._SY75_.jpg,4.04,84729,8472,114,12,4.0828256701297105,"4,0 a 4,25",Média
1163,41424,Beauty: A Retelling of the Story of Beauty and the Beast,Robin McKinley,5339,https://www.goodreads.com/book/show/41424.Beauty,https://www.goodreads.com/author/show/5339.Robin_McKinley,https://i.gr-assets.com/images/S/compressed.photo.goodreads.com/books/1294192311i/41424._SY75_.jpg,4.05,83762,8458,108,12,4.084676877551568,"4,0 a 4,25",Média
1164,95819,The Poetry of Robert Frost,Robert Frost,7715,https://www.goodreads.com/book/show/95819.The_Poetry_of_Robert_Frost,https://www.goodreads.com/author/show/7715.Robert_Frost,https://i.gr-assets.com/images/S/compressed.photo.goodreads.com/books/1388204422i/95819._SY75_.jpg,4.24,49647,8443,149,12,4.108764155191045,"4,0 a 4,25",Baixa
1165,43449920,"Heartstopper: Volume Three (Heartstopper, #3)",Alice Oseman,7789423,https://www.goodreads.com/book/show/43449920-heartstopper,https://www.goodreads.com/author/show/7789423.Alice_Oseman,https://i.gr-assets.com/images/S/compressed.photo.goodreads.com/books/1572608363i/43449920._SY75_.jpg,4.53,512703,8418,100,12,4.340515849502716,"Acima de 4,5",Muito alta
1166,29999,The Maltese Falcon,Dashiell Hammett,16927,https://www.goodreads.com/book/show/29999.The_Maltese_Falcon,https://www.goodreads.com/author/show/16927.Dashiell_Hammett,https://i.gr-assets.com/images/S/compressed.photo.goodreads.com/books/1689040081i/29999._SY75_.jpg,3.86,119021,8411,133,12,4.037947647499739,"3,5 a 4,0",Média
1167,199532055,The In-Between Bookstore,Edward  Underhill,21786427,https://www.goodreads.com/book/show/199532055-the-in-between-bookstore,https://www.goodreads.com/author/show/21786427.Edward_Underhill,https://i.gr-assets.com/images/S/compressed.photo.goodreads.com/books/1718060820i/199532055._SY75_.jpg,3.54,7716,8409,90,12,4.08142178038813,"3,5 a 4,0",Baixa
1168,183086339,"Reckless (The Powerless Trilogy, #2)",Lauren  Roberts,21728475,https://www.goodreads.com/book/show/183086339-reckless,https://www.goodreads.com/author/show/21728475.Lauren_Roberts,https://i.gr-assets.com/images/S/compressed.photo.goodreads.com/books/1784518859i/183086339._SY75_.jpg,4.06,693258,8408,91,12,4.071578721500084,"4,0 a 4,25",Muito alta
1168,61884842,The Deep Sky,Yume Kitasei,19533114,https://www.goodreads.com/book/show/61884842-the-deep-sky,https://www.goodreads.com/author/show/19533114.Yume_Kitasei,https://i.gr-assets.com/images/S/compressed.photo.goodreads.com/books/1675082851i/61884842._SY75_.jpg,3.69,14276,8408,90,12,4.077942556520892,"3,5 a 4,0",Baixa
1170,17728,The House of Mirth,Edith Wharton,16,https://www.goodreads.com/book/show/17728.The_House_of_Mirth,https://www.goodreads.com/author/show/16.Edith_Wharton,https://i.gr-assets.com/images/S/compressed.photo.goodreads.com/books/1328729186i/17728._SY75_.jpg,3.98,109214,8403,121,12,4.0676317738653065,"3,5 a 4,0",Média
1171,732562,The Rime of the Ancient Mariner,Samuel Taylor Coleridge,11525,https://www.goodreads.com/book/show/732562.The_Rime_of_the_Ancient_Mariner,https://www.goodreads.com/author/show/11525.Samuel_Taylor_Coleridge,https://i.gr-assets.com/images/S/compressed.photo.goodreads.com/books/1436976206i/732562._SX50_.jpg,3.97,63879,8402,134,12,4.074959886886697,"3,5 a 4,0",Média
1172,25845273,The Great Divorce,C.S. Lewis,1069006,https://www.goodreads.com/book/show/25845273-the-great-divorce,https://www.goodreads.com/author/show/1069006.C_S_Lewis,https://i.gr-assets.com/images/S/compressed.photo.goodreads.com/books/1435968645i/25845273._SX50_.jpg,4.32,194783,8401,107,12,4.167872925058087,"4,25 a 4,5",Alta
1173,5161066,"Dead and Gone (Sookie Stackhouse, #9)",Charlaine Harris,17061,https://www.goodreads.com/book/show/5161066-dead-and-gone,https://www.goodreads.com/author/show/17061.Charlaine_Harris,https://i.gr-assets.com/images/S/compressed.photo.goodreads.com/books/1388186195i/5161066._SY75_.jpg,4.02,196683,8395,128,12,4.0679758855458505,"4,0 a 4,25",Alta
1174,43521657,The Ten Thousand Doors of January,Alix E. Harrow,9823112,https://www.goodreads.com/book/show/43521657-the-ten-thousand-doors-of-january,https://www.goodreads.com/author/show/9823112.Alix_E_Harrow,https://i.gr-assets.com/images/S/compressed.photo.goodreads.com/books/1548174710i/43521657._SY75_.jpg,4.01,178178,8361,91,12,4.066405446377416,"4,0 a 4,25",Alta
1175,214283593,Death of the Author,Nnedi Okorafor,588356,https://www.goodreads.com/book/show/214283593-death-of-the-author,https://www.goodreads.com/author/show/588356.Nnedi_Okorafor,https://i.gr-assets.com/images/S/compressed.photo.goodreads.com/books/1736814296i/214283593._SX50_.jpg,3.93,27038,8336,89,12,4.081621408745721,"3,5 a 4,0",Baixa
1176,12985,The Tempest,William Shakespeare,947,https://www.goodreads.com/book/show/12985.The_Tempest,https://www.goodreads.com/author/show/947.William_Shakespeare,https://i.gr-assets.com/images/S/compressed.photo.goodreads.com/books/1546081115i/12985._SY75_.jpg,3.78,234510,8322,134,12,3.975108169994521,"3,5 a 4,0",Alta
1177,46114,The Waves,Virginia Woolf,6765,https://www.goodreads.com/book/show/46114.The_Waves,https://www.goodreads.com/author/show/6765.Virginia_Woolf,https://i.gr-assets.com/images/S/compressed.photo.goodreads.com/books/1645526068i/46114._SY75_.jpg,4.14,56858,8320,102,12,4.098183560582781,"4,0 a 4,25",Média
1178,310459,"Roll of Thunder, Hear My Cry (Logans, #4)",Mildred D. Taylor,26946,https://www.goodreads.com/book/show/310459.Roll_of_Thunder_Hear_My_Cry,https://www.goodreads.com/author/show/26946.Mildred_D_Taylor,https://i.gr-assets.com/images/S/compressed.photo.goodreads.com/books/1388345167i/310459._SY75_.jpg,3.91,132777,8315,117,12,4.0459479150551845,"3,5 a 4,0",Média
1179,13517535,"Thoughtless (Thoughtless, #1)",S.C. Stephens,4372391,https://www.goodreads.com/book/show/13517535-thoughtless,https://www.goodreads.com/author/show/4372391.S_C_Stephens,https://i.gr-assets.com/images/S/compressed.photo.goodreads.com/books/1331254339i/13517535._SY75_.jpg,4.08,142342,8304,94,12,4.088874089824628,"4,0 a 4,25",Média
1180,6567017,"Will Grayson, Will Grayson",John  Green,1406384,https://www.goodreads.com/book/show/6567017-will-grayson-will-grayson,https://www.goodreads.com/author/show/1406384.John_Green,https://i.gr-assets.com/images/S/compressed.photo.goodreads.com/books/1660273765i/6567017._SY75_.jpg,3.69,415710,8280,101,12,3.8849143986814427,"3,5 a 4,0",Muito alta
1181,8855321,Leviathan Wakes,James S.A. Corey,4192148,https://www.goodreads.com/book/show/8855321-leviathan-wakes,https://www.goodreads.com/author/show/4192148.James_S_A_Corey,https://i.gr-assets.com/images/S/compressed.photo.goodreads.com/books/1411013134i/8855321._SY75_.jpg,4.31,338396,8276,92,12,4.193183485831454,"4,25 a 4,5",Alta
1182,62987104,"Lady of Darkness (Lady of Darkness, #1)",Melissa K. Roehrich,21816155,https://www.goodreads.com/book/show/62987104-lady-of-darkness,https://www.goodreads.com/author/show/21816155.Melissa_K_Roehrich,https://i.gr-assets.com/images/S/compressed.photo.goodreads.com/books/1665709613i/62987104._SY75_.jpg,4.16,63094,8275,89,12,4.101536118857334,"4,0 a 4,25",Média
1183,469571,"All the Pretty Horses (The Border Trilogy, #1)",Cormac McCarthy,4178,https://www.goodreads.com/book/show/469571.All_the_Pretty_Horses,https://www.goodreads.com/author/show/4178.Cormac_McCarthy,https://i.gr-assets.com/images/S/compressed.photo.goodreads.com/books/1706386113i/469571._SY75_.jpg,4.07,156029,8260,118,12,4.085800209917663,"4,0 a 4,25",Alta
1184,216151199,Unlock Your Deliverance: Keys to Freedom From Demonic Oppression,Kathryn Krick,22963146,https://www.goodreads.com/book/show/216151199-unlock-your-deliverance,https://www.goodreads.com/author/show/22963146.Kathryn_Krick,https://i.gr-assets.com/images/S/compressed.photo.goodreads.com/books/1724248335i/216151199._SX50_.jpg,4.28,10111,8259,89,12,4.096839432510763,"4,25 a 4,5",Baixa
1185,30760409,The Arbitrator,Max Nowaz,14887946,https://www.goodreads.com/book/show/30760409-the-arbitrator,https://www.goodreads.com/author/show/14887946.Max_Nowaz,https://i.gr-assets.com/images/S/compressed.photo.goodreads.com/books/1467033320i/30760409._SY75_.jpg,4.23,19111,8246,90,12,4.0985286305685085,"4,0 a 4,25",Baixa
1186,105992,Helter Skelter: The True Story of the Manson Murders,Vincent Bugliosi,28828,https://www.goodreads.com/book/show/105992.Helter_Skelter,https://www.goodreads.com/author/show/28828.Vincent_Bugliosi,https://i.gr-assets.com/images/S/compressed.photo.goodreads.com/books/1347694754i/105992._SY75_.jpg,4.06,156565,8243,122,12,4.082925872058717,"4,0 a 4,25",Alta
1187,3466,"The Wedding (The Notebook, #2)",Nicholas Sparks,2345,https://www.goodreads.com/book/show/3466.The_Wedding,https://www.goodreads.com/author/show/2345.Nicholas_Sparks,https://i.gr-assets.com/images/S/compressed.photo.goodreads.com/books/1385738787i/3466._SY75_.jpg,4.0,174640,8222,109,12,4.063671168854952,"3,5 a 4,0",Alta
1188,50892338,"Legendborn (The Legendborn Cycle, #1)",Tracy Deonn,19593708,https://www.goodreads.com/book/show/50892338-legendborn,https://www.goodreads.com/author/show/19593708.Tracy_Deonn,https://i.gr-assets.com/images/S/compressed.photo.goodreads.com/books/1598382979i/50892338._SY75_.jpg,4.28,203270,8220,89,12,4.156365078025055,"4,25 a 4,5",Alta
1189,29981261,"The Butterfly Garden  (The Collector, #1)",Dot Hutchison,5805694,https://www.goodreads.com/book/show/29981261-the-butterfly-garden,https://www.goodreads.com/author/show/5805694.Dot_Hutchison,https://i.gr-assets.com/images/S/compressed.photo.goodreads.com/books/1461392121i/29981261._SX50_.jpg,4.08,318628,8215,90,12,4.086669836602691,"4,0 a 4,25",Alta
1190,5096,"Wizard and Glass (The Dark Tower, #4)",Stephen  King,3389,https://www.goodreads.com/book/show/5096.Wizard_and_Glass,https://www.goodreads.com/author/show/3389.Stephen_King,https://i.gr-assets.com/images/S/compressed.photo.goodreads.com/books/1327946510i/5096._SY75_.jpg,4.27,227374,8200,111,12,4.157507208729498,"4,25 a 4,5",Alta
1191,58784475,"Tomorrow, and Tomorrow, and Tomorrow",Gabrielle Zevin,40593,https://www.goodreads.com/book/show/58784475-tomorrow-and-tomorrow-and-tomorrow,https://www.goodreads.com/author/show/40593.Gabrielle_Zevin,https://i.gr-assets.com/images/S/compressed.photo.goodreads.com/books/1636978687i/58784475._SY75_.jpg,4.1,1465009,8198,90,12,4.098336301570546,"4,0 a 4,25",Muito alta
1192,212203126,Honeysuckle and Bone,Trisha Tobias,49539595,https://www.goodreads.com/book/show/212203126-honeysuckle-and-bone,https://www.goodreads.com/author/show/49539595.Trisha_Tobias,https://i.gr-assets.com/images/S/compressed.photo.goodreads.com/books/1725158239i/212203126._SY75_.jpg,3.58,2489,8194,88,12,4.088865369856296,"3,5 a 4,0",Baixa
1193,202470606,Playing Ball: Life Lessons from My Journey to the Super Bowl and Beyond,Vernon Davis,6058468,https://www.goodreads.com/book/show/202470606-playing-ball,https://www.goodreads.com/author/show/6058468.Vernon_Davis,https://i.gr-assets.com/images/S/compressed.photo.goodreads.com/books/1700543097i/202470606._SY75_.jpg,4.27,10143,8188,87,12,4.096601239079192,"4,25 a 4,5",Baixa
1194,943402,Let the Right One In,John Ajvide Lindqvist,479779,https://www.goodreads.com/book/show/943402.Let_the_Right_One_In,https://www.goodreads.com/author/show/479779.John_Ajvide_Lindqvist,https://i.gr-assets.com/images/S/compressed.photo.goodreads.com/books/1327893384i/943402._SY75_.jpg,4.03,123867,8181,107,12,4.07716532676956,"4,0 a 4,25",Média
1195,9369720,"Passion (Fallen, #3)",Lauren Kate,2905297,https://www.goodreads.com/book/show/9369720-passion,https://www.goodreads.com/author/show/2905297.Lauren_Kate,https://i.gr-assets.com/images/S/compressed.photo.goodreads.com/books/1362339802i/9369720._SY75_.jpg,3.85,178534,8180,114,12,4.016221492505242,"3,5 a 4,0",Alta
1196,63910262,"Two Twisted Crowns (The Shepherd King, #2)",Rachel Gillig,21163293,https://www.goodreads.com/book/show/63910262-two-twisted-crowns,https://www.goodreads.com/author/show/21163293.Rachel_Gillig,https://i.gr-assets.com/images/S/compressed.photo.goodreads.com/books/1670090073i/63910262._SY75_.jpg,4.37,587918,8169,88,12,4.2589888510051725,"4,25 a 4,5",Muito alta
1197,7494,Suzanne's Diary for Nicholas,James  Patterson,3780,https://www.goodreads.com/book/show/7494.Suzanne_s_Diary_for_Nicholas,https://www.goodreads.com/author/show/3780.James_Patterson,https://i.gr-assets.com/images/S/compressed.photo.goodreads.com/books/1404736778i/7494._SY75_.jpg,4.17,156690,8166,109,12,4.114386175965036,"4,0 a 4,25",Alta
1198,16115612,And the Mountains Echoed,Khaled Hosseini,569,https://www.goodreads.com/book/show/16115612-and-the-mountains-echoed,https://www.goodreads.com/author/show/569.Khaled_Hosseini,https://i.gr-assets.com/images/S/compressed.photo.goodreads.com/books/1358190204i/16115612._SY75_.jpg,4.08,416844,8162,95,12,4.08585901273355,"4,0 a 4,25",Muito alta
1199,22205,This Lullaby,Sarah Dessen,2987,https://www.goodreads.com/book/show/22205.This_Lullaby,https://www.goodreads.com/author/show/2987.Sarah_Dessen,https://i.gr-assets.com/images/S/compressed.photo.goodreads.com/books/1397779294i/22205._SY75_.jpg,4.01,181349,8151,105,12,4.066092985904383,"4,0 a 4,25",Alta
1199,40603730,Safe Haven,Nicholas Sparks,2345,https://www.goodreads.com/book/show/40603730-safe-haven,https://www.goodreads.com/author/show/2345.Nicholas_Sparks,https://i.gr-assets.com/images/S/compressed.photo.goodreads.com/books/1529593553i/40603730._SY75_.jpg,4.22,406962,8151,106,12,4.157324581168114,"4,0 a 4,25",Muito alta
1201,5056084,"Wings (Wings, #1)",Aprilynne Pike,2096360,https://www.goodreads.com/book/show/5056084-wings,https://www.goodreads.com/author/show/2096360.Aprilynne_Pike,https://i.gr-assets.com/images/S/compressed.photo.goodreads.com/books/1327983077i/5056084._SX50_.jpg,3.76,83883,8125,102,13,4.0334513558097855,"3,5 a 4,0",Média
1202,34066798,A Gentleman in Moscow,Amor Towles,4536964,https://www.goodreads.com/book/show/34066798-a-gentleman-in-moscow,https://www.goodreads.com/author/show/4536964.Amor_Towles,https://i.gr-assets.com/images/S/compressed.photo.goodreads.com/books/1718915012i/34066798._SY75_.jpg,4.31,706439,8116,98,13,4.232356813076029,"4,25 a 4,5",Muito alta
1203,49455,Notes from Underground,Fyodor Dostoevsky,3137322,https://www.goodreads.com/book/show/49455.Notes_from_Underground,https://www.goodreads.com/author/show/3137322.Fyodor_Dostoevsky,https://i.gr-assets.com/images/S/compressed.photo.goodreads.com/books/1657562670i/49455._SY75_.jpg,4.16,259181,8082,93,13,4.119165953399535,"4,0 a 4,25",Alta
1204,5359,The Client,John Grisham,721,https://www.goodreads.com/book/show/5359.The_Client,https://www.goodreads.com/author/show/721.John_Grisham,https://i.gr-assets.com/images/S/compressed.photo.goodreads.com/books/1554192326i/5359._SY75_.jpg,4.06,468397,8063,131,13,4.074608006313136,"4,0 a 4,25",Muito alta
1205,2702704,"Faefever (Fever, #3)",Karen Marie Moning,48206,https://www.goodreads.com/book/show/2702704-faefever,https://www.goodreads.com/author/show/48206.Karen_Marie_Moning,https://i.gr-assets.com/images/S/compressed.photo.goodreads.com/books/1437781062i/2702704._SY75_.jpg,4.28,108740,8053,104,13,4.132982276942284,"4,25 a 4,5",Média
1206,32829,Journey to the Center of the Earth,Jules Verne,696805,https://www.goodreads.com/book/show/32829.Journey_to_the_Center_of_the_Earth,https://www.goodreads.com/author/show/696805.Jules_Verne,https://i.gr-assets.com/images/S/compressed.photo.goodreads.com/books/1389754903i/32829._SY75_.jpg,3.85,233094,8047,128,13,4.001691836137236,"3,5 a 4,0",Alta
1207,8913370,Fingersmith,Sarah Waters,25334,https://www.goodreads.com/book/show/8913370-fingersmith,https://www.goodreads.com/author/show/25334.Sarah_Waters,https://i.gr-assets.com/images/S/compressed.photo.goodreads.com/books/1545241494i/8913370._SY75_.jpg,4.02,123805,8037,105,13,4.074766492174234,"4,0 a 4,25",Média
1208,395871,"The Awakening / The Struggle (The Vampire Diaries, #1-2)",L.J. Smith,50873,https://www.goodreads.com/book/show/395871.The_Awakening_The_Struggle,https://www.goodreads.com/author/show/50873.L_J_Smith,https://i.gr-assets.com/images/S/compressed.photo.goodreads.com/books/1393837129i/395871._SY75_.jpg,3.67,95394,8026,109,13,4.009332614689663,"3,5 a 4,0",Média
1209,54539,Silas Marner,George Eliot,173,https://www.goodreads.com/book/show/54539.Silas_Marner,https://www.goodreads.com/author/show/173.George_Eliot,https://i.gr-assets.com/images/S/compressed.photo.goodreads.com/books/1347323528i/54539._SY75_.jpg,3.7,96048,8003,129,13,4.014792190766815,"3,5 a 4,0",Média
1210,216363,The Man in the High Castle,Philip K. Dick,4764,https://www.goodreads.com/book/show/216363.The_Man_in_the_High_Castle,https://www.goodreads.com/author/show/4764.Philip_K_Dick,https://i.gr-assets.com/images/S/compressed.photo.goodreads.com/books/1448756803i/216363._SY75_.jpg,3.59,244391,7981,111,13,3.899003836752774,"3,5 a 4,0",Alta
1211,9284655,"Tiger's Curse (The Tiger Saga, #1)",Colleen Houck,3097905,https://www.goodreads.com/book/show/9284655-tiger-s-curse,https://www.goodreads.com/author/show/3097905.Colleen_Houck,https://i.gr-assets.com/images/S/compressed.photo.goodreads.com/books/1327878915i/9284655._SY75_.jpg,4.05,67956,7964,94,13,4.085870905538608,"4,0 a 4,25",Média
1212,773951,The Story of Ferdinand,Munro Leaf,89552,https://www.goodreads.com/book/show/773951.The_Story_of_Ferdinand,https://www.goodreads.com/author/show/89552.Munro_Leaf,https://i.gr-assets.com/images/S/compressed.photo.goodreads.com/books/1348133512i/773951._SX50_.jpg,4.37,95160,7949,119,13,4.146489781858061,"4,25 a 4,5",Média
1213,242006,Running with Scissors,Augusten Burroughs,3058,https://www.goodreads.com/book/show/242006.Running_with_Scissors,https://www.goodreads.com/author/show/3058.Augusten_Burroughs,https://i.gr-assets.com/images/S/compressed.photo.goodreads.com/books/1690319656i/242006._SY75_.jpg,3.77,408196,7943,108,13,3.927603325629077,"3,5 a 4,0",Muito alta
1214,20734027,"Fenway and Hattie (Fenway and Hattie, #1)",Victoria J. Coe,7824070,https://www.goodreads.com/book/show/20734027-fenway-and-hattie,https://www.goodreads.com/author/show/7824070.Victoria_J_Coe,https://i.gr-assets.com/images/S/compressed.photo.goodreads.com/books/1437151430i/20734027._SY75_.jpg,3.84,1592,7935,86,13,4.091081903182739,"3,5 a 4,0",Baixa
1215,62816044,"A Curse for True Love (Once Upon a Broken Heart, #3)",Stephanie Garber,14137787,https://www.goodreads.com/book/show/62816044-a-curse-for-true-love,https://www.goodreads.com/author/show/14137787.Stephanie_Garber,https://i.gr-assets.com/images/S/compressed.photo.goodreads.com/books/1674501506i/62816044._SY75_.jpg,4.17,484778,7931,88,13,4.135218562808215,"4,0 a 4,25",Muito alta
1216,43307358,"Heartstopper: Volume Two (Heartstopper, #2)",Alice Oseman,7789423,https://www.goodreads.com/book/show/43307358-heartstopper,https://www.goodreads.com/author/show/7789423.Alice_Oseman,https://i.gr-assets.com/images/S/compressed.photo.goodreads.com/books/1564967250i/43307358._SY75_.jpg,4.5,584922,7917,93,13,4.33655755723844,"4,25 a 4,5",Muito alta
1217,59986018,"The Book of Azrael (Gods & Monsters, #1)",Amber V. Nicole,22127450,https://www.goodreads.com/book/show/59986018-the-book-of-azrael,https://www.goodreads.com/author/show/22127450.Amber_V_Nicole,https://i.gr-assets.com/images/S/compressed.photo.goodreads.com/books/1640967740i/59986018._SY75_.jpg,4.12,236076,7914,85,13,4.102604685986399,"4,0 a 4,25",Alta
1218,9317452,"Rivers of London (Rivers of London, #1)",Ben Aaronovitch,363130,https://www.goodreads.com/book/show/9317452-rivers-of-london,https://www.goodreads.com/author/show/363130.Ben_Aaronovitch,https://i.gr-assets.com/images/S/compressed.photo.goodreads.com/books/1401385034i/9317452._SY75_.jpg,3.84,155752,7911,89,13,4.020298311317308,"3,5 a 4,0",Alta
1219,11918,"Bitten (Women of the Otherworld, #1)",Kelley Armstrong,7581,https://www.goodreads.com/book/show/11918.Bitten,https://www.goodreads.com/author/show/7581.Kelley_Armstrong,https://i.gr-assets.com/images/S/compressed.photo.goodreads.com/books/1306101770i/11918._SY75_.jpg,4.02,106709,7895,98,13,4.076647382550565,"4,0 a 4,25",Média
1220,5094,"The Drawing of the Three (Dark Tower, #2)",Stephen  King,3389,https://www.goodreads.com/book/show/5094.The_Drawing_of_the_Three,https://www.goodreads.com/author/show/3389.Stephen_King,https://i.gr-assets.com/images/S/compressed.photo.goodreads.com/books/1370918050i/5094._SY75_.jpg,4.24,300284,7893,110,13,4.156340428692669,"4,0 a 4,25",Alta
1221,211479192,Water Moon,Samantha Sotto Yambao,4681279,https://www.goodreads.com/book/show/211479192-water-moon,https://www.goodreads.com/author/show/4681279.Samantha_Sotto_Yambao,https://i.gr-assets.com/images/S/compressed.photo.goodreads.com/books/1713235038i/211479192._SY75_.jpg,3.76,63854,7887,85,13,4.045490350864602,"3,5 a 4,0",Média
1222,84136,"Fantasy Lover (Hunter Legends, #1)",Sherrilyn Kenyon,4430,https://www.goodreads.com/book/show/84136.Fantasy_Lover,https://www.goodreads.com/author/show/4430.Sherrilyn_Kenyon,https://i.gr-assets.com/images/S/compressed.photo.goodreads.com/books/1348332807i/84136._SY75_.jpg,4.15,96100,7878,103,13,4.103524413470771,"4,0 a 4,25",Média
1223,41154336,The Chestnut Man,Søren Sveistrup,6925115,https://www.goodreads.com/book/show/41154336-the-chestnut-man,https://www.goodreads.com/author/show/6925115.S_ren_Sveistrup,https://i.gr-assets.com/images/S/compressed.photo.goodreads.com/books/1550429584i/41154336._SY75_.jpg,4.21,92292,7868,84,13,4.114614283486192,"4,0 a 4,25",Média
1224,10979,Light in August,William Faulkner,3535,https://www.goodreads.com/book/show/10979.Light_in_August,https://www.goodreads.com/author/show/3535.William_Faulkner,https://i.gr-assets.com/images/S/compressed.photo.goodreads.com/books/1757102411i/10979._SY75_.jpg,3.95,68541,7864,113,13,4.070912769898292,"3,5 a 4,0",Média
1225,58355261,On Destiny,Aileen Erin,7190350,https://www.goodreads.com/book/show/58355261-on-destiny,https://www.goodreads.com/author/show/7190350.Aileen_Erin,https://i.gr-assets.com/images/S/compressed.photo.goodreads.com/books/1629311978i/58355261._SY75_.jpg,4.17,1015,7860,83,13,4.092305645745968,"4,0 a 4,25",Baixa
1226,28251250,White Noise,Don DeLillo,233,https://www.goodreads.com/book/show/28251250-white-noise,https://www.goodreads.com/author/show/233.Don_DeLillo,https://i.gr-assets.com/images/S/compressed.photo.goodreads.com/books/1476807953i/28251250._SY75_.jpg,3.86,131686,7857,105,13,4.0336365336892595,"3,5 a 4,0",Média
1227,59364173,I'm Glad My Mom Died,Jennette McCurdy,15457334,https://www.goodreads.com/book/show/59364173-i-m-glad-my-mom-died,https://www.goodreads.com/author/show/15457334.Jennette_McCurdy,https://i.gr-assets.com/images/S/compressed.photo.goodreads.com/books/1649286799i/59364173._SY75_.jpg,4.42,1619686,7838,89,13,4.3562264103471975,"4,25 a 4,5",Muito alta
1228,22098550,"Pax (Pax, #1)",Sara Pennypacker,92198,https://www.goodreads.com/book/show/22098550-pax,https://www.goodreads.com/author/show/92198.Sara_Pennypacker,https://i.gr-assets.com/images/S/compressed.photo.goodreads.com/books/1434493048i/22098550._SX50_.jpg,3.99,67151,7821,85,13,4.0771412967303124,"3,5 a 4,0",Média
1229,53205888,Under the Whispering Door,T.J. Klune,5073330,https://www.goodreads.com/book/show/53205888-under-the-whispering-door,https://www.goodreads.com/author/show/5073330.T_J_Klune,https://i.gr-assets.com/images/S/compressed.photo.goodreads.com/books/1652374208i/53205888._SY75_.jpg,4.1,341565,7804,85,13,4.095785175028995,"4,0 a 4,25",Alta
1230,30264,"Dead Witch Walking (The Hollows, #1)",Kim Harrison,17054,https://www.goodreads.com/book/show/30264.Dead_Witch_Walking,https://www.goodreads.com/author/show/17054.Kim_Harrison,https://i.gr-assets.com/images/S/compressed.photo.goodreads.com/books/1391713381i/30264._SY75_.jpg,4.04,130407,7801,98,13,4.07907449676047,"4,0 a 4,25",Média
1231,37793,A Doll's House,Henrik Ibsen,2730977,https://www.goodreads.com/book/show/37793.A_Doll_s_House,https://www.goodreads.com/author/show/2730977.Henrik_Ibsen,https://i.gr-assets.com/images/S/compressed.photo.goodreads.com/books/1660268136i/37793._SY75_.jpg,3.77,170130,7798,132,13,3.994458768649745,"3,5 a 4,0",Alta
1232,7488244,"Unearthly (Unearthly, #1)",Cynthia Hand,3290920,https://www.goodreads.com/book/show/7488244-unearthly,https://www.goodreads.com/author/show/3290920.Cynthia_Hand,https://i.gr-assets.com/images/S/compressed.photo.goodreads.com/books/1324782984i/7488244._SY75_.jpg,4.01,130180,7792,101,13,4.071599293439991,"4,0 a 4,25",Média
1233,544891,"Beastly (Beastly, #1)",Alex Flinn,79589,https://www.goodreads.com/book/show/544891.Beastly,https://www.goodreads.com/author/show/79589.Alex_Flinn,https://i.gr-assets.com/images/S/compressed.photo.goodreads.com/books/1334260193i/544891._SX50_.jpg,3.82,178794,7772,109,13,4.00673337676042,"3,5 a 4,0",Alta
1234,31434883,Eleanor Oliphant Is Completely Fine,Gail Honeyman,14558709,https://www.goodreads.com/book/show/31434883-eleanor-oliphant-is-completely-fine,https://www.goodreads.com/author/show/14558709.Gail_Honeyman,https://i.gr-assets.com/images/S/compressed.photo.goodreads.com/books/1493724347i/31434883._SY75_.jpg,4.22,1492594,7771,97,13,4.193446762185457,"4,0 a 4,25",Muito alta
1235,195790861,Service Model,Adrian Tchaikovsky,1445909,https://www.goodreads.com/book/show/195790861-service-model,https://www.goodreads.com/author/show/1445909.Adrian_Tchaikovsky,https://i.gr-assets.com/images/S/compressed.photo.goodreads.com/books/1698554344i/195790861._SY75_.jpg,4.03,24756,7770,84,13,4.088406763947631,"4,0 a 4,25",Baixa
1236,29797,The Pilgrim's Progress,John Bunyan,16244,https://www.goodreads.com/book/show/29797.The_Pilgrim_s_Progress,https://www.goodreads.com/author/show/16244.John_Bunyan,https://i.gr-assets.com/images/S/compressed.photo.goodreads.com/books/1405982367i/29797._SY75_.jpg,4.08,164178,7740,116,13,4.088525109055913,"4,0 a 4,25",Alta
1237,199515825,All This & More,Peng Shepherd,16889286,https://www.goodreads.com/book/show/199515825-all-this-more,https://www.goodreads.com/author/show/16889286.Peng_Shepherd,https://i.gr-assets.com/images/S/compressed.photo.goodreads.com/books/1705105878i/199515825._SY75_.jpg,3.37,6325,7733,82,13,4.080611192460099,"Até 3,5",Baixa
1238,59595988,The Voyeur's Yacht,Amanda       Adams,69974247,https://www.goodreads.com/book/show/59595988-the-voyeur-s-yacht,https://www.goodreads.com/author/show/69974247.Amanda_Adams,https://i.gr-assets.com/images/S/compressed.photo.goodreads.com/books/1636692139i/59595988._SY75_.jpg,4.39,1940,7725,91,13,4.093574452234392,"4,25 a 4,5",Baixa
1239,76713323,"Empire of Storms (Throne of Glass, #5)",Sarah J. Maas,3433047,https://www.goodreads.com/book/show/76713323-empire-of-storms,https://www.goodreads.com/author/show/3433047.Sarah_J_Maas,https://i.gr-assets.com/images/S/compressed.photo.goodreads.com/books/1676979605i/76713323._SY75_.jpg,4.63,1399344,7713,86,13,4.512507895904589,"Acima de 4,5",Muito alta
1240,171547,Songs of Innocence and of Experience,William Blake,13453,https://www.goodreads.com/book/show/171547.Songs_of_Innocence_and_of_Experience,https://www.goodreads.com/author/show/13453.William_Blake,https://i.gr-assets.com/images/S/compressed.photo.goodreads.com/books/1348408738i/171547._SY75_.jpg,4.09,53358,7701,120,13,4.091851399991562,"4,0 a 4,25",Média
1241,201272400,Marked by Magic (Tracking Trouble #1),Lindsay Buroker,4512224,https://www.goodreads.com/book/show/201272400-marked-by-magic,https://www.goodreads.com/author/show/4512224.Lindsay_Buroker,https://i.gr-assets.com/images/S/compressed.photo.goodreads.com/books/1698869205i/201272400._SY75_.jpg,4.3,5083,7698,81,13,4.094771420651183,"4,25 a 4,5",Baixa
1242,203362689,"The Aspect of Essence (The Aelfyn Archives, #1)",Samantha Amstutz,29365998,https://www.goodreads.com/book/show/203362689-the-aspect-of-essence,https://www.goodreads.com/author/show/29365998.Samantha_Amstutz,https://i.gr-assets.com/images/S/compressed.photo.goodreads.com/books/1701893531i/203362689._SX50_.jpg,3.95,11742,7690,83,13,4.087961768291389,"3,5 a 4,0",Baixa
1243,872333,"Blue Bloods (Blue Bloods, #1)",Melissa de la Cruz,21911,https://www.goodreads.com/book/show/872333.Blue_Bloods,https://www.goodreads.com/author/show/21911.Melissa_de_la_Cruz,https://i.gr-assets.com/images/S/compressed.photo.goodreads.com/books/1322281515i/872333._SY75_.jpg,3.7,144596,7667,109,13,3.9862628000897926,"3,5 a 4,0",Média
1244,49084724,Credence,Penelope Douglas,7139136,https://www.goodreads.com/book/show/49084724-credence,https://www.goodreads.com/author/show/7139136.Penelope_Douglas,https://i.gr-assets.com/images/S/compressed.photo.goodreads.com/books/1576590268i/49084724._SX50_.jpg,3.67,644786,7651,82,13,3.8293609881753614,"3,5 a 4,0",Muito alta
1245,212294435,At the Bottom of the Garden,Camilla  Bruce,17383215,https://www.goodreads.com/book/show/212294435-at-the-bottom-of-the-garden,https://www.goodreads.com/author/show/17383215.Camilla_Bruce,https://i.gr-assets.com/images/S/compressed.photo.goodreads.com/books/1718740475i/212294435._SX50_.jpg,3.51,3528,7637,82,13,4.0868996984937604,"3,5 a 4,0",Baixa
1246,34532,"Hogfather (Discworld, #20; Death, #4)",Terry Pratchett,1654,https://www.goodreads.com/book/show/34532.Hogfather,https://www.goodreads.com/author/show/1654.Terry_Pratchett,https://i.gr-assets.com/images/S/compressed.photo.goodreads.com/books/1416342611i/34532._SY75_.jpg,4.26,107029,7621,104,13,4.128179866782371,"4,25 a 4,5",Média
1247,124509,Smilla's Sense of Snow,Peter Høeg,369288,https://www.goodreads.com/book/show/124509.Smilla_s_Sense_of_Snow,https://www.goodreads.com/author/show/369288.Peter_H_eg,https://i.gr-assets.com/images/S/compressed.photo.goodreads.com/books/1485595488i/124509._SY75_.jpg,3.73,53434,7607,114,13,4.0485763889679705,"3,5 a 4,0",Média
1248,17961,Collected Fictions,Jorge Luis Borges,500,https://www.goodreads.com/book/show/17961.Collected_Fictions,https://www.goodreads.com/author/show/500.Jorge_Luis_Borges,https://i.gr-assets.com/images/S/compressed.photo.goodreads.com/books/1756677161i/17961._SY75_.jpg,4.55,26236,7602,106,13,4.120891148984554,"Acima de 4,5",Baixa
1249,40941582,گم شده ای در مه,سید مرتضی مصطفوی,18235662,https://www.goodreads.com/book/show/40941582,https://www.goodreads.com/author/show/18235662._,https://i.gr-assets.com/images/S/compressed.photo.goodreads.com/books/1532496795i/40941582._SX50_.jpg,3.8,715,7587,77,13,4.091570930511624,"3,5 a 4,0",Baixa
1250,20912424,"The War That Saved My Life (The War That Saved My Life, #1)",Kimberly Brubaker Bradley,118639,https://www.goodreads.com/book/show/20912424-the-war-that-saved-my-life,https://www.goodreads.com/author/show/118639.Kimberly_Brubaker_Bradley,https://i.gr-assets.com/images/S/compressed.photo.goodreads.com/books/1453342842i/20912424._SY75_.jpg,4.49,120769,7584,85,13,4.185986046487274,"4,25 a 4,5",Média
1251,1430,Eleven Minutes,Paulo Coelho,566,https://www.goodreads.com/book/show/1430.Eleven_Minutes,https://www.goodreads.com/author/show/566.Paulo_Coelho,https://i.gr-assets.com/images/S/compressed.photo.goodreads.com/books/1358266987i/1430._SY75_.jpg,3.72,195141,7583,92,13,3.968238335404649,"3,5 a 4,0",Alta
1252,47021,The Taming of the Shrew,William Shakespeare,947,https://www.goodreads.com/book/show/47021.The_Taming_of_the_Shrew,https://www.goodreads.com/author/show/947.William_Shakespeare,https://i.gr-assets.com/images/S/compressed.photo.goodreads.com/books/1327935253i/47021._SY75_.jpg,3.73,183840,7568,133,13,3.976315520700897,"3,5 a 4,0",Alta
1253,5287473,"Hex Hall (Hex Hall, #1)",Rachel Hawkins,2261547,https://www.goodreads.com/book/show/5287473-hex-hall,https://www.goodreads.com/author/show/2261547.Rachel_Hawkins,https://i.gr-assets.com/images/S/compressed.photo.goodreads.com/books/1368393885i/5287473._SY75_.jpg,3.92,144241,7567,100,13,4.045731041935061,"3,5 a 4,0",Média
1254,68811,Momo,Michael Ende,15619,https://www.goodreads.com/book/show/68811.Momo,https://www.goodreads.com/author/show/15619.Michael_Ende,https://i.gr-assets.com/images/S/compressed.photo.goodreads.com/books/1420905611i/68811._SY75_.jpg,4.34,101892,7557,93,13,4.143341353853737,"4,25 a 4,5",Média
1255,10222,The Far Pavilions,M.M. Kaye,1040250,https://www.goodreads.com/book/show/10222.The_Far_Pavilions,https://www.goodreads.com/author/show/1040250.M_M_Kaye,https://i.gr-assets.com/images/S/compressed.photo.goodreads.com/books/1403391799i/10222._SX50_.jpg,4.2,45556,7552,106,13,4.10336120676512,"4,0 a 4,25",Baixa
1256,9809,Invisible Cities,Italo Calvino,155517,https://www.goodreads.com/book/show/9809.Invisible_Cities,https://www.goodreads.com/author/show/155517.Italo_Calvino,https://i.gr-assets.com/images/S/compressed.photo.goodreads.com/books/1763827551i/9809._SY75_.jpg,4.09,102388,7546,88,13,4.091667448846558,"4,0 a 4,25",Média
1257,38296,"The Last of the Mohicans (The Leatherstocking Tales, #2)",James Fenimore Cooper,9121,https://www.goodreads.com/book/show/38296.The_Last_of_the_Mohicans,https://www.goodreads.com/author/show/9121.James_Fenimore_Cooper,https://i.gr-assets.com/images/S/compressed.photo.goodreads.com/books/1388199654i/38296._SY75_.jpg,3.7,104236,7543,123,13,4.00958841266321,"3,5 a 4,0",Média
1258,23395680,"Illuminae (The Illuminae Files, #1)",Amie Kaufman,5360335,https://www.goodreads.com/book/show/23395680-illuminae,https://www.goodreads.com/author/show/5360335.Amie_Kaufman,https://i.gr-assets.com/images/S/compressed.photo.goodreads.com/books/1443433956i/23395680._SY75_.jpg,4.23,164516,7535,87,13,4.132935949315758,"4,0 a 4,25",Alta
1259,693208,The Absolutely True Diary of a Part-Time Indian,Sherman Alexie,4174,https://www.goodreads.com/book/show/693208.The_Absolutely_True_Diary_of_a_Part_Time_Indian,https://www.goodreads.com/author/show/4174.Sherman_Alexie,https://i.gr-assets.com/images/S/compressed.photo.goodreads.com/books/1327908992i/693208._SY75_.jpg,4.05,288762,7515,99,13,4.074220400817689,"4,0 a 4,25",Alta
1260,5139,"The Devil Wears Prada (The Devil Wears Prada, #1)",Lauren Weisberger,3490,https://www.goodreads.com/book/show/5139.The_Devil_Wears_Prada,https://www.goodreads.com/author/show/3490.Lauren_Weisberger,https://i.gr-assets.com/images/S/compressed.photo.goodreads.com/books/1388179604i/5139._SY75_.jpg,3.82,951965,7514,113,13,3.8992338134408304,"3,5 a 4,0",Muito alta
1261,58341222,Reminders of Him,Colleen Hoover,5430144,https://www.goodreads.com/book/show/58341222-reminders-of-him,https://www.goodreads.com/author/show/5430144.Colleen_Hoover,https://i.gr-assets.com/images/S/compressed.photo.goodreads.com/books/1627673942i/58341222._SX50_.jpg,4.32,1852158,7510,84,13,4.280269169475607,"4,25 a 4,5",Muito alta
1262,57693457,"Mickey7 (Mickey7, #1)",Edward Ashton,10864410,https://www.goodreads.com/book/show/57693457-mickey7,https://www.goodreads.com/author/show/10864410.Edward_Ashton,https://i.gr-assets.com/images/S/compressed.photo.goodreads.com/books/1636369192i/57693457._SY75_.jpg,3.78,64267,7505,80,13,4.048054177050397,"3,5 a 4,0",Média
1263,15925,The Guardian,Nicholas Sparks,2345,https://www.goodreads.com/book/show/15925.The_Guardian,https://www.goodreads.com/author/show/2345.Nicholas_Sparks,https://i.gr-assets.com/images/S/compressed.photo.goodreads.com/books/1388195339i/15925._SY75_.jpg,4.16,196768,7498,104,13,4.1148305263862515,"4,0 a 4,25",Alta
1264,5664985,Along for the Ride,Sarah Dessen,2987,https://www.goodreads.com/book/show/5664985-along-for-the-ride,https://www.goodreads.com/author/show/2987.Sarah_Dessen,https://i.gr-assets.com/images/S/compressed.photo.goodreads.com/books/1479692098i/5664985._SX50_.jpg,4.03,213847,7492,95,13,4.070149718537461,"4,0 a 4,25",Alta
1264,32499,The Pelican Brief,John Grisham,721,https://www.goodreads.com/book/show/32499.The_Pelican_Brief,https://www.goodreads.com/author/show/721.John_Grisham,https://i.gr-assets.com/images/S/compressed.photo.goodreads.com/books/1389486877i/32499._SY75_.jpg,4.06,454396,7492,113,13,4.074849913256633,"4,0 a 4,25",Muito alta
1266,12432220,"The False Prince (Ascendance, #1)",Jennifer A. Nielsen,3267859,https://www.goodreads.com/book/show/12432220-the-false-prince,https://www.goodreads.com/author/show/3267859.Jennifer_A_Nielsen,https://i.gr-assets.com/images/S/compressed.photo.goodreads.com/books/1585683740i/12432220._SX50_.jpg,4.24,113988,7487,83,13,4.125482365317593,"4,0 a 4,25",Média
1267,45195,A Passage to India,E.M. Forster,86404,https://www.goodreads.com/book/show/45195.A_Passage_to_India,https://www.goodreads.com/author/show/86404.E_M_Forster,https://i.gr-assets.com/images/S/compressed.photo.goodreads.com/books/1421883612i/45195._SY75_.jpg,3.68,87734,7479,132,13,4.016593518470348,"3,5 a 4,0",Média
1268,60784546,"Divine Rivals (Letters of Enchantment, #1)",Rebecca   Ross,14926516,https://www.goodreads.com/book/show/60784546-divine-rivals,https://www.goodreads.com/author/show/14926516.Rebecca_Ross,https://i.gr-assets.com/images/S/compressed.photo.goodreads.com/books/1655928079i/60784546._SY75_.jpg,4.14,800123,7474,82,13,4.124275399064182,"4,0 a 4,25",Muito alta
1269,479415,The Horse Whisperer,Nicholas Evans,6098,https://www.goodreads.com/book/show/479415.The_Horse_Whisperer,https://www.goodreads.com/author/show/6098.Nicholas_Evans,https://i.gr-assets.com/images/S/compressed.photo.goodreads.com/books/1320410310i/479415._SY75_.jpg,3.87,62836,7459,118,13,4.061357994385535,"3,5 a 4,0",Média
1270,60743324,"The Cheat Code (Wisdom Revolution, #3)",Misba,15178124,https://www.goodreads.com/book/show/60743324-the-cheat-code,https://www.goodreads.com/author/show/15178124.Misba,https://i.gr-assets.com/images/S/compressed.photo.goodreads.com/books/1691643058i/60743324._SY75_.jpg,4.72,3446,7448,76,13,4.097588367323635,"Acima de 4,5",Baixa
1271,159116833,"Not Till We Are Lost (Bobiverse, #5)",Dennis E. Taylor,12130438,https://www.goodreads.com/book/show/159116833-not-till-we-are-lost,https://www.goodreads.com/author/show/12130438.Dennis_E_Taylor,https://i.gr-assets.com/images/S/compressed.photo.goodreads.com/books/1712930306i/159116833._SX50_.jpg,4.31,23503,7446,79,13,4.104456654169392,"4,25 a 4,5",Baixa
1272,43916,"Magician (The Riftwar Saga, #1-2)",Raymond E. Feist,8588,https://www.goodreads.com/book/show/43916.Magician,https://www.goodreads.com/author/show/8588.Raymond_E_Feist,https://i.gr-assets.com/images/S/compressed.photo.goodreads.com/books/1391464462i/43916._SY75_.jpg,4.32,73388,7445,91,13,4.128112518652762,"4,25 a 4,5",Média
1273,24300,Poppy,Avi,10105,https://www.goodreads.com/book/show/24300.Poppy,https://www.goodreads.com/author/show/10105.Avi,https://i.gr-assets.com/images/S/compressed.photo.goodreads.com/books/1638685972i/24300._SY75_.jpg,3.99,11221,7441,81,13,4.089256115336312,"3,5 a 4,0",Baixa
1274,203805180,"A Cursed Son (Remnants of the Fallen Kingdom, #1)",Day Leitao,17839874,https://www.goodreads.com/book/show/203805180-a-cursed-son,https://www.goodreads.com/author/show/17839874.Day_Leitao,https://i.gr-assets.com/images/S/compressed.photo.goodreads.com/books/1702582874i/203805180._SY75_.jpg,3.96,4037,7427,78,13,4.090754266033354,"3,5 a 4,0",Baixa
1275,33413128,"Beartown (Beartown, #1)",Fredrik Backman,6485178,https://www.goodreads.com/book/show/33413128-beartown,https://www.goodreads.com/author/show/6485178.Fredrik_Backman,https://i.gr-assets.com/images/S/compressed.photo.goodreads.com/books/1482108618i/33413128._SY75_.jpg,4.28,655742,7422,83,13,4.209804249475854,"4,25 a 4,5",Muito alta
1276,7937462,"The Short Second Life of Bree Tanner (The Twilight Saga, #3.5)",Stephenie Meyer,941441,https://www.goodreads.com/book/show/7937462-the-short-second-life-of-bree-tanner,https://www.goodreads.com/author/show/941441.Stephenie_Meyer,https://i.gr-assets.com/images/S/compressed.photo.goodreads.com/books/1274335680i/7937462._SY75_.jpg,3.52,248725,7415,110,13,3.869698109774725,"3,5 a 4,0",Alta
1277,36329818,"Legendary (Caraval, #2)",Stephanie Garber,14137787,https://www.goodreads.com/book/show/36329818-legendary,https://www.goodreads.com/author/show/14137787.Stephanie_Garber,https://i.gr-assets.com/images/S/compressed.photo.goodreads.com/books/1506803153i/36329818._SY75_.jpg,4.08,512942,7404,84,13,4.085236197206321,"4,0 a 4,25",Muito alta
1278,73186,The Case for Christ,Lee Strobel,639,https://www.goodreads.com/book/show/73186.The_Case_for_Christ,https://www.goodreads.com/author/show/639.Lee_Strobel,https://i.gr-assets.com/images/S/compressed.photo.goodreads.com/books/1448776489i/73186._SY75_.jpg,4.25,163101,7397,87,13,4.138574305988965,"4,0 a 4,25",Alta
1279,31196,The Razor’s Edge,W. Somerset Maugham,4176632,https://www.goodreads.com/book/show/31196.The_Razor_s_Edge,https://www.goodreads.com/author/show/4176632.W_Somerset_Maugham,https://i.gr-assets.com/images/S/compressed.photo.goodreads.com/books/1386925123i/31196._SY75_.jpg,4.19,56001,7395,109,13,4.104366352234239,"4,0 a 4,25",Média
1280,72579,Alias Grace,Margaret Atwood,3472,https://www.goodreads.com/book/show/72579.Alias_Grace,https://www.goodreads.com/author/show/3472.Margaret_Atwood,https://i.gr-assets.com/images/S/compressed.photo.goodreads.com/books/1298545436i/72579._SY75_.jpg,4.04,161822,7394,111,13,4.076854349879794,"4,0 a 4,25",Alta
1281,28407,Germinal,Émile Zola,4750,https://www.goodreads.com/book/show/28407.Germinal,https://www.goodreads.com/author/show/4750._mile_Zola,https://i.gr-assets.com/images/S/compressed.photo.goodreads.com/books/1628462562i/28407._SY75_.jpg,4.21,45080,7392,98,13,4.104289304798747,"4,0 a 4,25",Baixa
1282,3463,A Bend in the Road,Nicholas Sparks,2345,https://www.goodreads.com/book/show/3463.A_Bend_in_the_Road,https://www.goodreads.com/author/show/2345.Nicholas_Sparks,https://i.gr-assets.com/images/S/compressed.photo.goodreads.com/books/1388453919i/3463._SY75_.jpg,4.06,171848,7389,100,13,4.0823034556291535,"4,0 a 4,25",Alta
1283,365,"Dirk Gently's Holistic Detective Agency (Dirk Gently, #1)",Douglas Adams,4,https://www.goodreads.com/book/show/365.Dirk_Gently_s_Holistic_Detective_Agency,https://www.goodreads.com/author/show/4.Douglas_Adams,https://i.gr-assets.com/images/S/compressed.photo.goodreads.com/books/1554401296i/365._SY75_.jpg,3.97,150958,7386,100,13,4.058097989116092,"3,5 a 4,0",Alta
1284,348225,"These Is My Words: The Diary of Sarah Agnes Prine, 1881-1901, Arizona Territories (Sarah Agnes Prine, #1)",Nancy E. Turner,29184,https://www.goodreads.com/book/show/348225.These_Is_My_Words,https://www.goodreads.com/author/show/29184.Nancy_E_Turner,https://i.gr-assets.com/images/S/compressed.photo.goodreads.com/books/1388190502i/348225._SY75_.jpg,4.37,84878,7383,88,13,4.141661354892625,"4,25 a 4,5",Média
1285,581811,Valley of the Dolls,Jacqueline Susann,22485,https://www.goodreads.com/book/show/581811.Valley_of_the_Dolls,https://www.goodreads.com/author/show/22485.Jacqueline_Susann,https://i.gr-assets.com/images/S/compressed.photo.goodreads.com/books/1429239923i/581811._SX50_.jpg,3.87,80894,7379,117,13,4.054036537755463,"3,5 a 4,0",Média
1286,24113,"Gödel, Escher, Bach: An Eternal Golden Braid",Douglas R. Hofstadter,3034502,https://www.goodreads.com/book/show/24113.G_del_Escher_Bach,https://www.goodreads.com/author/show/3034502.Douglas_R_Hofstadter,https://i.gr-assets.com/images/S/compressed.photo.goodreads.com/books/1547125681i/24113._SY75_.jpg,4.29,53966,7366,89,13,4.1161007049214495,"4,25 a 4,5",Média
1287,3165162,"Percy Jackson and the Olympians (Percy Jackson and the Olympians, #1-3)",Rick Riordan,15872,https://www.goodreads.com/book/show/3165162-percy-jackson-and-the-olympians,https://www.goodreads.com/author/show/15872.Rick_Riordan,https://i.gr-assets.com/images/S/compressed.photo.goodreads.com/books/1388181482i/3165162._SX50_.jpg,4.55,48070,7354,100,13,4.1422258789219875,"Acima de 4,5",Baixa
1288,27822,Eugene Onegin,Alexander Pushkin,16070,https://www.goodreads.com/book/show/27822.Eugene_Onegin,https://www.goodreads.com/author/show/16070.Alexander_Pushkin,https://i.gr-assets.com/images/S/compressed.photo.goodreads.com/books/1388373138i/27822._SY75_.jpg,4.11,73232,7352,104,13,4.094926579978689,"4,0 a 4,25",Média
1289,25899336,When Breath Becomes Air,Paul Kalanithi,14031444,https://www.goodreads.com/book/show/25899336-when-breath-becomes-air,https://www.goodreads.com/author/show/14031444.Paul_Kalanithi,https://i.gr-assets.com/images/S/compressed.photo.goodreads.com/books/1492677644i/25899336._SX50_.jpg,4.41,852147,7345,81,13,4.309999814111292,"4,25 a 4,5",Muito alta
1290,39939417,Five Feet Apart,Rachael Lippincott,17977608,https://www.goodreads.com/book/show/39939417-five-feet-apart,https://www.goodreads.com/author/show/17977608.Rachael_Lippincott,https://i.gr-assets.com/images/S/compressed.photo.goodreads.com/books/1529358577i/39939417._SY75_.jpg,4.17,265885,7327,83,13,4.123629810835649,"4,0 a 4,25",Alta
1291,40593473,"Finding Hope in the Darkness of Grief: Spiritual Insights Expressed Through Art, Poetry and Prose",Diamante Lavendar,7782976,https://www.goodreads.com/book/show/40593473-finding-hope-in-the-darkness-of-grief,https://www.goodreads.com/author/show/7782976.Diamante_Lavendar,https://i.gr-assets.com/images/S/compressed.photo.goodreads.com/books/1529574245i/40593473._SX50_.jpg,4.29,1539,7319,82,13,4.092879717329554,"4,25 a 4,5",Baixa
1292,530965,The Day of the Triffids,John Wyndham,36332,https://www.goodreads.com/book/show/530965.The_Day_of_the_Triffids,https://www.goodreads.com/author/show/36332.John_Wyndham,https://i.gr-assets.com/images/S/compressed.photo.goodreads.com/books/1320530145i/530965._SY75_.jpg,4.01,120570,7306,104,13,4.07275627251206,"4,0 a 4,25",Média
1293,64653012,"God Is the Cure, Love Is the Answer: A Memoir",Aimee Cabo Nikolov,18294819,https://www.goodreads.com/book/show/64653012-god-is-the-cure-love-is-the-answer,https://www.goodreads.com/author/show/18294819.Aimee_Cabo_Nikolov,https://i.gr-assets.com/images/S/compressed.photo.goodreads.com/books/1670532341i/64653012._SX50_.jpg,4.3,17056,7296,78,13,4.10079195612255,"4,25 a 4,5",Baixa
1294,13597723,"The Naturals (The Naturals, #1)",Jennifer Lynn Barnes,164187,https://www.goodreads.com/book/show/13597723-the-naturals,https://www.goodreads.com/author/show/164187.Jennifer_Lynn_Barnes,https://i.gr-assets.com/images/S/compressed.photo.goodreads.com/books/1620015246i/13597723._SY75_.jpg,4.23,410362,7293,82,13,4.162710763055752,"4,0 a 4,25",Muito alta
1295,6609765,"Out of My Mind (Out of My Mind, #1)",Sharon M. Draper,51942,https://www.goodreads.com/book/show/6609765-out-of-my-mind,https://www.goodreads.com/author/show/51942.Sharon_M_Draper,https://i.gr-assets.com/images/S/compressed.photo.goodreads.com/books/1347602096i/6609765._SX50_.jpg,4.34,194482,7271,84,13,4.1744372936939715,"4,25 a 4,5",Alta
1295,232109,"The Mouse and the Motorcycle (Ralph S. Mouse, #1)",Beverly Cleary,403,https://www.goodreads.com/book/show/232109.The_Mouse_and_the_Motorcycle,https://www.goodreads.com/author/show/403.Beverly_Cleary,https://i.gr-assets.com/images/S/compressed.photo.goodreads.com/books/1348990967i/232109._SX50_.jpg,3.97,91454,7271,79,13,4.068961834143551,"3,5 a 4,0",Média
1297,208567667,"The Art of Avoiding Your Alpha (Wildwood, #2)",Lola Glass,20827982,https://www.goodreads.com/book/show/208567667-the-art-of-avoiding-your-alpha,https://www.goodreads.com/author/show/20827982.Lola_Glass,https://i.gr-assets.com/images/S/compressed.photo.goodreads.com/books/1708041056i/208567667._SY75_.jpg,3.83,6443,7262,77,13,4.087855861185653,"3,5 a 4,0",Baixa
1298,162017068,Isabella Warrior Queen,Michael G. Kramer,15015247,https://www.goodreads.com/book/show/162017068-isabella-warrior-queen,https://www.goodreads.com/author/show/15015247.Michael_G_Kramer,https://i.gr-assets.com/images/S/compressed.photo.goodreads.com/books/1684999620i/162017068._SY75_.jpg,4.3,5426,7256,80,13,4.094948954584001,"4,25 a 4,5",Baixa
1299,26030734,"The Wild Robot (The Wild Robot, #1)",Peter  Brown,3092248,https://www.goodreads.com/book/show/26030734-the-wild-robot,https://www.goodreads.com/author/show/3092248.Peter_Brown,https://i.gr-assets.com/images/S/compressed.photo.goodreads.com/books/1441052184i/26030734._SX50_.jpg,4.22,131811,7252,79,13,4.124344133174792,"4,0 a 4,25",Média
1300,162085,"Pretty Little Liars (Pretty Little Liars, #1)",Sara Shepard,93970,https://www.goodreads.com/book/show/162085.Pretty_Little_Liars,https://www.goodreads.com/author/show/93970.Sara_Shepard,https://i.gr-assets.com/images/S/compressed.photo.goodreads.com/books/1377830522i/162085._SY75_.jpg,3.84,217017,7251,95,13,4.002133507973019,"3,5 a 4,0",Alta
1301,6259,Birdsong,Sebastian Faulks,4229,https://www.goodreads.com/book/show/6259.Birdsong,https://www.goodreads.com/author/show/4229.Sebastian_Faulks,https://i.gr-assets.com/images/S/compressed.photo.goodreads.com/books/1349952101i/6259._SY75_.jpg,4.11,85586,7243,98,14,4.095317245010272,"4,0 a 4,25",Média
1302,25346,Out of the Dust,Karen Hesse,4057,https://www.goodreads.com/book/show/25346.Out_of_the_Dust,https://www.goodreads.com/author/show/4057.Karen_Hesse,https://i.gr-assets.com/images/S/compressed.photo.goodreads.com/books/1328867076i/25346._SX50_.jpg,3.78,80813,7236,84,14,4.038655399436843,"3,5 a 4,0",Média
1303,23281716,Appleblossom the Possum,Holly Goldberg Sloan,931363,https://www.goodreads.com/book/show/23281716-appleblossom-the-possum,https://www.goodreads.com/author/show/931363.Holly_Goldberg_Sloan,https://i.gr-assets.com/images/S/compressed.photo.goodreads.com/books/1416179129i/23281716._SX50_.jpg,3.9,2112,7234,77,14,4.091072130394062,"3,5 a 4,0",Baixa
1304,126232,"Jaws (Jaws, #1)",Peter Benchley,59542,https://www.goodreads.com/book/show/126232.Jaws,https://www.goodreads.com/author/show/59542.Peter_Benchley,https://i.gr-assets.com/images/S/compressed.photo.goodreads.com/books/1654812454i/126232._SY75_.jpg,3.94,185314,7224,106,14,4.043201749145008,"3,5 a 4,0",Alta
1305,60931,Kindred,Octavia E. Butler,29535,https://www.goodreads.com/book/show/60931.Kindred,https://www.goodreads.com/author/show/29535.Octavia_E_Butler,https://i.gr-assets.com/images/S/compressed.photo.goodreads.com/books/1339423248i/60931._SY75_.jpg,4.31,294278,7221,92,14,4.185663758430165,"4,25 a 4,5",Alta
1306,7669,Timeline,Michael Crichton,5194,https://www.goodreads.com/book/show/7669.Timeline,https://www.goodreads.com/author/show/5194.Michael_Crichton,https://i.gr-assets.com/images/S/compressed.photo.goodreads.com/books/1405420745i/7669._SY75_.jpg,3.87,220683,7205,97,14,4.01198389312541,"3,5 a 4,0",Alta
1307,198190467,"Deeper Than the Dead (Vera Boyett, #1)",Debra Webb,68900,https://www.goodreads.com/book/show/198190467-deeper-than-the-dead,https://www.goodreads.com/author/show/68900.Debra_Webb,https://i.gr-assets.com/images/S/compressed.photo.goodreads.com/books/1702516655i/198190467._SY75_.jpg,4.04,24726,7200,76,14,4.089005629172687,"4,0 a 4,25",Baixa
1308,176450755,The Other Valley,Scott Alexander Howard,22446721,https://www.goodreads.com/book/show/176450755-the-other-valley,https://www.goodreads.com/author/show/22446721.Scott_Alexander_Howard,https://i.gr-assets.com/images/S/compressed.photo.goodreads.com/books/1687105854i/176450755._SY75_.jpg,3.87,27923,7197,76,14,4.077302676641915,"3,5 a 4,0",Baixa
1309,497199,Factotum,Charles Bukowski,13275,https://www.goodreads.com/book/show/497199.Factotum,https://www.goodreads.com/author/show/13275.Charles_Bukowski,https://i.gr-assets.com/images/S/compressed.photo.goodreads.com/books/1672739447i/497199._SY75_.jpg,3.92,77959,7181,85,14,4.063498629696097,"3,5 a 4,0",Média
1310,18373,Flowers for Algernon,Daniel Keyes,11072,https://www.goodreads.com/book/show/18373.Flowers_for_Algernon,https://www.goodreads.com/author/show/11072.Daniel_Keyes,https://i.gr-assets.com/images/S/compressed.photo.goodreads.com/books/1689071681i/18373._SY75_.jpg,4.25,842562,7176,83,14,4.19994492035721,"4,0 a 4,25",Muito alta
1311,7600924,Forbidden,Tabitha Suzuma,599916,https://www.goodreads.com/book/show/7600924-forbidden,https://www.goodreads.com/author/show/599916.Tabitha_Suzuma,https://i.gr-assets.com/images/S/compressed.photo.goodreads.com/books/1394239949i/7600924._SY75_.jpg,3.95,76882,7155,82,14,4.068757612433895,"3,5 a 4,0",Média
1312,4912857,"The Angel's Game (The Cemetery of Forgotten Books, #2)",Carlos Ruiz Zafón,815,https://www.goodreads.com/book/show/4912857-the-angel-s-game,https://www.goodreads.com/author/show/815.Carlos_Ruiz_Zaf_n,https://i.gr-assets.com/images/S/compressed.photo.goodreads.com/books/1617606225i/4912857._SY75_.jpg,4.03,191606,7149,88,14,4.0716822227346,"4,0 a 4,25",Alta
1313,7315573,"Fall of Giants (The Century Trilogy, #1)",Ken Follett,3447,https://www.goodreads.com/book/show/7315573-fall-of-giants,https://www.goodreads.com/author/show/3447.Ken_Follett,https://i.gr-assets.com/images/S/compressed.photo.goodreads.com/books/1470384630i/7315573._SY75_.jpg,4.33,355514,7145,94,14,4.205385480406874,"4,25 a 4,5",Alta
1314,218224452,Salvager,Scott Moon,6442084,https://www.goodreads.com/book/show/218224452-salvager,https://www.goodreads.com/author/show/6442084.Scott_Moon,https://i.gr-assets.com/images/S/compressed.photo.goodreads.com/books/1724939731i/218224452._SY75_.jpg,4.13,1803,7137,75,14,4.092277910190992,"4,0 a 4,25",Baixa
1315,89763,Esperanza Rising,Pam Muñoz Ryan,1244538,https://www.goodreads.com/book/show/89763.Esperanza_Rising,https://www.goodreads.com/author/show/1244538.Pam_Mu_oz_Ryan,https://i.gr-assets.com/images/S/compressed.photo.goodreads.com/books/1328869043i/89763._SX50_.jpg,4.05,118202,7127,78,14,4.082331870455066,"4,0 a 4,25",Média
1316,198132147,Saint Richard Parker,Merlin Franco,18122100,https://www.goodreads.com/book/show/198132147-saint-richard-parker,https://www.goodreads.com/author/show/18122100.Merlin_Franco,https://i.gr-assets.com/images/S/compressed.photo.goodreads.com/books/1693295267i/198132147._SY75_.jpg,4.28,5695,7122,75,14,4.094800908064568,"4,25 a 4,5",Baixa
1317,95558,Solaris,Stanisław Lem,10991,https://www.goodreads.com/book/show/95558.Solaris,https://www.goodreads.com/author/show/10991.Stanis_aw_Lem,https://i.gr-assets.com/images/S/compressed.photo.goodreads.com/books/1498631519i/95558._SX50_.jpg,3.98,140474,7115,93,14,4.062478270390773,"3,5 a 4,0",Média
1318,23878,Chronicle of a Death Foretold,Gabriel García Márquez,13450,https://www.goodreads.com/book/show/23878.Chronicle_of_a_Death_Foretold,https://www.goodreads.com/author/show/13450.Gabriel_Garc_a_M_rquez,https://i.gr-assets.com/images/S/compressed.photo.goodreads.com/books/1657558535i/23878._SY75_.jpg,3.97,251787,7095,101,14,4.044280478213443,"3,5 a 4,0",Alta
1319,6642715,The Forty Rules of Love,Elif Shafak,6542440,https://www.goodreads.com/book/show/6642715-the-forty-rules-of-love,https://www.goodreads.com/author/show/6542440.Elif_Shafak,https://i.gr-assets.com/images/S/compressed.photo.goodreads.com/books/1442161289i/6642715._SY75_.jpg,4.1,215855,7089,78,14,4.094912190290323,"4,0 a 4,25",Alta
1320,20170404,Station Eleven,Emily St. John Mandel,2786093,https://www.goodreads.com/book/show/20170404-station-eleven,https://www.goodreads.com/author/show/2786093.Emily_St_John_Mandel,https://i.gr-assets.com/images/S/compressed.photo.goodreads.com/books/1680459872i/20170404._SX50_.jpg,4.06,647293,7083,87,14,4.072091269061838,"4,0 a 4,25",Muito alta
1321,203552477,"Lucky Son of a Gun (The Demon Accords, #19)",John Conroe,4159043,https://www.goodreads.com/book/show/203552477-lucky-son-of-a-gun,https://www.goodreads.com/author/show/4159043.John_Conroe,https://i.gr-assets.com/images/S/compressed.photo.goodreads.com/books/1702264916i/203552477._SY75_.jpg,4.47,2428,7078,74,14,4.094435667308542,"4,25 a 4,5",Baixa
1322,40605285,"The Sweetness at the Bottom of the Pie (Flavia de Luce, #1)",Alan Bradley,1074866,https://www.goodreads.com/book/show/40605285-the-sweetness-at-the-bottom-of-the-pie,https://www.goodreads.com/author/show/1074866.Alan_Bradley,https://i.gr-assets.com/images/S/compressed.photo.goodreads.com/books/1529610868i/40605285._SY75_.jpg,3.82,182356,7076,85,14,4.005573450599391,"3,5 a 4,0",Alta
1323,19405702,Walks Away Woman,Ki Longfellow,286014,https://www.goodreads.com/book/show/19405702-walks-away-woman,https://www.goodreads.com/author/show/286014.Ki_Longfellow,https://i.gr-assets.com/images/S/compressed.photo.goodreads.com/books/1386953097i/19405702._SY75_.jpg,4.37,1195,7074,74,14,4.0929505619401665,"4,25 a 4,5",Baixa
1324,76706470,"Heir of Fire (Throne of Glass, #3)",Sarah J. Maas,3433047,https://www.goodreads.com/book/show/76706470-heir-of-fire,https://www.goodreads.com/author/show/3433047.Sarah_J_Maas,https://i.gr-assets.com/images/S/compressed.photo.goodreads.com/books/1673566654i/76706470._SY75_.jpg,4.44,1763600,7065,81,14,4.3768558759333605,"4,25 a 4,5",Muito alta
1325,33623824,Get Rich or Get Lucky,Max Nowaz,14887946,https://www.goodreads.com/book/show/33623824-get-rich-or-get-lucky,https://www.goodreads.com/author/show/14887946.Max_Nowaz,https://i.gr-assets.com/images/S/compressed.photo.goodreads.com/books/1482926569i/33623824._SY75_.jpg,4.25,20277,7064,75,14,4.099887145429982,"4,0 a 4,25",Baixa
1326,18302455,"The Circle (The Circle, #1)",Dave Eggers,3371,https://www.goodreads.com/book/show/18302455-the-circle,https://www.goodreads.com/author/show/3371.Dave_Eggers,https://i.gr-assets.com/images/S/compressed.photo.goodreads.com/books/1376419833i/18302455._SX50_.jpg,3.43,235600,7060,78,14,3.8431866646582007,"Até 3,5",Alta
1327,3570231,"At Grave's End (Night Huntress, #3)",Jeaniene Frost,669810,https://www.goodreads.com/book/show/3570231-at-grave-s-end,https://www.goodreads.com/author/show/669810.Jeaniene_Frost,https://i.gr-assets.com/images/S/compressed.photo.goodreads.com/books/1448167943i/3570231._SY75_.jpg,4.28,93226,7050,95,14,4.128272796937066,"4,25 a 4,5",Média
1328,54017875,Pawcasso,Remy Lai,18002038,https://www.goodreads.com/book/show/54017875-pawcasso,https://www.goodreads.com/author/show/18002038.Remy_Lai,https://i.gr-assets.com/images/S/compressed.photo.goodreads.com/books/1601339988i/54017875._SX50_.jpg,4.08,2311,7043,76,14,4.0920328944315685,"4,0 a 4,25",Baixa
1329,58922,The Runaway Bunny,Margaret Wise Brown,18479,https://www.goodreads.com/book/show/58922.The_Runaway_Bunny,https://www.goodreads.com/author/show/18479.Margaret_Wise_Brown,https://i.gr-assets.com/images/S/compressed.photo.goodreads.com/books/1763837010i/58922._SX50_.jpg,4.09,89113,7042,95,14,4.091713545621949,"4,0 a 4,25",Média
1330,76707900,"Queen of Shadows (Throne of Glass, #4)",Sarah J. Maas,3433047,https://www.goodreads.com/book/show/76707900-queen-of-shadows,https://www.goodreads.com/author/show/3433047.Sarah_J_Maas,https://i.gr-assets.com/images/S/compressed.photo.goodreads.com/books/1673566810i/76707900._SY75_.jpg,4.62,1593806,7026,78,14,4.515989046426956,"Acima de 4,5",Muito alta
1331,8685612,"The Iron Queen (The Iron Fey, #3)",Julie Kagawa,2995873,https://www.goodreads.com/book/show/8685612-the-iron-queen,https://www.goodreads.com/author/show/2995873.Julie_Kagawa,https://i.gr-assets.com/images/S/compressed.photo.goodreads.com/books/1321070331i/8685612._SY75_.jpg,4.19,109849,7025,90,14,4.113571636338229,"4,0 a 4,25",Média
1332,63140926,Victor's Blessing,Barbara Sontheimer,23000969,https://www.goodreads.com/book/show/63140926-victor-s-blessing,https://www.goodreads.com/author/show/23000969.Barbara_Sontheimer,https://i.gr-assets.com/images/S/compressed.photo.goodreads.com/books/1667204880i/63140926._SX50_.jpg,4.33,6153,7024,75,14,4.095788918736135,"4,25 a 4,5",Baixa
1333,205879799,"The Art of Avoiding Your Werewolf (Wildwood, #1)",Lola Glass,20827982,https://www.goodreads.com/book/show/205879799-the-art-of-avoiding-your-werewolf,https://www.goodreads.com/author/show/20827982.Lola_Glass,https://i.gr-assets.com/images/S/compressed.photo.goodreads.com/books/1708530409i/205879799._SX50_.jpg,3.79,9775,7017,74,14,4.084737094074365,"3,5 a 4,0",Baixa
1334,3228917,Outliers: The Story of Success,Malcolm Gladwell,1439,https://www.goodreads.com/book/show/3228917-outliers,https://www.goodreads.com/author/show/1439.Malcolm_Gladwell,https://i.gr-assets.com/images/S/compressed.photo.goodreads.com/books/1344266315i/3228917._SX50_.jpg,4.19,890005,7014,101,14,4.160115005102508,"4,0 a 4,25",Muito alta
1334,34051011,Pachinko,Min Jin Lee,378209,https://www.goodreads.com/book/show/34051011-pachinko,https://www.goodreads.com/author/show/378209.Min_Jin_Lee,https://i.gr-assets.com/images/S/compressed.photo.goodreads.com/books/1766879949i/34051011._SY75_.jpg,4.34,690436,7014,85,14,4.250359822349492,"4,25 a 4,5",Muito alta
1336,13821,Lord of Light,Roger Zelazny,3619,https://www.goodreads.com/book/show/13821.Lord_of_Light,https://www.goodreads.com/author/show/3619.Roger_Zelazny,https://i.gr-assets.com/images/S/compressed.photo.goodreads.com/books/1330127327i/13821._SY75_.jpg,4.05,36703,7013,79,14,4.088491560041726,"4,0 a 4,25",Baixa
1337,45857086,"The Burning God (The Poppy War, #3)",R.F. Kuang,16820001,https://www.goodreads.com/book/show/45857086-the-burning-god,https://www.goodreads.com/author/show/16820001.R_F_Kuang,https://i.gr-assets.com/images/S/compressed.photo.goodreads.com/books/1584965579i/45857086._SY75_.jpg,4.26,195424,7009,76,14,4.1480471239116135,"4,25 a 4,5",Alta
1338,2744,Anansi Boys,Neil Gaiman,1221698,https://www.goodreads.com/book/show/2744.Anansi_Boys,https://www.goodreads.com/author/show/1221698.Neil_Gaiman,https://i.gr-assets.com/images/S/compressed.photo.goodreads.com/books/1479778049i/2744._SY75_.jpg,4.04,231273,7007,96,14,4.072741622265472,"4,0 a 4,25",Alta
1339,8709526,"The Indigo Spell (Bloodlines, #3)",Richelle Mead,137902,https://www.goodreads.com/book/show/8709526-the-indigo-spell,https://www.goodreads.com/author/show/137902.Richelle_Mead,https://i.gr-assets.com/images/S/compressed.photo.goodreads.com/books/1588127441i/8709526._SY75_.jpg,4.35,107739,6999,96,14,4.147806399802734,"4,25 a 4,5",Média
1340,2794,The Crying of Lot 49,Thomas Pynchon,235,https://www.goodreads.com/book/show/2794.The_Crying_of_Lot_49,https://www.goodreads.com/author/show/235.Thomas_Pynchon,https://i.gr-assets.com/images/S/compressed.photo.goodreads.com/books/1657594162i/2794._SY75_.jpg,3.69,101931,6997,90,14,4.008968328641254,"3,5 a 4,0",Média
1341,19390926,"Point of Retreat (Slammed, #2)",Colleen Hoover,5430144,https://www.goodreads.com/book/show/19390926-point-of-retreat,https://www.goodreads.com/author/show/5430144.Colleen_Hoover,https://i.gr-assets.com/images/S/compressed.photo.goodreads.com/books/1761078254i/19390926._SY75_.jpg,4.09,303105,6985,83,14,4.091185322369409,"4,0 a 4,25",Alta
1342,22590,Ubik,Philip K. Dick,4764,https://www.goodreads.com/book/show/22590.Ubik,https://www.goodreads.com/author/show/4764.Philip_K_Dick,https://i.gr-assets.com/images/S/compressed.photo.goodreads.com/books/1327995569i/22590._SY75_.jpg,4.11,128897,6984,86,14,4.096540229650211,"4,0 a 4,25",Média
1343,40490167,Maus I: Un Survivant Raconte: Mon Père Saigne L'histoire,Art Spiegelman,5117,https://www.goodreads.com/book/show/40490167-maus-i,https://www.goodreads.com/author/show/5117.Art_Spiegelman,https://i.gr-assets.com/images/S/compressed.photo.goodreads.com/books/1528405439i/40490167._SY75_.jpg,4.39,386135,6983,100,14,4.240104181365341,"4,25 a 4,5",Alta
1344,6668467,Winter Garden,Kristin Hannah,54493,https://www.goodreads.com/book/show/6668467-winter-garden,https://www.goodreads.com/author/show/54493.Kristin_Hannah,https://i.gr-assets.com/images/S/compressed.photo.goodreads.com/books/1265932201i/6668467._SY75_.jpg,4.28,486953,6980,81,14,4.196310154818081,"4,25 a 4,5",Muito alta
1345,54183020,"Death Leaves a Shadow (Marlowe Black Mystery, #2)",Gabriel F.W. Koch,16475927,https://www.goodreads.com/book/show/54183020-death-leaves-a-shadow,https://www.goodreads.com/author/show/16475927.Gabriel_F_W_Koch,https://i.gr-assets.com/images/S/compressed.photo.goodreads.com/books/1592631430i/54183020._SY75_.jpg,4.3,16015,6977,76,14,4.100282553669499,"4,25 a 4,5",Baixa
1346,1240662,"Lover Enshrined (Black Dagger Brotherhood, #6)",J.R. Ward,20248,https://www.goodreads.com/book/show/1240662.Lover_Enshrined,https://www.goodreads.com/author/show/20248.J_R_Ward,https://i.gr-assets.com/images/S/compressed.photo.goodreads.com/books/1327896547i/1240662._SY75_.jpg,4.11,124068,6970,96,14,4.096414057877458,"4,0 a 4,25",Média
1347,46206745,Coo,Kaela Noel,18840676,https://www.goodreads.com/book/show/46206745-coo,https://www.goodreads.com/author/show/18840676.Kaela_Noel,https://i.gr-assets.com/images/S/compressed.photo.goodreads.com/books/1569109489i/46206745._SY75_.jpg,4.21,1315,6968,75,14,4.0924990940854995,"4,0 a 4,25",Baixa
1348,34196663,"Vow of Thieves (Dance of Thieves, #2)",Mary E. Pearson,123463,https://www.goodreads.com/book/show/34196663-vow-of-thieves,https://www.goodreads.com/author/show/123463.Mary_E_Pearson,https://i.gr-assets.com/images/S/compressed.photo.goodreads.com/books/1548909404i/34196663._SY75_.jpg,4.29,120826,6943,74,14,4.138813644082638,"4,25 a 4,5",Média
1349,11557,Swan Song,Robert McCammon,5244478,https://www.goodreads.com/book/show/11557.Swan_Song,https://www.goodreads.com/author/show/5244478.Robert_McCammon,https://i.gr-assets.com/images/S/compressed.photo.goodreads.com/books/1445981000i/11557._SY75_.jpg,4.3,78857,6922,85,14,4.126989588297599,"4,25 a 4,5",Média
1350,40493,"The Valley of Horses (Earth's Children, #2)",Jean M. Auel,861,https://www.goodreads.com/book/show/40493.The_Valley_of_Horses,https://www.goodreads.com/author/show/861.Jean_M_Auel,https://i.gr-assets.com/images/S/compressed.photo.goodreads.com/books/1324059760i/40493._SY75_.jpg,4.05,98440,6909,105,14,4.083637111190894,"4,0 a 4,25",Média
1351,8694,"Life, the Universe and Everything (The Hitchhiker's Guide to the Galaxy, #3)",Douglas Adams,4,https://www.goodreads.com/book/show/8694.Life_the_Universe_and_Everything,https://www.goodreads.com/author/show/4.Douglas_Adams,https://i.gr-assets.com/images/S/compressed.photo.goodreads.com/books/1333577589i/8694._SX50_.jpg,4.16,256090,6898,106,14,4.1189709228947695,"4,0 a 4,25",Alta
1352,215598873,Steel Blood,Gabriel F.W. Koch,16475927,https://www.goodreads.com/book/show/215598873-steel-blood,https://www.goodreads.com/author/show/16475927.Gabriel_F_W_Koch,https://i.gr-assets.com/images/S/compressed.photo.goodreads.com/books/1721732029i/215598873._SY75_.jpg,4.32,7241,6882,77,14,4.096246869265864,"4,25 a 4,5",Baixa
1353,337113,The Tenant of Wildfell Hall,Anne Brontë,8249,https://www.goodreads.com/book/show/337113.The_Tenant_of_Wildfell_Hall,https://www.goodreads.com/author/show/8249.Anne_Bront_,https://i.gr-assets.com/images/S/compressed.photo.goodreads.com/books/1479652419i/337113._SY75_.jpg,4.04,138194,6881,96,14,4.078499609886925,"4,0 a 4,25",Média
1354,211096516,A Language of Dragons (A Language of Dragons #1),S.F. Williamson,48361376,https://www.goodreads.com/book/show/211096516-a-language-of-dragons,https://www.goodreads.com/author/show/48361376.S_F_Williamson,https://i.gr-assets.com/images/S/compressed.photo.goodreads.com/books/1722517068i/211096516._SY75_.jpg,3.83,24096,6878,74,14,4.076892025861275,"3,5 a 4,0",Baixa
1355,7402393,"Nightshade (Nightshade, #1; Nightshade World, #4)",Andrea Cremer,3041100,https://www.goodreads.com/book/show/7402393-nightshade,https://www.goodreads.com/author/show/3041100.Andrea_Cremer,https://i.gr-assets.com/images/S/compressed.photo.goodreads.com/books/1333400218i/7402393._SY75_.jpg,4.01,84776,6866,92,14,4.077476806618798,"4,0 a 4,25",Média
1356,9067850,"The Throne of Fire (The Kane Chronicles, #2)",Rick Riordan,15872,https://www.goodreads.com/book/show/9067850-the-throne-of-fire,https://www.goodreads.com/author/show/15872.Rick_Riordan,https://i.gr-assets.com/images/S/compressed.photo.goodreads.com/books/1661018148i/9067850._SY75_.jpg,4.18,233612,6845,99,14,4.124973855384106,"4,0 a 4,25",Alta
1357,31338,"Memnoch the Devil (The Vampire Chronicles, #5)",Anne Rice,7577,https://www.goodreads.com/book/show/31338.Memnoch_the_Devil,https://www.goodreads.com/author/show/7577.Anne_Rice,https://i.gr-assets.com/images/S/compressed.photo.goodreads.com/books/1506208231i/31338._SX50_.jpg,3.76,88014,6810,97,14,4.031093518344753,"3,5 a 4,0",Média
1358,24384,"The Cricket in Times Square (Chester Cricket and His Friends, #1)",George Selden,13705,https://www.goodreads.com/book/show/24384.The_Cricket_in_Times_Square,https://www.goodreads.com/author/show/13705.George_Selden,https://i.gr-assets.com/images/S/compressed.photo.goodreads.com/books/1387735970i/24384._SY75_.jpg,4.04,68237,6809,74,14,4.084363344107647,"4,0 a 4,25",Média
1359,67993636,The Forgotten Palace,Alexandra Walsh,5095453,https://www.goodreads.com/book/show/67993636-the-forgotten-palace,https://www.goodreads.com/author/show/5095453.Alexandra_Walsh,https://i.gr-assets.com/images/S/compressed.photo.goodreads.com/books/1673397536i/67993636._SY75_.jpg,4.17,3580,6801,71,14,4.092810600998452,"4,0 a 4,25",Baixa
1360,13644052,"Origin (Lux, #4)",Jennifer L. Armentrout,4476934,https://www.goodreads.com/book/show/13644052-origin,https://www.goodreads.com/author/show/4476934.Jennifer_L_Armentrout,https://i.gr-assets.com/images/S/compressed.photo.goodreads.com/books/1398100888i/13644052._SX50_.jpg,4.31,120079,6784,87,14,4.143290999336314,"4,25 a 4,5",Média
1360,23513349,Milk and honey,Rupi Kaur,8075577,https://www.goodreads.com/book/show/23513349-milk-and-honey,https://www.goodreads.com/author/show/8075577.Rupi_Kaur,https://i.gr-assets.com/images/S/compressed.photo.goodreads.com/books/1491595510i/23513349._SY75_.jpg,3.95,838957,6784,82,14,3.995180840098607,"3,5 a 4,0",Muito alta
1362,58690308,Book Lovers,Emily Henry,13905555,https://www.goodreads.com/book/show/58690308-book-lovers,https://www.goodreads.com/author/show/13905555.Emily_Henry,https://i.gr-assets.com/images/S/compressed.photo.goodreads.com/books/1638867089i/58690308._SY75_.jpg,4.08,1687745,6772,79,14,4.082277074640817,"4,0 a 4,25",Muito alta
1363,29236380,Girl in Pieces,Kathleen Glasgow,13479611,https://www.goodreads.com/book/show/29236380-girl-in-pieces,https://www.goodreads.com/author/show/13479611.Kathleen_Glasgow,https://i.gr-assets.com/images/S/compressed.photo.goodreads.com/books/1469509467i/29236380._SY75_.jpg,3.93,287954,6769,72,14,4.0233615752330785,"3,5 a 4,0",Alta
1364,40121378,Atomic Habits: An Easy & Proven Way to Build Good Habits & Break Bad Ones,James Clear,7327369,https://www.goodreads.com/book/show/40121378-atomic-habits,https://www.goodreads.com/author/show/7327369.James_Clear,https://i.gr-assets.com/images/S/compressed.photo.goodreads.com/books/1655988385i/40121378._SY75_.jpg,4.31,1419333,6757,77,14,4.26293068719678,"4,25 a 4,5",Muito alta
1364,59961135,"Accidental Mystic (Midlife Melody, #1)",Phoebe Ravencraft,18897026,https://www.goodreads.com/book/show/59961135-accidental-mystic,https://www.goodreads.com/author/show/18897026.Phoebe_Ravencraft,https://i.gr-assets.com/images/S/compressed.photo.goodreads.com/books/1761521298i/59961135._SY75_.jpg,4.18,2175,6757,71,14,4.092590130972019,"4,0 a 4,25",Baixa
1366,22881898,Shot Down: The True Story of Pilot Howard Snyder and the Crew of the B-17 Susan Ruth,Steve Snyder,9876016,https://www.goodreads.com/book/show/22881898-shot-down,https://www.goodreads.com/author/show/9876016.Steve_Snyder,https://i.gr-assets.com/images/S/compressed.photo.goodreads.com/books/1416874318i/22881898._SX50_.jpg,4.21,8591,6755,74,14,4.094638190960457,"4,0 a 4,25",Baixa
1367,11573,The Dead Zone,Stephen  King,3389,https://www.goodreads.com/book/show/11573.The_Dead_Zone,https://www.goodreads.com/author/show/3389.Stephen_King,https://i.gr-assets.com/images/S/compressed.photo.goodreads.com/books/1283509622i/11573._SY75_.jpg,3.97,254189,6738,106,14,4.0440039710493165,"3,5 a 4,0",Alta
1368,61138863,"On Her Watch (Bree Taggert, #8)",Melinda Leigh,5141609,https://www.goodreads.com/book/show/61138863-on-her-watch,https://www.goodreads.com/author/show/5141609.Melinda_Leigh,https://i.gr-assets.com/images/S/compressed.photo.goodreads.com/books/1653498055i/61138863._SY75_.jpg,4.49,22196,6735,71,14,4.113473940641471,"4,25 a 4,5",Baixa
1369,1772910,White Nights,Fyodor Dostoevsky,3137322,https://www.goodreads.com/book/show/1772910.White_Nights,https://www.goodreads.com/author/show/3137322.Fyodor_Dostoevsky,https://i.gr-assets.com/images/S/compressed.photo.goodreads.com/books/1450699039i/1772910._SX50_.jpg,4.06,445990,6732,76,14,4.074999038489876,"4,0 a 4,25",Muito alta
1370,14817,A Scanner Darkly,Philip K. Dick,4764,https://www.goodreads.com/book/show/14817.A_Scanner_Darkly,https://www.goodreads.com/author/show/4764.Philip_K_Dick,https://i.gr-assets.com/images/S/compressed.photo.goodreads.com/books/1388737865i/14817._SY75_.jpg,4.02,113316,6729,88,14,4.075905368934277,"4,0 a 4,25",Média
1371,123004948,The Ball at Versailles,Danielle Steel,14255,https://www.goodreads.com/book/show/123004948-the-ball-at-versailles,https://www.goodreads.com/author/show/14255.Danielle_Steel,https://i.gr-assets.com/images/S/compressed.photo.goodreads.com/books/1678487379i/123004948._SY75_.jpg,4.02,13540,6721,70,14,4.089691152512569,"4,0 a 4,25",Baixa
1372,29209,The Color of Water: A Black Man's Tribute to His White Mother,James   McBride,11728,https://www.goodreads.com/book/show/29209.The_Color_of_Water,https://www.goodreads.com/author/show/11728.James_McBride,https://i.gr-assets.com/images/S/compressed.photo.goodreads.com/books/1401311300i/29209._SY75_.jpg,4.16,136510,6720,92,14,4.1096715615237756,"4,0 a 4,25",Média
1373,30043,A River Runs Through It and Other Stories,Norman Maclean,16943,https://www.goodreads.com/book/show/30043.A_River_Runs_Through_It_and_Other_Stories,https://www.goodreads.com/author/show/16943.Norman_Maclean,https://i.gr-assets.com/images/S/compressed.photo.goodreads.com/books/1386924914i/30043._SY75_.jpg,4.19,32026,6715,93,14,4.099513991204347,"4,0 a 4,25",Baixa
1374,19494,"The Spy Who Came In from the Cold (George Smiley, #3)",John le Carré,1411964,https://www.goodreads.com/book/show/19494.The_Spy_Who_Came_In_from_the_Cold,https://www.goodreads.com/author/show/1411964.John_le_Carr_,https://i.gr-assets.com/images/S/compressed.photo.goodreads.com/books/1327719782i/19494._SY75_.jpg,4.09,134192,6714,103,14,4.09156648883461,"4,0 a 4,25",Média
1375,18386,The Death of Ivan Ilych,Leo Tolstoy,128382,https://www.goodreads.com/book/show/18386.The_Death_of_Ivan_Ilych,https://www.goodreads.com/author/show/128382.Leo_Tolstoy,https://i.gr-assets.com/images/S/compressed.photo.goodreads.com/books/1663546974i/18386._SY75_.jpg,4.14,258465,6701,86,14,4.111162610790695,"4,0 a 4,25",Alta
1376,1295102,Lock and Key,Sarah Dessen,2987,https://www.goodreads.com/book/show/1295102.Lock_and_Key,https://www.goodreads.com/author/show/2987.Sarah_Dessen,https://i.gr-assets.com/images/S/compressed.photo.goodreads.com/books/1479691949i/1295102._SY75_.jpg,3.99,153022,6700,89,14,4.063388544531342,"3,5 a 4,0",Alta
1377,175242,"Every Dead Thing (Charlie Parker, #1)",John Connolly,38951,https://www.goodreads.com/book/show/175242.Every_Dead_Thing,https://www.goodreads.com/author/show/38951.John_Connolly,https://i.gr-assets.com/images/S/compressed.photo.goodreads.com/books/1393929687i/175242._SY75_.jpg,3.95,34826,6699,74,14,4.08048428769443,"3,5 a 4,0",Baixa
1378,27414384,Wish,Barbara O'Connor,138514,https://www.goodreads.com/book/show/27414384-wish,https://www.goodreads.com/author/show/138514.Barbara_O_Connor,https://i.gr-assets.com/images/S/compressed.photo.goodreads.com/books/1472977810i/27414384._SX50_.jpg,4.32,24112,6697,72,14,4.105338885127449,"4,25 a 4,5",Baixa
1379,407429,The Stinky Cheese Man and Other Fairly Stupid Tales,Jon Scieszka,27318,https://www.goodreads.com/book/show/407429.The_Stinky_Cheese_Man_and_Other_Fairly_Stupid_Tales,https://www.goodreads.com/author/show/27318.Jon_Scieszka,https://i.gr-assets.com/images/S/compressed.photo.goodreads.com/books/1488588399i/407429._SX50_.jpg,4.2,96390,6694,92,14,4.113438809196244,"4,0 a 4,25",Média
1380,8652190,"Awakened (House of Night, #8)",P.C. Cast,17015,https://www.goodreads.com/book/show/8652190-awakened,https://www.goodreads.com/author/show/17015.P_C_Cast,https://i.gr-assets.com/images/S/compressed.photo.goodreads.com/books/1307744664i/8652190._SY75_.jpg,4.0,146113,6692,101,14,4.067052346379682,"3,5 a 4,0",Média
1381,5479,Brave New World and Brave New World Revisited,Aldous Huxley,3487,https://www.goodreads.com/book/show/5479.Brave_New_World_and_Brave_New_World_Revisited,https://www.goodreads.com/author/show/3487.Aldous_Huxley,https://i.gr-assets.com/images/S/compressed.photo.goodreads.com/books/1331315450i/5479._SY75_.jpg,4.16,173655,6686,100,14,4.112981870543878,"4,0 a 4,25",Alta
1382,204593914,"Phantasma (Wicked Games, #1)",Kaylie Smith,21767301,https://www.goodreads.com/book/show/204593914-phantasma,https://www.goodreads.com/author/show/21767301.Kaylie_Smith,https://i.gr-assets.com/images/S/compressed.photo.goodreads.com/books/1710664241i/204593914._SY75_.jpg,4.04,368259,6684,73,14,4.0668349857860076,"4,0 a 4,25",Alta
1383,460548,"Go, Dog. Go!",P.D. Eastman,13898,https://www.goodreads.com/book/show/460548.Go_Dog_Go_,https://www.goodreads.com/author/show/13898.P_D_Eastman,https://i.gr-assets.com/images/S/compressed.photo.goodreads.com/books/1333578440i/460548._SX50_.jpg,4.16,97513,6680,104,14,4.10565460855363,"4,0 a 4,25",Média
1384,12948,The Turn of the Screw,Henry James,159,https://www.goodreads.com/book/show/12948.The_Turn_of_the_Screw,https://www.goodreads.com/author/show/159.Henry_James,https://i.gr-assets.com/images/S/compressed.photo.goodreads.com/books/1567172392i/12948._SY75_.jpg,3.38,187745,6671,110,14,3.8611295392404363,"Até 3,5",Alta
1384,2241348,Little Blue Truck,Alice Schertle,191218,https://www.goodreads.com/book/show/2241348.Little_Blue_Truck,https://www.goodreads.com/author/show/191218.Alice_Schertle,https://i.gr-assets.com/images/S/compressed.photo.goodreads.com/books/1388378346i/2241348._SX50_.jpg,4.5,21772,6671,71,14,4.113614603264724,"4,25 a 4,5",Baixa
1386,12557,The Kitchen God's Wife,Amy Tan,5246,https://www.goodreads.com/book/show/12557.The_Kitchen_God_s_Wife,https://www.goodreads.com/author/show/5246.Amy_Tan,https://i.gr-assets.com/images/S/compressed.photo.goodreads.com/books/1434152599i/12557._SY75_.jpg,4.04,90240,6670,111,14,4.082335327113988,"4,0 a 4,25",Média
1387,304079,The Essential Rumi,Jalal ad-Din Muhammad ar-Rumi,875661,https://www.goodreads.com/book/show/304079.The_Essential_Rumi,https://www.goodreads.com/author/show/875661.Jalal_ad_Din_Muhammad_ar_Rumi,https://i.gr-assets.com/images/S/compressed.photo.goodreads.com/books/1391414844i/304079._SX50_.jpg,4.39,51766,6662,73,14,4.1269261689241254,"4,25 a 4,5",Média
1388,2722413,"Evernight (Evernight, #1)",Claudia Gray,1192311,https://www.goodreads.com/book/show/2722413-evernight,https://www.goodreads.com/author/show/1192311.Claudia_Gray,https://i.gr-assets.com/images/S/compressed.photo.goodreads.com/books/1306376600i/2722413._SY75_.jpg,3.65,82704,6656,91,14,4.0149302006829055,"3,5 a 4,0",Média
1389,479309,"Naked in Death (In Death, #1)",J.D. Robb,17065,https://www.goodreads.com/book/show/479309.Naked_in_Death,https://www.goodreads.com/author/show/17065.J_D_Robb,https://i.gr-assets.com/images/S/compressed.photo.goodreads.com/books/1333326143i/479309._SY75_.jpg,4.13,207912,6648,88,14,4.105257803868244,"4,0 a 4,25",Alta
1390,10929,For One More Day,Mitch Albom,2331,https://www.goodreads.com/book/show/10929.For_One_More_Day,https://www.goodreads.com/author/show/2331.Mitch_Albom,https://i.gr-assets.com/images/S/compressed.photo.goodreads.com/books/1438705425i/10929._SX50_.jpg,4.14,167487,6636,96,14,4.106465655057958,"4,0 a 4,25",Alta
1391,33676,"Saving the World and Other Extreme Sports (Maximum Ride, #3)",James  Patterson,3780,https://www.goodreads.com/book/show/33676.Saving_the_World_and_Other_Extreme_Sports,https://www.goodreads.com/author/show/3780.James_Patterson,https://i.gr-assets.com/images/S/compressed.photo.goodreads.com/books/1442335715i/33676._SY75_.jpg,4.13,98269,6621,96,14,4.099714103047973,"4,0 a 4,25",Média
1392,7137775,"Rules of Attraction (Perfect Chemistry, #2)",Simone Elkeles,274533,https://www.goodreads.com/book/show/7137775-rules-of-attraction,https://www.goodreads.com/author/show/274533.Simone_Elkeles,https://i.gr-assets.com/images/S/compressed.photo.goodreads.com/books/1439792205i/7137775._SX50_.jpg,4.17,89883,6616,80,14,4.10666128455211,"4,0 a 4,25",Média
1393,8235178,"Across the Universe (Across the Universe, #1)",Beth Revis,4018722,https://www.goodreads.com/book/show/8235178-across-the-universe,https://www.goodreads.com/author/show/4018722.Beth_Revis,https://i.gr-assets.com/images/S/compressed.photo.goodreads.com/books/1401852218i/8235178._SY75_.jpg,3.77,119701,6615,85,14,4.016619370989664,"3,5 a 4,0",Média
1394,209441121,"Code Yellow in Gretna Green (Midlife Recorder, #5)",Linzi Day,22515164,https://www.goodreads.com/book/show/209441121-code-yellow-in-gretna-green,https://www.goodreads.com/author/show/22515164.Linzi_Day,https://i.gr-assets.com/images/S/compressed.photo.goodreads.com/books/1709475621i/209441121._SY75_.jpg,4.65,4357,6607,70,14,4.098250992471002,"Acima de 4,5",Baixa
1395,35224992,Last Night at the Telegraph Club,Malinda Lo,2884780,https://www.goodreads.com/book/show/35224992-last-night-at-the-telegraph-club,https://www.goodreads.com/author/show/2884780.Malinda_Lo,https://i.gr-assets.com/images/S/compressed.photo.goodreads.com/books/1593457992i/35224992._SY75_.jpg,4.18,128999,6595,70,14,4.113905456611222,"4,0 a 4,25",Média
1396,4965,Year of Wonders,Geraldine Brooks,211268,https://www.goodreads.com/book/show/4965.Year_of_Wonders,https://www.goodreads.com/author/show/211268.Geraldine_Brooks,https://i.gr-assets.com/images/S/compressed.photo.goodreads.com/books/1678314640i/4965._SY75_.jpg,4.01,179837,6592,92,14,4.066241540743828,"4,0 a 4,25",Alta
1397,107291,Needful Things,Stephen  King,3389,https://www.goodreads.com/book/show/107291.Needful_Things,https://www.goodreads.com/author/show/3389.Stephen_King,https://i.gr-assets.com/images/S/compressed.photo.goodreads.com/books/1315767817i/107291._SY75_.jpg,3.99,287582,6587,95,14,4.048837631648414,"3,5 a 4,0",Alta
1398,2355575,"Cry Wolf (Alpha & Omega, #1)",Patricia Briggs,40563,https://www.goodreads.com/book/show/2355575.Cry_Wolf,https://www.goodreads.com/author/show/40563.Patricia_Briggs,https://i.gr-assets.com/images/S/compressed.photo.goodreads.com/books/1310494063i/2355575._SY75_.jpg,4.12,110974,6573,88,14,4.098270121730748,"4,0 a 4,25",Média
1398,14662,The Red and the Black,Stendhal,1481537,https://www.goodreads.com/book/show/14662.The_Red_and_the_Black,https://www.goodreads.com/author/show/1481537.Stendhal,https://i.gr-assets.com/images/S/compressed.photo.goodreads.com/books/1635011110i/14662._SY75_.jpg,3.86,87248,6573,91,14,4.049767824739784,"3,5 a 4,0",Média
1400,229109897,Escaping the Russian Onslaught: A Family’s Story of Fleeing the Russian Army after Hitler’s Nazi Regime,Dorlies von Kaphengst Meissner Rasmussen,55195727,https://www.goodreads.com/book/show/229109897-escaping-the-russian-onslaught,https://www.goodreads.com/author/show/55195727.Dorlies_von_Kaphengst_Meissner_Rasmussen,https://i.gr-assets.com/images/S/compressed.photo.goodreads.com/books/1741899573i/229109897._SX50_.jpg,4.38,878,6565,76,14,4.092748896147873,"4,25 a 4,5",Baixa
1401,2936415,Where Men Win Glory: The Odyssey of Pat Tillman,Jon Krakauer,1235,https://www.goodreads.com/book/show/2936415-where-men-win-glory,https://www.goodreads.com/author/show/1235.Jon_Krakauer,https://i.gr-assets.com/images/S/compressed.photo.goodreads.com/books/1439088374i/2936415._SY75_.jpg,4.1,45130,6563,72,15,4.092920913567582,"4,0 a 4,25",Baixa
1402,68427,"Elantris (Elantris, #1)",Brandon Sanderson,38550,https://www.goodreads.com/book/show/68427.Elantris,https://www.goodreads.com/author/show/38550.Brandon_Sanderson,https://i.gr-assets.com/images/S/compressed.photo.goodreads.com/books/1475740953i/68427._SY75_.jpg,4.16,372679,6555,79,15,4.125234069218756,"4,0 a 4,25",Alta
1403,203220,Les Fleurs du Mal,Charles Baudelaire,13847,https://www.goodreads.com/book/show/203220.Les_Fleurs_du_Mal,https://www.goodreads.com/author/show/13847.Charles_Baudelaire,https://i.gr-assets.com/images/S/compressed.photo.goodreads.com/books/1388667125i/203220._SY75_.jpg,4.19,83598,6551,87,15,4.109344944129056,"4,0 a 4,25",Média
1404,15760001,"On Dublin Street (On Dublin Street, #1)",Samantha Young,4167378,https://www.goodreads.com/book/show/15760001-on-dublin-street,https://www.goodreads.com/author/show/4167378.Samantha_Young,https://i.gr-assets.com/images/S/compressed.photo.goodreads.com/books/1490401910i/15760001._SX50_.jpg,4.14,206726,6549,83,15,4.108666791397052,"4,0 a 4,25",Alta
1405,4031,Lunar Park,Bret Easton Ellis,2751,https://www.goodreads.com/book/show/4031.Lunar_Park,https://www.goodreads.com/author/show/2751.Bret_Easton_Ellis,https://i.gr-assets.com/images/S/compressed.photo.goodreads.com/books/1385309748i/4031._SY75_.jpg,3.65,31505,6514,74,15,4.059143857543706,"3,5 a 4,0",Baixa
1406,51161357,Digging for God,Tom Hillman,19165652,https://www.goodreads.com/book/show/51161357-digging-for-god,https://www.goodreads.com/author/show/19165652.Tom_Hillman,https://i.gr-assets.com/images/S/compressed.photo.goodreads.com/books/1565525114l/51161357._SX50_SY75_.jpg,4.31,5607,6503,70,15,4.095183860348599,"4,25 a 4,5",Baixa
1407,17889664,"To Live and Die in Fantasyland (To Live, #3)",Ben Peller,1280953,https://www.goodreads.com/book/show/17889664-to-live-and-die-in-fantasyland,https://www.goodreads.com/author/show/1280953.Ben_Peller,https://i.gr-assets.com/images/S/compressed.photo.goodreads.com/books/1371152045i/17889664._SY75_.jpg,4.37,106,6499,65,15,4.092179301568879,"4,25 a 4,5",Baixa
1408,17347389,"The Dream Thieves (The Raven Cycle, #2)",Maggie Stiefvater,1330292,https://www.goodreads.com/book/show/17347389-the-dream-thieves,https://www.goodreads.com/author/show/1330292.Maggie_Stiefvater,https://i.gr-assets.com/images/S/compressed.photo.goodreads.com/books/1477103777i/17347389._SY75_.jpg,4.22,225240,6494,77,15,4.13884475153238,"4,0 a 4,25",Alta
1409,40603587,"The Last Wish (The Witcher, #0.5)",Andrzej Sapkowski,38569,https://www.goodreads.com/book/show/40603587-the-last-wish,https://www.goodreads.com/author/show/38569.Andrzej_Sapkowski,https://i.gr-assets.com/images/S/compressed.photo.goodreads.com/books/1529591917i/40603587._SX50_.jpg,4.14,435700,6471,75,15,4.117344412527746,"4,0 a 4,25",Muito alta
1410,125373512,"Boy of Chaotic Making (Whimbrel House, #3)",Charlie N. Holmberg,7801879,https://www.goodreads.com/book/show/125373512-boy-of-chaotic-making,https://www.goodreads.com/author/show/7801879.Charlie_N_Holmberg,https://i.gr-assets.com/images/S/compressed.photo.goodreads.com/books/1696009452i/125373512._SY75_.jpg,4.27,14107,6469,68,15,4.098297619802178,"4,25 a 4,5",Baixa
1411,18414,Utopia,Thomas More,3063220,https://www.goodreads.com/book/show/18414.Utopia,https://www.goodreads.com/author/show/3063220.Thomas_More,https://i.gr-assets.com/images/S/compressed.photo.goodreads.com/books/1388190168i/18414._SY75_.jpg,3.55,85806,6466,82,15,3.9945634920617947,"3,5 a 4,0",Média
1412,17343,Till We Have Faces,C.S. Lewis,1069006,https://www.goodreads.com/book/show/17343.Till_We_Have_Faces,https://www.goodreads.com/author/show/1069006.C_S_Lewis,https://i.gr-assets.com/images/S/compressed.photo.goodreads.com/books/1381692105i/17343._SY75_.jpg,4.2,85676,6462,79,15,4.1114935475963375,"4,0 a 4,25",Média
1413,216544518,Death of an Officer (The DCI Frank Merlin Series),Mark   Ellis,6535391,https://www.goodreads.com/book/show/216544518-death-of-an-officer,https://www.goodreads.com/author/show/6535391.Mark_Ellis,https://i.gr-assets.com/images/S/compressed.photo.goodreads.com/books/1741982549i/216544518._SY75_.jpg,4.32,6084,6461,71,15,4.0955950431099435,"4,25 a 4,5",Baixa
1414,77392,"Anne of the Island (Anne of Green Gables, #3)",L.M. Montgomery,5350,https://www.goodreads.com/book/show/77392.Anne_of_the_Island,https://www.goodreads.com/author/show/5350.L_M_Montgomery,https://i.gr-assets.com/images/S/compressed.photo.goodreads.com/books/1435829564i/77392._SY75_.jpg,4.29,200851,6458,98,15,4.159252973671373,"4,25 a 4,5",Alta
1415,25437891,The V Girl: A Coming of Age Story,Mya Robarts,8108373,https://www.goodreads.com/book/show/25437891-the-v-girl,https://www.goodreads.com/author/show/8108373.Mya_Robarts,https://i.gr-assets.com/images/S/compressed.photo.goodreads.com/books/1688009281i/25437891._SY75_.jpg,3.95,17061,6451,68,15,4.086163817835348,"3,5 a 4,0",Baixa
1416,12180581,"Switched (Trylle, #1)",Amanda Hocking,3486415,https://www.goodreads.com/book/show/12180581-switched,https://www.goodreads.com/author/show/3486415.Amanda_Hocking,https://i.gr-assets.com/images/S/compressed.photo.goodreads.com/books/1352379430i/12180581._SX50_.jpg,3.87,103325,6446,79,15,4.045686870344854,"3,5 a 4,0",Média
1417,13139,"School's Out—Forever (Maximum Ride, #2)",James  Patterson,3780,https://www.goodreads.com/book/show/13139.School_s_Out_Forever,https://www.goodreads.com/author/show/3780.James_Patterson,https://i.gr-assets.com/images/S/compressed.photo.goodreads.com/books/1346079917i/13139._SY75_.jpg,4.14,125662,6442,93,15,4.103751395443864,"4,0 a 4,25",Média
1418,35036409,"My Brilliant Friend (Neapolitan Novels, #1)",Elena Ferrante,44085,https://www.goodreads.com/book/show/35036409-my-brilliant-friend,https://www.goodreads.com/author/show/44085.Elena_Ferrante,https://i.gr-assets.com/images/S/compressed.photo.goodreads.com/books/1493655783i/35036409._SY75_.jpg,4.06,513115,6440,76,15,4.073885551218306,"4,0 a 4,25",Muito alta
1419,40792344,Mere Christianity,C.S. Lewis,1069006,https://www.goodreads.com/book/show/40792344-mere-christianity,https://www.goodreads.com/author/show/1069006.C_S_Lewis,https://i.gr-assets.com/images/S/compressed.photo.goodreads.com/books/1531409863i/40792344._SX50_.jpg,4.37,473838,6433,86,15,4.244346837663075,"4,25 a 4,5",Muito alta
1420,36314,Tales of H.P. Lovecraft,H.P. Lovecraft,9494,https://www.goodreads.com/book/show/36314.Tales_of_H_P_Lovecraft,https://www.goodreads.com/author/show/9494.H_P_Lovecraft,https://i.gr-assets.com/images/S/compressed.photo.goodreads.com/books/1168709833i/36314._SX50_.jpg,4.18,6653,6428,99,15,4.093574260162734,"4,0 a 4,25",Baixa
1421,64222,"Going Postal (Discworld, #33; Moist von Lipwig, #1)",Terry Pratchett,1654,https://www.goodreads.com/book/show/64222.Going_Postal,https://www.goodreads.com/author/show/1654.Terry_Pratchett,https://i.gr-assets.com/images/S/compressed.photo.goodreads.com/books/1388236899i/64222._SY75_.jpg,4.42,139367,6423,89,15,4.178253638361177,"4,25 a 4,5",Média
1422,107301,A Town Like Alice,Nevil Shute,21477,https://www.goodreads.com/book/show/107301.A_Town_Like_Alice,https://www.goodreads.com/author/show/21477.Nevil_Shute,https://i.gr-assets.com/images/S/compressed.photo.goodreads.com/books/1327957610i/107301._SY75_.jpg,4.16,63653,6416,91,15,4.1016079879665845,"4,0 a 4,25",Média
1422,5932,Twenty Love Poems and a Song of Despair,Pablo Neruda,4026,https://www.goodreads.com/book/show/5932.Twenty_Love_Poems_and_a_Song_of_Despair,https://www.goodreads.com/author/show/4026.Pablo_Neruda,https://i.gr-assets.com/images/S/compressed.photo.goodreads.com/books/1447622711i/5932._SY75_.jpg,4.19,84540,6416,93,15,4.109504687081041,"4,0 a 4,25",Média
1424,187020,Empire Falls,Richard Russo,7844,https://www.goodreads.com/book/show/187020.Empire_Falls,https://www.goodreads.com/author/show/7844.Richard_Russo,https://i.gr-assets.com/images/S/compressed.photo.goodreads.com/books/1403184884i/187020._SY75_.jpg,3.95,127890,6403,89,15,4.057085300853661,"3,5 a 4,0",Média
1425,7747064,"The Iron Daughter (The Iron Fey, #2)",Julie Kagawa,2995873,https://www.goodreads.com/book/show/7747064-the-iron-daughter,https://www.goodreads.com/author/show/2995873.Julie_Kagawa,https://i.gr-assets.com/images/S/compressed.photo.goodreads.com/books/1271790654i/7747064._SY75_.jpg,4.07,130838,6397,85,15,4.08656282495695,"4,0 a 4,25",Média
1426,34002132,"Oathbringer (The Stormlight Archive, #3)",Brandon Sanderson,38550,https://www.goodreads.com/book/show/34002132-oathbringer,https://www.goodreads.com/author/show/38550.Brandon_Sanderson,https://i.gr-assets.com/images/S/compressed.photo.goodreads.com/books/1654573897i/34002132._SY75_.jpg,4.6,391843,6381,70,15,4.346299242292752,"Acima de 4,5",Muito alta
1427,26026063,"Wolf Hollow (Wolf Hollow, #1)",Lauren Wolk,552351,https://www.goodreads.com/book/show/26026063-wolf-hollow,https://www.goodreads.com/author/show/552351.Lauren_Wolk,https://i.gr-assets.com/images/S/compressed.photo.goodreads.com/books/1485977210i/26026063._SY75_.jpg,4.17,30590,6380,69,15,4.097754946004673,"4,0 a 4,25",Baixa
1428,222611395,Chasing Headlines (Chasing Victory #1),J. Rose Black,34720282,https://www.goodreads.com/book/show/222611395-chasing-headlines,https://www.goodreads.com/author/show/34720282.J_Rose_Black,https://i.gr-assets.com/images/S/compressed.photo.goodreads.com/books/1751713957i/222611395._SX50_.jpg,4.22,9581,6376,68,15,4.095162369250371,"4,0 a 4,25",Baixa
1429,221850389,Shape Your Path at IE University : What to expect from Spain’s Instituto de Empresa University,Pilar Calvoz Cordón,53276341,https://www.goodreads.com/book/show/221850389-shape-your-path-at-ie-university,https://www.goodreads.com/author/show/53276341.Pilar_Calvoz_Cord_n,https://i.gr-assets.com/images/S/compressed.photo.goodreads.com/books/1732361644i/221850389._SY75_.jpg,4.42,970,6368,72,15,4.092915270275595,"4,25 a 4,5",Baixa
1430,9680718,"Half-Blood (Covenant, #1)",Jennifer L. Armentrout,4476934,https://www.goodreads.com/book/show/9680718-half-blood,https://www.goodreads.com/author/show/4476934.Jennifer_L_Armentrout,https://i.gr-assets.com/images/S/compressed.photo.goodreads.com/books/1311865840i/9680718._SX50_.jpg,4.06,117159,6360,79,15,4.084703412903064,"4,0 a 4,25",Média
1431,52891090,Gentle and Lowly: The Heart of Christ for Sinners and Sufferers,Dane C. Ortlund,6156309,https://www.goodreads.com/book/show/52891090-gentle-and-lowly,https://www.goodreads.com/author/show/6156309.Dane_C_Ortlund,https://i.gr-assets.com/images/S/compressed.photo.goodreads.com/books/1571689979l/52891090._SX50_SY75_.jpg,4.49,69520,6345,68,15,4.152159763956094,"4,25 a 4,5",Média
1432,22733729,"The Long Way to a Small, Angry Planet (Wayfarers, #1)",Becky Chambers,17650479,https://www.goodreads.com/book/show/22733729-the-long-way-to-a-small-angry-planet,https://www.goodreads.com/author/show/17650479.Becky_Chambers,https://i.gr-assets.com/images/S/compressed.photo.goodreads.com/books/1405532474i/22733729._SY75_.jpg,4.16,197274,6342,72,15,4.114869373278622,"4,0 a 4,25",Alta
1433,24920901,"The Deal (Off-Campus, #1)",Elle Kennedy,1935000,https://www.goodreads.com/book/show/24920901-the-deal,https://www.goodreads.com/author/show/1935000.Elle_Kennedy,https://i.gr-assets.com/images/S/compressed.photo.goodreads.com/books/1431282052i/24920901._SX50_.jpg,4.18,1434396,6341,73,15,4.161169613032869,"4,0 a 4,25",Muito alta
1434,338691,"Still Life (Chief Inspector Armand Gamache, #1)",Louise Penny,194243,https://www.goodreads.com/book/show/338691.Still_Life,https://www.goodreads.com/author/show/194243.Louise_Penny,https://i.gr-assets.com/images/S/compressed.photo.goodreads.com/books/1324373974i/338691._SY75_.jpg,3.89,296448,6340,70,15,4.004960987301258,"3,5 a 4,0",Alta
1434,58701949,"Heaven Official's Blessing: Tian Guan Ci Fu, Vol. 1",Mò Xiāng Tóng Xiù,21718579,https://www.goodreads.com/book/show/58701949-heaven-official-s-blessing,https://www.goodreads.com/author/show/21718579.M_Xi_ng_T_ng_Xi_,https://i.gr-assets.com/images/S/compressed.photo.goodreads.com/books/1633385145i/58701949._SX50_.jpg,4.57,50897,6340,67,15,4.147137251587891,"Acima de 4,5",Média
1436,18162954,Galatea,Madeline Miller,176372,https://www.goodreads.com/book/show/18162954-galatea,https://www.goodreads.com/author/show/176372.Madeline_Miller,https://i.gr-assets.com/images/S/compressed.photo.goodreads.com/books/1708135971i/18162954._SX50_.jpg,3.93,133690,6337,67,15,4.050806569150434,"3,5 a 4,0",Média
1437,58064046,Gallant,V.E. Schwab,7168230,https://www.goodreads.com/book/show/58064046-gallant,https://www.goodreads.com/author/show/7168230.V_E_Schwab,https://i.gr-assets.com/images/S/compressed.photo.goodreads.com/books/1635862579i/58064046._SX50_.jpg,3.7,155010,6333,68,15,3.9808037425977276,"3,5 a 4,0",Alta
1438,229111032,Rising Above Adversity: Healing and Nurturing your Inner Child,Arelis Calkins,55196371,https://www.goodreads.com/book/show/229111032-rising-above-adversity,https://www.goodreads.com/author/show/55196371.Arelis_Calkins,https://i.gr-assets.com/images/S/compressed.photo.goodreads.com/books/1748100070i/229111032._SY75_.jpg,4.41,1383,6328,72,15,4.093224231277411,"4,25 a 4,5",Baixa
1439,130260,"Birdman (Jack Caffery, #1)",Mo Hayder,74876,https://www.goodreads.com/book/show/130260.Birdman,https://www.goodreads.com/author/show/74876.Mo_Hayder,https://i.gr-assets.com/images/S/compressed.photo.goodreads.com/books/1388725583i/130260._SY75_.jpg,3.89,27132,6319,69,15,4.078992286576629,"3,5 a 4,0",Baixa
1440,61884779,The Salt Grows Heavy,Cassandra Khaw,13994108,https://www.goodreads.com/book/show/61884779-the-salt-grows-heavy,https://www.goodreads.com/author/show/13994108.Cassandra_Khaw,https://i.gr-assets.com/images/S/compressed.photo.goodreads.com/books/1665333143i/61884779._SY75_.jpg,3.53,33265,6316,66,15,4.048039956563722,"3,5 a 4,0",Baixa
1441,3227063,"The Way of Shadows (Night Angel, #1)",Brent Weeks,1370283,https://www.goodreads.com/book/show/3227063-the-way-of-shadows,https://www.goodreads.com/author/show/1370283.Brent_Weeks,https://i.gr-assets.com/images/S/compressed.photo.goodreads.com/books/1672601160i/3227063._SY75_.jpg,4.15,179132,6314,76,15,4.110291994344216,"4,0 a 4,25",Alta
1442,79834,Lust for Life,Irving Stone,12833,https://www.goodreads.com/book/show/79834.Lust_for_Life,https://www.goodreads.com/author/show/12833.Irving_Stone,https://i.gr-assets.com/images/S/compressed.photo.goodreads.com/books/1348532272i/79834._SY75_.jpg,4.28,32605,6301,73,15,4.106563653363372,"4,25 a 4,5",Baixa
1443,31125554,"The Fourth Monkey (4MK Thriller, #1)",J.D. Barker,8224327,https://www.goodreads.com/book/show/31125554-the-fourth-monkey,https://www.goodreads.com/author/show/8224327.J_D_Barker,https://i.gr-assets.com/images/S/compressed.photo.goodreads.com/books/1474820373i/31125554._SY75_.jpg,4.25,101585,6299,67,15,4.124661297031507,"4,0 a 4,25",Média
1444,344262,"Bloodfever (Fever, #2)",Karen Marie Moning,48206,https://www.goodreads.com/book/show/344262.Bloodfever,https://www.goodreads.com/author/show/48206.Karen_Marie_Moning,https://i.gr-assets.com/images/S/compressed.photo.goodreads.com/books/1302566396i/344262._SY75_.jpg,4.24,115079,6295,83,15,4.125729201893275,"4,0 a 4,25",Média
1445,62151,"The Higher Power of Lucky (The Hard Pan Trilogy, #1)",Susan Patron,34940,https://www.goodreads.com/book/show/62151.The_Higher_Power_of_Lucky,https://www.goodreads.com/author/show/34940.Susan_Patron,https://i.gr-assets.com/images/S/compressed.photo.goodreads.com/books/1399772267i/62151._SX50_.jpg,3.6,14213,6278,67,15,4.074846704144834,"3,5 a 4,0",Baixa
1446,1971304,City of Thieves,David Benioff,120401,https://www.goodreads.com/book/show/1971304.City_of_Thieves,https://www.goodreads.com/author/show/120401.David_Benioff,https://i.gr-assets.com/images/S/compressed.photo.goodreads.com/books/1392015757i/1971304._SY75_.jpg,4.3,175606,6268,74,15,4.156527219664126,"4,25 a 4,5",Alta
1447,35743,The Tin Drum,Günter Grass,749461,https://www.goodreads.com/book/show/35743.The_Tin_Drum,https://www.goodreads.com/author/show/749461.G_nter_Grass,https://i.gr-assets.com/images/S/compressed.photo.goodreads.com/books/1327945103i/35743._SY75_.jpg,3.95,47650,6258,90,15,4.0766702616536445,"3,5 a 4,0",Baixa
1448,19353106,New Morning Mercies: A Daily Gospel Devotional,Paul David Tripp,123576,https://www.goodreads.com/book/show/19353106-new-morning-mercies,https://www.goodreads.com/author/show/123576.Paul_David_Tripp,https://i.gr-assets.com/images/S/compressed.photo.goodreads.com/books/1414015672i/19353106._SY75_.jpg,4.57,10576,6244,67,15,4.104687451158234,"Acima de 4,5",Baixa
1449,209741142,"Anathema (The Eating Woods, #1)",Keri Lake,5335601,https://www.goodreads.com/book/show/209741142-anathema,https://www.goodreads.com/author/show/5335601.Keri_Lake,https://i.gr-assets.com/images/S/compressed.photo.goodreads.com/books/1712326978i/209741142._SX50_.jpg,4.17,140235,6226,67,15,4.112663800005929,"4,0 a 4,25",Média
1450,7042,The Tale of Genji,Murasaki Shikibu,4739,https://www.goodreads.com/book/show/7042.The_Tale_of_Genji,https://www.goodreads.com/author/show/4739.Murasaki_Shikibu,https://i.gr-assets.com/images/S/compressed.photo.goodreads.com/books/1616514777i/7042._SX50_.jpg,3.71,15321,6223,83,15,4.077699004490015,"3,5 a 4,0",Baixa
1451,780889,The Sorrow of War,Bảo Ninh,147436,https://www.goodreads.com/book/show/780889.The_Sorrow_of_War,https://www.goodreads.com/author/show/147436.B_o_Ninh,https://i.gr-assets.com/images/S/compressed.photo.goodreads.com/books/1546101718i/780889._SY75_.jpg,4.08,12427,6220,66,15,4.091731227957827,"4,0 a 4,25",Baixa
1452,133206574,The Mayor of Maxwell Street,Avery Cunningham,22520684,https://www.goodreads.com/book/show/133206574-the-mayor-of-maxwell-street,https://www.goodreads.com/author/show/22520684.Avery_Cunningham,https://i.gr-assets.com/images/S/compressed.photo.goodreads.com/books/1681770225i/133206574._SX50_.jpg,3.53,8390,6217,65,15,4.080298248114537,"3,5 a 4,0",Baixa
1453,9592,Mother Night,Kurt Vonnegut Jr.,2778055,https://www.goodreads.com/book/show/9592.Mother_Night,https://www.goodreads.com/author/show/2778055.Kurt_Vonnegut_Jr_,https://i.gr-assets.com/images/S/compressed.photo.goodreads.com/books/1344621657i/9592._SY75_.jpg,4.24,111456,6212,81,15,4.12490537537404,"4,0 a 4,25",Média
1453,45484397,"The Deal (Off-Campus, #1)",Elle Kennedy,1935000,https://www.goodreads.com/book/show/45484397-the-deal,https://www.goodreads.com/author/show/1935000.Elle_Kennedy,https://i.gr-assets.com/images/S/compressed.photo.goodreads.com/books/1557156071i/45484397._SY75_.jpg,4.18,1434396,6212,67,15,4.161169613032869,"4,0 a 4,25",Muito alta
1455,33456,"A Dirty Job (Grim Reaper, #1)",Christopher Moore,16218,https://www.goodreads.com/book/show/33456.A_Dirty_Job,https://www.goodreads.com/author/show/16218.Christopher_Moore,https://i.gr-assets.com/images/S/compressed.photo.goodreads.com/books/1331323415i/33456._SY75_.jpg,4.03,125553,6200,80,15,4.077011405851825,"4,0 a 4,25",Média
1455,249,Tropic of Cancer,Henry Miller,147,https://www.goodreads.com/book/show/249.Tropic_of_Cancer,https://www.goodreads.com/author/show/147.Henry_Miller,https://i.gr-assets.com/images/S/compressed.photo.goodreads.com/books/1745406985i/249._SY75_.jpg,3.65,80034,6200,88,15,4.016998409406625,"3,5 a 4,0",Média
1457,269322,The Raven and Other Poems,Edgar Allan Poe,4624490,https://www.goodreads.com/book/show/269322.The_Raven_and_Other_Poems,https://www.goodreads.com/author/show/4624490.Edgar_Allan_Poe,https://i.gr-assets.com/images/S/compressed.photo.goodreads.com/books/1632080446i/269322._SY75_.jpg,4.3,47085,6198,110,15,4.114444365854702,"4,25 a 4,5",Baixa
1458,91661,"The Beekeeper's Apprentice (Mary Russell and Sherlock Holmes, #1)",Laurie R. King,6760,https://www.goodreads.com/book/show/91661.The_Beekeeper_s_Apprentice,https://www.goodreads.com/author/show/6760.Laurie_R_King,https://i.gr-assets.com/images/S/compressed.photo.goodreads.com/books/1590945421i/91661._SY75_.jpg,4.04,89634,6197,82,15,4.0823886959948705,"4,0 a 4,25",Média
1459,6342995,The Score Takes Care of Itself: My Philosophy of Leadership,Bill   Walsh,13419627,https://www.goodreads.com/book/show/6342995-the-score-takes-care-of-itself,https://www.goodreads.com/author/show/13419627.Bill_Walsh,https://i.gr-assets.com/images/S/compressed.photo.goodreads.com/books/1441150227i/6342995._SY75_.jpg,4.21,7027,6196,66,15,4.094184982327021,"4,0 a 4,25",Baixa
1460,58438444,Just Once,Karen Kingsbury,3159984,https://www.goodreads.com/book/show/58438444-just-once,https://www.goodreads.com/author/show/3159984.Karen_Kingsbury,https://i.gr-assets.com/images/S/compressed.photo.goodreads.com/books/1624806234i/58438444._SY75_.jpg,4.4,10268,6193,65,15,4.099981129623551,"4,25 a 4,5",Baixa
1461,9670094,Through My Eyes,Tim Tebow,4452850,https://www.goodreads.com/book/show/9670094-through-my-eyes,https://www.goodreads.com/author/show/4452850.Tim_Tebow,https://i.gr-assets.com/images/S/compressed.photo.goodreads.com/books/1348661769i/9670094._SY75_.jpg,3.95,13329,6189,67,15,4.087420373514734,"3,5 a 4,0",Baixa
1461,54189398,"The Spanish Love Deception (Love Deception, #1)",Elena  Armas,20669618,https://www.goodreads.com/book/show/54189398-the-spanish-love-deception,https://www.goodreads.com/author/show/20669618.Elena_Armas,https://i.gr-assets.com/images/S/compressed.photo.goodreads.com/books/1610900883i/54189398._SY75_.jpg,3.78,846641,6189,68,15,3.8786149483096666,"3,5 a 4,0",Muito alta
1463,70897,The Secret History,Donna Tartt,8719,https://www.goodreads.com/book/show/70897.The_Secret_History,https://www.goodreads.com/author/show/8719.Donna_Tartt,https://i.gr-assets.com/images/S/compressed.photo.goodreads.com/books/1430768634i/70897._SY75_.jpg,4.14,1121714,6188,66,15,4.127618146082275,"4,0 a 4,25",Muito alta
1463,63059298,The Awe of God: The Astounding Way a Healthy Fear of God Transforms Your Life,John Bevere,16623,https://www.goodreads.com/book/show/63059298-the-awe-of-god,https://www.goodreads.com/author/show/16623.John_Bevere,https://i.gr-assets.com/images/S/compressed.photo.goodreads.com/books/1670914370i/63059298._SX50_.jpg,4.51,6582,6188,67,15,4.099020894961875,"Acima de 4,5",Baixa
1465,137719687,Moon Over Manifest by Clare Vanderpool (2012-03-01),Clare Vanderpool,3449712,https://www.goodreads.com/book/show/137719687-moon-over-manifest-by-clare-vanderpool,https://www.goodreads.com/author/show/3449712.Clare_Vanderpool,https://i.gr-assets.com/images/S/compressed.photo.goodreads.com/books/1694861436i/137719687._SX50_.jpg,4.04,36925,6185,66,15,4.087608873006963,"4,0 a 4,25",Baixa
1466,16070903,"Fallen Too Far (Rosemary Beach, #1; Too Far, #1)",Abbi Glines,4872191,https://www.goodreads.com/book/show/16070903-fallen-too-far,https://www.goodreads.com/author/show/4872191.Abbi_Glines,https://i.gr-assets.com/images/S/compressed.photo.goodreads.com/books/1349565157i/16070903._SY75_.jpg,4.15,174748,6183,72,15,4.109984339604519,"4,0 a 4,25",Alta
1467,56179372,Slewfoot: A Tale of Bewitchery,Brom,172487,https://www.goodreads.com/book/show/56179372-slewfoot,https://www.goodreads.com/author/show/172487.Brom,https://i.gr-assets.com/images/S/compressed.photo.goodreads.com/books/1636547755i/56179372._SX50_.jpg,4.2,126095,6182,65,15,4.118410620370348,"4,0 a 4,25",Média
1468,61341955,An American Beauty,Shana Abe,15987,https://www.goodreads.com/book/show/61341955-an-american-beauty,https://www.goodreads.com/author/show/15987.Shana_Abe,https://i.gr-assets.com/images/S/compressed.photo.goodreads.com/books/1656001750i/61341955._SX50_.jpg,4.12,32545,6171,65,15,4.094247107023121,"4,0 a 4,25",Baixa
1469,5174,Fall on Your Knees,Ann-Marie MacDonald,3515,https://www.goodreads.com/book/show/5174.Fall_on_Your_Knees,https://www.goodreads.com/author/show/3515.Ann_Marie_MacDonald,https://i.gr-assets.com/images/S/compressed.photo.goodreads.com/books/1481449709i/5174._SY75_.jpg,3.97,68812,6169,83,15,4.073834043693883,"3,5 a 4,0",Média
1470,17309,"This Present Darkness (Darkness, #1)",Frank E. Peretti,5544,https://www.goodreads.com/book/show/17309.This_Present_Darkness,https://www.goodreads.com/author/show/5544.Frank_E_Peretti,https://i.gr-assets.com/images/S/compressed.photo.goodreads.com/books/1388202265i/17309._SY75_.jpg,4.24,117243,6167,86,15,4.126215667471764,"4,0 a 4,25",Média
1471,34897,"The Dragon Reborn (The Wheel of Time, #3)",Robert Jordan,6252,https://www.goodreads.com/book/show/34897.The_Dragon_Reborn,https://www.goodreads.com/author/show/6252.Robert_Jordan,https://i.gr-assets.com/images/S/compressed.photo.goodreads.com/books/1659905781i/34897._SX50_.jpg,4.28,333966,6163,81,15,4.178651350961852,"4,25 a 4,5",Alta
1472,32310202,QB: My Life Behind the Spiral,Steve     Young,47527516,https://www.goodreads.com/book/show/32310202-qb,https://www.goodreads.com/author/show/47527516.Steve_Young,https://i.gr-assets.com/images/S/compressed.photo.goodreads.com/books/1475097284i/32310202._SY75_.jpg,4.27,3786,6133,65,15,4.0938096747776305,"4,25 a 4,5",Baixa
1473,76334,A New Earth: Awakening to Your Life's Purpose,Eckhart Tolle,4493,https://www.goodreads.com/book/show/76334.A_New_Earth,https://www.goodreads.com/author/show/4493.Eckhart_Tolle,https://i.gr-assets.com/images/S/compressed.photo.goodreads.com/books/1388206232i/76334._SY75_.jpg,4.17,225106,6121,78,15,4.120561049710984,"4,0 a 4,25",Alta
1474,6134826,"Blue Moon (The Immortals, #2)",Alyson Noel,200317,https://www.goodreads.com/book/show/6134826-blue-moon,https://www.goodreads.com/author/show/200317.Alyson_Noel,https://i.gr-assets.com/images/S/compressed.photo.goodreads.com/books/1362336365i/6134826._SY75_.jpg,3.61,100572,6118,91,15,3.993485282850548,"3,5 a 4,0",Média
1474,55404546,Malibu Rising,Taylor Jenkins Reid,6572605,https://www.goodreads.com/book/show/55404546-malibu-rising,https://www.goodreads.com/author/show/6572605.Taylor_Jenkins_Reid,https://i.gr-assets.com/images/S/compressed.photo.goodreads.com/books/1618293107i/55404546._SY75_.jpg,4.02,1372344,6118,69,15,4.035990751177787,"4,0 a 4,25",Muito alta
1476,37569325,Belichick: The Making of the Greatest Football Coach of All Time,Ian O'Connor,223839,https://www.goodreads.com/book/show/37569325-belichick,https://www.goodreads.com/author/show/223839.Ian_O_Connor,https://i.gr-assets.com/images/S/compressed.photo.goodreads.com/books/1525582972i/37569325._SY75_.jpg,4.11,2236,6102,65,15,4.092205738499568,"4,0 a 4,25",Baixa
1477,61846256,Scavenger Hunt,Chad Boudreaux,22643597,https://www.goodreads.com/book/show/61846256-scavenger-hunt,https://www.goodreads.com/author/show/22643597.Chad_Boudreaux,https://i.gr-assets.com/images/S/compressed.photo.goodreads.com/books/1659542449i/61846256._SX50_.jpg,4.29,7090,6094,64,15,4.095627821476088,"4,25 a 4,5",Baixa
1478,197375895,House of Vampires and Flame (Shades of Ruin and Magic #1),Meg Xuemei X,5273621,https://www.goodreads.com/book/show/197375895-house-of-vampires-and-flame,https://www.goodreads.com/author/show/5273621.Meg_Xuemei_X,https://i.gr-assets.com/images/S/compressed.photo.goodreads.com/books/1695846077i/197375895._SX50_.jpg,4.11,5994,6087,64,15,4.092374147180097,"4,0 a 4,25",Baixa
1479,17851885,I Am Malala: The Story of the Girl Who Stood Up for Education and Was Shot by the Taliban,Malala Yousafzai,7064545,https://www.goodreads.com/book/show/17851885-i-am-malala,https://www.goodreads.com/author/show/7064545.Malala_Yousafzai,https://i.gr-assets.com/images/S/compressed.photo.goodreads.com/books/1375414895i/17851885._SY75_.jpg,4.16,638963,6080,81,15,4.1342216594178645,"4,0 a 4,25",Muito alta
1479,208703615,The Little Bird,Ashby Jones,14394032,https://www.goodreads.com/book/show/208703615-the-little-bird,https://www.goodreads.com/author/show/14394032.Ashby_Jones,https://i.gr-assets.com/images/S/compressed.photo.goodreads.com/books/1718887394i/208703615._SY75_.jpg,4.47,1429,6080,71,15,4.09347979610188,"4,25 a 4,5",Baixa
1481,207611566,Witchcraft for Wayward Girls,Grady Hendrix,4826394,https://www.goodreads.com/book/show/207611566-witchcraft-for-wayward-girls,https://www.goodreads.com/author/show/4826394.Grady_Hendrix,https://i.gr-assets.com/images/S/compressed.photo.goodreads.com/books/1728319448i/207611566._SX50_.jpg,3.89,148756,6077,65,15,4.036412751443839,"3,5 a 4,0",Média
1482,214269329,The Tears of Things: Prophetic Wisdom for an Age of Outrage,Richard Rohr,7919,https://www.goodreads.com/book/show/214269329-the-tears-of-things,https://www.goodreads.com/author/show/7919.Richard_Rohr,https://i.gr-assets.com/images/S/compressed.photo.goodreads.com/books/1734374653i/214269329._SY75_.jpg,4.31,3311,6075,65,15,4.093933281814338,"4,25 a 4,5",Baixa
1483,42080479,"The School for Good and Evil (The School for Good and Evil, #1)",Soman Chainani,780120,https://www.goodreads.com/book/show/42080479-the-school-for-good-and-evil,https://www.goodreads.com/author/show/780120.Soman_Chainani,https://i.gr-assets.com/images/S/compressed.photo.goodreads.com/books/1538034910i/42080479._SX50_.jpg,3.99,140280,6074,73,15,4.065148397577352,"3,5 a 4,0",Média
1484,59656358,"A Lady's Guide to Fortune-Hunting (A Lady's Guide, #1)",Sophie Irwin,21698259,https://www.goodreads.com/book/show/59656358-a-lady-s-guide-to-fortune-hunting,https://www.goodreads.com/author/show/21698259.Sophie_Irwin,https://i.gr-assets.com/images/S/compressed.photo.goodreads.com/books/1637358784i/59656358._SY75_.jpg,3.91,54161,6071,64,15,4.069952135885729,"3,5 a 4,0",Média
1485,17314430,"Wait for You (Wait for You, #1)",J. Lynn,699143,https://www.goodreads.com/book/show/17314430-wait-for-you,https://www.goodreads.com/author/show/699143.J_Lynn,https://i.gr-assets.com/images/S/compressed.photo.goodreads.com/books/1363819713i/17314430._SY75_.jpg,4.12,171244,6067,78,15,4.100599131370262,"4,0 a 4,25",Alta
1486,28195,"Inkspell (Inkworld, #2)",Cornelia Funke,15873,https://www.goodreads.com/book/show/28195.Inkspell,https://www.goodreads.com/author/show/15873.Cornelia_Funke,https://i.gr-assets.com/images/S/compressed.photo.goodreads.com/books/1395358683i/28195._SX50_.jpg,3.95,137416,6062,88,15,4.0551551194931665,"3,5 a 4,0",Média
1487,196924969,طفيليات,أحمد جمال الدين رمضان,15342319,https://www.goodreads.com/book/show/196924969,https://www.goodreads.com/author/show/15342319._,https://i.gr-assets.com/images/S/compressed.photo.goodreads.com/books/1748285673i/196924969._SX50_.jpg,4.41,1142,6061,64,15,4.093029589431006,"4,25 a 4,5",Baixa
1488,538845,Quo Vadis,Henryk Sienkiewicz,25619,https://www.goodreads.com/book/show/538845.Quo_Vadis,https://www.goodreads.com/author/show/25619.Henryk_Sienkiewicz,https://i.gr-assets.com/images/S/compressed.photo.goodreads.com/books/1340709653i/538845._SY75_.jpg,4.02,43432,6060,81,15,4.084896798535831,"4,0 a 4,25",Baixa
1489,44443614,"The MacKinnon's Bride (The Highland Brides, #1)",Tanya Anne Crosby,178235,https://www.goodreads.com/book/show/44443614-the-mackinnon-s-bride,https://www.goodreads.com/author/show/178235.Tanya_Anne_Crosby,https://i.gr-assets.com/images/S/compressed.photo.goodreads.com/books/1757996616i/44443614._SY75_.jpg,3.99,14238,6056,63,15,4.088517300021279,"3,5 a 4,0",Baixa
1490,216052988,"Experience Jesus. Really: Finding Refuge, Strength, and Wonder through Everyday Encounters with God",John Eldredge,1236,https://www.goodreads.com/book/show/216052988-experience-jesus-really,https://www.goodreads.com/author/show/1236.John_Eldredge,https://i.gr-assets.com/images/S/compressed.photo.goodreads.com/books/1736345287i/216052988._SY75_.jpg,4.28,1871,6051,65,15,4.092998647793273,"4,25 a 4,5",Baixa
1491,211642122,Immortal,Sue Lynn Tan,20121107,https://www.goodreads.com/book/show/211642122-immortal,https://www.goodreads.com/author/show/20121107.Sue_Lynn_Tan,https://i.gr-assets.com/images/S/compressed.photo.goodreads.com/books/1723043112i/211642122._SY75_.jpg,3.77,19512,6038,66,15,4.076797121717322,"3,5 a 4,0",Baixa
1492,38619,"Magic Bites (Kate Daniels, #1)",Ilona Andrews,21748,https://www.goodreads.com/book/show/38619.Magic_Bites,https://www.goodreads.com/author/show/21748.Ilona_Andrews,https://i.gr-assets.com/images/S/compressed.photo.goodreads.com/books/1331612872i/38619._SY75_.jpg,4.05,138534,6029,76,15,4.081090644469399,"4,0 a 4,25",Média
1493,3462,The Rescue,Nicholas Sparks,2345,https://www.goodreads.com/book/show/3462.The_Rescue,https://www.goodreads.com/author/show/2345.Nicholas_Sparks,https://i.gr-assets.com/images/S/compressed.photo.goodreads.com/books/1385055753i/3462._SY75_.jpg,4.13,217820,6027,83,15,4.105660407542608,"4,0 a 4,25",Alta
1494,25111004,November 9,Colleen Hoover,5430144,https://www.goodreads.com/book/show/25111004-november-9,https://www.goodreads.com/author/show/5430144.Colleen_Hoover,https://i.gr-assets.com/images/S/compressed.photo.goodreads.com/books/1447138036i/25111004._SY75_.jpg,4.1,1375741,6021,69,15,4.098252243837274,"4,0 a 4,25",Muito alta
1495,58509546,A Kind of Hush,JoDee Neathery,17002940,https://www.goodreads.com/book/show/58509546-a-kind-of-hush,https://www.goodreads.com/author/show/17002940.JoDee_Neathery,https://i.gr-assets.com/images/S/compressed.photo.goodreads.com/books/1625669367i/58509546._SX50_.jpg,4.33,1144,6020,69,15,4.092797870093613,"4,25 a 4,5",Baixa
1496,51969326,Echo Mountain,Lauren Wolk,552351,https://www.goodreads.com/book/show/51969326-echo-mountain,https://www.goodreads.com/author/show/552351.Lauren_Wolk,https://i.gr-assets.com/images/S/compressed.photo.goodreads.com/books/1571686964i/51969326._SY75_.jpg,4.25,11522,6019,64,15,4.096622791071347,"4,0 a 4,25",Baixa
1497,5695,Demons,Fyodor Dostoevsky,3137322,https://www.goodreads.com/book/show/5695.Demons,https://www.goodreads.com/author/show/3137322.Fyodor_Dostoevsky,https://i.gr-assets.com/images/S/compressed.photo.goodreads.com/books/1524586008i/5695._SY75_.jpg,4.31,67782,6017,73,15,4.124291024708369,"4,25 a 4,5",Média
1498,30119,Where the Sidewalk Ends,Shel Silverstein,435477,https://www.goodreads.com/book/show/30119.Where_the_Sidewalk_Ends,https://www.goodreads.com/author/show/435477.Shel_Silverstein,https://i.gr-assets.com/images/S/compressed.photo.goodreads.com/books/1769901144i/30119._SX50_.jpg,4.35,1539780,6013,87,15,4.297765181356553,"4,25 a 4,5",Muito alta
1499,13539044,The Silver Linings Playbook,Matthew Quick,1251730,https://www.goodreads.com/book/show/13539044-the-silver-linings-playbook,https://www.goodreads.com/author/show/1251730.Matthew_Quick,https://i.gr-assets.com/images/S/compressed.photo.goodreads.com/books/1630676434i/13539044._SX50_.jpg,3.98,164151,6007,77,15,4.05896111200053,"3,5 a 4,0",Alta
1500,11607446,"The Wishing Spell (The Land of Stories, #1)",Chris Colfer,4919495,https://www.goodreads.com/book/show/11607446-the-wishing-spell,https://www.goodreads.com/author/show/4919495.Chris_Colfer,https://i.gr-assets.com/images/S/compressed.photo.goodreads.com/books/1326920505i/11607446._SX50_.jpg,4.26,165329,5998,70,15,4.141991834970542,"4,25 a 4,5",Alta
1500,7278752,Dolores Claiborne,Stephen  King,3389,https://www.goodreads.com/book/show/7278752-dolores-claiborne,https://www.goodreads.com/author/show/3389.Stephen_King,https://i.gr-assets.com/images/S/compressed.photo.goodreads.com/books/1722442797i/7278752._SY75_.jpg,3.95,176583,5998,90,16,4.04789974945203,"3,5 a 4,0",Alta
1500,197003394,مصرائيل,أحمد جمال الدين رمضان,15342319,https://www.goodreads.com/book/show/197003394,https://www.goodreads.com/author/show/15342319._,https://i.gr-assets.com/images/S/compressed.photo.goodreads.com/books/1693491779i/197003394._SX50_.jpg,4.61,1156,5998,63,16,4.093630342893674,"Acima de 4,5",Baixa
1503,12658,Hawaii,James A. Michener,7995,https://www.goodreads.com/book/show/12658.Hawaii,https://www.goodreads.com/author/show/7995.James_A_Michener,https://i.gr-assets.com/images/S/compressed.photo.goodreads.com/books/1415585664i/12658._SX50_.jpg,4.22,82582,5991,99,16,4.114402370458729,"4,0 a 4,25",Média
1503,196930486,مشاغب,أحمد جمال الدين رمضان,15342319,https://www.goodreads.com/book/show/196930486,https://www.goodreads.com/author/show/15342319._,https://i.gr-assets.com/images/S/compressed.photo.goodreads.com/books/1748285772i/196930486._SX50_.jpg,4.41,1117,5991,63,16,4.09300938467393,"4,25 a 4,5",Baixa
1505,241580307,Debbie Wants No Words,Coco Calvoz Cordon,59329277,https://www.goodreads.com/book/show/241580307-debbie-wants-no-words,https://www.goodreads.com/author/show/59329277.Coco_Calvoz_Cordon,https://i.gr-assets.com/images/S/compressed.photo.goodreads.com/books/1757764979i/241580307._SX50_.jpg,4.41,969,5989,70,16,4.0928897197307235,"4,25 a 4,5",Baixa
1506,77163,"Stones from the River (Burgdorf Cycle, #1)",Ursula Hegi,3536,https://www.goodreads.com/book/show/77163.Stones_from_the_River,https://www.goodreads.com/author/show/3536.Ursula_Hegi,https://i.gr-assets.com/images/S/compressed.photo.goodreads.com/books/1366513909i/77163._SY75_.jpg,4.09,96806,5988,93,16,4.0916865264285205,"4,0 a 4,25",Média
1507,61535,The Selfish Gene,Richard Dawkins,1194,https://www.goodreads.com/book/show/61535.The_Selfish_Gene,https://www.goodreads.com/author/show/1194.Richard_Dawkins,https://i.gr-assets.com/images/S/compressed.photo.goodreads.com/books/1366758096i/61535._SY75_.jpg,4.16,197754,5983,74,16,4.114906162379174,"4,0 a 4,25",Alta
1507,30746871,CSB She Reads Truth Bible,Raechel Myers,14613050,https://www.goodreads.com/book/show/30746871-csb-she-reads-truth-bible,https://www.goodreads.com/author/show/14613050.Raechel_Myers,https://i.gr-assets.com/images/S/compressed.photo.goodreads.com/books/1490410819i/30746871._SX50_.jpg,4.74,2090,5983,65,16,4.095548057422888,"Acima de 4,5",Baixa
1509,19161852,"The Fifth Season (The Broken Earth, #1)",N.K. Jemisin,2917917,https://www.goodreads.com/book/show/19161852-the-fifth-season,https://www.goodreads.com/author/show/2917917.N_K_Jemisin,https://i.gr-assets.com/images/S/compressed.photo.goodreads.com/books/1386803701i/19161852._SY75_.jpg,4.28,353930,5980,68,16,4.181367183490977,"4,25 a 4,5",Alta
1509,20958256,"You Can't Make This Up: Miracles, Memories, and the Perfect Marriage of Sports and Television",Al Michaels,5776911,https://www.goodreads.com/book/show/20958256-you-can-t-make-this-up,https://www.goodreads.com/author/show/5776911.Al_Michaels,https://i.gr-assets.com/images/S/compressed.photo.goodreads.com/books/1410141185i/20958256._SY75_.jpg,3.97,3918,5980,64,16,4.090892848136861,"3,5 a 4,0",Baixa
1511,219849520,His Forefathers and Mick,Michael G. Kramer,15015247,https://www.goodreads.com/book/show/219849520-his-forefathers-and-mick,https://www.goodreads.com/author/show/15015247.Michael_G_Kramer,https://i.gr-assets.com/images/S/compressed.photo.goodreads.com/books/1727841621i/219849520._SY75_.jpg,4.31,8668,5978,66,16,4.096828774068712,"4,25 a 4,5",Baixa
1512,29056083,"Harry Potter and the Cursed Child: Parts One and Two (Harry Potter, #8)",J.K. Rowling,1077326,https://www.goodreads.com/book/show/29056083-harry-potter-and-the-cursed-child,https://www.goodreads.com/author/show/1077326.J_K_Rowling,https://i.gr-assets.com/images/S/compressed.photo.goodreads.com/books/1470082995i/29056083._SY75_.jpg,3.47,1171542,5976,85,16,3.6256952238779325,"Até 3,5",Muito alta
1512,28763485,The Sun Is Also a Star,Nicola Yoon,7353006,https://www.goodreads.com/book/show/28763485-the-sun-is-also-a-star,https://www.goodreads.com/author/show/7353006.Nicola_Yoon,https://i.gr-assets.com/images/S/compressed.photo.goodreads.com/books/1459793538i/28763485._SY75_.jpg,3.95,364765,5976,66,16,4.023525767523334,"3,5 a 4,0",Alta
1514,7619,"Time Quartet (Time Quartet, #1-4)",Madeleine L'Engle,106,https://www.goodreads.com/book/show/7619.Time_Quartet,https://www.goodreads.com/author/show/106.Madeleine_L_Engle,https://i.gr-assets.com/images/S/compressed.photo.goodreads.com/books/1165637344i/7619._SX50_.jpg,4.35,11225,5973,73,16,4.099299727627557,"4,25 a 4,5",Baixa
1515,6408862,"Stolen (Stolen, #1)",Lucy Christopher,2903247,https://www.goodreads.com/book/show/6408862-stolen,https://www.goodreads.com/author/show/2903247.Lucy_Christopher,https://i.gr-assets.com/images/S/compressed.photo.goodreads.com/books/1311064295i/6408862._SY75_.jpg,3.89,87954,5966,70,16,4.054996347129305,"3,5 a 4,0",Média
1516,51799,The Decameron,Giovanni Boccaccio,29227,https://www.goodreads.com/book/show/51799.The_Decameron,https://www.goodreads.com/author/show/29227.Giovanni_Boccaccio,https://i.gr-assets.com/images/S/compressed.photo.goodreads.com/books/1472027832i/51799._SY75_.jpg,3.88,44667,5954,98,16,4.070361949999741,"3,5 a 4,0",Baixa
1517,39346652,"The Puppet Show (Washington Poe, #1)",M.W. Craven,17850464,https://www.goodreads.com/book/show/39346652-the-puppet-show,https://www.goodreads.com/author/show/17850464.M_W_Craven,https://i.gr-assets.com/images/S/compressed.photo.goodreads.com/books/1521730075i/39346652._SY75_.jpg,4.3,27608,5953,65,16,4.105812495315434,"4,25 a 4,5",Baixa
1518,13103,"The Celestine Prophecy (Celestine Prophecy, #1)",James Redfield,8203,https://www.goodreads.com/book/show/13103.The_Celestine_Prophecy,https://www.goodreads.com/author/show/8203.James_Redfield,https://i.gr-assets.com/images/S/compressed.photo.goodreads.com/books/1166542346i/13103._SX50_.jpg,3.74,125577,5952,83,16,4.006522850761456,"3,5 a 4,0",Média
1518,59960,Batman: The Dark Knight Returns,Frank Miller,15085,https://www.goodreads.com/book/show/59960.Batman,https://www.goodreads.com/author/show/15085.Frank_Miller,https://i.gr-assets.com/images/S/compressed.photo.goodreads.com/books/1327892039i/59960._SY75_.jpg,4.26,201569,5952,85,16,4.149207928288167,"4,25 a 4,5",Alta
1520,3579,"The Complete Anne of Green Gables (Anne of Green Gables, #1-8)",L.M. Montgomery,5350,https://www.goodreads.com/book/show/3579.The_Complete_Anne_of_Green_Gables,https://www.goodreads.com/author/show/5350.L_M_Montgomery,https://i.gr-assets.com/images/S/compressed.photo.goodreads.com/books/1267721500i/3579._SX50_.jpg,4.46,107163,5950,92,16,4.171231613839612,"4,25 a 4,5",Média
1521,58658940,"The Final Gambit (The Inheritance Games, #3)",Jennifer Lynn Barnes,164187,https://www.goodreads.com/book/show/58658940-the-final-gambit,https://www.goodreads.com/author/show/164187.Jennifer_Lynn_Barnes,https://i.gr-assets.com/images/S/compressed.photo.goodreads.com/books/1634068536i/58658940._SY75_.jpg,4.1,502837,5937,71,16,4.096545573010491,"4,0 a 4,25",Muito alta
1522,12926063,"Skagboys (Mark Renton, #1)",Irvine Welsh,5687,https://www.goodreads.com/book/show/12926063-skagboys,https://www.goodreads.com/author/show/5687.Irvine_Welsh,https://i.gr-assets.com/images/S/compressed.photo.goodreads.com/books/1333576361i/12926063._SY75_.jpg,4.07,18444,5935,67,16,4.0911084895308525,"4,0 a 4,25",Baixa
1523,17402605,"The Alchemyst (The Secrets of the Immortal Nicholas Flamel, #1)",Michael  Scott,27100,https://www.goodreads.com/book/show/17402605-the-alchemyst,https://www.goodreads.com/author/show/27100.Michael_Scott,https://i.gr-assets.com/images/S/compressed.photo.goodreads.com/books/1361310229i/17402605._SY75_.jpg,3.87,169483,5929,77,16,4.024952222468898,"3,5 a 4,0",Alta
1524,23174274,"Glass Sword (Red Queen, #2)",Victoria Aveyard,7074943,https://www.goodreads.com/book/show/23174274-glass-sword,https://www.goodreads.com/author/show/7074943.Victoria_Aveyard,https://i.gr-assets.com/images/S/compressed.photo.goodreads.com/books/1436460934i/23174274._SX50_.jpg,3.77,441797,5923,73,16,3.9212450943706925,"3,5 a 4,0",Muito alta
1525,9409458,"Forever (The Wolves of Mercy Falls, #3)",Maggie Stiefvater,1330292,https://www.goodreads.com/book/show/9409458-forever,https://www.goodreads.com/author/show/1330292.Maggie_Stiefvater,https://i.gr-assets.com/images/S/compressed.photo.goodreads.com/books/1285771367i/9409458._SX50_.jpg,3.88,129627,5912,83,16,4.039302010384904,"3,5 a 4,0",Média
1526,247200188,The Gridd: Perils of the Lightholder,J.L. Marrain,68179877,https://www.goodreads.com/book/show/247200188-the-gridd,https://www.goodreads.com/author/show/68179877.J_L_Marrain,https://i.gr-assets.com/images/S/compressed.photo.goodreads.com/books/1769563545i/247200188._SY75_.jpg,4.39,997,5910,68,16,4.092861508713514,"4,25 a 4,5",Baixa
1527,25245760,"Fervent: A Woman's Battle Plan to Serious, Specific and Strategic Prayer",Priscilla Shirer,13362,https://www.goodreads.com/book/show/25245760-fervent,https://www.goodreads.com/author/show/13362.Priscilla_Shirer,https://i.gr-assets.com/images/S/compressed.photo.goodreads.com/books/1430943705i/25245760._SY75_.jpg,4.46,21752,5907,64,16,4.111488299796952,"4,25 a 4,5",Baixa
1528,540020,The Day of the Jackal,Frederick Forsyth,36714,https://www.goodreads.com/book/show/540020.The_Day_of_the_Jackal,https://www.goodreads.com/author/show/36714.Frederick_Forsyth,https://i.gr-assets.com/images/S/compressed.photo.goodreads.com/books/1405364996i/540020._SY75_.jpg,4.27,149435,5906,86,16,4.141286449836105,"4,25 a 4,5",Média
1529,61271862,I'm Just Saying: A Guide to Maintaining Civil Discourse in an Increasingly Divided World,Milan Kordestani,22476447,https://www.goodreads.com/book/show/61271862-i-m-just-saying,https://www.goodreads.com/author/show/22476447.Milan_Kordestani,https://i.gr-assets.com/images/S/compressed.photo.goodreads.com/books/1668959822i/61271862._SY75_.jpg,4.25,7540,5904,64,16,4.095090637900811,"4,0 a 4,25",Baixa
1530,40399753,The Truth About Aaron: My Journey to Understand My Brother,Jonathan Hernández,5289162,https://www.goodreads.com/book/show/40399753-the-truth-about-aaron,https://www.goodreads.com/author/show/5289162.Jonathan_Hern_ndez,https://i.gr-assets.com/images/S/compressed.photo.goodreads.com/books/1537424689i/40399753._SX50_.jpg,4.01,1877,5902,63,16,4.091711822449105,"4,0 a 4,25",Baixa
1531,207798,"Hattie Big Sky (Hattie, #1)",Kirby Larson,121579,https://www.goodreads.com/book/show/207798.Hattie_Big_Sky,https://www.goodreads.com/author/show/121579.Kirby_Larson,https://i.gr-assets.com/images/S/compressed.photo.goodreads.com/books/1442338149i/207798._SY75_.jpg,4.03,20248,5896,63,16,4.089046878921058,"4,0 a 4,25",Baixa
1531,54453439,Wild at Heart Expanded Edition: Discovering the Secret of a Man's Soul,John Eldredge,1236,https://www.goodreads.com/book/show/54453439-wild-at-heart-expanded-edition,https://www.goodreads.com/author/show/1236.John_Eldredge,https://i.gr-assets.com/images/S/compressed.photo.goodreads.com/books/1594311107i/54453439._SY75_.jpg,3.95,91576,5896,64,16,4.0651421561969245,"3,5 a 4,0",Média
1533,134116829,"Always Remember: Ben's Story (Ravenswood, #3)",Mary Balogh,9759,https://www.goodreads.com/book/show/134116829-always-remember,https://www.goodreads.com/author/show/9759.Mary_Balogh,https://i.gr-assets.com/images/S/compressed.photo.goodreads.com/books/1682618889i/134116829._SY75_.jpg,4.14,4790,5890,62,16,4.092683537235322,"4,0 a 4,25",Baixa
1534,57789637,"Daughter of the Moon Goddess (The Celestial Kingdom, #1)",Sue Lynn Tan,20121107,https://www.goodreads.com/book/show/57789637-daughter-of-the-moon-goddess,https://www.goodreads.com/author/show/20121107.Sue_Lynn_Tan,https://i.gr-assets.com/images/S/compressed.photo.goodreads.com/books/1627686439i/57789637._SX50_.jpg,4.05,136829,5884,62,16,4.0811910585057385,"4,0 a 4,25",Média
1535,25614492,Salt to the Sea,Ruta Sepetys,3407448,https://www.goodreads.com/book/show/25614492-salt-to-the-sea,https://www.goodreads.com/author/show/3407448.Ruta_Sepetys,https://i.gr-assets.com/images/S/compressed.photo.goodreads.com/books/1437084512i/25614492._SY75_.jpg,4.35,270440,5882,66,16,4.197535907071698,"4,25 a 4,5",Alta
1536,216052740,"Seeing the Supernatural: Investigating Angels, Demons, Mystical Dreams, Near-Death Encounters, and Other Mysteries of the Unseen World",Lee Strobel,639,https://www.goodreads.com/book/show/216052740-seeing-the-supernatural,https://www.goodreads.com/author/show/639.Lee_Strobel,https://i.gr-assets.com/images/S/compressed.photo.goodreads.com/books/1721752376i/216052740._SY75_.jpg,4.3,2686,5881,63,16,4.093522120387259,"4,25 a 4,5",Baixa
1537,221546831,"SUGAR BEAR: Life Lessons, Leadership, and the Legacy of a High School Coach",Chris Heeb,49713744,https://www.goodreads.com/book/show/221546831-sugar-bear,https://www.goodreads.com/author/show/49713744.Chris_Heeb,https://i.gr-assets.com/images/S/compressed.photo.goodreads.com/books/1731680009i/221546831._SY75_.jpg,4.24,439,5875,63,16,4.092269831593425,"4,0 a 4,25",Baixa
1538,10603,Cujo,Stephen  King,3389,https://www.goodreads.com/book/show/10603.Cujo,https://www.goodreads.com/author/show/3389.Stephen_King,https://i.gr-assets.com/images/S/compressed.photo.goodreads.com/books/1394208144i/10603._SY75_.jpg,3.81,331859,5865,97,16,3.9626066921870047,"3,5 a 4,0",Alta
1539,46306,The Complete Fairy Tales,Hans Christian Andersen,6378,https://www.goodreads.com/book/show/46306.The_Complete_Fairy_Tales,https://www.goodreads.com/author/show/6378.Hans_Christian_Andersen,https://i.gr-assets.com/images/S/compressed.photo.goodreads.com/books/1385233181i/46306._SX50_.jpg,4.29,108966,5862,106,16,4.135227838993054,"4,25 a 4,5",Média
1540,52940539,Talking to GOATs: The Moments You Remember and the Stories You Never Heard,Jim       Gray,20766887,https://www.goodreads.com/book/show/52940539-talking-to-goats,https://www.goodreads.com/author/show/20766887.Jim_Gray,https://i.gr-assets.com/images/S/compressed.photo.goodreads.com/books/1598877859i/52940539._SY75_.jpg,3.99,2074,5852,63,16,4.091565373171759,"3,5 a 4,0",Baixa
1541,15842441,"Effortless (Thoughtless, #2)",S.C. Stephens,4372391,https://www.goodreads.com/book/show/15842441-effortless,https://www.goodreads.com/author/show/4372391.S_C_Stephens,https://i.gr-assets.com/images/S/compressed.photo.goodreads.com/books/1364805648i/15842441._SY75_.jpg,4.34,116752,5849,69,16,4.1490959009595185,"4,25 a 4,5",Média
1542,10073506,"Tinker, Tailor, Soldier, Spy (George Smiley, #5; Karla Trilogy, #1)",John le Carré,1411964,https://www.goodreads.com/book/show/10073506-tinker-tailor-soldier-spy,https://www.goodreads.com/author/show/1411964.John_le_Carr_,https://i.gr-assets.com/images/S/compressed.photo.goodreads.com/books/1349070201i/10073506._SY75_.jpg,4.06,110163,5847,85,16,4.085048205385105,"4,0 a 4,25",Média
1543,50892212,"These Violent Delights (These Violent Delights, #1)",Chloe Gong,18899059,https://www.goodreads.com/book/show/50892212-these-violent-delights,https://www.goodreads.com/author/show/18899059.Chloe_Gong,https://i.gr-assets.com/images/S/compressed.photo.goodreads.com/books/1580958058i/50892212._SY75_.jpg,3.79,173586,5845,65,16,3.9992332493422,"3,5 a 4,0",Alta
1544,50892288,The Hollow Places,T. Kingfisher,7367300,https://www.goodreads.com/book/show/50892288-the-hollow-places,https://www.goodreads.com/author/show/7367300.T_Kingfisher,https://i.gr-assets.com/images/S/compressed.photo.goodreads.com/books/1600022295i/50892288._SY75_.jpg,3.77,61043,5843,62,16,4.048615476178811,"3,5 a 4,0",Média
1545,2612,The Tipping Point: How Little Things Can Make a Big Difference,Malcolm Gladwell,1439,https://www.goodreads.com/book/show/2612.The_Tipping_Point,https://www.goodreads.com/author/show/1439.Malcolm_Gladwell,https://i.gr-assets.com/images/S/compressed.photo.goodreads.com/books/1473396980i/2612._SY75_.jpg,4.01,867547,5842,84,16,4.035511350673779,"4,0 a 4,25",Muito alta
1545,230183874,"Wild Side (Rose Hill, #3)",Elsie Silver,21312387,https://www.goodreads.com/book/show/230183874-wild-side,https://www.goodreads.com/author/show/21312387.Elsie_Silver,https://i.gr-assets.com/images/S/compressed.photo.goodreads.com/books/1742638343i/230183874._SY75_.jpg,4.16,285816,5842,62,16,4.120772719617873,"4,0 a 4,25",Alta
1547,18966819,"Golden Son (Red Rising Saga, #2)",Pierce Brown,6474348,https://www.goodreads.com/book/show/18966819-golden-son,https://www.goodreads.com/author/show/6474348.Pierce_Brown,https://i.gr-assets.com/images/S/compressed.photo.goodreads.com/books/1394684475i/18966819._SY75_.jpg,4.51,606107,5836,65,16,4.346108013659414,"Acima de 4,5",Muito alta
1548,232576,"Harriet the Spy (Harriet the Spy, #1)",Louise Fitzhugh,2560,https://www.goodreads.com/book/show/232576.Harriet_the_Spy,https://www.goodreads.com/author/show/2560.Louise_Fitzhugh,https://i.gr-assets.com/images/S/compressed.photo.goodreads.com/books/1518446869i/232576._SX50_.jpg,3.95,101274,5833,92,16,4.062874180452205,"3,5 a 4,0",Média
1548,53413,Hopscotch,Julio Cortázar,25824,https://www.goodreads.com/book/show/53413.Hopscotch,https://www.goodreads.com/author/show/25824.Julio_Cort_zar,https://i.gr-assets.com/images/S/compressed.photo.goodreads.com/books/1730845475i/53413._SY75_.jpg,4.19,51423,5833,70,16,4.103480414342251,"4,0 a 4,25",Média
1550,1170636,Browns Town 1964: The Cleveland Browns and the 1964 Championship,Terry Pluto,132997,https://www.goodreads.com/book/show/1170636.Browns_Town_1964,https://www.goodreads.com/author/show/132997.Terry_Pluto,https://i.gr-assets.com/images/S/compressed.photo.goodreads.com/books/1348911510i/1170636._SY75_.jpg,4.18,510,5824,62,16,4.092218474001237,"4,0 a 4,25",Baixa
1551,12781,The Satanic Verses,Salman Rushdie,3299,https://www.goodreads.com/book/show/12781.The_Satanic_Verses,https://www.goodreads.com/author/show/3299.Salman_Rushdie,https://i.gr-assets.com/images/S/compressed.photo.goodreads.com/books/1281988101i/12781._SX50_.jpg,3.71,73528,5820,86,16,4.031633027569971,"3,5 a 4,0",Média
1552,1162022,On the Jellicoe Road,Melina Marchetta,47104,https://www.goodreads.com/book/show/1162022.On_the_Jellicoe_Road,https://www.goodreads.com/author/show/47104.Melina_Marchetta,https://i.gr-assets.com/images/S/compressed.photo.goodreads.com/books/1683765356i/1162022._SY75_.jpg,4.12,52001,5811,68,16,4.095377932848734,"4,0 a 4,25",Média
1553,5604848,"Destined for an Early Grave (Night Huntress, #4)",Jeaniene Frost,669810,https://www.goodreads.com/book/show/5604848-destined-for-an-early-grave,https://www.goodreads.com/author/show/669810.Jeaniene_Frost,https://i.gr-assets.com/images/S/compressed.photo.goodreads.com/books/1315175949i/5604848._SY75_.jpg,4.32,87932,5808,80,16,4.133938692441903,"4,25 a 4,5",Média
1554,61151402,Body of Proof: The 7 Best Reasons to Believe in the Resurrection of Jesus―and Why It Matters Today,Jeremiah J. Johnston,14055098,https://www.goodreads.com/book/show/61151402-body-of-proof,https://www.goodreads.com/author/show/14055098.Jeremiah_J_Johnston,https://i.gr-assets.com/images/S/compressed.photo.goodreads.com/books/1671522785i/61151402._SY75_.jpg,4.19,1191,5806,62,16,4.09240122797015,"4,0 a 4,25",Baixa
1555,38359036,"The Tattooist of Auschwitz (The Tattooist of Auschwitz, #1)",Heather   Morris,17029974,https://www.goodreads.com/book/show/38359036-the-tattooist-of-auschwitz,https://www.goodreads.com/author/show/17029974.Heather_Morris,https://i.gr-assets.com/images/S/compressed.photo.goodreads.com/books/1525962117i/38359036._SY75_.jpg,4.32,1217715,5799,72,16,4.264600960934911,"4,25 a 4,5",Muito alta
1556,6596,The Four Agreements: A Practical Guide to Personal Freedom,Miguel Ruiz,4402,https://www.goodreads.com/book/show/6596.The_Four_Agreements,https://www.goodreads.com/author/show/4402.Miguel_Ruiz,https://i.gr-assets.com/images/S/compressed.photo.goodreads.com/books/1630664059i/6596._SY75_.jpg,4.19,549854,5797,70,16,4.149311481373178,"4,0 a 4,25",Muito alta
1557,197514398,The Yankee Way: The Untold Inside Story of the Brian Cashman Era,Andy Martino,5034958,https://www.goodreads.com/book/show/197514398-the-yankee-way,https://www.goodreads.com/author/show/5034958.Andy_Martino,https://i.gr-assets.com/images/S/compressed.photo.goodreads.com/books/1709274753i/197514398._SY75_.jpg,4.23,1024,5791,62,16,4.092464121890898,"4,0 a 4,25",Baixa
1558,37186,The Miraculous Journey of Edward Tulane,Kate DiCamillo,13663,https://www.goodreads.com/book/show/37186.The_Miraculous_Journey_of_Edward_Tulane,https://www.goodreads.com/author/show/13663.Kate_DiCamillo,https://i.gr-assets.com/images/S/compressed.photo.goodreads.com/books/1361121815i/37186._SX50_.jpg,4.4,126743,5789,71,16,4.1674648978498965,"4,25 a 4,5",Média
1559,23847960,Montana: The Biography of Football's Joe Cool,Keith Dunnavant,14468,https://www.goodreads.com/book/show/23847960-montana,https://www.goodreads.com/author/show/14468.Keith_Dunnavant,https://i.gr-assets.com/images/S/compressed.photo.goodreads.com/books/1437926483i/23847960._SY75_.jpg,4.06,719,5784,62,16,4.092045085271239,"4,0 a 4,25",Baixa
1560,32051912,The Alice Network,Kate Quinn,2974095,https://www.goodreads.com/book/show/32051912-the-alice-network,https://www.goodreads.com/author/show/2974095.Kate_Quinn,https://i.gr-assets.com/images/S/compressed.photo.goodreads.com/books/1492238040i/32051912._SX50_.jpg,4.32,676048,5783,63,16,4.236480800838699,"4,25 a 4,5",Muito alta
1560,202369408,The Erkeley Shadows,Michael Wyndham Thomas,1399226,https://www.goodreads.com/book/show/202369408-the-erkeley-shadows,https://www.goodreads.com/author/show/1399226.Michael_Wyndham_Thomas,https://i.gr-assets.com/images/S/compressed.photo.goodreads.com/books/1700318673i/202369408._SY75_.jpg,4.3,8035,5783,62,16,4.096289363168454,"4,25 a 4,5",Baixa
1562,89073278,Black Fire,William Kely McClung,22284677,https://www.goodreads.com/book/show/89073278-black-fire,https://www.goodreads.com/author/show/22284677.William_Kely_McClung,https://i.gr-assets.com/images/S/compressed.photo.goodreads.com/books/1674923770i/89073278._SY75_.jpg,4.29,5452,5777,62,16,4.094824907647603,"4,25 a 4,5",Baixa
1563,173754979,James,Percival Everett,31723,https://www.goodreads.com/book/show/173754979-james,https://www.goodreads.com/author/show/31723.Percival_Everett,https://i.gr-assets.com/images/S/compressed.photo.goodreads.com/books/1704107491i/173754979._SX50_.jpg,4.41,599825,5772,61,16,4.284535992850985,"4,25 a 4,5",Muito alta
1564,44790978,"Matching Configurations (Quantum Roots, #3)",Kyle Keyes,4868409,https://www.goodreads.com/book/show/44790978-matching-configurations,https://www.goodreads.com/author/show/4868409.Kyle_Keyes,https://i.gr-assets.com/images/S/compressed.photo.goodreads.com/books/1554472896i/44790978._SX50_.jpg,4.3,6728,5771,64,16,4.095620072203038,"4,25 a 4,5",Baixa
1565,2832909,"An Echo in the Bone (Outlander, #7)",Diana Gabaldon,3617,https://www.goodreads.com/book/show/2832909-an-echo-in-the-bone,https://www.goodreads.com/author/show/3617.Diana_Gabaldon,https://i.gr-assets.com/images/S/compressed.photo.goodreads.com/books/1370918297i/2832909._SY75_.jpg,4.44,169452,5763,73,16,4.1972747915228865,"4,25 a 4,5",Alta
1566,17340050,"Losing Hope (Hopeless, #2)",Colleen Hoover,5430144,https://www.goodreads.com/book/show/17340050-losing-hope,https://www.goodreads.com/author/show/5430144.Colleen_Hoover,https://i.gr-assets.com/images/S/compressed.photo.goodreads.com/books/1368348507i/17340050._SY75_.jpg,4.09,282738,5761,68,16,4.0912211501950635,"4,0 a 4,25",Alta
1567,459386,"The Mermaids Singing (Tony Hill & Carol Jordan, #1)",Val McDermid,5672,https://www.goodreads.com/book/show/459386.The_Mermaids_Singing,https://www.goodreads.com/author/show/5672.Val_McDermid,https://i.gr-assets.com/images/S/compressed.photo.goodreads.com/books/1389270695i/459386._SY75_.jpg,3.95,28681,5757,62,16,4.082394480673859,"3,5 a 4,0",Baixa
1568,16138688,The Painted Girls,Cathy Marie Buchanan,2950702,https://www.goodreads.com/book/show/16138688-the-painted-girls,https://www.goodreads.com/author/show/2950702.Cathy_Marie_Buchanan,https://i.gr-assets.com/images/S/compressed.photo.goodreads.com/books/1352484200i/16138688._SY75_.jpg,3.62,37060,5755,63,16,4.051238527045136,"3,5 a 4,0",Baixa
1569,29780253,Born a Crime: Stories from a South African Childhood,Trevor Noah,15149526,https://www.goodreads.com/book/show/29780253-born-a-crime,https://www.goodreads.com/author/show/15149526.Trevor_Noah,https://i.gr-assets.com/images/S/compressed.photo.goodreads.com/books/1473867911i/29780253._SY75_.jpg,4.48,846634,5753,69,16,4.357436494473384,"4,25 a 4,5",Muito alta
1570,36578942,"The 100-Year-Old Man Who Climbed Out the Window and Disappeared (Hundred-Year-Old Man, #1)",Jonas Jonasson,3222554,https://www.goodreads.com/book/show/36578942-the-100-year-old-man-who-climbed-out-the-window-and-disappeared,https://www.goodreads.com/author/show/3222554.Jonas_Jonasson,https://i.gr-assets.com/images/S/compressed.photo.goodreads.com/books/1510447566i/36578942._SY75_.jpg,3.82,311878,5752,73,16,3.9713810538641137,"3,5 a 4,0",Alta
1571,41021967,Punk 57,Penelope Douglas,7139136,https://www.goodreads.com/book/show/41021967-punk-57,https://www.goodreads.com/author/show/7139136.Penelope_Douglas,https://i.gr-assets.com/images/S/compressed.photo.goodreads.com/books/1689301728i/41021967._SY75_.jpg,3.76,521467,5747,63,16,3.902326230488212,"3,5 a 4,0",Muito alta
1572,86032590,A Storm of Infinite Beauty,Julianne MacLean,186987,https://www.goodreads.com/book/show/86032590-a-storm-of-infinite-beauty,https://www.goodreads.com/author/show/186987.Julianne_MacLean,https://i.gr-assets.com/images/S/compressed.photo.goodreads.com/books/1681456964i/86032590._SY75_.jpg,4.3,22969,5746,60,16,4.10363682479702,"4,25 a 4,5",Baixa
1573,2985500,"Night World, No. 2 (Night World, #4-6)",L.J. Smith,50873,https://www.goodreads.com/book/show/2985500-night-world-no-2,https://www.goodreads.com/author/show/50873.L_J_Smith,https://i.gr-assets.com/images/S/compressed.photo.goodreads.com/books/1399662376i/2985500._SX50_.jpg,4.2,60353,5745,80,16,4.106528812695108,"4,0 a 4,25",Média
1574,38980,"The Princess Diaries (The Princess Diaries, #1)",Meg Cabot,11654,https://www.goodreads.com/book/show/38980.The_Princess_Diaries,https://www.goodreads.com/author/show/11654.Meg_Cabot,https://i.gr-assets.com/images/S/compressed.photo.goodreads.com/books/1355011082i/38980._SY75_.jpg,3.81,264779,5743,76,16,3.978214993980039,"3,5 a 4,0",Alta
1575,3711,White Teeth,Zadie Smith,2522,https://www.goodreads.com/book/show/3711.White_Teeth,https://www.goodreads.com/author/show/2522.Zadie_Smith,https://i.gr-assets.com/images/S/compressed.photo.goodreads.com/books/1374739885i/3711._SY75_.jpg,3.79,180650,5742,82,16,3.9966480749863464,"3,5 a 4,0",Alta
1576,201335363,Relaxed: Walking with the One Who Is Not Worried about a Thing,Megan Fate Marshman,8475423,https://www.goodreads.com/book/show/201335363-relaxed,https://www.goodreads.com/author/show/8475423.Megan_Fate_Marshman,https://i.gr-assets.com/images/S/compressed.photo.goodreads.com/books/1713898334i/201335363._SY75_.jpg,4.53,3824,5736,62,16,4.096344299221521,"Acima de 4,5",Baixa
1577,27213208,The Muse,Jessie Burton,7125422,https://www.goodreads.com/book/show/27213208-the-muse,https://www.goodreads.com/author/show/7125422.Jessie_Burton,https://i.gr-assets.com/images/S/compressed.photo.goodreads.com/books/1457475767i/27213208._SY75_.jpg,3.85,63361,5717,61,16,4.058348405264262,"3,5 a 4,0",Média
1578,11602,Hearts in Atlantis,Stephen  King,3389,https://www.goodreads.com/book/show/11602.Hearts_in_Atlantis,https://www.goodreads.com/author/show/3389.Stephen_King,https://i.gr-assets.com/images/S/compressed.photo.goodreads.com/books/1374048926i/11602._SY75_.jpg,3.87,105228,5704,81,16,4.045013232988538,"3,5 a 4,0",Média
1578,28703,Cosmopolis,Don DeLillo,233,https://www.goodreads.com/book/show/28703.Cosmopolis,https://www.goodreads.com/author/show/233.Don_DeLillo,https://i.gr-assets.com/images/S/compressed.photo.goodreads.com/books/1328389098i/28703._SY75_.jpg,3.28,19569,5704,61,16,4.05340420004639,"Até 3,5",Baixa
1580,13588404,A Thousand Mornings: Poems,Mary Oliver,23988,https://www.goodreads.com/book/show/13588404-a-thousand-mornings,https://www.goodreads.com/author/show/23988.Mary_Oliver,https://i.gr-assets.com/images/S/compressed.photo.goodreads.com/books/1345433150i/13588404._SY75_.jpg,4.2,33655,5703,61,16,4.100653409556412,"4,0 a 4,25",Baixa
1581,245976401,Notes from the Brand Stand: Thoughts on Emotional Branding from Someone Who Has Fought for Consumer Attention and Won,Warren Kornblum,64924798,https://www.goodreads.com/book/show/245976401-notes-from-the-brand-stand,https://www.goodreads.com/author/show/64924798.Warren_Kornblum,https://i.gr-assets.com/images/S/compressed.photo.goodreads.com/books/1767240975i/245976401._SY75_.jpg,4.41,1130,5697,65,16,4.093019891469063,"4,25 a 4,5",Baixa
1582,56236618,"The Archon of Peace (Sovereign, #1)",Juddy Anderson C. Punzalan,20957761,https://www.goodreads.com/book/show/56236618-the-archon-of-peace,https://www.goodreads.com/author/show/20957761.Juddy_Anderson_C_Punzalan,https://i.gr-assets.com/images/S/compressed.photo.goodreads.com/books/1607574174i/56236618._SY75_.jpg,4.57,417,5695,57,16,4.092613026251109,"Acima de 4,5",Baixa
1583,123199043,Nineteen Steps,Millie Bobby Brown,21854602,https://www.goodreads.com/book/show/123199043-nineteen-steps,https://www.goodreads.com/author/show/21854602.Millie_Bobby_Brown,https://i.gr-assets.com/images/S/compressed.photo.goodreads.com/books/1686928235i/123199043._SY75_.jpg,3.76,22216,5691,60,16,4.0742523656380065,"3,5 a 4,0",Baixa
1584,15926,Nights in Rodanthe,Nicholas Sparks,2345,https://www.goodreads.com/book/show/15926.Nights_in_Rodanthe,https://www.goodreads.com/author/show/2345.Nicholas_Sparks,https://i.gr-assets.com/images/S/compressed.photo.goodreads.com/books/1328145638i/15926._SX50_.jpg,3.85,184724,5686,81,16,4.014434582899846,"3,5 a 4,0",Alta
1585,27323,Hiroshima,John Hersey,15328,https://www.goodreads.com/book/show/27323.Hiroshima,https://www.goodreads.com/author/show/15328.John_Hersey,https://i.gr-assets.com/images/S/compressed.photo.goodreads.com/books/1657555929i/27323._SY75_.jpg,4.06,93079,5679,87,16,4.085932053207644,"4,0 a 4,25",Média
1585,10215349,"The Immortal Rules (Blood of Eden, #1)",Julie Kagawa,2995873,https://www.goodreads.com/book/show/10215349-the-immortal-rules,https://www.goodreads.com/author/show/2995873.Julie_Kagawa,https://i.gr-assets.com/images/S/compressed.photo.goodreads.com/books/1677007850i/10215349._SY75_.jpg,4.07,72706,5679,72,16,4.088638844033384,"4,0 a 4,25",Média
1585,25664459,The Last Painting of Sara de Vos,Dominic Smith,182823,https://www.goodreads.com/book/show/25664459-the-last-painting-of-sara-de-vos,https://www.goodreads.com/author/show/182823.Dominic_Smith,https://i.gr-assets.com/images/S/compressed.photo.goodreads.com/books/1546287269i/25664459._SX50_.jpg,3.88,31568,5679,61,16,4.076261769135718,"3,5 a 4,0",Baixa
1588,11808950,"Sweet Evil (Sweet, #1)",Wendy Higgins,4279785,https://www.goodreads.com/book/show/11808950-sweet-evil,https://www.goodreads.com/author/show/4279785.Wendy_Higgins,https://i.gr-assets.com/images/S/compressed.photo.goodreads.com/books/1337613719i/11808950._SY75_.jpg,4.07,78117,5672,71,16,4.088423892480303,"4,0 a 4,25",Média
1588,28335698,"Tiamat's Wrath (The Expanse, #8)",James S.A. Corey,4192148,https://www.goodreads.com/book/show/28335698-tiamat-s-wrath,https://www.goodreads.com/author/show/4192148.James_S_A_Corey,https://i.gr-assets.com/images/S/compressed.photo.goodreads.com/books/1522779721i/28335698._SY75_.jpg,4.57,87162,5672,62,16,4.179202803174747,"Acima de 4,5",Média
1590,13643567,"The Evolution of Mara Dyer (Mara Dyer, #2)",Michelle Hodkin,4126827,https://www.goodreads.com/book/show/13643567-the-evolution-of-mara-dyer,https://www.goodreads.com/author/show/4126827.Michelle_Hodkin,https://i.gr-assets.com/images/S/compressed.photo.goodreads.com/books/1336663149i/13643567._SY75_.jpg,4.24,103171,5670,66,16,4.122976077268316,"4,0 a 4,25",Média
1591,56060300,"Heartstopper: Volume Four (Heartstopper, #4)",Alice Oseman,7789423,https://www.goodreads.com/book/show/56060300-heartstopper,https://www.goodreads.com/author/show/7789423.Alice_Oseman,https://i.gr-assets.com/images/S/compressed.photo.goodreads.com/books/1640745736i/56060300._SX50_.jpg,4.57,454482,5665,68,16,4.34896859091534,"Acima de 4,5",Muito alta
1591,58293924,"Book of Night (Book of Night, #1)",Holly Black,25422,https://www.goodreads.com/book/show/58293924-book-of-night,https://www.goodreads.com/author/show/25422.Holly_Black,https://i.gr-assets.com/images/S/compressed.photo.goodreads.com/books/1639163872i/58293924._SY75_.jpg,3.54,91941,5665,59,16,3.9870135069445634,"3,5 a 4,0",Média
1593,83817455,"Practicing the Way: Be with Jesus, Become Like Him, Do As He Did",John Mark Comer,5611731,https://www.goodreads.com/book/show/83817455-practicing-the-way,https://www.goodreads.com/author/show/5611731.John_Mark_Comer,https://i.gr-assets.com/images/S/compressed.photo.goodreads.com/books/1697658775i/83817455._SY75_.jpg,4.48,37043,5648,61,16,4.125666332218196,"4,25 a 4,5",Baixa
1594,29531,The Bait Of Satan: Living Free from the Deadly Trap of Offense,John Bevere,16623,https://www.goodreads.com/book/show/29531.The_Bait_Of_Satan,https://www.goodreads.com/author/show/16623.John_Bevere,https://i.gr-assets.com/images/S/compressed.photo.goodreads.com/books/1348116445i/29531._SX50_.jpg,4.41,15011,5637,61,16,4.103854883528168,"4,25 a 4,5",Baixa
1594,211423616,"Seeking Fairness at Work: Cracking the New Code of Greater Employee Engagement, Retention & Satisfaction",Hanna  Hasl-Kelchner,49551406,https://www.goodreads.com/book/show/211423616-seeking-fairness-at-work,https://www.goodreads.com/author/show/49551406.Hanna_Hasl_Kelchner,https://i.gr-assets.com/images/S/compressed.photo.goodreads.com/books/1713189251i/211423616._SY75_.jpg,4.38,2050,5637,65,16,4.09360524812165,"4,25 a 4,5",Baixa
1594,17912498,The Queen of the Night,Alexander Chee,158735,https://www.goodreads.com/book/show/17912498-the-queen-of-the-night,https://www.goodreads.com/author/show/158735.Alexander_Chee,https://i.gr-assets.com/images/S/compressed.photo.goodreads.com/books/1460425080i/17912498._SX50_.jpg,3.45,12653,5637,61,16,4.071980485649267,"Até 3,5",Baixa
1597,29395568,Exotic Neurotic,Kenneth Jarrett Singleton,1808111,https://www.goodreads.com/book/show/29395568-exotic-neurotic,https://www.goodreads.com/author/show/1808111.Kenneth_Jarrett_Singleton,https://i.gr-assets.com/images/S/compressed.photo.goodreads.com/books/1462818814i/29395568._SX50_.jpg,3.71,2280,5628,57,16,4.089889246443627,"3,5 a 4,0",Baixa
1598,6708,The Power of Now: A Guide to Spiritual Enlightenment,Eckhart Tolle,4493,https://www.goodreads.com/book/show/6708.The_Power_of_Now,https://www.goodreads.com/author/show/4493.Eckhart_Tolle,https://i.gr-assets.com/images/S/compressed.photo.goodreads.com/books/1689947880i/6708._SY75_.jpg,4.15,474044,5627,69,16,4.123828039133085,"4,0 a 4,25",Muito alta
1598,12172,Memoirs of Hadrian,Marguerite Yourcenar,7732,https://www.goodreads.com/book/show/12172.Memoirs_of_Hadrian,https://www.goodreads.com/author/show/7732.Marguerite_Yourcenar,https://i.gr-assets.com/images/S/compressed.photo.goodreads.com/books/1416448158i/12172._SX50_.jpg,4.21,38398,5627,71,16,4.102644616056091,"4,0 a 4,25",Baixa
1600,31173,Villette,Charlotte Brontë,1036615,https://www.goodreads.com/book/show/31173.Villette,https://www.goodreads.com/author/show/1036615.Charlotte_Bront_,https://i.gr-assets.com/images/S/compressed.photo.goodreads.com/books/1320412741i/31173._SY75_.jpg,3.78,84265,5625,76,16,4.036777022615643,"3,5 a 4,0",Média
1601,929782,Martin Eden,Jack London,1240,https://www.goodreads.com/book/show/929782.Martin_Eden,https://www.goodreads.com/author/show/1240.Jack_London,https://i.gr-assets.com/images/S/compressed.photo.goodreads.com/books/1661678127i/929782._SY75_.jpg,4.48,59564,5624,66,17,4.143374179767988,"4,25 a 4,5",Média
1602,60012371,The Last Folk Hero: The Life and Myth of Bo Jackson,Jeff Pearlman,863,https://www.goodreads.com/book/show/60012371-the-last-folk-hero,https://www.goodreads.com/author/show/863.Jeff_Pearlman,https://i.gr-assets.com/images/S/compressed.photo.goodreads.com/books/1649027645i/60012371._SY75_.jpg,4.18,4060,5623,60,17,4.093007115560721,"4,0 a 4,25",Baixa
1603,77565,"The Fall of Hyperion (Hyperion Cantos, #2)",Dan Simmons,2687,https://www.goodreads.com/book/show/77565.The_Fall_of_Hyperion,https://www.goodreads.com/author/show/2687.Dan_Simmons,https://i.gr-assets.com/images/S/compressed.photo.goodreads.com/books/1541174620i/77565._SY75_.jpg,4.25,157148,5622,68,17,4.137364378278228,"4,0 a 4,25",Alta
1604,6479723,"The Crucifix Killer (Robert Hunter, #1)",Chris   Carter,55596675,https://www.goodreads.com/book/show/6479723-the-crucifix-killer,https://www.goodreads.com/author/show/55596675.Chris_Carter,https://i.gr-assets.com/images/S/compressed.photo.goodreads.com/books/1327581626i/6479723._SY75_.jpg,4.28,45408,5618,60,17,4.111650853310652,"4,25 a 4,5",Baixa
1605,60556912,"The Housemaid (The Housemaid, #1)",Freida McFadden,7244758,https://www.goodreads.com/book/show/60556912-the-housemaid,https://www.goodreads.com/author/show/7244758.Freida_McFadden,https://i.gr-assets.com/images/S/compressed.photo.goodreads.com/books/1646534743i/60556912._SY75_.jpg,4.26,3966199,5617,63,17,4.244930760160166,"4,25 a 4,5",Muito alta
1606,284440,"Skulduggery Pleasant (Skulduggery Pleasant, #1)",Derek Landy,165168,https://www.goodreads.com/book/show/284440.Skulduggery_Pleasant,https://www.goodreads.com/author/show/165168.Derek_Landy,https://i.gr-assets.com/images/S/compressed.photo.goodreads.com/books/1334279051i/284440._SY75_.jpg,4.18,74541,5608,65,17,4.106175197782321,"4,0 a 4,25",Média
1607,9462795,"Starcrossed (Starcrossed, #1)",Josephine Angelini,3406550,https://www.goodreads.com/book/show/9462795-starcrossed,https://www.goodreads.com/author/show/3406550.Josephine_Angelini,https://i.gr-assets.com/images/S/compressed.photo.goodreads.com/books/1358266716i/9462795._SY75_.jpg,4.05,76189,5607,68,17,4.085238882675371,"4,0 a 4,25",Média
1607,51031311,America's Game: The NFL at 100,Jerry Rice,41758,https://www.goodreads.com/book/show/51031311-america-s-game,https://www.goodreads.com/author/show/41758.Jerry_Rice,https://i.gr-assets.com/images/S/compressed.photo.goodreads.com/books/1561971337l/51031311._SX50_SY75_.jpg,4.01,571,5607,60,17,4.09198429829051,"4,0 a 4,25",Baixa
1609,46138193,The Mercies,Kiran Millwood Hargrave,5868487,https://www.goodreads.com/book/show/46138193-the-mercies,https://www.goodreads.com/author/show/5868487.Kiran_Millwood_Hargrave,https://i.gr-assets.com/images/S/compressed.photo.goodreads.com/books/1559571087i/46138193._SY75_.jpg,4.01,56651,5605,61,17,4.08171547226213,"4,0 a 4,25",Média
1610,767680,If You Give a Mouse a Cookie,Laura Joffe Numeroff,87184,https://www.goodreads.com/book/show/767680.If_You_Give_a_Mouse_a_Cookie,https://www.goodreads.com/author/show/87184.Laura_Joffe_Numeroff,https://i.gr-assets.com/images/S/compressed.photo.goodreads.com/books/1276046901i/767680._SX50_.jpg,4.3,319491,5604,91,17,4.185579290758463,"4,25 a 4,5",Alta
1610,242528807,Thusnelda & Armin the Younger Years Book 1,Michael G. Kramer,15015247,https://www.goodreads.com/book/show/242528807-thusnelda-armin-the-younger-years-book-1,https://www.goodreads.com/author/show/15015247.Michael_G_Kramer,https://i.gr-assets.com/images/S/compressed.photo.goodreads.com/books/1759925140i/242528807._SY75_.jpg,4.4,953,5604,64,17,4.0928524684367105,"4,25 a 4,5",Baixa
1612,9639765,Life on Mars: Poems,Tracy K. Smith,255167,https://www.goodreads.com/book/show/9639765-life-on-mars,https://www.goodreads.com/author/show/255167.Tracy_K_Smith,https://i.gr-assets.com/images/S/compressed.photo.goodreads.com/books/1344317187i/9639765._SX50_.jpg,4.09,10947,5601,59,17,4.092046709208506,"4,0 a 4,25",Baixa
1613,43015,A Long Way Gone: Memoirs of a Boy Soldier,Ishmael Beah,24189,https://www.goodreads.com/book/show/43015.A_Long_Way_Gone,https://www.goodreads.com/author/show/24189.Ishmael_Beah,https://i.gr-assets.com/images/S/compressed.photo.goodreads.com/books/1636774035i/43015._SY75_.jpg,4.16,196813,5596,75,17,4.114833983858478,"4,0 a 4,25",Alta
1613,42986,"War and Remembrance (The Henry Family, #2)",Herman Wouk,9020,https://www.goodreads.com/book/show/42986.War_and_Remembrance,https://www.goodreads.com/author/show/9020.Herman_Wouk,https://i.gr-assets.com/images/S/compressed.photo.goodreads.com/books/1422331351i/42986._SY75_.jpg,4.43,40026,5596,79,17,4.123475870878848,"4,25 a 4,5",Baixa
1613,29641,The End of the Affair,Graham Greene,2533,https://www.goodreads.com/book/show/29641.The_End_of_the_Affair,https://www.goodreads.com/author/show/2533.Graham_Greene,https://i.gr-assets.com/images/S/compressed.photo.goodreads.com/books/1643250303i/29641._SY75_.jpg,3.9,74810,5596,80,17,4.0612570680959,"3,5 a 4,0",Média
1616,25912358,"A Thousand Boy Kisses (A Thousand Boy Kisses, #1)",Tillie Cole,7074846,https://www.goodreads.com/book/show/25912358-a-thousand-boy-kisses,https://www.goodreads.com/author/show/7074846.Tillie_Cole,https://i.gr-assets.com/images/S/compressed.photo.goodreads.com/books/1453299050i/25912358._SX50_.jpg,4.03,488693,5595,61,17,4.057606732865126,"4,0 a 4,25",Muito alta
1617,1715,Metamorphoses,Ovid,1127,https://www.goodreads.com/book/show/1715.Metamorphoses,https://www.goodreads.com/author/show/1127.Ovid,https://i.gr-assets.com/images/S/compressed.photo.goodreads.com/books/1622739150i/1715._SY75_.jpg,4.1,80916,5586,74,17,4.093457637998567,"4,0 a 4,25",Média
1618,15724396,"The Sword of Summer (Magnus Chase and the Gods of Asgard, #1)",Rick Riordan,15872,https://www.goodreads.com/book/show/15724396-the-sword-of-summer,https://www.goodreads.com/author/show/15872.Rick_Riordan,https://i.gr-assets.com/images/S/compressed.photo.goodreads.com/books/1434701340i/15724396._SY75_.jpg,4.23,247522,5584,71,17,4.14555239763374,"4,0 a 4,25",Alta
1618,42115981,Loveless,Alice Oseman,7789423,https://www.goodreads.com/book/show/42115981-loveless,https://www.goodreads.com/author/show/7789423.Alice_Oseman,https://i.gr-assets.com/images/S/compressed.photo.goodreads.com/books/1590592497i/42115981._SY75_.jpg,4.16,124468,5584,62,17,4.108496008181573,"4,0 a 4,25",Média
1620,68494,"Perdido Street Station (New Crobuzon, #1)",China Miéville,33918,https://www.goodreads.com/book/show/68494.Perdido_Street_Station,https://www.goodreads.com/author/show/33918.China_Mi_ville,https://i.gr-assets.com/images/S/compressed.photo.goodreads.com/books/1680461055i/68494._SY75_.jpg,3.98,77523,5578,66,17,4.073558185136163,"3,5 a 4,0",Média
1621,12262741,Wild: From Lost to Found on the Pacific Crest Trail,Cheryl Strayed,155717,https://www.goodreads.com/book/show/12262741-wild,https://www.goodreads.com/author/show/155717.Cheryl_Strayed,https://i.gr-assets.com/images/S/compressed.photo.goodreads.com/books/1453189881i/12262741._SY75_.jpg,4.07,888135,5566,65,17,4.076757616061247,"4,0 a 4,25",Muito alta
1621,55302933,All the Murmuring Bones,A.G. Slatter,2920771,https://www.goodreads.com/book/show/55302933-all-the-murmuring-bones,https://www.goodreads.com/author/show/2920771.A_G_Slatter,https://i.gr-assets.com/images/S/compressed.photo.goodreads.com/books/1603609587i/55302933._SY75_.jpg,3.9,13459,5566,58,17,4.085712717719334,"3,5 a 4,0",Baixa
1623,68210,"Gilead (Gilead, #1)",Marilynne Robinson,7491,https://www.goodreads.com/book/show/68210.Gilead,https://www.goodreads.com/author/show/7491.Marilynne_Robinson,https://i.gr-assets.com/images/S/compressed.photo.goodreads.com/books/1558681761i/68210._SY75_.jpg,3.85,130236,5563,78,17,4.031621277079626,"3,5 a 4,0",Média
1624,123471760,"Spark of the Everflame (Kindred's Curse, #1)",Penn Cole,29858694,https://www.goodreads.com/book/show/123471760-spark-of-the-everflame,https://www.goodreads.com/author/show/29858694.Penn_Cole,https://i.gr-assets.com/images/S/compressed.photo.goodreads.com/books/1684550094i/123471760._SY75_.jpg,4.17,325550,5562,59,17,4.127490484322644,"4,0 a 4,25",Alta
1625,202644768,Kingdom of Fallen Ash (The Order #1),Katerina St. Clair,47030792,https://www.goodreads.com/book/show/202644768-kingdom-of-fallen-ash,https://www.goodreads.com/author/show/47030792.Katerina_St_Clair,https://i.gr-assets.com/images/S/compressed.photo.goodreads.com/books/1700863429i/202644768._SX50_.jpg,4.01,3977,5561,59,17,4.091277468668821,"4,0 a 4,25",Baixa
1626,6101138,"Wolf Hall (Thomas Cromwell, #1)",Hilary Mantel,58851,https://www.goodreads.com/book/show/6101138-wolf-hall,https://www.goodreads.com/author/show/58851.Hilary_Mantel,https://i.gr-assets.com/images/S/compressed.photo.goodreads.com/books/1627203575i/6101138._SY75_.jpg,3.92,240699,5560,77,17,4.0265348507893775,"3,5 a 4,0",Alta
1627,25402194,The Choice,Nicholas Sparks,2345,https://www.goodreads.com/book/show/25402194-the-choice,https://www.goodreads.com/author/show/2345.Nicholas_Sparks,https://i.gr-assets.com/images/S/compressed.photo.goodreads.com/books/1448923617i/25402194._SY75_.jpg,4.01,200457,5557,79,17,4.064281056277474,"4,0 a 4,25",Alta
1628,38501,Ham on Rye,Charles Bukowski,13275,https://www.goodreads.com/book/show/38501.Ham_on_Rye,https://www.goodreads.com/author/show/13275.Charles_Bukowski,https://i.gr-assets.com/images/S/compressed.photo.goodreads.com/books/1388195001i/38501._SY75_.jpg,4.13,123108,5556,68,17,4.1011771288228305,"4,0 a 4,25",Média
1629,33257757,"Iron Gold (Red Rising Saga, #4)",Pierce Brown,6474348,https://www.goodreads.com/book/show/33257757-iron-gold,https://www.goodreads.com/author/show/6474348.Pierce_Brown,https://i.gr-assets.com/images/S/compressed.photo.goodreads.com/books/1716325988i/33257757._SY75_.jpg,4.21,234270,5555,59,17,4.136270407284233,"4,0 a 4,25",Alta
1630,68520,"The Winter King (The Warlord Chronicles, #1)",Bernard Cornwell,12542,https://www.goodreads.com/book/show/68520.The_Winter_King,https://www.goodreads.com/author/show/12542.Bernard_Cornwell,https://i.gr-assets.com/images/S/compressed.photo.goodreads.com/books/1311987677i/68520._SY75_.jpg,4.25,57853,5553,63,17,4.112451673321509,"4,0 a 4,25",Média
1631,35220,The Red Badge of Courage,Stephen Crane,19879,https://www.goodreads.com/book/show/35220.The_Red_Badge_of_Courage,https://www.goodreads.com/author/show/19879.Stephen_Crane,https://i.gr-assets.com/images/S/compressed.photo.goodreads.com/books/1327936136i/35220._SY75_.jpg,3.3,111924,5549,101,17,3.9158522884684492,"Até 3,5",Média
1632,13584236,"Fifty Shades Trilogy (Fifty Shades, #1-3)",E.L. James,4725841,https://www.goodreads.com/book/show/13584236-fifty-shades-trilogy,https://www.goodreads.com/author/show/4725841.E_L_James,https://i.gr-assets.com/images/S/compressed.photo.goodreads.com/books/1431573483l/13584236._SX50_SY75_.jpg,4.11,132960,5542,69,17,4.0966445861280825,"4,0 a 4,25",Média
1632,147865,"Love, Rosie",Cecelia Ahern,7116,https://www.goodreads.com/book/show/147865.Love_Rosie,https://www.goodreads.com/author/show/7116.Cecelia_Ahern,https://i.gr-assets.com/images/S/compressed.photo.goodreads.com/books/1420732457i/147865._SY75_.jpg,3.93,141869,5542,66,17,4.048952591492913,"3,5 a 4,0",Média
1634,61350389,"Counter Identity (Remmich/Miller, #2)",Karl Braungart,1834559,https://www.goodreads.com/book/show/61350389-counter-identity,https://www.goodreads.com/author/show/1834559.Karl_Braungart,https://i.gr-assets.com/images/S/compressed.photo.goodreads.com/books/1656171975i/61350389._SY75_.jpg,4.31,6056,5534,58,17,4.095426729956369,"4,25 a 4,5",Baixa
1635,60693459,Good Boundaries and Goodbyes: Loving Others Without Losing the Best of Who You Are,Lysa  TerKeurst,61792,https://www.goodreads.com/book/show/60693459-good-boundaries-and-goodbyes,https://www.goodreads.com/author/show/61792.Lysa_TerKeurst,https://i.gr-assets.com/images/S/compressed.photo.goodreads.com/books/1661862539i/60693459._SX50_.jpg,4.33,17137,5522,60,17,4.10209088506808,"4,25 a 4,5",Baixa
1636,62212,In the Company of the Courtesan,Sarah Dunant,15830,https://www.goodreads.com/book/show/62212.In_the_Company_of_the_Courtesan,https://www.goodreads.com/author/show/15830.Sarah_Dunant,https://i.gr-assets.com/images/S/compressed.photo.goodreads.com/books/1386924737i/62212._SY75_.jpg,3.8,26579,5521,59,17,4.073515107448108,"3,5 a 4,0",Baixa
1637,38591165,The Doll Factory,Elizabeth Macneal,17715039,https://www.goodreads.com/book/show/38591165-the-doll-factory,https://www.goodreads.com/author/show/17715039.Elizabeth_Macneal,https://i.gr-assets.com/images/S/compressed.photo.goodreads.com/books/1539359836i/38591165._SY75_.jpg,3.77,27113,5520,59,17,4.07122084296573,"3,5 a 4,0",Baixa
1638,76546,The Wild Iris,Louise Glück,5559570,https://www.goodreads.com/book/show/76546.The_Wild_Iris,https://www.goodreads.com/author/show/5559570.Louise_Gl_ck,https://i.gr-assets.com/images/S/compressed.photo.goodreads.com/books/1388251429i/76546._SX50_.jpg,4.18,16604,5516,60,17,4.095683788510608,"4,0 a 4,25",Baixa
1639,163465,The Great Gilly Hopkins,Katherine Paterson,1949,https://www.goodreads.com/book/show/163465.The_Great_Gilly_Hopkins,https://www.goodreads.com/author/show/1949.Katherine_Paterson,https://i.gr-assets.com/images/S/compressed.photo.goodreads.com/books/1443418961i/163465._SY75_.jpg,3.86,24095,5512,59,17,4.078633690426283,"3,5 a 4,0",Baixa
1640,197525278,Dogs vs Bears,Austin    Davis,50061614,https://www.goodreads.com/book/show/197525278-dogs-vs-bears,https://www.goodreads.com/author/show/50061614.Austin_Davis,https://i.gr-assets.com/images/S/compressed.photo.goodreads.com/books/1716928961i/197525278._SX50_.jpg,4.3,7080,5505,57,17,4.095800757352401,"4,25 a 4,5",Baixa
1641,94399604,The Alchemy Fire Murder (Mary Wandwalker #2),Susan  Rowland,22156343,https://www.goodreads.com/book/show/94399604-the-alchemy-fire-murder,https://www.goodreads.com/author/show/22156343.Susan_Rowland,https://i.gr-assets.com/images/S/compressed.photo.goodreads.com/books/1675648462i/94399604._SY75_.jpg,4.3,8244,5501,58,17,4.09639598196205,"4,25 a 4,5",Baixa
1642,38402135,The Carrying,Ada Limon,291817,https://www.goodreads.com/book/show/38402135-the-carrying,https://www.goodreads.com/author/show/291817.Ada_Limon,https://i.gr-assets.com/images/S/compressed.photo.goodreads.com/books/1519915438i/38402135._SY75_.jpg,4.36,10271,5497,58,17,4.098959731452522,"4,25 a 4,5",Baixa
1643,40132775,"House of Sky and Breath (Crescent City, #2)",Sarah J. Maas,3433047,https://www.goodreads.com/book/show/40132775-house-of-sky-and-breath,https://www.goodreads.com/author/show/3433047.Sarah_J_Maas,https://i.gr-assets.com/images/S/compressed.photo.goodreads.com/books/1633097753i/40132775._SY75_.jpg,4.41,955963,5489,63,17,4.317706779306909,"4,25 a 4,5",Muito alta
1644,288159,"And Only to Deceive (Lady Emily, #1)",Tasha Alexander,167047,https://www.goodreads.com/book/show/288159.And_Only_to_Deceive,https://www.goodreads.com/author/show/167047.Tasha_Alexander,https://i.gr-assets.com/images/S/compressed.photo.goodreads.com/books/1442540514i/288159._SY75_.jpg,3.77,22495,5482,60,17,4.074584284494437,"3,5 a 4,0",Baixa
1645,12617,Manufacturing Consent: The Political Economy of the Mass Media,Edward S. Herman,7985,https://www.goodreads.com/book/show/12617.Manufacturing_Consent,https://www.goodreads.com/author/show/7985.Edward_S_Herman,https://i.gr-assets.com/images/S/compressed.photo.goodreads.com/books/1525166345i/12617._SY75_.jpg,4.23,25624,5479,60,17,4.1005834980234805,"4,0 a 4,25",Baixa
1646,60792,The Accidental Tourist,Anne Tyler,457,https://www.goodreads.com/book/show/60792.The_Accidental_Tourist,https://www.goodreads.com/author/show/457.Anne_Tyler,https://i.gr-assets.com/images/S/compressed.photo.goodreads.com/books/1327936319i/60792._SY75_.jpg,3.89,110265,5470,95,17,4.047653643015823,"3,5 a 4,0",Média
1647,25526296,"Every Heart a Doorway (Wayward Children, #1)",Seanan McGuire,2860219,https://www.goodreads.com/book/show/25526296-every-heart-a-doorway,https://www.goodreads.com/author/show/2860219.Seanan_McGuire,https://i.gr-assets.com/images/S/compressed.photo.goodreads.com/books/1431438555i/25526296._SX50_.jpg,3.8,126132,5468,63,17,4.020868977800721,"3,5 a 4,0",Média
1647,51343629,The Bible Recap: A One-Year Guide to Reading and Understanding the Entire Bible,Tara-Leigh Cobble,20024064,https://www.goodreads.com/book/show/51343629-the-bible-recap,https://www.goodreads.com/author/show/20024064.Tara_Leigh_Cobble,https://i.gr-assets.com/images/S/compressed.photo.goodreads.com/books/1597698102i/51343629._SX50_.jpg,4.82,7173,5468,59,17,4.105214229365072,"Acima de 4,5",Baixa
1649,827,"The Diamond Age: Or, a Young Lady's Illustrated Primer",Neal Stephenson,545,https://www.goodreads.com/book/show/827.The_Diamond_Age,https://www.goodreads.com/author/show/545.Neal_Stephenson,https://i.gr-assets.com/images/S/compressed.photo.goodreads.com/books/1388180931i/827._SY75_.jpg,4.16,94138,5461,66,17,4.1052766023530625,"4,0 a 4,25",Média
1650,389627,"Diary of a Wimpy Kid (Diary of a Wimpy Kid, #1)",Jeff Kinney,221559,https://www.goodreads.com/book/show/389627.Diary_of_a_Wimpy_Kid,https://www.goodreads.com/author/show/221559.Jeff_Kinney,https://i.gr-assets.com/images/S/compressed.photo.goodreads.com/books/1388183826i/389627._SX50_.jpg,3.98,811555,5447,72,17,4.016454692451974,"3,5 a 4,0",Muito alta
1650,2325825,"Inkdeath (Inkworld, #3)",Cornelia Funke,15873,https://www.goodreads.com/book/show/2325825.Inkdeath,https://www.goodreads.com/author/show/15873.Cornelia_Funke,https://i.gr-assets.com/images/S/compressed.photo.goodreads.com/books/1327341991i/2325825._SX50_.jpg,3.98,95327,5447,79,17,4.070133671591376,"3,5 a 4,0",Média
1652,53639,Zorba the Greek,Nikos Kazantzakis,32543297,https://www.goodreads.com/book/show/53639.Zorba_the_Greek,https://www.goodreads.com/author/show/32543297.Nikos_Kazantzakis,https://i.gr-assets.com/images/S/compressed.photo.goodreads.com/books/1542885673i/53639._SY75_.jpg,4.02,61531,5435,71,17,4.082301710899021,"4,0 a 4,25",Média
1653,46677,"Alexander and the Terrible, Horrible, No Good, Very Bad Day",Judith Viorst,3080,https://www.goodreads.com/book/show/46677.Alexander_and_the_Terrible_Horrible_No_Good_Very_Bad_Day,https://www.goodreads.com/author/show/3080.Judith_Viorst,https://i.gr-assets.com/images/S/compressed.photo.goodreads.com/books/1769900464i/46677._SX50_.jpg,4.24,188889,5429,93,17,4.140271904522606,"4,0 a 4,25",Alta
1654,341879,Just Kids,Patti Smith,196092,https://www.goodreads.com/book/show/341879.Just_Kids,https://www.goodreads.com/author/show/196092.Patti_Smith,https://i.gr-assets.com/images/S/compressed.photo.goodreads.com/books/1259762407i/341879._SY75_.jpg,4.21,381282,5427,64,17,4.150304143225447,"4,0 a 4,25",Alta
1654,43933,Tell No One,Harlan Coben,24689,https://www.goodreads.com/book/show/43933.Tell_No_One,https://www.goodreads.com/author/show/24689.Harlan_Coben,https://i.gr-assets.com/images/S/compressed.photo.goodreads.com/books/1421365049i/43933._SY75_.jpg,4.05,200064,5427,71,17,4.077854537992598,"4,0 a 4,25",Alta
1656,15753740,The Storyteller,Jodi Picoult,7128,https://www.goodreads.com/book/show/15753740-the-storyteller,https://www.goodreads.com/author/show/7128.Jodi_Picoult,https://i.gr-assets.com/images/S/compressed.photo.goodreads.com/books/1356328634i/15753740._SY75_.jpg,4.3,286913,5426,65,17,4.180081308121203,"4,25 a 4,5",Alta
1657,242322270,The Tao of Poison,Isham Cook,6577008,https://www.goodreads.com/book/show/242322270-the-tao-of-poison,https://www.goodreads.com/author/show/6577008.Isham_Cook,https://i.gr-assets.com/images/S/compressed.photo.goodreads.com/books/1759415331i/242322270._SY75_.jpg,4.41,1002,5423,61,17,4.092916409604861,"4,25 a 4,5",Baixa
1658,1158967,"Garden Spells (Waverley Family, #1)",Sarah Addison Allen,566874,https://www.goodreads.com/book/show/1158967.Garden_Spells,https://www.goodreads.com/author/show/566874.Sarah_Addison_Allen,https://i.gr-assets.com/images/S/compressed.photo.goodreads.com/books/1347309330i/1158967._SY75_.jpg,4.07,110479,5421,70,17,4.087235132799233,"4,0 a 4,25",Média
1659,36739942,Lake Success,Gary Shteyngart,12437,https://www.goodreads.com/book/show/36739942-lake-success,https://www.goodreads.com/author/show/12437.Gary_Shteyngart,https://i.gr-assets.com/images/S/compressed.photo.goodreads.com/books/1516726955i/36739942._SY75_.jpg,3.64,12344,5419,57,17,4.078270511162242,"3,5 a 4,0",Baixa
1660,42603,Black Like Me,John Howard Griffin,16652,https://www.goodreads.com/book/show/42603.Black_Like_Me,https://www.goodreads.com/author/show/16652.John_Howard_Griffin,https://i.gr-assets.com/images/S/compressed.photo.goodreads.com/books/1311696842i/42603._SY75_.jpg,4.11,70345,5418,88,17,4.094832270192983,"4,0 a 4,25",Média
1660,568645,"Cross My Heart and Hope to Spy (Gallagher Girls, #2)",Ally Carter,56224,https://www.goodreads.com/book/show/568645.Cross_My_Heart_and_Hope_to_Spy,https://www.goodreads.com/author/show/56224.Ally_Carter,https://i.gr-assets.com/images/S/compressed.photo.goodreads.com/books/1342448094i/568645._SY75_.jpg,4.14,94792,5418,70,17,4.101448334770781,"4,0 a 4,25",Média
1662,16634,The Glass Bead Game,Hermann Hesse,1113469,https://www.goodreads.com/book/show/16634.The_Glass_Bead_Game,https://www.goodreads.com/author/show/1113469.Hermann_Hesse,https://i.gr-assets.com/images/S/compressed.photo.goodreads.com/books/1386922806i/16634._SX50_.jpg,4.1,43866,5415,71,17,4.0929003410141584,"4,0 a 4,25",Baixa
1663,4894,Who Moved My Cheese?,Spencer Johnson,3340,https://www.goodreads.com/book/show/4894.Who_Moved_My_Cheese_,https://www.goodreads.com/author/show/3340.Spencer_Johnson,https://i.gr-assets.com/images/S/compressed.photo.goodreads.com/books/1388639717i/4894._SY75_.jpg,3.87,521532,5411,72,17,3.965177937080103,"3,5 a 4,0",Muito alta
1664,139069,Endurance: Shackleton's Incredible Voyage,Alfred Lansing,29034,https://www.goodreads.com/book/show/139069.Endurance,https://www.goodreads.com/author/show/29034.Alfred_Lansing,https://i.gr-assets.com/images/S/compressed.photo.goodreads.com/books/1391329559i/139069._SY75_.jpg,4.47,179571,5403,71,17,4.2110191923497995,"4,25 a 4,5",Alta
1665,23168277,"The Sympathizer (The Sympathizer, #1)",Viet Thanh Nguyen,282390,https://www.goodreads.com/book/show/23168277-the-sympathizer,https://www.goodreads.com/author/show/282390.Viet_Thanh_Nguyen,https://i.gr-assets.com/images/S/compressed.photo.goodreads.com/books/1718982183i/23168277._SX50_.jpg,4.0,144518,5401,60,17,4.067252026630009,"3,5 a 4,0",Média
1666,11250317,The Song of Achilles,Madeline Miller,176372,https://www.goodreads.com/book/show/11250317-the-song-of-achilles,https://www.goodreads.com/author/show/176372.Madeline_Miller,https://i.gr-assets.com/images/S/compressed.photo.goodreads.com/books/1331154660i/11250317._SX50_.jpg,4.3,2175651,5398,65,17,4.268323871942598,"4,25 a 4,5",Muito alta
1667,130580,Old Yeller,Fred Gipson,75091,https://www.goodreads.com/book/show/130580.Old_Yeller,https://www.goodreads.com/author/show/75091.Fred_Gipson,https://i.gr-assets.com/images/S/compressed.photo.goodreads.com/books/1327940112i/130580._SY75_.jpg,4.11,105530,5397,90,17,4.095906907770321,"4,0 a 4,25",Média
1668,36118682,"Wicked Saints (Something Dark and Holy, #1)",Emily A. Duncan,15600590,https://www.goodreads.com/book/show/36118682-wicked-saints,https://www.goodreads.com/author/show/15600590.Emily_A_Duncan,https://i.gr-assets.com/images/S/compressed.photo.goodreads.com/books/1539378101i/36118682._SY75_.jpg,3.55,33296,5388,56,17,4.049571286358171,"3,5 a 4,0",Baixa
1668,51589631,Last Tang Standing,Lauren  Ho,19564958,https://www.goodreads.com/book/show/51589631-last-tang-standing,https://www.goodreads.com/author/show/19564958.Lauren_Ho,https://i.gr-assets.com/images/S/compressed.photo.goodreads.com/books/1637696559i/51589631._SX50_.jpg,3.5,18167,5388,56,17,4.065819791062993,"Até 3,5",Baixa
1670,5152478,Wintergirls,Laurie Halse Anderson,10003,https://www.goodreads.com/book/show/5152478-wintergirls,https://www.goodreads.com/author/show/10003.Laurie_Halse_Anderson,https://i.gr-assets.com/images/S/compressed.photo.goodreads.com/books/1346343878i/5152478._SY75_.jpg,3.96,127618,5386,67,17,4.059601804318981,"3,5 a 4,0",Média
1671,68099,"Death at La Fenice (Commissario Brunetti, #1)",Donna Leon,16290,https://www.goodreads.com/book/show/68099.Death_at_La_Fenice,https://www.goodreads.com/author/show/16290.Donna_Leon,https://i.gr-assets.com/images/S/compressed.photo.goodreads.com/books/1441466744i/68099._SY75_.jpg,3.89,44656,5382,59,17,4.071391594576313,"3,5 a 4,0",Baixa
1672,6604794,The Sky Is Everywhere,Jandy Nelson,2982266,https://www.goodreads.com/book/show/6604794-the-sky-is-everywhere,https://www.goodreads.com/author/show/2982266.Jandy_Nelson,https://i.gr-assets.com/images/S/compressed.photo.goodreads.com/books/1496659743i/6604794._SY75_.jpg,3.95,111040,5374,63,17,4.0606788335236095,"3,5 a 4,0",Média
1673,17333324,"Ancillary Justice (Imperial Radch, #1)",Ann Leckie,3365457,https://www.goodreads.com/book/show/17333324-ancillary-justice,https://www.goodreads.com/author/show/3365457.Ann_Leckie,https://i.gr-assets.com/images/S/compressed.photo.goodreads.com/books/1397215917i/17333324._SY75_.jpg,3.99,123287,5372,58,17,4.067631050737532,"3,5 a 4,0",Média
1674,9516,"Persepolis: The Story of a Childhood (Persepolis, #1)",Marjane Satrapi,6238,https://www.goodreads.com/book/show/9516.Persepolis,https://www.goodreads.com/author/show/6238.Marjane_Satrapi,https://i.gr-assets.com/images/S/compressed.photo.goodreads.com/books/1425871473i/9516._SX50_.jpg,4.28,240986,5371,75,17,4.163742486688312,"4,25 a 4,5",Alta
1674,7905092,Freedom,Jonathan Franzen,2578,https://www.goodreads.com/book/show/7905092-freedom,https://www.goodreads.com/author/show/2578.Jonathan_Franzen,https://i.gr-assets.com/images/S/compressed.photo.goodreads.com/books/1316729686i/7905092._SY75_.jpg,3.8,177696,5371,66,17,4.000845501153132,"3,5 a 4,0",Alta
1676,4921,"Three Men in a Boat (Three Men, #1)",Jerome K. Jerome,3352,https://www.goodreads.com/book/show/4921.Three_Men_in_a_Boat,https://www.goodreads.com/author/show/3352.Jerome_K_Jerome,https://i.gr-assets.com/images/S/compressed.photo.goodreads.com/books/1699561681i/4921._SY75_.jpg,3.83,82908,5366,82,17,4.046257936286462,"3,5 a 4,0",Média
1677,33160963,The Seven Husbands of Evelyn Hugo,Taylor Jenkins Reid,6572605,https://www.goodreads.com/book/show/33160963-the-seven-husbands-of-evelyn-hugo,https://www.goodreads.com/author/show/6572605.Taylor_Jenkins_Reid,https://i.gr-assets.com/images/S/compressed.photo.goodreads.com/books/1660804580i/33160963._SY75_.jpg,4.39,4425894,5364,66,17,4.365814406936221,"4,25 a 4,5",Muito alta
1678,61313902,Five Survive,Holly  Jackson,18229614,https://www.goodreads.com/book/show/61313902-five-survive,https://www.goodreads.com/author/show/18229614.Holly_Jackson,https://i.gr-assets.com/images/S/compressed.photo.goodreads.com/books/1664370443i/61313902._SY75_.jpg,4.07,315489,5357,59,17,4.082234388604947,"4,0 a 4,25",Alta
1679,13641955,One Came Home,Amy Timberlake,368094,https://www.goodreads.com/book/show/13641955-one-came-home,https://www.goodreads.com/author/show/368094.Amy_Timberlake,https://i.gr-assets.com/images/S/compressed.photo.goodreads.com/books/1347326641i/13641955._SY75_.jpg,3.81,10782,5348,57,17,4.084535133943119,"3,5 a 4,0",Baixa
1680,25354,Bastard Out of Carolina,Dorothy Allison,5599,https://www.goodreads.com/book/show/25354.Bastard_Out_of_Carolina,https://www.goodreads.com/author/show/5599.Dorothy_Allison,https://i.gr-assets.com/images/S/compressed.photo.goodreads.com/books/1424648725i/25354._SX50_.jpg,4.15,49153,5347,80,17,4.098568206999123,"4,0 a 4,25",Baixa
1681,22285,Rant: An Oral Biography of Buster Casey,Chuck Palahniuk,2546,https://www.goodreads.com/book/show/22285.Rant,https://www.goodreads.com/author/show/2546.Chuck_Palahniuk,https://i.gr-assets.com/images/S/compressed.photo.goodreads.com/books/1388248283i/22285._SX50_.jpg,3.85,71532,5336,64,17,4.05466840548169,"3,5 a 4,0",Média
1682,39058,"The Gormenghast Novels (Gormenghast, #1-3)",Mervyn Peake,22018,https://www.goodreads.com/book/show/39058.The_Gormenghast_Novels,https://www.goodreads.com/author/show/22018.Mervyn_Peake,https://i.gr-assets.com/images/S/compressed.photo.goodreads.com/books/1651356062i/39058._SX50_.jpg,4.04,10074,5334,69,17,4.090795538125873,"4,0 a 4,25",Baixa
1683,12893742,"The Serpent's Shadow (The Kane Chronicles, #3)",Rick Riordan,15872,https://www.goodreads.com/book/show/12893742-the-serpent-s-shadow,https://www.goodreads.com/author/show/15872.Rick_Riordan,https://i.gr-assets.com/images/S/compressed.photo.goodreads.com/books/1366227982i/12893742._SY75_.jpg,4.27,185874,5313,73,17,4.149415671502834,"4,25 a 4,5",Alta
1684,62593654,Someone Else's Bucket List,Amy T. Matthews,4867706,https://www.goodreads.com/book/show/62593654-someone-else-s-bucket-list,https://www.goodreads.com/author/show/4867706.Amy_T_Matthews,https://i.gr-assets.com/images/S/compressed.photo.goodreads.com/books/1663198163i/62593654._SX50_.jpg,3.97,13802,5312,55,17,4.087941611239303,"3,5 a 4,0",Baixa
1685,199551453,The Wrong Daughter,Dandy Smith,21757680,https://www.goodreads.com/book/show/199551453-the-wrong-daughter,https://www.goodreads.com/author/show/21757680.Dandy_Smith,https://i.gr-assets.com/images/S/compressed.photo.goodreads.com/books/1697984764i/199551453._SY75_.jpg,3.96,71229,5311,56,17,4.0717504690264485,"3,5 a 4,0",Média
1686,714902,"Noughts & Crosses (Noughts & Crosses, #1)",Malorie Blackman,172977,https://www.goodreads.com/book/show/714902.Noughts_Crosses,https://www.goodreads.com/author/show/172977.Malorie_Blackman,https://i.gr-assets.com/images/S/compressed.photo.goodreads.com/books/1443903273i/714902._SY75_.jpg,4.16,85504,5310,61,17,4.104285211387901,"4,0 a 4,25",Média
1687,38750904,"The Accidental Further Adventures of the Hundred-Year-Old Man (Hundred-Year-Old Man, #2)",Jonas Jonasson,3222554,https://www.goodreads.com/book/show/38750904-the-accidental-further-adventures-of-the-hundred-year-old-man,https://www.goodreads.com/author/show/3222554.Jonas_Jonasson,https://i.gr-assets.com/images/S/compressed.photo.goodreads.com/books/1530487363i/38750904._SX50_.jpg,3.73,21694,5305,55,17,4.073073077745186,"3,5 a 4,0",Baixa
1688,74951328,Burned Out,Dean Mafako,23249265,https://www.goodreads.com/book/show/74951328-burned-out,https://www.goodreads.com/author/show/23249265.Dean_Mafako,https://i.gr-assets.com/images/S/compressed.photo.goodreads.com/books/1671672253i/74951328._SY75_.jpg,4.3,5472,5302,59,17,4.094972740443737,"4,25 a 4,5",Baixa
1689,28421168,"Renegades (Renegades, #1)",Marissa Meyer,4684322,https://www.goodreads.com/book/show/28421168-renegades,https://www.goodreads.com/author/show/4684322.Marissa_Meyer,https://i.gr-assets.com/images/S/compressed.photo.goodreads.com/books/1494896884i/28421168._SX50_.jpg,4.11,170982,5299,59,17,4.0975480431642195,"4,0 a 4,25",Alta
1689,61401116,"The Satsuma Complex (Gary Thorn, #1)",Bob Mortimer,375338,https://www.goodreads.com/book/show/61401116-the-satsuma-complex,https://www.goodreads.com/author/show/375338.Bob_Mortimer,https://i.gr-assets.com/images/S/compressed.photo.goodreads.com/books/1657099697i/61401116._SY75_.jpg,3.68,85339,5299,55,17,4.018285600876118,"3,5 a 4,0",Média
1691,34517,"Reaper Man (Discworld, #11; Death, #2)",Terry Pratchett,1654,https://www.goodreads.com/book/show/34517.Reaper_Man,https://www.goodreads.com/author/show/1654.Terry_Pratchett,https://i.gr-assets.com/images/S/compressed.photo.goodreads.com/books/1389211958i/34517._SY75_.jpg,4.28,116300,5277,72,17,4.135172848788607,"4,25 a 4,5",Média
1692,11468377,"Thinking, Fast and Slow",Daniel Kahneman,72401,https://www.goodreads.com/book/show/11468377-thinking-fast-and-slow,https://www.goodreads.com/author/show/72401.Daniel_Kahneman,https://i.gr-assets.com/images/S/compressed.photo.goodreads.com/books/1317793965i/11468377._SX50_.jpg,4.16,616023,5273,60,17,4.133634475492719,"4,0 a 4,25",Muito alta
1693,13376,"The House of the Scorpion (Matteo Alacran, #1)",Nancy Farmer,8360,https://www.goodreads.com/book/show/13376.The_House_of_the_Scorpion,https://www.goodreads.com/author/show/8360.Nancy_Farmer,https://i.gr-assets.com/images/S/compressed.photo.goodreads.com/books/1401734230i/13376._SY75_.jpg,4.08,98066,5270,66,17,4.089677344064945,"4,0 a 4,25",Média
1694,60741772,Please Report Your Bug Here,Josh Riedel,20002233,https://www.goodreads.com/book/show/60741772-please-report-your-bug-here,https://www.goodreads.com/author/show/20002233.Josh_Riedel,https://i.gr-assets.com/images/S/compressed.photo.goodreads.com/books/1652696217i/60741772._SY75_.jpg,3.16,2209,5267,56,17,4.08686862904004,"Até 3,5",Baixa
1695,6060130,Sacred Hearts,Sarah Dunant,15830,https://www.goodreads.com/book/show/6060130-sacred-hearts,https://www.goodreads.com/author/show/15830.Sarah_Dunant,https://i.gr-assets.com/images/S/compressed.photo.goodreads.com/books/1441864121i/6060130._SY75_.jpg,3.8,14027,5262,57,17,4.08198979505576,"3,5 a 4,0",Baixa
1696,43575115,The Starless Sea,Erin Morgenstern,4370565,https://www.goodreads.com/book/show/43575115-the-starless-sea,https://www.goodreads.com/author/show/4370565.Erin_Morgenstern,https://i.gr-assets.com/images/S/compressed.photo.goodreads.com/books/1617715077i/43575115._SY75_.jpg,3.84,242740,5250,57,17,3.995553476906523,"3,5 a 4,0",Alta
1697,61058915,Cackle,Rachel   Harrison,19494009,https://www.goodreads.com/book/show/61058915-cackle,https://www.goodreads.com/author/show/19494009.Rachel_Harrison,https://i.gr-assets.com/images/S/compressed.photo.goodreads.com/books/1656931038i/61058915._SY75_.jpg,3.72,58495,5244,55,17,4.043688969874376,"3,5 a 4,0",Média
1698,60194162,Demon Copperhead,Barbara Kingsolver,3541,https://www.goodreads.com/book/show/60194162-demon-copperhead,https://www.goodreads.com/author/show/3541.Barbara_Kingsolver,https://i.gr-assets.com/images/S/compressed.photo.goodreads.com/books/1660050779i/60194162._SY75_.jpg,4.46,901650,5242,59,17,4.348703008262161,"4,25 a 4,5",Muito alta
1699,230337105,Poems & Prayers,Matthew McConaughey,3636965,https://www.goodreads.com/book/show/230337105-poems-prayers,https://www.goodreads.com/author/show/3636965.Matthew_McConaughey,https://i.gr-assets.com/images/S/compressed.photo.goodreads.com/books/1750819666i/230337105._SY75_.jpg,3.85,11986,5240,55,17,4.084904550916194,"3,5 a 4,0",Baixa
1700,55446843,"Perron Manor (Haunted, #1)",Lee Mountford,16816627,https://www.goodreads.com/book/show/55446843-perron-manor,https://www.goodreads.com/author/show/16816627.Lee_Mountford,https://i.gr-assets.com/images/S/compressed.photo.goodreads.com/books/1600985305i/55446843._SY75_.jpg,4.08,10851,5238,55,17,4.0917772268500805,"4,0 a 4,25",Baixa
1701,18749,Half of a Yellow Sun,Chimamanda Ngozi Adichie,19992417,https://www.goodreads.com/book/show/18749.Half_of_a_Yellow_Sun,https://www.goodreads.com/author/show/19992417.Chimamanda_Ngozi_Adichie,https://i.gr-assets.com/images/S/compressed.photo.goodreads.com/books/1327934717i/18749._SX50_.jpg,4.34,192444,5224,64,18,4.1738590546467815,"4,25 a 4,5",Alta
1702,30346601,Brainwalker,Robyn Mundell,15300504,https://www.goodreads.com/book/show/30346601-brainwalker,https://www.goodreads.com/author/show/15300504.Robyn_Mundell,https://i.gr-assets.com/images/S/compressed.photo.goodreads.com/books/1465002076i/30346601._SX50_.jpg,4.29,10082,5217,58,18,4.0970775113043265,"4,25 a 4,5",Baixa
1703,175675,Ragtime,E.L. Doctorow,12584,https://www.goodreads.com/book/show/175675.Ragtime,https://www.goodreads.com/author/show/12584.E_L_Doctorow,https://i.gr-assets.com/images/S/compressed.photo.goodreads.com/books/1320531790i/175675._SY75_.jpg,3.9,48196,5216,85,18,4.0710269810501005,"3,5 a 4,0",Baixa
1704,597790,The Children of Húrin,J.R.R. Tolkien,656983,https://www.goodreads.com/book/show/597790.The_Children_of_H_rin,https://www.goodreads.com/author/show/656983.J_R_R_Tolkien,https://i.gr-assets.com/images/S/compressed.photo.goodreads.com/books/1762290218i/597790._SY75_.jpg,4.07,96621,5214,72,18,4.087724867499451,"4,0 a 4,25",Média
1705,61884832,All the Sinners Bleed,S.A. Cosby,20464985,https://www.goodreads.com/book/show/61884832-all-the-sinners-bleed,https://www.goodreads.com/author/show/20464985.S_A_Cosby,https://i.gr-assets.com/images/S/compressed.photo.goodreads.com/books/1663544598i/61884832._SY75_.jpg,4.19,149182,5206,56,18,4.119135886007318,"4,0 a 4,25",Média
1706,227874701,The Full Circle for Mick,Michael G. Kramer,15015247,https://www.goodreads.com/book/show/227874701-the-full-circle-for-mick,https://www.goodreads.com/author/show/15015247.Michael_G_Kramer,https://i.gr-assets.com/images/S/compressed.photo.goodreads.com/books/1739249697i/227874701._SY75_.jpg,4.33,6404,5203,55,18,4.0959368161872876,"4,25 a 4,5",Baixa
1707,41899,Fantastic Beasts and Where to Find Them,Newt Scamander,19981845,https://www.goodreads.com/book/show/41899.Fantastic_Beasts_and_Where_to_Find_Them,https://www.goodreads.com/author/show/19981845.Newt_Scamander,https://i.gr-assets.com/images/S/compressed.photo.goodreads.com/books/1303738520i/41899._SX50_.jpg,3.95,422424,5200,82,18,4.018314461468111,"3,5 a 4,0",Muito alta
1707,11594257,"Under the Never Sky (Under the Never Sky, #1)",Veronica Rossi,4637369,https://www.goodreads.com/book/show/11594257-under-the-never-sky,https://www.goodreads.com/author/show/4637369.Veronica_Rossi,https://i.gr-assets.com/images/S/compressed.photo.goodreads.com/books/1356591725i/11594257._SY75_.jpg,3.98,115503,5200,64,18,4.066543866434721,"3,5 a 4,0",Média
1709,22288,Haunted,Chuck Palahniuk,2546,https://www.goodreads.com/book/show/22288.Haunted,https://www.goodreads.com/author/show/2546.Chuck_Palahniuk,https://i.gr-assets.com/images/S/compressed.photo.goodreads.com/books/1391152326i/22288._SY75_.jpg,3.59,113270,5198,67,18,3.9793385880718923,"3,5 a 4,0",Média
1710,40199729,The Heart of Aleppo: A Story of the Syrian Civil War,Ammar Habib,8442873,https://www.goodreads.com/book/show/40199729-the-heart-of-aleppo,https://www.goodreads.com/author/show/8442873.Ammar_Habib,https://i.gr-assets.com/images/S/compressed.photo.goodreads.com/books/1527101321i/40199729._SY75_.jpg,4.4,7774,5180,52,18,4.098105140776185,"4,25 a 4,5",Baixa
1710,16220184,"Crossroads and the Himalayan Crystals (Crossroads, #1)",C. Toni Graham,6496644,https://www.goodreads.com/book/show/16220184-crossroads-and-the-himalayan-crystals,https://www.goodreads.com/author/show/6496644.C_Toni_Graham,https://i.gr-assets.com/images/S/compressed.photo.goodreads.com/books/1390176956i/16220184._SX50_.jpg,4.33,11432,5180,57,18,4.098860623416277,"4,25 a 4,5",Baixa
1712,44279110,My Year of Rest and Relaxation,Ottessa Moshfegh,3276202,https://www.goodreads.com/book/show/44279110-my-year-of-rest-and-relaxation,https://www.goodreads.com/author/show/3276202.Ottessa_Moshfegh,https://i.gr-assets.com/images/S/compressed.photo.goodreads.com/books/1597676656i/44279110._SY75_.jpg,3.59,620327,5152,57,18,3.784148412347048,"3,5 a 4,0",Muito alta
1713,16160797,"The Cuckoo's Calling (Cormoran Strike, #1)",Robert Galbraith,383606,https://www.goodreads.com/book/show/16160797-the-cuckoo-s-calling,https://www.goodreads.com/author/show/383606.Robert_Galbraith,https://i.gr-assets.com/images/S/compressed.photo.goodreads.com/books/1540217136i/16160797._SY75_.jpg,3.89,640076,5151,63,18,3.9666507942638205,"3,5 a 4,0",Muito alta
1714,97782,Then We Came to the End,Joshua Ferris,56223,https://www.goodreads.com/book/show/97782.Then_We_Came_to_the_End,https://www.goodreads.com/author/show/56223.Joshua_Ferris,https://i.gr-assets.com/images/S/compressed.photo.goodreads.com/books/1442800496i/97782._SY75_.jpg,3.47,37086,5149,55,18,4.038219972471006,"Até 3,5",Baixa
1715,204125964,Catch the Sun,Jennifer Hartmann,20208474,https://www.goodreads.com/book/show/204125964-catch-the-sun,https://www.goodreads.com/author/show/20208474.Jennifer_Hartmann,https://i.gr-assets.com/images/S/compressed.photo.goodreads.com/books/1717597659i/204125964._SY75_.jpg,4.23,41901,5145,54,18,4.105448627795513,"4,0 a 4,25",Baixa
1716,17349,The Demon-Haunted World: Science as a Candle in the Dark,Carl Sagan,10538,https://www.goodreads.com/book/show/17349.The_Demon_Haunted_World,https://www.goodreads.com/author/show/10538.Carl_Sagan,https://i.gr-assets.com/images/S/compressed.photo.goodreads.com/books/1553691804i/17349._SX50_.jpg,4.28,83095,5142,57,18,4.125031070015706,"4,25 a 4,5",Média
1717,58549182,The Bridge to Rembrandt,Nelson K. Foley,21658635,https://www.goodreads.com/book/show/58549182-the-bridge-to-rembrandt,https://www.goodreads.com/author/show/21658635.Nelson_K_Foley,https://i.gr-assets.com/images/S/compressed.photo.goodreads.com/books/1626188985i/58549182._SX50_.jpg,4.25,6053,5140,56,18,4.094510606056524,"4,0 a 4,25",Baixa
1718,129268634,Walk Two Moons by Sharon Creech (1994-05-03),Sharon Creech,11633,https://www.goodreads.com/book/show/129268634-walk-two-moons-by-sharon-creech,https://www.goodreads.com/author/show/11633.Sharon_Creech,https://i.gr-assets.com/images/S/compressed.photo.goodreads.com/books/1698828162i/129268634._SX50_.jpg,4.0,175751,5139,55,18,4.063546372266551,"3,5 a 4,0",Alta
1719,42512,We Were Soldiers Once... and Young: Ia Drang - The Battle that Changed the War in Vietnam,Harold G. Moore,23897,https://www.goodreads.com/book/show/42512.We_Were_Soldiers_Once_and_Young,https://www.goodreads.com/author/show/23897.Harold_G_Moore,https://i.gr-assets.com/images/S/compressed.photo.goodreads.com/books/1328912889i/42512._SY75_.jpg,4.34,33895,5137,56,18,4.11187556324802,"4,25 a 4,5",Baixa
1719,203518955,"The Black Bird Oracle (All Souls, #5)",Deborah Harkness,3849415,https://www.goodreads.com/book/show/203518955-the-black-bird-oracle,https://www.goodreads.com/author/show/3849415.Deborah_Harkness,https://i.gr-assets.com/images/S/compressed.photo.goodreads.com/books/1702589361i/203518955._SY75_.jpg,4.05,43609,5137,54,18,4.087880037194344,"4,0 a 4,25",Baixa
1721,9539,"The Shadow Rising (The Wheel of Time, #4)",Robert Jordan,6252,https://www.goodreads.com/book/show/9539.The_Shadow_Rising,https://www.goodreads.com/author/show/6252.Robert_Jordan,https://i.gr-assets.com/images/S/compressed.photo.goodreads.com/books/1638239837i/9539._SY75_.jpg,4.29,269911,5136,72,18,4.172913340292069,"4,25 a 4,5",Alta
1721,7842288,"Beautiful Darkness (Caster Chronicles, #2)",Kami Garcia,2895706,https://www.goodreads.com/book/show/7842288-beautiful-darkness,https://www.goodreads.com/author/show/2895706.Kami_Garcia,https://i.gr-assets.com/images/S/compressed.photo.goodreads.com/books/1327879100i/7842288._SY75_.jpg,3.83,143316,5136,74,18,4.021812223592303,"3,5 a 4,0",Média
1723,203578776,"Passions in Death (In Death, #59)",J.D. Robb,17065,https://www.goodreads.com/book/show/203578776-passions-in-death,https://www.goodreads.com/author/show/17065.J_D_Robb,https://i.gr-assets.com/images/S/compressed.photo.goodreads.com/books/1708579046i/203578776._SY75_.jpg,4.27,23461,5134,54,18,4.102172028264945,"4,25 a 4,5",Baixa
1724,34053,Just So Stories,Rudyard Kipling,6989,https://www.goodreads.com/book/show/34053.Just_So_Stories,https://www.goodreads.com/author/show/6989.Rudyard_Kipling,https://i.gr-assets.com/images/S/compressed.photo.goodreads.com/books/1546075870i/34053._SY75_.jpg,4.05,50027,5133,90,18,4.0873288927659965,"4,0 a 4,25",Média
1724,60754889,Jonathan Abernathy You Are Kind,Molly McGhee,33670134,https://www.goodreads.com/book/show/60754889-jonathan-abernathy-you-are-kind,https://www.goodreads.com/author/show/33670134.Molly_McGhee,https://i.gr-assets.com/images/S/compressed.photo.goodreads.com/books/1682359454i/60754889._SY75_.jpg,3.5,3633,5133,54,18,4.08665419281188,"Até 3,5",Baixa
1726,493456,"Extras (Uglies, #4)",Scott Westerfeld,13957,https://www.goodreads.com/book/show/493456.Extras,https://www.goodreads.com/author/show/13957.Scott_Westerfeld,https://i.gr-assets.com/images/S/compressed.photo.goodreads.com/books/1388187650i/493456._SX50_.jpg,3.59,129367,5132,70,18,3.967296681363307,"3,5 a 4,0",Média
1726,875109,"The Raphael Affair (Jonathan Argyll, #1)",Iain Pears,9833,https://www.goodreads.com/book/show/875109.The_Raphael_Affair,https://www.goodreads.com/author/show/9833.Iain_Pears,https://i.gr-assets.com/images/S/compressed.photo.goodreads.com/books/1327913947i/875109._SY75_.jpg,3.58,4328,5132,55,18,4.086498696343973,"3,5 a 4,0",Baixa
1728,4952,What Is the What,Dave Eggers,3371,https://www.goodreads.com/book/show/4952.What_Is_the_What,https://www.goodreads.com/author/show/3371.Dave_Eggers,https://i.gr-assets.com/images/S/compressed.photo.goodreads.com/books/1328837457i/4952._SX50_.jpg,4.15,88269,5131,65,18,4.102765155083527,"4,0 a 4,25",Média
1729,95693,The Blue Castle,L.M. Montgomery,5350,https://www.goodreads.com/book/show/95693.The_Blue_Castle,https://www.goodreads.com/author/show/5350.L_M_Montgomery,https://i.gr-assets.com/images/S/compressed.photo.goodreads.com/books/1684723987i/95693._SY75_.jpg,4.31,62817,5126,59,18,4.1222596309367034,"4,25 a 4,5",Média
1730,3393124,"Max (Maximum Ride, #5)",James  Patterson,3780,https://www.goodreads.com/book/show/3393124-max,https://www.goodreads.com/author/show/3780.James_Patterson,https://i.gr-assets.com/images/S/compressed.photo.goodreads.com/books/1441219978i/3393124._SY75_.jpg,4.05,77455,5125,72,18,4.085143665980665,"4,0 a 4,25",Média
1731,69571,Rich Dad Poor Dad: What the Rich Teach Their Kids About Money—That the Poor and Middle Class Do Not!,Robert T. Kiyosaki,600,https://www.goodreads.com/book/show/69571.Rich_Dad_Poor_Dad,https://www.goodreads.com/author/show/600.Robert_T_Kiyosaki,https://i.gr-assets.com/images/S/compressed.photo.goodreads.com/books/1757619021i/69571._SY75_.jpg,4.08,760887,5120,60,18,4.084109178749145,"4,0 a 4,25",Muito alta
1732,16181775,"The Rosie Project (Don Tillman, #1)",Graeme Simsion,1895943,https://www.goodreads.com/book/show/16181775-the-rosie-project,https://www.goodreads.com/author/show/1895943.Graeme_Simsion,https://i.gr-assets.com/images/S/compressed.photo.goodreads.com/books/1371651741i/16181775._SY75_.jpg,4.01,607967,5117,59,18,4.0421398991169335,"4,0 a 4,25",Muito alta
1733,25128811,"Ice Planet Barbarians (Ice Planet Barbarians, #1)",Ruby Dixon,8573519,https://www.goodreads.com/book/show/25128811-ice-planet-barbarians,https://www.goodreads.com/author/show/8573519.Ruby_Dixon,https://i.gr-assets.com/images/S/compressed.photo.goodreads.com/books/1551411246i/25128811._SX50_.jpg,3.61,221565,5116,55,18,3.9177497785596325,"3,5 a 4,0",Alta
1734,36505403,Boy's Life,Robert McCammon,5244478,https://www.goodreads.com/book/show/36505403-boy-s-life,https://www.goodreads.com/author/show/5244478.Robert_McCammon,https://i.gr-assets.com/images/S/compressed.photo.goodreads.com/books/1509393911i/36505403._SY75_.jpg,4.41,44734,5115,63,18,4.124734285376986,"4,25 a 4,5",Baixa
1735,8705784,"Born at Midnight (Shadow Falls, #1)",C.C. Hunter,4154802,https://www.goodreads.com/book/show/8705784-born-at-midnight,https://www.goodreads.com/author/show/4154802.C_C_Hunter,https://i.gr-assets.com/images/S/compressed.photo.goodreads.com/books/1546092698i/8705784._SX50_.jpg,4.1,95532,5114,68,18,4.093654145720596,"4,0 a 4,25",Média
1736,56563852,"The Wolf Den (Wolf Den Trilogy, #1)",Elodie Harper,15284720,https://www.goodreads.com/book/show/56563852-the-wolf-den,https://www.goodreads.com/author/show/15284720.Elodie_Harper,https://i.gr-assets.com/images/S/compressed.photo.goodreads.com/books/1609859848i/56563852._SY75_.jpg,4.01,53017,5108,55,18,4.082302311592437,"4,0 a 4,25",Média
1737,210989710,"Lessons In Faking (Hall Beck University, #1)",Selina Mae,49068005,https://www.goodreads.com/book/show/210989710-lessons-in-faking,https://www.goodreads.com/author/show/49068005.Selina_Mae,https://i.gr-assets.com/images/S/compressed.photo.goodreads.com/books/1712468248i/210989710._SY75_.jpg,3.75,10072,5101,54,18,4.083514574929375,"3,5 a 4,0",Baixa
1738,23754,"The Sandman, Vol. 1: Preludes & Nocturnes",Neil Gaiman,1221698,https://www.goodreads.com/book/show/23754.The_Sandman_Vol_1,https://www.goodreads.com/author/show/1221698.Neil_Gaiman,https://i.gr-assets.com/images/S/compressed.photo.goodreads.com/books/1411609637i/23754._SY75_.jpg,4.25,276453,5099,73,18,4.1574951849221105,"4,0 a 4,25",Alta
1738,50706476,Dearly,Margaret Atwood,3472,https://www.goodreads.com/book/show/50706476-dearly,https://www.goodreads.com/author/show/3472.Margaret_Atwood,https://i.gr-assets.com/images/S/compressed.photo.goodreads.com/books/1580793100i/50706476._SY75_.jpg,3.75,17139,5099,54,18,4.077740852562866,"3,5 a 4,0",Baixa
1740,26156140,Hitman Anders and the Meaning of It All,Jonas Jonasson,3222554,https://www.goodreads.com/book/show/26156140-hitman-anders-and-the-meaning-of-it-all,https://www.goodreads.com/author/show/3222554.Jonas_Jonasson,https://i.gr-assets.com/images/S/compressed.photo.goodreads.com/books/1458276801i/26156140._SY75_.jpg,3.42,21931,5096,53,18,4.056415153801314,"Até 3,5",Baixa
1741,25300956,"Royal Assassin (Farseer Trilogy, #2)",Robin Hobb,25307,https://www.goodreads.com/book/show/25300956-royal-assassin,https://www.goodreads.com/author/show/25307.Robin_Hobb,https://i.gr-assets.com/images/S/compressed.photo.goodreads.com/books/1428234219i/25300956._SY75_.jpg,4.3,266798,5095,62,18,4.176414729002875,"4,25 a 4,5",Alta
1742,59717828,The Sacred Well Murders (Mary Wandwalker #1),Susan  Rowland,22156343,https://www.goodreads.com/book/show/59717828-the-sacred-well-murders,https://www.goodreads.com/author/show/22156343.Susan_Rowland,https://i.gr-assets.com/images/S/compressed.photo.goodreads.com/books/1638160080i/59717828._SY75_.jpg,4.27,7684,5094,57,18,4.095531968154155,"4,25 a 4,5",Baixa
1743,51019,Cat's Eye,Margaret Atwood,3472,https://www.goodreads.com/book/show/51019.Cat_s_Eye,https://www.goodreads.com/author/show/3472.Margaret_Atwood,https://i.gr-assets.com/images/S/compressed.photo.goodreads.com/books/1385207977i/51019._SY75_.jpg,3.95,74710,5089,75,18,4.069311383701802,"3,5 a 4,0",Média
1744,39963,"A Long Way from Chicago (A Long Way from Chicago, #1)",Richard Peck,22414,https://www.goodreads.com/book/show/39963.A_Long_Way_from_Chicago,https://www.goodreads.com/author/show/22414.Richard_Peck,https://i.gr-assets.com/images/S/compressed.photo.goodreads.com/books/1388195985i/39963._SX50_.jpg,3.98,36364,5088,54,18,4.082566978300704,"3,5 a 4,0",Baixa
1745,44890081,My Dark Vanessa,Kate Elizabeth Russell,18692517,https://www.goodreads.com/book/show/44890081-my-dark-vanessa,https://www.goodreads.com/author/show/18692517.Kate_Elizabeth_Russell,https://i.gr-assets.com/images/S/compressed.photo.goodreads.com/books/1583447793i/44890081._SY75_.jpg,4.09,450786,5076,56,18,4.090977392084912,"4,0 a 4,25",Muito alta
1746,32811580,"UNSUB (UNSUB, #1)",Meg Gardiner,61237,https://www.goodreads.com/book/show/32811580-unsub,https://www.goodreads.com/author/show/61237.Meg_Gardiner,https://i.gr-assets.com/images/S/compressed.photo.goodreads.com/books/1477844218i/32811580._SY75_.jpg,4.05,18025,5073,54,18,4.09024891827602,"4,0 a 4,25",Baixa
1747,24830,The Illustrated Man,Ray Bradbury,1630,https://www.goodreads.com/book/show/24830.The_Illustrated_Man,https://www.goodreads.com/author/show/1630.Ray_Bradbury,https://i.gr-assets.com/images/S/compressed.photo.goodreads.com/books/1374049820i/24830._SY75_.jpg,4.13,110783,5071,74,18,4.100469283541599,"4,0 a 4,25",Média
1748,7933292,Heaven is for Real: A Little Boy's Astounding Story of His Trip to Heaven and Back,Todd Burpo,3446736,https://www.goodreads.com/book/show/7933292-heaven-is-for-real,https://www.goodreads.com/author/show/3446736.Todd_Burpo,https://i.gr-assets.com/images/S/compressed.photo.goodreads.com/books/1348467278i/7933292._SY75_.jpg,4.04,342617,5069,70,18,4.067772841606779,"4,0 a 4,25",Alta
1749,58159316,"Glow (The Plated Prisoner, #4)",Raven Kennedy,18343962,https://www.goodreads.com/book/show/58159316-glow,https://www.goodreads.com/author/show/18343962.Raven_Kennedy,https://i.gr-assets.com/images/S/compressed.photo.goodreads.com/books/1641240565i/58159316._SY75_.jpg,4.11,232151,5068,53,18,4.0987701788267366,"4,0 a 4,25",Alta
1750,238227093,Grow Together: 50 Planting Partnerships to Boost Your Harvests,Charles Dowding,23189884,https://www.goodreads.com/book/show/238227093-grow-together,https://www.goodreads.com/author/show/23189884.Charles_Dowding,https://i.gr-assets.com/images/S/compressed.photo.goodreads.com/books/1764137079i/238227093._SX50_.jpg,4.34,1723,5064,59,18,4.093191374568089,"4,25 a 4,5",Baixa
1751,38525405,The League: How Five Rivals Created the NFL and Launched a Sports Empire,John Eisenberg,64159,https://www.goodreads.com/book/show/38525405-the-league,https://www.goodreads.com/author/show/64159.John_Eisenberg,https://i.gr-assets.com/images/S/compressed.photo.goodreads.com/books/1519286908i/38525405._SY75_.jpg,4.16,2310,5061,54,18,4.092502686954384,"4,0 a 4,25",Baixa
1752,30201299,El Diablo,M.  Robinson,7233168,https://www.goodreads.com/book/show/30201299-el-diablo,https://www.goodreads.com/author/show/7233168.M_Robinson,https://i.gr-assets.com/images/S/compressed.photo.goodreads.com/books/1471381836i/30201299._SY75_.jpg,3.97,13245,5056,51,18,4.088104087849958,"3,5 a 4,0",Baixa
1753,38401,Company,Max Barry,18741,https://www.goodreads.com/book/show/38401.Company,https://www.goodreads.com/author/show/18741.Max_Barry,https://i.gr-assets.com/images/S/compressed.photo.goodreads.com/books/1388200175i/38401._SY75_.jpg,3.75,7177,5055,53,18,4.085938946318057,"3,5 a 4,0",Baixa
1754,40881621,The Book of Disquiet: The Complete Edition,Fernando Pessoa,7816,https://www.goodreads.com/book/show/40881621-the-book-of-disquiet,https://www.goodreads.com/author/show/7816.Fernando_Pessoa,https://i.gr-assets.com/images/S/compressed.photo.goodreads.com/books/1591219012i/40881621._SX50_.jpg,4.38,40068,5054,57,18,4.118859074502709,"4,25 a 4,5",Baixa
1755,36348525,Severance,Ling  Ma,17343848,https://www.goodreads.com/book/show/36348525-severance,https://www.goodreads.com/author/show/17343848.Ling_Ma,https://i.gr-assets.com/images/S/compressed.photo.goodreads.com/books/1507060524i/36348525._SY75_.jpg,3.87,140158,5048,53,18,4.03350576628305,"3,5 a 4,0",Média
1756,233649,"The Great Hunt (The Wheel of Time, #2)",Robert Jordan,6252,https://www.goodreads.com/book/show/233649.The_Great_Hunt,https://www.goodreads.com/author/show/6252.Robert_Jordan,https://i.gr-assets.com/images/S/compressed.photo.goodreads.com/books/1659905799i/233649._SY75_.jpg,4.27,366878,5043,70,18,4.178211758091058,"4,25 a 4,5",Alta
1757,40381392,"Finale (Caraval, #3)",Stephanie Garber,14137787,https://www.goodreads.com/book/show/40381392-finale,https://www.goodreads.com/author/show/14137787.Stephanie_Garber,https://i.gr-assets.com/images/S/compressed.photo.goodreads.com/books/1540221721i/40381392._SY75_.jpg,4.12,427180,5038,58,18,4.106667344606227,"4,0 a 4,25",Muito alta
1758,27237358,Making Faces,Amy Harmon,5829056,https://www.goodreads.com/book/show/27237358-making-faces,https://www.goodreads.com/author/show/5829056.Amy_Harmon,https://i.gr-assets.com/images/S/compressed.photo.goodreads.com/books/1445292235i/27237358._SX50_.jpg,4.29,82504,5037,58,18,4.126579796748101,"4,25 a 4,5",Média
1759,213066340,Morsels,Abe Moss,19124282,https://www.goodreads.com/book/show/213066340-morsels,https://www.goodreads.com/author/show/19124282.Abe_Moss,https://i.gr-assets.com/images/S/compressed.photo.goodreads.com/books/1715180312i/213066340._SY75_.jpg,3.6,5651,5036,53,18,4.085094528980854,"3,5 a 4,0",Baixa
1760,43483262,"Love is the Answer, God is the Cure: A True Story of Abuse, Betrayal and Unconditional Love",Aimee Cabo Nikolov,18294819,https://www.goodreads.com/book/show/43483262-love-is-the-answer-god-is-the-cure,https://www.goodreads.com/author/show/18294819.Aimee_Cabo_Nikolov,https://i.gr-assets.com/images/S/compressed.photo.goodreads.com/books/1547961493i/43483262._SX50_.jpg,4.3,17056,5034,57,18,4.10079195612255,"4,25 a 4,5",Baixa
1761,76705490,"Crown of Midnight (Throne of Glass, #2)",Sarah J. Maas,3433047,https://www.goodreads.com/book/show/76705490-crown-of-midnight,https://www.goodreads.com/author/show/3433047.Sarah_J_Maas,https://i.gr-assets.com/images/S/compressed.photo.goodreads.com/books/1673566594i/76705490._SY75_.jpg,4.36,1981811,5029,57,18,4.315847556635485,"4,25 a 4,5",Muito alta
1762,56034,The French Lieutenant’s Woman,John Fowles,10039,https://www.goodreads.com/book/show/56034.The_French_Lieutenant_s_Woman,https://www.goodreads.com/author/show/10039.John_Fowles,https://i.gr-assets.com/images/S/compressed.photo.goodreads.com/books/1466630905i/56034._SY75_.jpg,3.89,56542,5027,81,18,4.066574992888543,"3,5 a 4,0",Média
1763,201535408,Dark Voyage Matters of the Mind (The Children of the Gods #78),I.T. Lucas,14137742,https://www.goodreads.com/book/show/201535408-dark-voyage-matters-of-the-mind,https://www.goodreads.com/author/show/14137742.I_T_Lucas,https://i.gr-assets.com/images/S/compressed.photo.goodreads.com/books/1699058577i/201535408._SY75_.jpg,4.58,2843,5017,52,18,4.095625210203751,"Acima de 4,5",Baixa
1764,195945776,Ankle Snatcher,Grady Hendrix,4826394,https://www.goodreads.com/book/show/195945776-ankle-snatcher,https://www.goodreads.com/author/show/4826394.Grady_Hendrix,https://i.gr-assets.com/images/S/compressed.photo.goodreads.com/books/1693698091i/195945776._SX50_.jpg,3.68,31171,5013,53,18,4.061682115936761,"3,5 a 4,0",Baixa
1765,153680369,Joey and His Friend Water,Ellen J. Lewinberg,36310589,https://www.goodreads.com/book/show/153680369-joey-and-his-friend-water,https://www.goodreads.com/author/show/36310589.Ellen_J_Lewinberg,https://i.gr-assets.com/images/S/compressed.photo.goodreads.com/books/1684205141i/153680369._SX50_.jpg,4.3,5287,5010,53,18,4.094877046374232,"4,25 a 4,5",Baixa
1766,22733616,"Neverseen (Keeper of the Lost Cities, #4)",Shannon Messenger,5265998,https://www.goodreads.com/book/show/22733616-neverseen,https://www.goodreads.com/author/show/5265998.Shannon_Messenger,https://i.gr-assets.com/images/S/compressed.photo.goodreads.com/books/1422383369i/22733616._SX50_.jpg,4.55,64307,5009,57,18,4.156765199322995,"Acima de 4,5",Média
1767,78129,"Killing Floor (Jack Reacher, #1)",Lee Child,5091,https://www.goodreads.com/book/show/78129.Killing_Floor,https://www.goodreads.com/author/show/5091.Lee_Child,https://i.gr-assets.com/images/S/compressed.photo.goodreads.com/books/1399313258i/78129._SY75_.jpg,4.08,360717,5002,70,18,4.086296429322913,"4,0 a 4,25",Alta
1767,20342617,Just Mercy,Bryan Stevenson,4396806,https://www.goodreads.com/book/show/20342617-just-mercy,https://www.goodreads.com/author/show/4396806.Bryan_Stevenson,https://i.gr-assets.com/images/S/compressed.photo.goodreads.com/books/1635827409i/20342617._SY75_.jpg,4.62,272004,5002,56,18,4.3086522219037615,"Acima de 4,5",Alta
1769,6426026,The Financial Lives of the Poets,Jess Walter,12667,https://www.goodreads.com/book/show/6426026-the-financial-lives-of-the-poets,https://www.goodreads.com/author/show/12667.Jess_Walter,https://i.gr-assets.com/images/S/compressed.photo.goodreads.com/books/1331317628i/6426026._SY75_.jpg,3.72,11824,4998,53,18,4.081183906116768,"3,5 a 4,0",Baixa
1770,249299879,Wings Against The Wind,JoDee Neathery,17002940,https://www.goodreads.com/book/show/249299879-wings-against-the-wind,https://www.goodreads.com/author/show/17002940.JoDee_Neathery,https://i.gr-assets.com/images/S/compressed.photo.goodreads.com/books/1772666696i/249299879._SY75_.jpg,4.4,1034,4997,57,18,4.092915916572891,"4,25 a 4,5",Baixa
1771,53457092,"Six Crimson Cranes (Six Crimson Cranes, #1)",Elizabeth Lim,6926374,https://www.goodreads.com/book/show/53457092-six-crimson-cranes,https://www.goodreads.com/author/show/6926374.Elizabeth_Lim,https://i.gr-assets.com/images/S/compressed.photo.goodreads.com/books/1603387427i/53457092._SY75_.jpg,4.17,110196,4996,54,18,4.109227929278587,"4,0 a 4,25",Média
1772,201627017,"Angel of Vengeance (Pendergast, #22)",Douglas Preston,12577,https://www.goodreads.com/book/show/201627017-angel-of-vengeance,https://www.goodreads.com/author/show/12577.Douglas_Preston,https://i.gr-assets.com/images/S/compressed.photo.goodreads.com/books/1700218086i/201627017._SY75_.jpg,4.3,13415,4995,53,18,4.0989988186476625,"4,25 a 4,5",Baixa
1773,608474,"The Sign of Four (Sherlock Holmes, #2)",Arthur Conan Doyle,2448,https://www.goodreads.com/book/show/608474.The_Sign_of_Four,https://www.goodreads.com/author/show/2448.Arthur_Conan_Doyle,https://i.gr-assets.com/images/S/compressed.photo.goodreads.com/books/1739306203i/608474._SY75_.jpg,3.88,185755,4994,65,18,4.023801405162561,"3,5 a 4,0",Alta
1774,36510196,"Old Man's War (Old Man's War, #1)",John Scalzi,4763,https://www.goodreads.com/book/show/36510196-old-man-s-war,https://www.goodreads.com/author/show/4763.John_Scalzi,https://i.gr-assets.com/images/S/compressed.photo.goodreads.com/books/1509467059i/36510196._SY75_.jpg,4.23,233976,4985,63,18,4.143722280253753,"4,0 a 4,25",Alta
1775,23164983,"Hollow City (Miss Peregrine's Peculiar Children, #2)",Ransom Riggs,3046613,https://www.goodreads.com/book/show/23164983-hollow-city,https://www.goodreads.com/author/show/3046613.Ransom_Riggs,https://i.gr-assets.com/images/S/compressed.photo.goodreads.com/books/1662568423i/23164983._SY75_.jpg,4.07,256429,4980,66,18,4.0833502992009,"4,0 a 4,25",Alta
1776,98048,The Passion of Artemisia,Susan Vreeland,11075,https://www.goodreads.com/book/show/98048.The_Passion_of_Artemisia,https://www.goodreads.com/author/show/11075.Susan_Vreeland,https://i.gr-assets.com/images/S/compressed.photo.goodreads.com/books/1311648181i/98048._SY75_.jpg,3.91,20644,4973,53,18,4.082973251906765,"3,5 a 4,0",Baixa
1777,18693763,Everything I Never Told You,Celeste Ng,164692,https://www.goodreads.com/book/show/18693763-everything-i-never-told-you,https://www.goodreads.com/author/show/164692.Celeste_Ng,https://i.gr-assets.com/images/S/compressed.photo.goodreads.com/books/1386795198i/18693763._SY75_.jpg,3.83,626918,4971,59,18,3.9306915076251325,"3,5 a 4,0",Muito alta
1778,61085357,Homo Cosmicus 2: Titan: A Science Fiction Novel,Todor Bombov,6899673,https://www.goodreads.com/book/show/61085357-homo-cosmicus-2,https://www.goodreads.com/author/show/6899673.Todor_Bombov,https://i.gr-assets.com/images/S/compressed.photo.goodreads.com/books/1652446489i/61085357._SY75_.jpg,4.38,1747,4964,57,18,4.093384343132581,"4,25 a 4,5",Baixa
1779,22544764,Uprooted,Naomi Novik,8730,https://www.goodreads.com/book/show/22544764-uprooted,https://www.goodreads.com/author/show/8730.Naomi_Novik,https://i.gr-assets.com/images/S/compressed.photo.goodreads.com/books/1550135418i/22544764._SX50_.jpg,4.01,273468,4961,57,18,4.058317439312014,"4,0 a 4,25",Alta
1780,212084499,The Instrumentalist,Harriet Constable,45302170,https://www.goodreads.com/book/show/212084499-the-instrumentalist,https://www.goodreads.com/author/show/45302170.Harriet_Constable,https://i.gr-assets.com/images/S/compressed.photo.goodreads.com/books/1713960328i/212084499._SY75_.jpg,4.1,12947,4960,53,18,4.092357025966657,"4,0 a 4,25",Baixa
1781,352724,Games of Command,Linnea Sinclair,202269,https://www.goodreads.com/book/show/352724.Games_of_Command,https://www.goodreads.com/author/show/202269.Linnea_Sinclair,https://i.gr-assets.com/images/S/compressed.photo.goodreads.com/books/1347389713i/352724._SY75_.jpg,4.04,3460,4957,52,18,4.091647064081466,"4,0 a 4,25",Baixa
1782,7778981,"Halo (Halo, #1)",Alexandra Adornetto,696372,https://www.goodreads.com/book/show/7778981-halo,https://www.goodreads.com/author/show/696372.Alexandra_Adornetto,https://i.gr-assets.com/images/S/compressed.photo.goodreads.com/books/1278885735i/7778981._SX50_.jpg,3.67,71299,4955,71,18,4.027015524356332,"3,5 a 4,0",Média
1783,113304,The Thief Lord,Cornelia Funke,15873,https://www.goodreads.com/book/show/113304.The_Thief_Lord,https://www.goodreads.com/author/show/15873.Cornelia_Funke,https://i.gr-assets.com/images/S/compressed.photo.goodreads.com/books/1327960342i/113304._SY75_.jpg,3.99,103778,4954,69,18,4.070691528437155,"3,5 a 4,0",Média
1784,15835031,"If He Had Been With Me (If He Had Been with Me, #1)",Laura Nowlin,6472187,https://www.goodreads.com/book/show/15835031-if-he-had-been-with-me,https://www.goodreads.com/author/show/6472187.Laura_Nowlin,https://i.gr-assets.com/images/S/compressed.photo.goodreads.com/books/1348497394i/15835031._SX50_.jpg,3.78,633953,4953,54,18,3.8990769244407804,"3,5 a 4,0",Muito alta
1785,76527,"The Life and Opinions of Tristram Shandy, Gentleman",Laurence Sterne,22796,https://www.goodreads.com/book/show/76527.The_Life_and_Opinions_of_Tristram_Shandy_Gentleman,https://www.goodreads.com/author/show/22796.Laurence_Sterne,https://i.gr-assets.com/images/S/compressed.photo.goodreads.com/books/1403402384i/76527._SY75_.jpg,3.72,23385,4952,66,18,4.071109136033557,"3,5 a 4,0",Baixa
1786,20758105,"Monsters of Men (Chaos Walking, #3)",Patrick Ness,370361,https://www.goodreads.com/book/show/20758105-monsters-of-men,https://www.goodreads.com/author/show/370361.Patrick_Ness,https://i.gr-assets.com/images/S/compressed.photo.goodreads.com/books/1534502935i/20758105._SY75_.jpg,4.22,91891,4941,57,18,4.116437703443317,"4,0 a 4,25",Média
1787,1412138,"Iron Kissed (Mercy Thompson, #3)",Patricia Briggs,40563,https://www.goodreads.com/book/show/1412138.Iron_Kissed,https://www.goodreads.com/author/show/40563.Patricia_Briggs,https://i.gr-assets.com/images/S/compressed.photo.goodreads.com/books/1358229529i/1412138._SY75_.jpg,4.34,133021,4940,70,18,4.155021885345737,"4,25 a 4,5",Média
1788,331920,Flipped,Wendelin Van Draanen,12950,https://www.goodreads.com/book/show/331920.Flipped,https://www.goodreads.com/author/show/12950.Wendelin_Van_Draanen,https://i.gr-assets.com/images/S/compressed.photo.goodreads.com/books/1388554293i/331920._SY75_.jpg,4.0,129578,4931,64,18,4.069181784418297,"3,5 a 4,0",Média
1788,20804235,The Mark and the Void,Paul Murray,4408937,https://www.goodreads.com/book/show/20804235-the-mark-and-the-void,https://www.goodreads.com/author/show/4408937.Paul_Murray,https://i.gr-assets.com/images/S/compressed.photo.goodreads.com/books/1430417203i/20804235._SY75_.jpg,3.7,3724,4931,52,18,4.088405474853077,"3,5 a 4,0",Baixa
1790,72199,"Off Armageddon Reef (Safehold, #1)",David  Weber,10517,https://www.goodreads.com/book/show/72199.Off_Armageddon_Reef,https://www.goodreads.com/author/show/10517.David_Weber,https://i.gr-assets.com/images/S/compressed.photo.goodreads.com/books/1442716667i/72199._SY75_.jpg,4.14,13349,4929,52,18,4.09368490176106,"4,0 a 4,25",Baixa
1790,34928902,Huế  1968: A Turning Point of the American War in Vietnam,Mark Bowden,3098,https://www.goodreads.com/book/show/34928902-hu-1968,https://www.goodreads.com/author/show/3098.Mark_Bowden,https://i.gr-assets.com/images/S/compressed.photo.goodreads.com/books/1493242739i/34928902._SY75_.jpg,4.33,8575,4929,53,18,4.0972082883781855,"4,25 a 4,5",Baixa
1792,38210,The Art of Happiness,Dalai Lama XIV,570218,https://www.goodreads.com/book/show/38210.The_Art_of_Happiness,https://www.goodreads.com/author/show/570218.Dalai_Lama_XIV,https://i.gr-assets.com/images/S/compressed.photo.goodreads.com/books/1309287434i/38210._SX50_.jpg,4.17,127680,4927,74,18,4.11127615456258,"4,0 a 4,25",Média
1793,209439446,"Onyx Storm (The Empyrean, #3)",Rebecca Yarros,7539785,https://www.goodreads.com/book/show/209439446-onyx-storm,https://www.goodreads.com/author/show/7539785.Rebecca_Yarros,https://i.gr-assets.com/images/S/compressed.photo.goodreads.com/books/1766329694i/209439446._SY75_.jpg,4.22,1930956,4920,55,18,4.198459572785831,"4,0 a 4,25",Muito alta
1794,157265081,"The Narrow Road Between Desires (The Kingkiller Chronicle, #0.6)",Patrick Rothfuss,108424,https://www.goodreads.com/book/show/157265081-the-narrow-road-between-desires,https://www.goodreads.com/author/show/108424.Patrick_Rothfuss,https://i.gr-assets.com/images/S/compressed.photo.goodreads.com/books/1716011662i/157265081._SY75_.jpg,4.02,37725,4918,53,18,4.085760513701134,"4,0 a 4,25",Baixa
1795,30186948,Think and Grow Rich,Napoleon Hill,399,https://www.goodreads.com/book/show/30186948-think-and-grow-rich,https://www.goodreads.com/author/show/399.Napoleon_Hill,https://i.gr-assets.com/images/S/compressed.photo.goodreads.com/books/1463241782i/30186948._SY75_.jpg,4.16,394967,4916,60,18,4.126219840204364,"4,0 a 4,25",Muito alta
1796,57021127,Portrait of a Thief,Grace D. Li,21173351,https://www.goodreads.com/book/show/57021127-portrait-of-a-thief,https://www.goodreads.com/author/show/21173351.Grace_D_Li,https://i.gr-assets.com/images/S/compressed.photo.goodreads.com/books/1646584666i/57021127._SY75_.jpg,3.44,33182,4914,53,18,4.041102315482564,"Até 3,5",Baixa
1796,18505792,The Ocean at the End of the Lane,Neil Gaiman,1221698,https://www.goodreads.com/book/show/18505792-the-ocean-at-the-end-of-the-lane,https://www.goodreads.com/author/show/1221698.Neil_Gaiman,https://i.gr-assets.com/images/S/compressed.photo.goodreads.com/books/1497098493i/18505792._SY75_.jpg,4.01,666313,4914,52,18,4.040366449487714,"4,0 a 4,25",Muito alta
1798,4796,The Winter of Our Discontent,John Steinbeck,585,https://www.goodreads.com/book/show/4796.The_Winter_of_Our_Discontent,https://www.goodreads.com/author/show/585.John_Steinbeck,https://i.gr-assets.com/images/S/compressed.photo.goodreads.com/books/1388197029i/4796._SY75_.jpg,4.01,56324,4910,73,18,4.081767887797346,"4,0 a 4,25",Média
1799,17803,After Dark,Haruki Murakami,3354,https://www.goodreads.com/book/show/17803.After_Dark,https://www.goodreads.com/author/show/3354.Haruki_Murakami,https://i.gr-assets.com/images/S/compressed.photo.goodreads.com/books/1437952316i/17803._SY75_.jpg,3.74,197373,4904,57,18,3.974004960284474,"3,5 a 4,0",Alta
1799,8520610,Quiet: The Power of Introverts in a World That Can't Stop Talking,Susan Cain,4101935,https://www.goodreads.com/book/show/8520610-quiet,https://www.goodreads.com/author/show/4101935.Susan_Cain,https://i.gr-assets.com/images/S/compressed.photo.goodreads.com/books/1328562861i/8520610._SY75_.jpg,4.07,485385,4904,64,18,4.079862848488946,"4,0 a 4,25",Muito alta
1801,42156,"Something Borrowed (Darcy & Rachel, #1)",Emily Giffin,13370,https://www.goodreads.com/book/show/42156.Something_Borrowed,https://www.goodreads.com/author/show/13370.Emily_Giffin,https://i.gr-assets.com/images/S/compressed.photo.goodreads.com/books/1305063535i/42156._SY75_.jpg,3.89,619200,4903,66,19,3.968234672785758,"3,5 a 4,0",Muito alta
1802,1895792,"The Fury / Dark Reunion (The Vampire Diaries, #3-4)",L.J. Smith,50873,https://www.goodreads.com/book/show/1895792.The_Fury_Dark_Reunion,https://www.goodreads.com/author/show/50873.L_J_Smith,https://i.gr-assets.com/images/S/compressed.photo.goodreads.com/books/1347454337i/1895792._SY75_.jpg,3.72,63382,4891,70,19,4.040208226962496,"3,5 a 4,0",Média
1803,3428935,The Warded Man (Demon Cycle #1),Peter V. Brett,1405152,https://www.goodreads.com/book/show/3428935-the-warded-man,https://www.goodreads.com/author/show/1405152.Peter_V_Brett,https://i.gr-assets.com/images/S/compressed.photo.goodreads.com/books/1354571949i/3428935._SY75_.jpg,4.24,134008,4879,55,19,4.129848566357591,"4,0 a 4,25",Média
1804,14554,"If Tomorrow Comes (Tracy Whitney, #1)",Sidney Sheldon,9068,https://www.goodreads.com/book/show/14554.If_Tomorrow_Comes,https://www.goodreads.com/author/show/9068.Sidney_Sheldon,https://i.gr-assets.com/images/S/compressed.photo.goodreads.com/books/1387733550i/14554._SY75_.jpg,4.08,71842,4878,63,19,4.090225553611267,"4,0 a 4,25",Média
1805,28186322,"A Curious Beginning (Veronica Speedwell, #1)",Deanna Raybourn,156327,https://www.goodreads.com/book/show/28186322-a-curious-beginning,https://www.goodreads.com/author/show/156327.Deanna_Raybourn,https://i.gr-assets.com/images/S/compressed.photo.goodreads.com/books/1459724348i/28186322._SX50_.jpg,3.96,62862,4877,53,19,4.073810235757703,"3,5 a 4,0",Média
1806,429138,"River God (Ancient Egypt, #1)",Wilbur Smith,4043,https://www.goodreads.com/book/show/429138.River_God,https://www.goodreads.com/author/show/4043.Wilbur_Smith,https://i.gr-assets.com/images/S/compressed.photo.goodreads.com/books/1388192405i/429138._SY75_.jpg,4.23,45001,4872,63,19,4.106334033465055,"4,0 a 4,25",Baixa
1807,30672,Darkness at Noon,Arthur Koestler,17219,https://www.goodreads.com/book/show/30672.Darkness_at_Noon,https://www.goodreads.com/author/show/17219.Arthur_Koestler,https://i.gr-assets.com/images/S/compressed.photo.goodreads.com/books/1290053535i/30672._SY75_.jpg,4.12,35061,4870,65,19,4.094399155675313,"4,0 a 4,25",Baixa
1808,26252859,"The Hidden Oracle (The Trials of Apollo, #1)",Rick Riordan,15872,https://www.goodreads.com/book/show/26252859-the-hidden-oracle,https://www.goodreads.com/author/show/15872.Rick_Riordan,https://i.gr-assets.com/images/S/compressed.photo.goodreads.com/books/1690967270i/26252859._SY75_.jpg,4.12,241579,4869,62,19,4.102755993878226,"4,0 a 4,25",Alta
1809,12812550,"Days of Blood & Starlight (Daughter of Smoke & Bone, #2)",Laini Taylor,324620,https://www.goodreads.com/book/show/12812550-days-of-blood-starlight,https://www.goodreads.com/author/show/324620.Laini_Taylor,https://i.gr-assets.com/images/S/compressed.photo.goodreads.com/books/1725565030i/12812550._SY75_.jpg,4.13,172842,4866,60,19,4.103719102302576,"4,0 a 4,25",Alta
1810,10790290,"Theft of Swords (The Riyria Revelations, #1-2)",Michael J. Sullivan,2063919,https://www.goodreads.com/book/show/10790290-theft-of-swords,https://www.goodreads.com/author/show/2063919.Michael_J_Sullivan,https://i.gr-assets.com/images/S/compressed.photo.goodreads.com/books/1659900253i/10790290._SX50_.jpg,4.23,79753,4863,52,19,4.115461755657915,"4,0 a 4,25",Média
1811,10611,The Eyes of the Dragon,Stephen  King,3389,https://www.goodreads.com/book/show/10611.The_Eyes_of_the_Dragon,https://www.goodreads.com/author/show/3389.Stephen_King,https://i.gr-assets.com/images/S/compressed.photo.goodreads.com/books/1660526231i/10611._SY75_.jpg,3.94,149491,4857,75,19,4.050040797355763,"3,5 a 4,0",Alta
1812,57213211,"Desert Outcast (Sovereign, #0.5)",Juddy Anderson C. Punzalan,20957761,https://www.goodreads.com/book/show/57213211-desert-outcast,https://www.goodreads.com/author/show/20957761.Juddy_Anderson_C_Punzalan,https://i.gr-assets.com/images/S/compressed.photo.goodreads.com/books/1614332347i/57213211._SY75_.jpg,4.63,322,4856,49,19,4.092546517360954,"Acima de 4,5",Baixa
1813,21611,"The Forever War (The Forever War, #1)",Joe Haldeman,12476,https://www.goodreads.com/book/show/21611.The_Forever_War,https://www.goodreads.com/author/show/12476.Joe_Haldeman,https://i.gr-assets.com/images/S/compressed.photo.goodreads.com/books/1386852511i/21611._SY75_.jpg,4.14,185242,4855,65,19,4.107498760716977,"4,0 a 4,25",Alta
1814,41462526,Gabriel's Fire (The Men of Thorne Enterprises #2),Lotchie Burton,5879348,https://www.goodreads.com/book/show/41462526-gabriel-s-fire,https://www.goodreads.com/author/show/5879348.Lotchie_Burton,https://i.gr-assets.com/images/S/compressed.photo.goodreads.com/books/1535283673i/41462526._SY75_.jpg,4.31,6787,4853,53,19,4.095820964121872,"4,25 a 4,5",Baixa
1815,10439221,"Claimed (Brides of the Kindred, #1)",Evangeline Anderson,240840,https://www.goodreads.com/book/show/10439221-claimed,https://www.goodreads.com/author/show/240840.Evangeline_Anderson,https://i.gr-assets.com/images/S/compressed.photo.goodreads.com/books/1327942833i/10439221._SX50_.jpg,3.78,21351,4851,53,19,4.075946823681736,"3,5 a 4,0",Baixa
1816,69136,"The Book of Lost Things (The Book of Lost Things, #1)",John Connolly,38951,https://www.goodreads.com/book/show/69136.The_Book_of_Lost_Things,https://www.goodreads.com/author/show/38951.John_Connolly,https://i.gr-assets.com/images/S/compressed.photo.goodreads.com/books/1388253367i/69136._SY75_.jpg,3.96,87172,4850,62,19,4.068025163259385,"3,5 a 4,0",Média
1816,34272476,Devotions: The Selected Poems of Mary Oliver,Mary Oliver,23988,https://www.goodreads.com/book/show/34272476-devotions,https://www.goodreads.com/author/show/23988.Mary_Oliver,https://i.gr-assets.com/images/S/compressed.photo.goodreads.com/books/1733400239i/34272476._SY75_.jpg,4.55,34506,4850,51,19,4.129229590437202,"Acima de 4,5",Baixa
1816,42527596,The Twisted Ones,T. Kingfisher,7367300,https://www.goodreads.com/book/show/42527596-the-twisted-ones,https://www.goodreads.com/author/show/7367300.T_Kingfisher,https://i.gr-assets.com/images/S/compressed.photo.goodreads.com/books/1567950921i/42527596._SY75_.jpg,3.62,51896,4850,52,19,4.036795658909863,"3,5 a 4,0",Média
1816,40376072,"Children of Ruin (Children of Time, #2)",Adrian Tchaikovsky,1445909,https://www.goodreads.com/book/show/40376072-children-of-ruin,https://www.goodreads.com/author/show/1445909.Adrian_Tchaikovsky,https://i.gr-assets.com/images/S/compressed.photo.goodreads.com/books/1693752895i/40376072._SY75_.jpg,4.05,69996,4850,52,19,4.0857121973684425,"4,0 a 4,25",Média
1820,762284,Money: A Suicide Note,Martin Amis,11337,https://www.goodreads.com/book/show/762284.Money,https://www.goodreads.com/author/show/11337.Martin_Amis,https://i.gr-assets.com/images/S/compressed.photo.goodreads.com/books/1348943337i/762284._SY75_.jpg,3.7,26535,4849,51,19,4.067189997977806,"3,5 a 4,0",Baixa
1821,40944965,"Binding 13 (Boys of Tommen, #1)",Chloe Walsh,7858234,https://www.goodreads.com/book/show/40944965-binding-13,https://www.goodreads.com/author/show/7858234.Chloe_Walsh,https://i.gr-assets.com/images/S/compressed.photo.goodreads.com/books/1532534949i/40944965._SY75_.jpg,4.44,736529,4847,51,19,4.319341741589234,"4,25 a 4,5",Muito alta
1822,211398166,His Forefathers and Mick,Michael G. Kramer,15015247,https://www.goodreads.com/book/show/211398166-his-forefathers-and-mick,https://www.goodreads.com/author/show/15015247.Michael_G_Kramer,https://i.gr-assets.com/images/S/compressed.photo.goodreads.com/books/1713142473i/211398166._SY75_.jpg,4.31,8668,4843,55,19,4.096828774068712,"4,25 a 4,5",Baixa
1823,21348,Aesop’s Fables,Aesop,12452,https://www.goodreads.com/book/show/21348.Aesop_s_Fables,https://www.goodreads.com/author/show/12452.Aesop,https://i.gr-assets.com/images/S/compressed.photo.goodreads.com/books/1389064715i/21348._SY75_.jpg,4.05,131034,4840,86,19,4.08153725095489,"4,0 a 4,25",Média
1824,5267365,"Don't Judge a Girl by Her Cover (Gallagher Girls, #3)",Ally Carter,56224,https://www.goodreads.com/book/show/5267365-don-t-judge-a-girl-by-her-cover,https://www.goodreads.com/author/show/56224.Ally_Carter,https://i.gr-assets.com/images/S/compressed.photo.goodreads.com/books/1359827132i/5267365._SX50_.jpg,4.2,75505,4838,64,19,4.109564214933696,"4,0 a 4,25",Média
1825,11084145,Steve Jobs,Walter Isaacson,7111,https://www.goodreads.com/book/show/11084145-steve-jobs,https://www.goodreads.com/author/show/7111.Walter_Isaacson,https://i.gr-assets.com/images/S/compressed.photo.goodreads.com/books/1511288482i/11084145._SY75_.jpg,4.16,1391556,4836,57,19,4.145104750812526,"4,0 a 4,25",Muito alta
1825,10194514,"Pushing the Limits (Pushing the Limits, #1)",Katie McGarry,4575371,https://www.goodreads.com/book/show/10194514-pushing-the-limits,https://www.goodreads.com/author/show/4575371.Katie_McGarry,https://i.gr-assets.com/images/S/compressed.photo.goodreads.com/books/1322770025i/10194514._SY75_.jpg,4.04,123162,4836,56,19,4.079625004723937,"4,0 a 4,25",Média
1827,49239093,"The Evening and the Morning (Kingsbridge, #0)",Ken Follett,3447,https://www.goodreads.com/book/show/49239093-the-evening-and-the-morning,https://www.goodreads.com/author/show/3447.Ken_Follett,https://i.gr-assets.com/images/S/compressed.photo.goodreads.com/books/1585140756i/49239093._SY75_.jpg,4.39,140148,4829,54,19,4.170694491587664,"4,25 a 4,5",Média
1828,50663055,Elder Race (Elder Race #1),Adrian Tchaikovsky,1445909,https://www.goodreads.com/book/show/50663055-elder-race,https://www.goodreads.com/author/show/1445909.Adrian_Tchaikovsky,https://i.gr-assets.com/images/S/compressed.photo.goodreads.com/books/1614008015i/50663055._SY75_.jpg,4.08,28196,4828,51,19,4.091290016434252,"4,0 a 4,25",Baixa
1829,40669887,"Cheaper by the Dozen (Cheaper by the Dozen, #1)",Frank B. Gilbreth Jr.,3429453,https://www.goodreads.com/book/show/40669887-cheaper-by-the-dozen,https://www.goodreads.com/author/show/3429453.Frank_B_Gilbreth_Jr_,https://i.gr-assets.com/images/S/compressed.photo.goodreads.com/books/1530288546i/40669887._SY75_.jpg,4.0,45311,4823,85,19,4.08254074784411,"3,5 a 4,0",Baixa
1830,7203997,"Ral's Woman (Zorn Warriors, #1)",Laurann Dohner,3190846,https://www.goodreads.com/book/show/7203997-ral-s-woman,https://www.goodreads.com/author/show/3190846.Laurann_Dohner,https://i.gr-assets.com/images/S/compressed.photo.goodreads.com/books/1259343679i/7203997._SY75_.jpg,3.82,14844,4815,51,19,4.082153604573262,"3,5 a 4,0",Baixa
1831,28449207,"Strange the Dreamer (Strange the Dreamer, #1)",Laini Taylor,324620,https://www.goodreads.com/book/show/28449207-strange-the-dreamer,https://www.goodreads.com/author/show/324620.Laini_Taylor,https://i.gr-assets.com/images/S/compressed.photo.goodreads.com/books/1519915549i/28449207._SY75_.jpg,4.27,139677,4813,53,19,4.138920046665357,"4,25 a 4,5",Média
1832,112537,"Rendezvous with Rama (Rama, #1)",Arthur C. Clarke,7779,https://www.goodreads.com/book/show/112537.Rendezvous_with_Rama,https://www.goodreads.com/author/show/7779.Arthur_C_Clarke,https://i.gr-assets.com/images/S/compressed.photo.goodreads.com/books/1405456427i/112537._SY75_.jpg,4.12,190524,4808,61,19,4.101242263578487,"4,0 a 4,25",Alta
1833,52397,"Parable of the Sower (Earthseed, #1)",Octavia E. Butler,29535,https://www.goodreads.com/book/show/52397.Parable_of_the_Sower,https://www.goodreads.com/author/show/29535.Octavia_E_Butler,https://i.gr-assets.com/images/S/compressed.photo.goodreads.com/books/1442169447i/52397._SY75_.jpg,4.18,297003,4806,56,19,4.130043241680973,"4,0 a 4,25",Alta
1833,6138,The Moonstone,Wilkie Collins,4012,https://www.goodreads.com/book/show/6138.The_Moonstone,https://www.goodreads.com/author/show/4012.Wilkie_Collins,https://i.gr-assets.com/images/S/compressed.photo.goodreads.com/books/1403192382i/6138._SY75_.jpg,3.91,101196,4806,72,19,4.054669373270219,"3,5 a 4,0",Média
1835,318431,Long Walk to Freedom,Nelson Mandela,367338,https://www.goodreads.com/book/show/318431.Long_Walk_to_Freedom,https://www.goodreads.com/author/show/367338.Nelson_Mandela,https://i.gr-assets.com/images/S/compressed.photo.goodreads.com/books/1327997342i/318431._SY75_.jpg,4.36,97049,4805,61,19,4.145366557555651,"4,25 a 4,5",Média
1835,54985743,People We Meet on Vacation,Emily Henry,13905555,https://www.goodreads.com/book/show/54985743-people-we-meet-on-vacation,https://www.goodreads.com/author/show/13905555.Emily_Henry,https://i.gr-assets.com/images/S/compressed.photo.goodreads.com/books/1748450140i/54985743._SY75_.jpg,3.84,1966168,4805,57,19,3.881825463434014,"3,5 a 4,0",Muito alta
1837,42769202,"Starsight (Skyward, #2)",Brandon Sanderson,38550,https://www.goodreads.com/book/show/42769202-starsight,https://www.goodreads.com/author/show/38550.Brandon_Sanderson,https://i.gr-assets.com/images/S/compressed.photo.goodreads.com/books/1569876576i/42769202._SY75_.jpg,4.34,113508,4803,52,19,4.147868578913026,"4,25 a 4,5",Média
1838,10746542,The Sense of an Ending,Julian Barnes,1462,https://www.goodreads.com/book/show/10746542-the-sense-of-an-ending,https://www.goodreads.com/author/show/1462.Julian_Barnes,https://i.gr-assets.com/images/S/compressed.photo.goodreads.com/books/1311704453i/10746542._SY75_.jpg,3.75,199024,4798,60,19,3.976722948591754,"3,5 a 4,0",Alta
1839,42389,"Band of Brothers: E Company, 506th Regiment, 101st Airborne from Normandy to Hitler's Eagle's Nest",Stephen E. Ambrose,5882,https://www.goodreads.com/book/show/42389.Band_of_Brothers,https://www.goodreads.com/author/show/5882.Stephen_E_Ambrose,https://i.gr-assets.com/images/S/compressed.photo.goodreads.com/books/1388247701i/42389._SY75_.jpg,4.44,142801,4795,61,19,4.185158120497658,"4,25 a 4,5",Média
1840,34084,"The Waste Lands (Dark Tower, #3)",Stephen  King,3389,https://www.goodreads.com/book/show/34084.The_Waste_Lands,https://www.goodreads.com/author/show/3389.Stephen_King,https://i.gr-assets.com/images/S/compressed.photo.goodreads.com/books/1532334476i/34084._SY75_.jpg,4.26,255635,4792,68,19,4.1584702419849835,"4,25 a 4,5",Alta
1841,767171,The Rise and Fall of the Third Reich: A History of Nazi Germany,William L. Shirer,13360,https://www.goodreads.com/book/show/767171.The_Rise_and_Fall_of_the_Third_Reich,https://www.goodreads.com/author/show/13360.William_L_Shirer,https://i.gr-assets.com/images/S/compressed.photo.goodreads.com/books/1331223772i/767171._SY75_.jpg,4.23,153052,4789,64,19,4.130890966217343,"4,0 a 4,25",Alta
1841,61182986,"Trials of Conviction (The Firebird Chronicles, #5)",T.A. White,6886477,https://www.goodreads.com/book/show/61182986-trials-of-conviction,https://www.goodreads.com/author/show/6886477.T_A_White,https://i.gr-assets.com/images/S/compressed.photo.goodreads.com/books/1701823244i/61182986._SY75_.jpg,4.5,5558,4789,50,19,4.09781974504004,"4,25 a 4,5",Baixa
1843,14061955,"Siege and Storm (The Shadow and Bone Trilogy, #2)",Leigh Bardugo,4575289,https://www.goodreads.com/book/show/14061955-siege-and-storm,https://www.goodreads.com/author/show/4575289.Leigh_Bardugo,https://i.gr-assets.com/images/S/compressed.photo.goodreads.com/books/1362166252i/14061955._SX50_.jpg,3.8,701793,4787,60,19,3.9045283148195296,"3,5 a 4,0",Muito alta
1844,331319,An American Tragedy,Theodore Dreiser,8987,https://www.goodreads.com/book/show/331319.An_American_Tragedy,https://www.goodreads.com/author/show/8987.Theodore_Dreiser,https://i.gr-assets.com/images/S/compressed.photo.goodreads.com/books/1309283443i/331319._SY75_.jpg,3.97,39414,4786,76,19,4.080924753200823,"3,5 a 4,0",Baixa
1845,13158800,The Light Between Oceans,M.L. Stedman,5755257,https://www.goodreads.com/book/show/13158800-the-light-between-oceans,https://www.goodreads.com/author/show/5755257.M_L_Stedman,https://i.gr-assets.com/images/S/compressed.photo.goodreads.com/books/1336683021i/13158800._SY75_.jpg,4.05,491098,4785,58,19,4.068665223910687,"4,0 a 4,25",Muito alta
1846,95617,"A Voice in the Wind (Mark of the Lion, #1)",Francine Rivers,6492,https://www.goodreads.com/book/show/95617.A_Voice_in_the_Wind,https://www.goodreads.com/author/show/6492.Francine_Rivers,https://i.gr-assets.com/images/S/compressed.photo.goodreads.com/books/1459567327i/95617._SX50_.jpg,4.57,112348,4781,58,19,4.198753967464115,"Acima de 4,5",Média
1847,19117,Fathers and Sons,Ivan Turgenev,410680,https://www.goodreads.com/book/show/19117.Fathers_and_Sons,https://www.goodreads.com/author/show/410680.Ivan_Turgenev,https://i.gr-assets.com/images/S/compressed.photo.goodreads.com/books/1390793535i/19117._SY75_.jpg,4.01,106038,4779,62,19,4.074590792236261,"4,0 a 4,25",Média
1847,53152636,Mexican Gothic,Silvia Moreno-Garcia,4088550,https://www.goodreads.com/book/show/53152636-mexican-gothic,https://www.goodreads.com/author/show/4088550.Silvia_Moreno_Garcia,https://i.gr-assets.com/images/S/compressed.photo.goodreads.com/books/1607462569i/53152636._SY75_.jpg,3.66,465937,4779,53,19,3.85718092933081,"3,5 a 4,0",Muito alta
1849,59448257,Magenta,John Payton Foden,21949591,https://www.goodreads.com/book/show/59448257-magenta,https://www.goodreads.com/author/show/21949591.John_Payton_Foden,https://i.gr-assets.com/images/S/compressed.photo.goodreads.com/books/1635176513i/59448257._SY75_.jpg,4.27,5007,4776,51,19,4.094352807927031,"4,25 a 4,5",Baixa
1850,75609342,From Manchester to the Arctic,Sheena  Billett,22483103,https://www.goodreads.com/book/show/75609342-from-manchester-to-the-arctic,https://www.goodreads.com/author/show/22483103.Sheena_Billett,https://i.gr-assets.com/images/S/compressed.photo.goodreads.com/books/1672998901i/75609342._SY75_.jpg,4.3,5945,4775,51,19,4.095217001411117,"4,25 a 4,5",Baixa
1850,53331565,"The Jigsaw Man (Inspector Anjelica Henley, #1)",Nadine Matheson,8557486,https://www.goodreads.com/book/show/53331565-the-jigsaw-man,https://www.goodreads.com/author/show/8557486.Nadine_Matheson,https://i.gr-assets.com/images/S/compressed.photo.goodreads.com/books/1609726689i/53331565._SY75_.jpg,3.88,20058,4775,51,19,4.08175619884528,"3,5 a 4,0",Baixa
1852,13148,"Kiss the Girls (Alex Cross, #2)",James  Patterson,3780,https://www.goodreads.com/book/show/13148.Kiss_the_Girls,https://www.goodreads.com/author/show/3780.James_Patterson,https://i.gr-assets.com/images/S/compressed.photo.goodreads.com/books/1390010470i/13148._SY75_.jpg,4.01,359424,4772,74,19,4.052783598502208,"4,0 a 4,25",Alta
1853,51966347,"Ruthless Fae (Zodiac Academy, #2)",Caroline Peckham,14342697,https://www.goodreads.com/book/show/51966347-ruthless-fae,https://www.goodreads.com/author/show/14342697.Caroline_Peckham,https://i.gr-assets.com/images/S/compressed.photo.goodreads.com/books/1565943045l/51966347._SX50_SY75_.jpg,4.19,396190,4769,51,19,4.141369663991709,"4,0 a 4,25",Muito alta
1854,15796700,Americanah,Chimamanda Ngozi Adichie,19992417,https://www.goodreads.com/book/show/15796700-americanah,https://www.goodreads.com/author/show/19992417.Chimamanda_Ngozi_Adichie,https://i.gr-assets.com/images/S/compressed.photo.goodreads.com/books/1356654499i/15796700._SX50_.jpg,4.31,426143,4767,57,19,4.2057263159544735,"4,25 a 4,5",Muito alta
1855,32263,"The Surgeon (Rizzoli & Isles, #1)",Tess Gerritsen,18149,https://www.goodreads.com/book/show/32263.The_Surgeon,https://www.goodreads.com/author/show/18149.Tess_Gerritsen,https://i.gr-assets.com/images/S/compressed.photo.goodreads.com/books/1277923728i/32263._SY75_.jpg,4.1,181470,4766,63,19,4.094606637748706,"4,0 a 4,25",Alta
1856,202167720,The Glassmaker,Tracy Chevalier,1973,https://www.goodreads.com/book/show/202167720-the-glassmaker,https://www.goodreads.com/author/show/1973.Tracy_Chevalier,https://i.gr-assets.com/images/S/compressed.photo.goodreads.com/books/1702046796i/202167720._SY75_.jpg,3.93,47270,4762,51,19,4.074623349904158,"3,5 a 4,0",Baixa
1857,30000039,The Lover's Portrait (Zelda Richardson Mystery #1),Jennifer S. Alderson,14784691,https://www.goodreads.com/book/show/30000039-the-lover-s-portrait,https://www.goodreads.com/author/show/14784691.Jennifer_S_Alderson,https://i.gr-assets.com/images/S/compressed.photo.goodreads.com/books/1461614373i/30000039._SY75_.jpg,4.14,1689,4758,50,19,4.092309963784126,"4,0 a 4,25",Baixa
1858,60659597,The Virgins of Venice,Gina Buonaguro,219059,https://www.goodreads.com/book/show/60659597-the-virgins-of-venice,https://www.goodreads.com/author/show/219059.Gina_Buonaguro,https://i.gr-assets.com/images/S/compressed.photo.goodreads.com/books/1664349939i/60659597._SY75_.jpg,4.25,5830,4757,51,19,4.094423246026972,"4,0 a 4,25",Baixa
1859,10626594,The Scorpio Races,Maggie Stiefvater,1330292,https://www.goodreads.com/book/show/10626594-the-scorpio-races,https://www.goodreads.com/author/show/1330292.Maggie_Stiefvater,https://i.gr-assets.com/images/S/compressed.photo.goodreads.com/books/1461209661i/10626594._SY75_.jpg,4.09,114921,4753,59,19,4.091626148324586,"4,0 a 4,25",Média
1859,13497818,The Casual Vacancy,J.K. Rowling,1077326,https://www.goodreads.com/book/show/13497818-the-casual-vacancy,https://www.goodreads.com/author/show/1077326.J_K_Rowling,https://i.gr-assets.com/images/S/compressed.photo.goodreads.com/books/1509893913i/13497818._SY75_.jpg,3.31,339407,4753,61,19,3.7287145080776507,"Até 3,5",Alta
1861,61666,Contact,Carl Sagan,10538,https://www.goodreads.com/book/show/61666.Contact,https://www.goodreads.com/author/show/10538.Carl_Sagan,https://i.gr-assets.com/images/S/compressed.photo.goodreads.com/books/1602082958i/61666._SY75_.jpg,4.15,156236,4750,71,19,4.108630882204865,"4,0 a 4,25",Alta
1862,1166599,"The Gathering Storm (The Wheel of Time, #12)",Robert Jordan,6252,https://www.goodreads.com/book/show/1166599.The_Gathering_Storm,https://www.goodreads.com/author/show/6252.Robert_Jordan,https://i.gr-assets.com/images/S/compressed.photo.goodreads.com/books/1647270090i/1166599._SY75_.jpg,4.44,182785,4749,65,19,4.202914185762088,"4,25 a 4,5",Alta
1863,19351,The Epic of Gilgamesh,Unknown,69411488,https://www.goodreads.com/book/show/19351.The_Epic_of_Gilgamesh,https://www.goodreads.com/author/show/69411488.Unknown,https://i.gr-assets.com/images/S/compressed.photo.goodreads.com/books/1388287904i/19351._SY75_.jpg,3.76,124005,4748,74,19,4.012151183367041,"3,5 a 4,0",Média
1863,214526540,"The Empress: (The Emperor, The Son and The Thief, #4)",Robert         Reid,19011729,https://www.goodreads.com/book/show/214526540-the-empress,https://www.goodreads.com/author/show/19011729.Robert_Reid,https://i.gr-assets.com/images/S/compressed.photo.goodreads.com/books/1718144905i/214526540._SY75_.jpg,4.41,1845,4748,55,19,4.093596694535799,"4,25 a 4,5",Baixa
1865,36630895,"A Lady's Guide to Etiquette and Murder (Countess of Harleigh Mystery, #1)",Dianne Freeman,17347322,https://www.goodreads.com/book/show/36630895-a-lady-s-guide-to-etiquette-and-murder,https://www.goodreads.com/author/show/17347322.Dianne_Freeman,https://i.gr-assets.com/images/S/compressed.photo.goodreads.com/books/1511198988i/36630895._SX50_.jpg,3.82,17498,4745,50,19,4.080450736603408,"3,5 a 4,0",Baixa
1866,14061957,"Ruin and Rising (Shadow and Bone, #3)",Leigh Bardugo,4575289,https://www.goodreads.com/book/show/14061957-ruin-and-rising,https://www.goodreads.com/author/show/4575289.Leigh_Bardugo,https://i.gr-assets.com/images/S/compressed.photo.goodreads.com/books/1392398530i/14061957._SX50_.jpg,3.97,607350,4743,58,19,4.017827577323715,"3,5 a 4,0",Muito alta
1867,35018907,"Semiosis (Semiosis, #1)",Sue Burke,2933334,https://www.goodreads.com/book/show/35018907-semiosis,https://www.goodreads.com/author/show/2933334.Sue_Burke,https://i.gr-assets.com/images/S/compressed.photo.goodreads.com/books/1494613337i/35018907._SY75_.jpg,3.91,16272,4740,50,19,4.084829724110123,"3,5 a 4,0",Baixa
1868,208051245,The Three Witches and The Master,Max Nowaz,14887946,https://www.goodreads.com/book/show/208051245-the-three-witches-and-the-master,https://www.goodreads.com/author/show/14887946.Max_Nowaz,https://i.gr-assets.com/images/S/compressed.photo.goodreads.com/books/1707837803i/208051245._SY75_.jpg,4.3,17784,4739,50,19,4.101146653992549,"4,25 a 4,5",Baixa
1869,58275730,Woman on Fire,Lisa Barr,6428047,https://www.goodreads.com/book/show/58275730-woman-on-fire,https://www.goodreads.com/author/show/6428047.Lisa_Barr,https://i.gr-assets.com/images/S/compressed.photo.goodreads.com/books/1639377419i/58275730._SY75_.jpg,4.0,38137,4730,51,19,4.083920344389298,"3,5 a 4,0",Baixa
1870,49540,Les Liaisons dangereuses,Pierre Choderlos de Laclos,1288026,https://www.goodreads.com/book/show/49540.Les_Liaisons_dangereuses,https://www.goodreads.com/author/show/1288026.Pierre_Choderlos_de_Laclos,https://i.gr-assets.com/images/S/compressed.photo.goodreads.com/books/1298425654i/49540._SY75_.jpg,4.05,60936,4727,68,19,4.08642799497585,"4,0 a 4,25",Média
1871,13260668,"Everblaze (Keeper of the Lost Cities, #3)",Shannon Messenger,5265998,https://www.goodreads.com/book/show/13260668-everblaze,https://www.goodreads.com/author/show/5265998.Shannon_Messenger,https://i.gr-assets.com/images/S/compressed.photo.goodreads.com/books/1397660776i/13260668._SY75_.jpg,4.46,68965,4726,53,19,4.147254922794092,"4,25 a 4,5",Média
1872,36206591,Love and Other Words,Christina Lauren,6556689,https://www.goodreads.com/book/show/36206591-love-and-other-words,https://www.goodreads.com/author/show/6556689.Christina_Lauren,https://i.gr-assets.com/images/S/compressed.photo.goodreads.com/books/1667534514i/36206591._SY75_.jpg,4.19,867717,4725,50,19,4.159585867863205,"4,0 a 4,25",Muito alta
1872,24945396,Bright Dead Things,Ada Limon,291817,https://www.goodreads.com/book/show/24945396-bright-dead-things,https://www.goodreads.com/author/show/291817.Ada_Limon,https://i.gr-assets.com/images/S/compressed.photo.goodreads.com/books/1424307716i/24945396._SY75_.jpg,4.19,15637,4725,50,19,4.095867788897829,"4,0 a 4,25",Baixa
1874,2321296,"Ink Exchange (Wicked Lovely, #2)",Melissa Marr,175855,https://www.goodreads.com/book/show/2321296.Ink_Exchange,https://www.goodreads.com/author/show/175855.Melissa_Marr,https://i.gr-assets.com/images/S/compressed.photo.goodreads.com/books/1275693727i/2321296._SY75_.jpg,3.7,64383,4711,68,19,4.036677345668014,"3,5 a 4,0",Média
1875,44094069,Postcolonial Love Poem,Natalie Díaz,5354524,https://www.goodreads.com/book/show/44094069-postcolonial-love-poem,https://www.goodreads.com/author/show/5354524.Natalie_D_az,https://i.gr-assets.com/images/S/compressed.photo.goodreads.com/books/1566106111i/44094069._SX50_.jpg,4.31,9091,4708,50,19,4.097054105888284,"4,25 a 4,5",Baixa
1876,567704,Imajica,Clive Barker,10366,https://www.goodreads.com/book/show/567704.Imajica,https://www.goodreads.com/author/show/10366.Clive_Barker,https://i.gr-assets.com/images/S/compressed.photo.goodreads.com/books/1333844729i/567704._SX50_.jpg,4.17,24887,4696,57,19,4.096764452047064,"4,0 a 4,25",Baixa
1877,17717,Labyrinths: Selected Stories & Other Writings,Jorge Luis Borges,500,https://www.goodreads.com/book/show/17717.Labyrinths,https://www.goodreads.com/author/show/500.Jorge_Luis_Borges,https://i.gr-assets.com/images/S/compressed.photo.goodreads.com/books/1763908785i/17717._SY75_.jpg,4.44,34578,4693,61,19,4.120365013988318,"4,25 a 4,5",Baixa
1878,227651,"Among the Hidden (Shadow Children, #1)",Margaret Peterson Haddix,14617,https://www.goodreads.com/book/show/227651.Among_the_Hidden,https://www.goodreads.com/author/show/14617.Margaret_Peterson_Haddix,https://i.gr-assets.com/images/S/compressed.photo.goodreads.com/books/1388382796i/227651._SX50_.jpg,3.99,133301,4692,63,19,4.066148548072087,"3,5 a 4,0",Média
1879,193755,The Diving Bell and the Butterfly: A Memoir of Life in Death,Jean-Dominique Bauby,75287,https://www.goodreads.com/book/show/193755.The_Diving_Bell_and_the_Butterfly,https://www.goodreads.com/author/show/75287.Jean_Dominique_Bauby,https://i.gr-assets.com/images/S/compressed.photo.goodreads.com/books/1336930564i/193755._SY75_.jpg,3.97,79330,4686,66,19,4.071512399319106,"3,5 a 4,0",Média
1879,36307634,"King of Scars (King of Scars, #1)",Leigh Bardugo,4575289,https://www.goodreads.com/book/show/36307634-king-of-scars,https://www.goodreads.com/author/show/4575289.Leigh_Bardugo,https://i.gr-assets.com/images/S/compressed.photo.goodreads.com/books/1525110825i/36307634._SY75_.jpg,4.15,239464,4686,56,19,4.114091349421274,"4,0 a 4,25",Alta
1881,60784562,"Antimatter Blues (Mickey7, #2)",Edward Ashton,10864410,https://www.goodreads.com/book/show/60784562-antimatter-blues,https://www.goodreads.com/author/show/10864410.Edward_Ashton,https://i.gr-assets.com/images/S/compressed.photo.goodreads.com/books/1670914748i/60784562._SY75_.jpg,3.96,17493,4682,50,19,4.086447994757372,"3,5 a 4,0",Baixa
1882,58582927,Time Is a Mother,Ocean Vuong,4456871,https://www.goodreads.com/book/show/58582927-time-is-a-mother,https://www.goodreads.com/author/show/4456871.Ocean_Vuong,https://i.gr-assets.com/images/S/compressed.photo.goodreads.com/books/1626846358i/58582927._SY75_.jpg,3.9,39436,4678,50,19,4.0745069765531765,"3,5 a 4,0",Baixa
1883,61827543,"Vera Wong's Unsolicited Advice for Murderers (Vera Wong, #1)",Jesse Q. Sutanto,19278992,https://www.goodreads.com/book/show/61827543-vera-wong-s-unsolicited-advice-for-murderers,https://www.goodreads.com/author/show/19278992.Jesse_Q_Sutanto,https://i.gr-assets.com/images/S/compressed.photo.goodreads.com/books/1671523771i/61827543._SY75_.jpg,4.01,237164,4670,50,19,4.061109530000848,"4,0 a 4,25",Alta
1884,15575,"The Sword of Shannara (The Original Shannara Trilogy, #1)",Terry Brooks,9629,https://www.goodreads.com/book/show/15575.The_Sword_of_Shannara,https://www.goodreads.com/author/show/9629.Terry_Brooks,https://i.gr-assets.com/images/S/compressed.photo.goodreads.com/books/1470063017i/15575._SY75_.jpg,3.77,103192,4666,65,19,4.024856602752226,"3,5 a 4,0",Média
1884,5954,Narcissus and Goldmund,Hermann Hesse,1113469,https://www.goodreads.com/book/show/5954.Narcissus_and_Goldmund,https://www.goodreads.com/author/show/1113469.Hermann_Hesse,https://i.gr-assets.com/images/S/compressed.photo.goodreads.com/books/1374680750i/5954._SY75_.jpg,4.22,76332,4666,59,19,4.112990373921122,"4,0 a 4,25",Média
1886,13260670,"Exile (Keeper of the Lost Cities, #2)",Shannon Messenger,5265998,https://www.goodreads.com/book/show/13260670-exile,https://www.goodreads.com/author/show/5265998.Shannon_Messenger,https://i.gr-assets.com/images/S/compressed.photo.goodreads.com/books/1365178949i/13260670._SX50_.jpg,4.46,79337,4665,53,19,4.154150478798897,"4,25 a 4,5",Média
1887,431,"The New York Trilogy (New York Trilogy, #1-3)",Paul Auster,296961,https://www.goodreads.com/book/show/431.The_New_York_Trilogy,https://www.goodreads.com/author/show/296961.Paul_Auster,https://i.gr-assets.com/images/S/compressed.photo.goodreads.com/books/1386924429i/431._SX50_.jpg,3.86,90159,4661,61,19,4.048619926757921,"3,5 a 4,0",Média
1888,35167685,"""Surely You're Joking, Mr. Feynman!"": Adventures of a Curious Character",Richard P. Feynman,1429989,https://www.goodreads.com/book/show/35167685-surely-you-re-joking-mr-feynman,https://www.goodreads.com/author/show/1429989.Richard_P_Feynman,https://i.gr-assets.com/images/S/compressed.photo.goodreads.com/books/1504936953i/35167685._SX50_.jpg,4.26,223236,4660,58,19,4.153115573355277,"4,25 a 4,5",Alta
1889,221835190,Rage Against the Machine,H. Meadow Hopewell,53251336,https://www.goodreads.com/book/show/221835190-rage-against-the-machine,https://www.goodreads.com/author/show/53251336.H_Meadow_Hopewell,https://i.gr-assets.com/images/S/compressed.photo.goodreads.com/books/1732317577i/221835190._SY75_.jpg,4.4,1482,4648,54,19,4.093266366709527,"4,25 a 4,5",Baixa
1890,407813,"The Blue Sword (Damar, #1)",Robin McKinley,5339,https://www.goodreads.com/book/show/407813.The_Blue_Sword,https://www.goodreads.com/author/show/5339.Robin_McKinley,https://i.gr-assets.com/images/S/compressed.photo.goodreads.com/books/1563198223i/407813._SY75_.jpg,4.2,63608,4646,65,19,4.107197948922202,"4,0 a 4,25",Média
1890,195443798,Alien Clay,Adrian Tchaikovsky,1445909,https://www.goodreads.com/book/show/195443798-alien-clay,https://www.goodreads.com/author/show/1445909.Adrian_Tchaikovsky,https://i.gr-assets.com/images/S/compressed.photo.goodreads.com/books/1693389349i/195443798._SY75_.jpg,3.99,20300,4646,49,19,4.087065574648303,"3,5 a 4,0",Baixa
1892,25322449,Radio Silence,Alice Oseman,7789423,https://www.goodreads.com/book/show/25322449-radio-silence,https://www.goodreads.com/author/show/7789423.Alice_Oseman,https://i.gr-assets.com/images/S/compressed.photo.goodreads.com/books/1448470869i/25322449._SY75_.jpg,4.17,132176,4644,51,19,4.1117807298195395,"4,0 a 4,25",Média
1893,60909831,"Mile High (Windy City, #1)",Liz Tomforde,21779701,https://www.goodreads.com/book/show/60909831-mile-high,https://www.goodreads.com/author/show/21779701.Liz_Tomforde,https://i.gr-assets.com/images/S/compressed.photo.goodreads.com/books/1651354353i/60909831._SX50_.jpg,4.0,680280,4642,50,19,4.033620889507105,"3,5 a 4,0",Muito alta
1894,12716010,"Rapture (Fallen, #4)",Lauren Kate,2905297,https://www.goodreads.com/book/show/12716010-rapture,https://www.goodreads.com/author/show/2905297.Lauren_Kate,https://i.gr-assets.com/images/S/compressed.photo.goodreads.com/books/1362339818i/12716010._SY75_.jpg,3.98,127356,4637,66,19,4.064565217257457,"3,5 a 4,0",Média
1894,48717744,"The Tower of Nero (The Trials of Apollo, #5)",Rick Riordan,15872,https://www.goodreads.com/book/show/48717744-the-tower-of-nero,https://www.goodreads.com/author/show/15872.Rick_Riordan,https://i.gr-assets.com/images/S/compressed.photo.goodreads.com/books/1694946244i/48717744._SY75_.jpg,4.46,92588,4637,53,19,4.162529792131495,"4,25 a 4,5",Média
1894,8462668,The Midwife of Venice (Midwife #1),Roberta Rich,4086369,https://www.goodreads.com/book/show/8462668-the-midwife-of-venice,https://www.goodreads.com/author/show/4086369.Roberta_Rich,https://i.gr-assets.com/images/S/compressed.photo.goodreads.com/books/1391288233i/8462668._SY75_.jpg,3.63,14102,4637,49,19,4.07602091006589,"3,5 a 4,0",Baixa
1897,213753,"Life As We Knew It (Last Survivors, #1)",Susan Beth Pfeffer,1318,https://www.goodreads.com/book/show/213753.Life_As_We_Knew_It,https://www.goodreads.com/author/show/1318.Susan_Beth_Pfeffer,https://i.gr-assets.com/images/S/compressed.photo.goodreads.com/books/1328012816i/213753._SY75_.jpg,3.89,134977,4634,62,19,4.040247732113062,"3,5 a 4,0",Média
1897,211004175,"Murder by Memory (Dorothy Gentleman, #1)",Olivia Waite,4710174,https://www.goodreads.com/book/show/211004175-murder-by-memory,https://www.goodreads.com/author/show/4710174.Olivia_Waite,https://i.gr-assets.com/images/S/compressed.photo.goodreads.com/books/1724325334i/211004175._SY75_.jpg,3.57,14774,4634,49,19,4.073098273207348,"3,5 a 4,0",Baixa
1899,216474926,Just Love Her,Raz Mihal,50992159,https://www.goodreads.com/book/show/216474926-just-love-her,https://www.goodreads.com/author/show/50992159.Raz_Mihal,https://i.gr-assets.com/images/S/compressed.photo.goodreads.com/books/1720970547i/216474926._SY75_.jpg,4.3,5659,4633,50,19,4.0950693783468886,"4,25 a 4,5",Baixa
1900,61215384,"The Return of the King (The Lord of the Rings, #3)",J.R.R. Tolkien,656983,https://www.goodreads.com/book/show/61215384-the-return-of-the-king,https://www.goodreads.com/author/show/656983.J_R_R_Tolkien,https://i.gr-assets.com/images/S/compressed.photo.goodreads.com/books/1654216226i/61215384._SY75_.jpg,4.59,1088469,4631,55,19,4.458394056298546,"Acima de 4,5",Muito alta
1901,12543,Bird by Bird,Anne Lamott,7113,https://www.goodreads.com/book/show/12543.Bird_by_Bird,https://www.goodreads.com/author/show/7113.Anne_Lamott,https://i.gr-assets.com/images/S/compressed.photo.goodreads.com/books/1631772636i/12543._SY75_.jpg,4.24,114999,4626,69,20,4.125711138210924,"4,0 a 4,25",Média
1902,1379961,People of the Book,Geraldine Brooks,211268,https://www.goodreads.com/book/show/1379961.People_of_the_Book,https://www.goodreads.com/author/show/211268.Geraldine_Brooks,https://i.gr-assets.com/images/S/compressed.photo.goodreads.com/books/1442955497i/1379961._SY75_.jpg,4.04,160096,4623,67,20,4.076969758608287,"4,0 a 4,25",Alta
1903,41022009,"Cocaine Blues (Phryne Fisher, #1)",Kerry Greenwood,48067,https://www.goodreads.com/book/show/41022009-cocaine-blues,https://www.goodreads.com/author/show/48067.Kerry_Greenwood,https://i.gr-assets.com/images/S/compressed.photo.goodreads.com/books/1533140530i/41022009._SY75_.jpg,3.84,30768,4618,51,20,4.073716519008294,"3,5 a 4,0",Baixa
1904,67920,Sybil: The Classic True Story of a Woman Possessed by Sixteen Personalities,Flora Rheta Schreiber,38301,https://www.goodreads.com/book/show/67920.Sybil,https://www.goodreads.com/author/show/38301.Flora_Rheta_Schreiber,https://i.gr-assets.com/images/S/compressed.photo.goodreads.com/books/1388372325i/67920._SY75_.jpg,3.99,91414,4606,80,20,4.07275926089973,"3,5 a 4,0",Média
1905,9659607,"The Iron Knight (The Iron Fey, #4)",Julie Kagawa,2995873,https://www.goodreads.com/book/show/9659607-the-iron-knight,https://www.goodreads.com/author/show/2995873.Julie_Kagawa,https://i.gr-assets.com/images/S/compressed.photo.goodreads.com/books/1375920888i/9659607._SY75_.jpg,4.17,88292,4601,58,20,4.106451068397192,"4,0 a 4,25",Média
1905,58275819,Quantum Energetics and Spirituality Volume 1: Aligning with Universal Consciousness,Kenneth Schmitt,21571579,https://www.goodreads.com/book/show/58275819-quantum-energetics-and-spirituality-volume-1,https://www.goodreads.com/author/show/21571579.Kenneth_Schmitt,https://i.gr-assets.com/images/S/compressed.photo.goodreads.com/books/1623024422i/58275819._SY75_.jpg,4.38,1529,4601,50,20,4.093225197280505,"4,25 a 4,5",Baixa
1907,22206,Lullaby,Chuck Palahniuk,2546,https://www.goodreads.com/book/show/22206.Lullaby,https://www.goodreads.com/author/show/2546.Chuck_Palahniuk,https://i.gr-assets.com/images/S/compressed.photo.goodreads.com/books/1327268513i/22206._SY75_.jpg,3.74,105012,4595,60,20,4.017571273512866,"3,5 a 4,0",Média
1908,175678593,Constant Companion: Your Practical Path to Real Interaction with God,Ami Loper,12837526,https://www.goodreads.com/book/show/175678593-constant-companion,https://www.goodreads.com/author/show/12837526.Ami_Loper,https://i.gr-assets.com/images/S/compressed.photo.goodreads.com/books/1706566995i/175678593._SY75_.jpg,4.41,1242,4591,52,20,4.093110382709134,"4,25 a 4,5",Baixa
1909,38787,Pedro Páramo,Juan Rulfo,21778,https://www.goodreads.com/book/show/38787.Pedro_P_ramo,https://www.goodreads.com/author/show/21778.Juan_Rulfo,https://i.gr-assets.com/images/S/compressed.photo.goodreads.com/books/1500663791i/38787._SY75_.jpg,4.05,111123,4588,53,20,4.0827876163768195,"4,0 a 4,25",Média
1910,261122,"The Dead Girls' Dance (The Morganville Vampires, #2)",Rachel Caine,15292,https://www.goodreads.com/book/show/261122.The_Dead_Girls_Dance,https://www.goodreads.com/author/show/15292.Rachel_Caine,https://i.gr-assets.com/images/S/compressed.photo.goodreads.com/books/1388182865i/261122._SY75_.jpg,4.03,60664,4587,70,20,4.083764164161288,"4,0 a 4,25",Média
1911,1609224,The Law,Frédéric Bastiat,89275,https://www.goodreads.com/book/show/1609224.The_Law,https://www.goodreads.com/author/show/89275.Fr_d_ric_Bastiat,https://i.gr-assets.com/images/S/compressed.photo.goodreads.com/books/1185827392i/1609224._SY75_.jpg,4.33,14640,4584,50,20,4.100688223114051,"4,25 a 4,5",Baixa
1912,48464,A Good Man Is Hard to Find and Other Stories,Flannery O'Connor,22694,https://www.goodreads.com/book/show/48464.A_Good_Man_Is_Hard_to_Find_and_Other_Stories,https://www.goodreads.com/author/show/22694.Flannery_O_Connor,https://i.gr-assets.com/images/S/compressed.photo.goodreads.com/books/1388251628i/48464._SY75_.jpg,4.15,51519,4583,70,20,4.098843145297755,"4,0 a 4,25",Média
1912,20758103,"The Ask and the Answer (Chaos Walking, #2)",Patrick Ness,370361,https://www.goodreads.com/book/show/20758103-the-ask-and-the-answer,https://www.goodreads.com/author/show/370361.Patrick_Ness,https://i.gr-assets.com/images/S/compressed.photo.goodreads.com/books/1534502975i/20758103._SY75_.jpg,4.18,103543,4583,52,20,4.110503875719676,"4,0 a 4,25",Média
1914,34494,"The Wee Free Men (Discworld, #30; Tiffany Aching, #1)",Terry Pratchett,1654,https://www.goodreads.com/book/show/34494.The_Wee_Free_Men,https://www.goodreads.com/author/show/1654.Terry_Pratchett,https://i.gr-assets.com/images/S/compressed.photo.goodreads.com/books/1443764106i/34494._SY75_.jpg,4.3,123173,4580,64,20,4.141898822124292,"4,25 a 4,5",Média
1915,412732,The Dharma Bums,Jack Kerouac,1742,https://www.goodreads.com/book/show/412732.The_Dharma_Bums,https://www.goodreads.com/author/show/1742.Jack_Kerouac,https://i.gr-assets.com/images/S/compressed.photo.goodreads.com/books/1428986082i/412732._SY75_.jpg,3.93,103774,4579,61,20,4.0581098219184515,"3,5 a 4,0",Média
1916,58321103,"The Watchers (The Watchers, #1)",A.M. Shine,7396492,https://www.goodreads.com/book/show/58321103-the-watchers,https://www.goodreads.com/author/show/7396492.A_M_Shine,https://i.gr-assets.com/images/S/compressed.photo.goodreads.com/books/1645891367i/58321103._SY75_.jpg,3.87,38583,4578,48,20,4.072159476795518,"3,5 a 4,0",Baixa
1917,42607,As You Like It,William Shakespeare,947,https://www.goodreads.com/book/show/42607.As_You_Like_It,https://www.goodreads.com/author/show/947.William_Shakespeare,https://i.gr-assets.com/images/S/compressed.photo.goodreads.com/books/1561383241i/42607._SY75_.jpg,3.81,91302,4570,80,20,4.038709347293202,"3,5 a 4,0",Média
1918,5345,The Innocent Man: Murder and Injustice in a Small Town,John Grisham,721,https://www.goodreads.com/book/show/5345.The_Innocent_Man,https://www.goodreads.com/author/show/721.John_Grisham,https://i.gr-assets.com/images/S/compressed.photo.goodreads.com/books/1441415135i/5345._SY75_.jpg,3.87,87255,4569,50,20,4.051589184789137,"3,5 a 4,0",Média
1919,517188,The Prime of Miss Jean Brodie,Muriel Spark,13093,https://www.goodreads.com/book/show/517188.The_Prime_of_Miss_Jean_Brodie,https://www.goodreads.com/author/show/13093.Muriel_Spark,https://i.gr-assets.com/images/S/compressed.photo.goodreads.com/books/1752170700i/517188._SY75_.jpg,3.69,63780,4564,75,20,4.035721484867621,"3,5 a 4,0",Média
1920,875108,"The Titian Committee (Jonathan Argyll, #2)",Iain Pears,9833,https://www.goodreads.com/book/show/875108.The_Titian_Committee,https://www.goodreads.com/author/show/9833.Iain_Pears,https://i.gr-assets.com/images/S/compressed.photo.goodreads.com/books/1388265773i/875108._SY75_.jpg,3.71,2207,4562,49,20,4.089959759483991,"3,5 a 4,0",Baixa
1921,127279000,Listen for the Lie,Amy Tintera,5768611,https://www.goodreads.com/book/show/127279000-listen-for-the-lie,https://www.goodreads.com/author/show/5768611.Amy_Tintera,https://i.gr-assets.com/images/S/compressed.photo.goodreads.com/books/1711398419i/127279000._SY75_.jpg,4.06,635365,4561,48,20,4.072231777858693,"4,0 a 4,25",Muito alta
1922,393199,Down and Out in Paris and London,George Orwell,3706,https://www.goodreads.com/book/show/393199.Down_and_Out_in_Paris_and_London,https://www.goodreads.com/author/show/3706.George_Orwell,https://i.gr-assets.com/images/S/compressed.photo.goodreads.com/books/1347697665i/393199._SY75_.jpg,4.09,106264,4560,61,20,4.09165445377276,"4,0 a 4,25",Média
1923,209365797,Dark Horizon the Witching Hour (The Children of the Gods #82),I.T. Lucas,14137742,https://www.goodreads.com/book/show/209365797-dark-horizon-the-witching-hour,https://www.goodreads.com/author/show/14137742.I_T_Lucas,https://i.gr-assets.com/images/S/compressed.photo.goodreads.com/books/1709350632i/209365797._SY75_.jpg,4.51,2566,4555,48,20,4.09482806957761,"Acima de 4,5",Baixa
1924,36454667,"Empire of Silence (The Sun Eater, #1)",Christopher Ruocchio,16917839,https://www.goodreads.com/book/show/36454667-empire-of-silence,https://www.goodreads.com/author/show/16917839.Christopher_Ruocchio,https://i.gr-assets.com/images/S/compressed.photo.goodreads.com/books/1523897945i/36454667._SY75_.jpg,3.93,66893,4552,48,20,4.068426610472762,"3,5 a 4,0",Média
1925,215584417,"Something Will Change Me: Poems of Hope, Healing, and Personal Transformation",Don Hynes,24010064,https://www.goodreads.com/book/show/215584417-something-will-change-me,https://www.goodreads.com/author/show/24010064.Don_Hynes,https://i.gr-assets.com/images/S/compressed.photo.goodreads.com/books/1719603588i/215584417._SX50_.jpg,4.38,1151,4548,52,20,4.092948827824366,"4,25 a 4,5",Baixa
1926,201788158,"Echo Road (Mercy Kilpatrick, #9; Bree Taggert, #8.5)",Kendra Elliot,6150778,https://www.goodreads.com/book/show/201788158-echo-road,https://www.goodreads.com/author/show/6150778.Kendra_Elliot,https://i.gr-assets.com/images/S/compressed.photo.goodreads.com/books/1705344776i/201788158._SY75_.jpg,4.53,21622,4538,48,20,4.115045905068478,"Acima de 4,5",Baixa
1927,13530588,China Blues,Ki Longfellow,286014,https://www.goodreads.com/book/show/13530588-china-blues,https://www.goodreads.com/author/show/286014.Ki_Longfellow,https://i.gr-assets.com/images/S/compressed.photo.goodreads.com/books/1331761341i/13530588._SY75_.jpg,4.13,1638,4535,49,20,4.092262061330151,"4,0 a 4,25",Baixa
1928,78418,"The Reptile Room (A Series of Unfortunate Events, #2)",Lemony Snicket,36746,https://www.goodreads.com/book/show/78418.The_Reptile_Room,https://www.goodreads.com/author/show/36746.Lemony_Snicket,https://i.gr-assets.com/images/S/compressed.photo.goodreads.com/books/1352146294i/78418._SX50_.jpg,4.02,251347,4528,65,20,4.063893630681427,"4,0 a 4,25",Alta
1928,195592817,"Twilight of Embers (Dragons of Ember Hollow, #1)",Tessa Hale,21571282,https://www.goodreads.com/book/show/195592817-twilight-of-embers,https://www.goodreads.com/author/show/21571282.Tessa_Hale,https://i.gr-assets.com/images/S/compressed.photo.goodreads.com/books/1704284123i/195592817._SY75_.jpg,4.04,33443,4528,48,20,4.087999367286282,"4,0 a 4,25",Baixa
1930,1472878,"Firefly Lane (Firefly Lane, #1)",Kristin Hannah,54493,https://www.goodreads.com/book/show/1472878.Firefly_Lane,https://www.goodreads.com/author/show/54493.Kristin_Hannah,https://i.gr-assets.com/images/S/compressed.photo.goodreads.com/books/1362435448i/1472878._SY75_.jpg,4.21,508003,4527,58,20,4.1587179519127115,"4,0 a 4,25",Muito alta
1931,56653002,"Twisted Games (Twisted, #2)",Ana Huang,5758632,https://www.goodreads.com/book/show/56653002-twisted-games,https://www.goodreads.com/author/show/5758632.Ana_Huang,https://i.gr-assets.com/images/S/compressed.photo.goodreads.com/books/1625752847i/56653002._SY75_.jpg,4.07,1156621,4524,51,20,4.075585345431056,"4,0 a 4,25",Muito alta
1931,54814676,Crying in H Mart,Michelle Zauner,18916582,https://www.goodreads.com/book/show/54814676-crying-in-h-mart,https://www.goodreads.com/author/show/18916582.Michelle_Zauner,https://i.gr-assets.com/images/S/compressed.photo.goodreads.com/books/1601937850i/54814676._SX50_.jpg,4.22,646154,4524,52,20,4.1717778751608545,"4,0 a 4,25",Muito alta
1931,57224204,The Seven Moons of Maali Almeida,Shehan Karunatilaka,3960325,https://www.goodreads.com/book/show/57224204-the-seven-moons-of-maali-almeida,https://www.goodreads.com/author/show/3960325.Shehan_Karunatilaka,https://i.gr-assets.com/images/S/compressed.photo.goodreads.com/books/1658847734i/57224204._SY75_.jpg,3.89,64791,4524,47,20,4.0633798681273845,"3,5 a 4,0",Média
1934,247017842,Mob Justice: A Scavenger Hunt Thriller,Chad Boudreaux,22643597,https://www.goodreads.com/book/show/247017842-mob-justice,https://www.goodreads.com/author/show/22643597.Chad_Boudreaux,https://i.gr-assets.com/images/S/compressed.photo.goodreads.com/books/1769199005i/247017842._SX50_.jpg,4.4,1131,4523,52,20,4.092991863191248,"4,25 a 4,5",Baixa
1935,62100609,The Bones at Point No Point (A Thomas Austin Crime Thriller #1),D.D. Black,22591327,https://www.goodreads.com/book/show/62100609-the-bones-at-point-no-point,https://www.goodreads.com/author/show/22591327.D_D_Black,https://i.gr-assets.com/images/S/compressed.photo.goodreads.com/books/1661620171i/62100609._SY75_.jpg,4.22,24433,4519,48,20,4.099624528425353,"4,0 a 4,25",Baixa
1936,270805,"Impulse (Impulse, #1)",Ellen Hopkins,2821144,https://www.goodreads.com/book/show/270805.Impulse,https://www.goodreads.com/author/show/2821144.Ellen_Hopkins,https://i.gr-assets.com/images/S/compressed.photo.goodreads.com/books/1689381440i/270805._SX50_.jpg,4.25,83390,4517,53,20,4.119854809591529,"4,0 a 4,25",Média
1936,39991777,The Bad Seed (The Food Group #1),Jory John,1977410,https://www.goodreads.com/book/show/39991777-the-bad-seed,https://www.goodreads.com/author/show/1977410.Jory_John,https://i.gr-assets.com/images/S/compressed.photo.goodreads.com/books/1525030951i/39991777._SX50_.jpg,4.31,41640,4517,47,20,4.113071770646543,"4,25 a 4,5",Baixa
1938,213779197,"Face Off (D.C. Stars, #1)",Chelsea Curto,20681411,https://www.goodreads.com/book/show/213779197-face-off,https://www.goodreads.com/author/show/20681411.Chelsea_Curto,https://i.gr-assets.com/images/S/compressed.photo.goodreads.com/books/1716408331i/213779197._SY75_.jpg,4.03,137177,4512,48,20,4.075976947613168,"4,0 a 4,25",Média
1939,91203,Three Comrades,Erich Maria Remarque,4116,https://www.goodreads.com/book/show/91203.Three_Comrades,https://www.goodreads.com/author/show/4116.Erich_Maria_Remarque,https://i.gr-assets.com/images/S/compressed.photo.goodreads.com/books/1515771860i/91203._SY75_.jpg,4.48,40854,4511,56,20,4.128792650737178,"4,25 a 4,5",Baixa
1940,7849341,"Tiger's Voyage (The Tiger Saga, #3)",Colleen Houck,3097905,https://www.goodreads.com/book/show/7849341-tiger-s-voyage,https://www.goodreads.com/author/show/3097905.Colleen_Houck,https://i.gr-assets.com/images/S/compressed.photo.goodreads.com/books/1320459742i/7849341._SY75_.jpg,4.27,38526,4505,54,20,4.1080572439748675,"4,25 a 4,5",Baixa
1941,341735,Replay,Ken Grimwood,19651,https://www.goodreads.com/book/show/341735.Replay,https://www.goodreads.com/author/show/19651.Ken_Grimwood,https://i.gr-assets.com/images/S/compressed.photo.goodreads.com/books/1441156728i/341735._SY75_.jpg,4.15,47546,4504,53,20,4.098379775966696,"4,0 a 4,25",Baixa
1941,198327636,"Dangerous Play (Kate Green, #2)",Elise Hart Kipness,23130531,https://www.goodreads.com/book/show/198327636-dangerous-play,https://www.goodreads.com/author/show/23130531.Elise_Hart_Kipness,https://i.gr-assets.com/images/S/compressed.photo.goodreads.com/books/1706200961i/198327636._SY75_.jpg,4.26,3356,4504,48,20,4.0935325154108995,"4,25 a 4,5",Baixa
1943,40940649,I Am Legend,Richard Matheson,8726,https://www.goodreads.com/book/show/40940649-i-am-legend,https://www.goodreads.com/author/show/8726.Richard_Matheson,https://i.gr-assets.com/images/S/compressed.photo.goodreads.com/books/1532484265i/40940649._SX50_.jpg,4.05,160489,4499,58,20,4.079853094550598,"4,0 a 4,25",Alta
1944,44659,"Pawn of Prophecy (The Belgariad, #1)",David Eddings,8732,https://www.goodreads.com/book/show/44659.Pawn_of_Prophecy,https://www.goodreads.com/author/show/8732.David_Eddings,https://i.gr-assets.com/images/S/compressed.photo.goodreads.com/books/1391346857i/44659._SX50_.jpg,4.16,113179,4495,58,20,4.107342974326228,"4,0 a 4,25",Média
1945,13312527,"The Opportunist (Love Me with Lies, #1)",Tarryn Fisher,5410816,https://www.goodreads.com/book/show/13312527-the-opportunist,https://www.goodreads.com/author/show/5410816.Tarryn_Fisher,https://i.gr-assets.com/images/S/compressed.photo.goodreads.com/books/1688393720i/13312527._SY75_.jpg,4.17,55705,4486,49,20,4.101816030162108,"4,0 a 4,25",Média
1946,37380,The Heart Is a Lonely Hunter,Carson McCullers,3506,https://www.goodreads.com/book/show/37380.The_Heart_Is_a_Lonely_Hunter,https://www.goodreads.com/author/show/3506.Carson_McCullers,https://i.gr-assets.com/images/S/compressed.photo.goodreads.com/books/1385265834i/37380._SY75_.jpg,3.99,123975,4482,57,20,4.0675273529088845,"3,5 a 4,0",Média
1947,27252,Pope Joan,Donna Woolfolk Cross,44605,https://www.goodreads.com/book/show/27252.Pope_Joan,https://www.goodreads.com/author/show/44605.Donna_Woolfolk_Cross,https://i.gr-assets.com/images/S/compressed.photo.goodreads.com/books/1386912604i/27252._SY75_.jpg,4.1,75659,4478,58,20,4.093383949830714,"4,0 a 4,25",Média
1948,123257687,"Assistant to the Villain (Assistant to the Villain, #1)",Hannah Nicole Maehrer,29765140,https://www.goodreads.com/book/show/123257687-assistant-to-the-villain,https://www.goodreads.com/author/show/29765140.Hannah_Nicole_Maehrer,https://i.gr-assets.com/images/S/compressed.photo.goodreads.com/books/1702057336i/123257687._SY75_.jpg,3.93,398916,4472,49,20,4.010248119878975,"3,5 a 4,0",Muito alta
1949,23316548,The Book of Negroes,Lawrence Hill,20411,https://www.goodreads.com/book/show/23316548-the-book-of-negroes,https://www.goodreads.com/author/show/20411.Lawrence_Hill,https://i.gr-assets.com/images/S/compressed.photo.goodreads.com/books/1417983381i/23316548._SY75_.jpg,4.47,93193,4470,55,20,4.164825806474127,"4,25 a 4,5",Média
1950,179609,Imperialism: The Highest Stage of Capitalism,Vladimir Lenin,104630,https://www.goodreads.com/book/show/179609.Imperialism,https://www.goodreads.com/author/show/104630.Vladimir_Lenin,https://i.gr-assets.com/images/S/compressed.photo.goodreads.com/books/1431981127i/179609._SY75_.jpg,4.28,11851,4469,48,20,4.09763038380073,"4,25 a 4,5",Baixa
1951,57094295,Termination Shock,Neal Stephenson,545,https://www.goodreads.com/book/show/57094295-termination-shock,https://www.goodreads.com/author/show/545.Neal_Stephenson,https://i.gr-assets.com/images/S/compressed.photo.goodreads.com/books/1621245328i/57094295._SY75_.jpg,3.83,21551,4468,47,20,4.07841478848392,"3,5 a 4,0",Baixa
1952,38743,"All Things Bright and Beautiful (All Creatures Great and Small, #3-4)",James Herriot,18062,https://www.goodreads.com/book/show/38743.All_Things_Bright_and_Beautiful,https://www.goodreads.com/author/show/18062.James_Herriot,https://i.gr-assets.com/images/S/compressed.photo.goodreads.com/books/1388197805i/38743._SX50_.jpg,4.36,84592,4467,73,20,4.139745699954433,"4,25 a 4,5",Média
1953,133430,Centennial,James A. Michener,7995,https://www.goodreads.com/book/show/133430.Centennial,https://www.goodreads.com/author/show/7995.James_A_Michener,https://i.gr-assets.com/images/S/compressed.photo.goodreads.com/books/1348125094i/133430._SY75_.jpg,4.26,45785,4463,66,20,4.109700065518983,"4,25 a 4,5",Baixa
1954,27111181,Paradox Effect: Time Travel and Purified DNA Merge to Halt the Collapse of Human Existence,Gabriel F.W. Koch,16475927,https://www.goodreads.com/book/show/27111181-paradox-effect,https://www.goodreads.com/author/show/16475927.Gabriel_F_W_Koch,https://i.gr-assets.com/images/S/compressed.photo.goodreads.com/books/1444879956i/27111181._SX50_.jpg,4.33,10005,4461,51,20,4.098038265877061,"4,25 a 4,5",Baixa
1955,15750692,"Malice (The Faithful and the Fallen, #1)",John Gwynne,5898355,https://www.goodreads.com/book/show/15750692-malice,https://www.goodreads.com/author/show/5898355.John_Gwynne,https://i.gr-assets.com/images/S/compressed.photo.goodreads.com/books/1342785006i/15750692._SY75_.jpg,4.18,67769,4451,49,20,4.105085643825675,"4,0 a 4,25",Média
1956,56759,The Mayor of Casterbridge,Thomas Hardy,15905,https://www.goodreads.com/book/show/56759.The_Mayor_of_Casterbridge,https://www.goodreads.com/author/show/15905.Thomas_Hardy,https://i.gr-assets.com/images/S/compressed.photo.goodreads.com/books/1388276915i/56759._SY75_.jpg,3.87,67499,4447,76,20,4.059412199073335,"3,5 a 4,0",Média
1957,6174,Survival in Auschwitz,Primo Levi,4187,https://www.goodreads.com/book/show/6174.Survival_in_Auschwitz,https://www.goodreads.com/author/show/4187.Primo_Levi,https://i.gr-assets.com/images/S/compressed.photo.goodreads.com/books/1414374949i/6174._SX50_.jpg,4.35,90531,4445,55,20,4.140582017357342,"4,25 a 4,5",Média
1958,50892433,One by One,Ruth Ware,9013543,https://www.goodreads.com/book/show/50892433-one-by-one,https://www.goodreads.com/author/show/9013543.Ruth_Ware,https://i.gr-assets.com/images/S/compressed.photo.goodreads.com/books/1587655884i/50892433._SY75_.jpg,3.72,230281,4442,49,20,3.9541996613051897,"3,5 a 4,0",Alta
1959,210323986,The Ghost of Seagull Cottage: Inspired by The Ghost and Mrs Muir (The Guernsey Novels Book 9),Anne  Allen,5830010,https://www.goodreads.com/book/show/210323986-the-ghost-of-seagull-cottage,https://www.goodreads.com/author/show/5830010.Anne_Allen,https://i.gr-assets.com/images/S/compressed.photo.goodreads.com/books/1711303721i/210323986._SY75_.jpg,4.45,761,4440,51,20,4.092799073600504,"4,25 a 4,5",Baixa
1960,264158,The Raven,Edgar Allan Poe,4624490,https://www.goodreads.com/book/show/264158.The_Raven,https://www.goodreads.com/author/show/4624490.Edgar_Allan_Poe,https://i.gr-assets.com/images/S/compressed.photo.goodreads.com/books/1347398489i/264158._SX50_.jpg,4.29,175872,4439,69,20,4.153492476044962,"4,25 a 4,5",Alta
1961,4070493,"Need (Need, #1)",Carrie Jones,345630,https://www.goodreads.com/book/show/4070493-need,https://www.goodreads.com/author/show/345630.Carrie_Jones,https://i.gr-assets.com/images/S/compressed.photo.goodreads.com/books/1436293030i/4070493._SX50_.jpg,3.72,64554,4438,61,20,4.039384575908663,"3,5 a 4,0",Média
1962,35796008,"Dance of Thieves (Dance of Thieves, #1)",Mary E. Pearson,123463,https://www.goodreads.com/book/show/35796008-dance-of-thieves,https://www.goodreads.com/author/show/123463.Mary_E_Pearson,https://i.gr-assets.com/images/S/compressed.photo.goodreads.com/books/1505930101i/35796008._SY75_.jpg,4.09,209340,4435,49,20,4.091370428816792,"4,0 a 4,25",Alta
1963,147311169,[The Flanders Panel] [by: Arturo Perez-Reverte],Arturo Pérez-Reverte,40398,https://www.goodreads.com/book/show/147311169-the-flanders-panel-by,https://www.goodreads.com/author/show/40398.Arturo_P_rez_Reverte,https://i.gr-assets.com/images/S/compressed.photo.goodreads.com/books/1696714735i/147311169._SX50_.jpg,3.79,28763,4434,48,20,4.071407211368515,"3,5 a 4,0",Baixa
1964,22918050,"The Heir (The Selection, #4)",Kiera Cass,2987125,https://www.goodreads.com/book/show/22918050-the-heir,https://www.goodreads.com/author/show/2987125.Kiera_Cass,https://i.gr-assets.com/images/S/compressed.photo.goodreads.com/books/1422993526i/22918050._SY75_.jpg,3.62,414792,4433,56,20,3.849106625578294,"3,5 a 4,0",Muito alta
1964,198712881,"The Reaping (Steinbeck and Reed, #2)",Jess Lourey,11461,https://www.goodreads.com/book/show/198712881-the-reaping,https://www.goodreads.com/author/show/11461.Jess_Lourey,https://i.gr-assets.com/images/S/compressed.photo.goodreads.com/books/1706359993i/198712881._SY75_.jpg,4.06,15933,4433,47,20,4.0908472536812335,"4,0 a 4,25",Baixa
1966,10629,Christine,Stephen  King,3389,https://www.goodreads.com/book/show/10629.Christine,https://www.goodreads.com/author/show/3389.Stephen_King,https://i.gr-assets.com/images/S/compressed.photo.goodreads.com/books/1663053062i/10629._SY75_.jpg,3.86,270288,4431,71,20,3.9972478007132937,"3,5 a 4,0",Alta
1967,13623150,"Destroy Me (Shatter Me, #1.5)",Tahereh Mafi,4637539,https://www.goodreads.com/book/show/13623150-destroy-me,https://www.goodreads.com/author/show/4637539.Tahereh_Mafi,https://i.gr-assets.com/images/S/compressed.photo.goodreads.com/books/1340398466i/13623150._SX50_.jpg,3.93,387586,4429,54,20,4.0114157711216,"3,5 a 4,0",Alta
1968,35158801,The Last Thing She Ever Did,Gregg Olsen,15035,https://www.goodreads.com/book/show/35158801-the-last-thing-she-ever-did,https://www.goodreads.com/author/show/15035.Gregg_Olsen,https://i.gr-assets.com/images/S/compressed.photo.goodreads.com/books/1511379288i/35158801._SY75_.jpg,4.04,52889,4427,47,20,4.085896981490293,"4,0 a 4,25",Média
1969,33724,Can You Keep a Secret?,Sophie Kinsella,6160,https://www.goodreads.com/book/show/33724.Can_You_Keep_a_Secret_,https://www.goodreads.com/author/show/6160.Sophie_Kinsella,https://i.gr-assets.com/images/S/compressed.photo.goodreads.com/books/1330464293i/33724._SY75_.jpg,3.82,484969,4418,60,20,3.9414709968218133,"3,5 a 4,0",Muito alta
1969,50659471,"A Court of Frost and Starlight (A Court of Thorns and Roses, #4)",Sarah J. Maas,3433047,https://www.goodreads.com/book/show/50659471-a-court-of-frost-and-starlight,https://www.goodreads.com/author/show/3433047.Sarah_J_Maas,https://i.gr-assets.com/images/S/compressed.photo.goodreads.com/books/1585622963i/50659471._SX50_.jpg,3.7,2336375,4418,54,20,3.7562224800156705,"3,5 a 4,0",Muito alta
1971,34993,"The Sum of All Fears (Jack Ryan, #6)",Tom Clancy,3892,https://www.goodreads.com/book/show/34993.The_Sum_of_All_Fears,https://www.goodreads.com/author/show/3892.Tom_Clancy,https://i.gr-assets.com/images/S/compressed.photo.goodreads.com/books/1388250477i/34993._SY75_.jpg,4.09,67974,4417,48,20,4.091792452638819,"4,0 a 4,25",Média
1972,17259690,"The Foxhole Court (All for the Game, #1)",Nora Sakavic,6896843,https://www.goodreads.com/book/show/17259690-the-foxhole-court,https://www.goodreads.com/author/show/6896843.Nora_Sakavic,https://i.gr-assets.com/images/S/compressed.photo.goodreads.com/books/1358594228i/17259690._SX50_.jpg,4.01,113751,4412,47,20,4.073603951015364,"4,0 a 4,25",Média
1973,235004480,The Last Bottle,Marcia Breece,3482702,https://www.goodreads.com/book/show/235004480-the-last-bottle,https://www.goodreads.com/author/show/3482702.Marcia_Breece,https://i.gr-assets.com/images/S/compressed.photo.goodreads.com/books/1748201136i/235004480._SY75_.jpg,4.35,1192,4411,51,20,4.092887669097586,"4,25 a 4,5",Baixa
1974,28381,Dead Souls,Nikolai Gogol,232932,https://www.goodreads.com/book/show/28381.Dead_Souls,https://www.goodreads.com/author/show/232932.Nikolai_Gogol,https://i.gr-assets.com/images/S/compressed.photo.goodreads.com/books/1387201057i/28381._SY75_.jpg,3.97,100433,4407,62,20,4.06715399395846,"3,5 a 4,0",Média
1975,13555073,"The Screaming Staircase (Lockwood & Co., #1)",Jonathan Stroud,33467,https://www.goodreads.com/book/show/13555073-the-screaming-staircase,https://www.goodreads.com/author/show/33467.Jonathan_Stroud,https://i.gr-assets.com/images/S/compressed.photo.goodreads.com/books/1369670906i/13555073._SY75_.jpg,4.25,78414,4404,48,20,4.118475449188729,"4,0 a 4,25",Média
1976,6931356,"The DUFF: Designated Ugly Fat Friend (Hamilton High, #1)",Kody Keplinger,3095919,https://www.goodreads.com/book/show/6931356-the-duff,https://www.goodreads.com/author/show/3095919.Kody_Keplinger,https://i.gr-assets.com/images/S/compressed.photo.goodreads.com/books/1271108843i/6931356._SY75_.jpg,3.79,196720,4402,56,20,3.990998482730755,"3,5 a 4,0",Alta
1977,58410164,"Savage Bonds (The Bonds that Tie, #2)",J. Bree,19311798,https://www.goodreads.com/book/show/58410164-savage-bonds,https://www.goodreads.com/author/show/19311798.J_Bree,https://i.gr-assets.com/images/S/compressed.photo.goodreads.com/books/1631312189i/58410164._SY75_.jpg,4.24,147410,4401,47,20,4.132590023873204,"4,0 a 4,25",Média
1978,13639050,"Gabriel's Rapture (Gabriel's Inferno, #2)",Sylvain Reynard,4562483,https://www.goodreads.com/book/show/13639050-gabriel-s-rapture,https://www.goodreads.com/author/show/4562483.Sylvain_Reynard,https://i.gr-assets.com/images/S/compressed.photo.goodreads.com/books/1343962380i/13639050._SX50_.jpg,4.2,116047,4394,54,20,4.116794045283461,"4,0 a 4,25",Média
1978,3819326,"Angels' Blood (Guild Hunter, #1)",Nalini Singh,71688,https://www.goodreads.com/book/show/3819326-angels-blood,https://www.goodreads.com/author/show/71688.Nalini_Singh,https://i.gr-assets.com/images/S/compressed.photo.goodreads.com/books/1436398982i/3819326._SY75_.jpg,4.06,99493,4394,57,20,4.085593004921279,"4,0 a 4,25",Média
1980,10204213,The Traitor's Emblem,Juan Gómez-Jurado,364872,https://www.goodreads.com/book/show/10204213-the-traitor-s-emblem,https://www.goodreads.com/author/show/364872.Juan_G_mez_Jurado,https://i.gr-assets.com/images/S/compressed.photo.goodreads.com/books/1348919532i/10204213._SY75_.jpg,3.86,4398,4373,44,20,4.089522841361261,"3,5 a 4,0",Baixa
1980,18798983,"The Wrath and the Dawn (The Wrath and the Dawn, #1)",Renée Ahdieh,4600197,https://www.goodreads.com/book/show/18798983-the-wrath-and-the-dawn,https://www.goodreads.com/author/show/4600197.Ren_e_Ahdieh,https://i.gr-assets.com/images/S/compressed.photo.goodreads.com/books/1417956963i/18798983._SY75_.jpg,4.04,188308,4373,50,20,4.075169601408382,"4,0 a 4,25",Alta
1982,89959,U.S. Constitution (Saddlewire) (Books of American Wisdom),Founding Fathers,1048676,https://www.goodreads.com/book/show/89959.U_S_Constitution_Saddlewire_,https://www.goodreads.com/author/show/1048676.Founding_Fathers,https://i.gr-assets.com/images/S/compressed.photo.goodreads.com/books/1328756752i/89959._SY75_.jpg,4.52,27237,4368,65,20,4.119964647443242,"Acima de 4,5",Baixa
1983,212202104,Heaven - Bible Study for Women with Video Access: When Faith Becomes Sight,Jennifer Rothschild,81687,https://www.goodreads.com/book/show/212202104-heaven---bible-study-for-women-with-video-access,https://www.goodreads.com/author/show/81687.Jennifer_Rothschild,https://i.gr-assets.com/images/S/compressed.photo.goodreads.com/books/1718976300i/212202104._SX50_.jpg,4.38,919,4366,47,20,4.092778940287589,"4,25 a 4,5",Baixa
1984,840278,"Eon (The Way, #1)",Greg Bear,16024,https://www.goodreads.com/book/show/840278.Eon,https://www.goodreads.com/author/show/16024.Greg_Bear,https://i.gr-assets.com/images/S/compressed.photo.goodreads.com/books/1388288738i/840278._SY75_.jpg,3.88,30589,4362,46,20,4.0767174344329895,"3,5 a 4,0",Baixa
1984,61215372,"The Two Towers (The Lord of the Rings, #2)",J.R.R. Tolkien,656983,https://www.goodreads.com/book/show/61215372-the-two-towers,https://www.goodreads.com/author/show/656983.J_R_R_Tolkien,https://i.gr-assets.com/images/S/compressed.photo.goodreads.com/books/1654216149i/61215372._SY75_.jpg,4.51,1178986,4362,52,20,4.405908195557927,"Acima de 4,5",Muito alta
1986,11559200,"Shadow of Night (All Souls, #2)",Deborah Harkness,3849415,https://www.goodreads.com/book/show/11559200-shadow-of-night,https://www.goodreads.com/author/show/3849415.Deborah_Harkness,https://i.gr-assets.com/images/S/compressed.photo.goodreads.com/books/1320604137i/11559200._SY75_.jpg,4.08,278182,4357,57,20,4.087072919265267,"4,0 a 4,25",Alta
1987,205495275,The Myth of American Idealism: How U.S. Foreign Policy Endangers the World,Noam Chomsky,2476,https://www.goodreads.com/book/show/205495275-the-myth-of-american-idealism,https://www.goodreads.com/author/show/2476.Noam_Chomsky,https://i.gr-assets.com/images/S/compressed.photo.goodreads.com/books/1721437041i/205495275._SY75_.jpg,4.42,2261,4356,47,20,4.093988805912416,"4,25 a 4,5",Baixa
1988,31450852,"Tower of Dawn (Throne of Glass, #6)",Sarah J. Maas,3433047,https://www.goodreads.com/book/show/31450852-tower-of-dawn,https://www.goodreads.com/author/show/3433047.Sarah_J_Maas,https://i.gr-assets.com/images/S/compressed.photo.goodreads.com/books/1497973101i/31450852._SY75_.jpg,4.28,1219138,4353,53,20,4.234364890731772,"4,25 a 4,5",Muito alta
1989,42036538,"Gideon the Ninth (The Locked Tomb, #1)",Tamsyn Muir,6876324,https://www.goodreads.com/book/show/42036538-gideon-the-ninth,https://www.goodreads.com/author/show/6876324.Tamsyn_Muir,https://i.gr-assets.com/images/S/compressed.photo.goodreads.com/books/1546870952i/42036538._SY75_.jpg,4.17,197122,4351,47,20,4.118208970287881,"4,0 a 4,25",Alta
1989,215808119,The Museum Detective (A Museum Detective Novel),Maha Khan Phillips,4396530,https://www.goodreads.com/book/show/215808119-the-museum-detective,https://www.goodreads.com/author/show/4396530.Maha_Khan_Phillips,https://i.gr-assets.com/images/S/compressed.photo.goodreads.com/books/1722403441i/215808119._SY75_.jpg,3.83,2288,4351,47,20,4.090579491629674,"3,5 a 4,0",Baixa
1991,6534,"Postmortem (Kay Scarpetta, #1)",Patricia Daniels Cornwell,21321678,https://www.goodreads.com/book/show/6534.Postmortem,https://www.goodreads.com/author/show/21321678.Patricia_Daniels_Cornwell,https://i.gr-assets.com/images/S/compressed.photo.goodreads.com/books/1341835831i/6534._SY75_.jpg,4.02,269588,4349,61,20,4.0626817318028134,"4,0 a 4,25",Alta
1992,6950688,"Only the Good Spy Young (Gallagher Girls, #4)",Ally Carter,56224,https://www.goodreads.com/book/show/6950688-only-the-good-spy-young,https://www.goodreads.com/author/show/56224.Ally_Carter,https://i.gr-assets.com/images/S/compressed.photo.goodreads.com/books/1441070330i/6950688._SX50_.jpg,4.29,70303,4346,57,20,4.122258253347674,"4,25 a 4,5",Média
1993,60717747,"Half a Soul (Regency Faerie Tales, #1)",Olivia Atwater,20153683,https://www.goodreads.com/book/show/60717747-half-a-soul,https://www.goodreads.com/author/show/20153683.Olivia_Atwater,https://i.gr-assets.com/images/S/compressed.photo.goodreads.com/books/1648605334i/60717747._SY75_.jpg,4.03,88365,4340,46,20,4.080657824994798,"4,0 a 4,25",Média
1994,17617277,"Real (Real, #1)",Katy Evans,6997072,https://www.goodreads.com/book/show/17617277-real,https://www.goodreads.com/author/show/6997072.Katy_Evans,https://i.gr-assets.com/images/S/compressed.photo.goodreads.com/books/1363442697i/17617277._SX50_.jpg,4.11,114974,4339,53,20,4.09616991323172,"4,0 a 4,25",Média
1995,676737,Grendel,John Gardner,481146,https://www.goodreads.com/book/show/676737.Grendel,https://www.goodreads.com/author/show/481146.John_Gardner,https://i.gr-assets.com/images/S/compressed.photo.goodreads.com/books/1347871284i/676737._SY75_.jpg,3.69,43506,4338,63,20,4.051849812259578,"3,5 a 4,0",Baixa
1996,12321,Beyond Good and Evil,Friedrich Nietzsche,1938,https://www.goodreads.com/book/show/12321.Beyond_Good_and_Evil,https://www.goodreads.com/author/show/1938.Friedrich_Nietzsche,https://i.gr-assets.com/images/S/compressed.photo.goodreads.com/books/1388607391i/12321._SY75_.jpg,4.02,120311,4336,58,20,4.075140675222078,"4,0 a 4,25",Média
1997,352727,An Accidental Goddess,Linnea Sinclair,202269,https://www.goodreads.com/book/show/352727.An_Accidental_Goddess,https://www.goodreads.com/author/show/202269.Linnea_Sinclair,https://i.gr-assets.com/images/S/compressed.photo.goodreads.com/books/1388350894i/352727._SY75_.jpg,4.03,4040,4335,45,20,4.091469003837434,"4,0 a 4,25",Baixa
1998,19675,"Executive Orders (Jack Ryan, #8)",Tom Clancy,3892,https://www.goodreads.com/book/show/19675.Executive_Orders,https://www.goodreads.com/author/show/3892.Tom_Clancy,https://i.gr-assets.com/images/S/compressed.photo.goodreads.com/books/1419127064i/19675._SY75_.jpg,4.13,54567,4328,48,20,4.096744146914239,"4,0 a 4,25",Média
1999,5166,Midwives,Chris Bohjalian,3509,https://www.goodreads.com/book/show/5166.Midwives,https://www.goodreads.com/author/show/3509.Chris_Bohjalian,https://i.gr-assets.com/images/S/compressed.photo.goodreads.com/books/1442593918i/5166._SY75_.jpg,4.0,164587,4327,69,20,4.064823091493073,"3,5 a 4,0",Alta
2000,20821111,"The Young Elites (The Young Elites, #1)",Marie Lu,4342215,https://www.goodreads.com/book/show/20821111-the-young-elites,https://www.goodreads.com/author/show/4342215.Marie_Lu,https://i.gr-assets.com/images/S/compressed.photo.goodreads.com/books/1407318399i/20821111._SY75_.jpg,3.86,144671,4326,51,20,4.029428109937111,"3,5 a 4,0",Média
2000,52578861,Agent Sonya: Moscow's Most Daring Wartime Spy,Ben Macintyre,32137,https://www.goodreads.com/book/show/52578861-agent-sonya,https://www.goodreads.com/author/show/32137.Ben_Macintyre,https://i.gr-assets.com/images/S/compressed.photo.goodreads.com/books/1585320220i/52578861._SY75_.jpg,4.16,19072,4326,47,21,4.095261146970245,"4,0 a 4,25",Baixa
2002,18126198,"Four: A Divergent Story Collection (Divergent, #0.1-0.4)",Veronica Roth,4039811,https://www.goodreads.com/book/show/18126198-four,https://www.goodreads.com/author/show/4039811.Veronica_Roth,https://i.gr-assets.com/images/S/compressed.photo.goodreads.com/books/1393687572i/18126198._SY75_.jpg,3.93,264934,4324,58,21,4.02663769587193,"3,5 a 4,0",Alta
2003,15842439,"Warm Bodies (Warm Bodies, #1)",Isaac Marion,1302285,https://www.goodreads.com/book/show/15842439-warm-bodies,https://www.goodreads.com/author/show/1302285.Isaac_Marion,https://i.gr-assets.com/images/S/compressed.photo.goodreads.com/books/1394072655i/15842439._SY75_.jpg,3.91,110374,4323,54,21,4.052021526165621,"3,5 a 4,0",Média
2004,321645,"Kissed by an Angel/The Power of Love/Soulmates (Kissed by an Angel, #1-3)",Elizabeth Chandler,53574,https://www.goodreads.com/book/show/321645.Kissed_by_an_Angel_The_Power_of_Love_Soulmates,https://www.goodreads.com/author/show/53574.Elizabeth_Chandler,https://i.gr-assets.com/images/S/compressed.photo.goodreads.com/books/1302945904i/321645._SX50_.jpg,4.09,27485,4322,56,21,4.091965841443071,"4,0 a 4,25",Baixa
2005,270807,"Burned (Burned, #1)",Ellen Hopkins,2821144,https://www.goodreads.com/book/show/270807.Burned,https://www.goodreads.com/author/show/2821144.Ellen_Hopkins,https://i.gr-assets.com/images/S/compressed.photo.goodreads.com/books/1388719598i/270807._SX50_.jpg,4.25,71930,4321,51,21,4.116633580101542,"4,0 a 4,25",Média
2006,33555224,"Thunderhead (Arc of a Scythe, #2)",Neal Shusterman,19564,https://www.goodreads.com/book/show/33555224-thunderhead,https://www.goodreads.com/author/show/19564.Neal_Shusterman,https://i.gr-assets.com/images/S/compressed.photo.goodreads.com/books/1505658534i/33555224._SY75_.jpg,4.37,252261,4319,48,21,4.201069915636596,"4,25 a 4,5",Alta
2006,41423092,The Awakening: Fate in Motion,Suzanne Boisvert,18336482,https://www.goodreads.com/book/show/41423092-the-awakening,https://www.goodreads.com/author/show/18336482.Suzanne_Boisvert,https://i.gr-assets.com/images/S/compressed.photo.goodreads.com/books/1534899658i/41423092._SY75_.jpg,4.23,1102,4319,48,21,4.092491475971342,"4,0 a 4,25",Baixa
2008,71865,"Tomorrow, When the War Began (Tomorrow, #1)",John Marsden,28756,https://www.goodreads.com/book/show/71865.Tomorrow_When_the_War_Began,https://www.goodreads.com/author/show/28756.John_Marsden,https://i.gr-assets.com/images/S/compressed.photo.goodreads.com/books/1388214812i/71865._SX50_.jpg,4.04,61959,4316,50,21,4.0849781093116,"4,0 a 4,25",Média
2008,34094080,The Vietnam War: An Intimate History,Geoffrey C. Ward,44048,https://www.goodreads.com/book/show/34094080-the-vietnam-war,https://www.goodreads.com/author/show/44048.Geoffrey_C_Ward,https://i.gr-assets.com/images/S/compressed.photo.goodreads.com/books/1485923544i/34094080._SX50_.jpg,4.51,2857,4316,46,21,4.095134755168805,"Acima de 4,5",Baixa
2010,159178,"North and South (North and South, #1)",John Jakes,5768,https://www.goodreads.com/book/show/159178.North_and_South,https://www.goodreads.com/author/show/5768.John_Jakes,https://i.gr-assets.com/images/S/compressed.photo.goodreads.com/books/1390174619i/159178._SY75_.jpg,4.21,62953,4312,72,21,4.108450597335551,"4,0 a 4,25",Média
2011,7572,Even Cowgirls Get the Blues,Tom Robbins,197,https://www.goodreads.com/book/show/7572.Even_Cowgirls_Get_the_Blues,https://www.goodreads.com/author/show/197.Tom_Robbins,https://i.gr-assets.com/images/S/compressed.photo.goodreads.com/books/1336172455i/7572._SY75_.jpg,3.79,58173,4303,70,21,4.052985136791846,"3,5 a 4,0",Média
2012,18452,The Painted Bird,Jerzy Kosiński,11121,https://www.goodreads.com/book/show/18452.The_Painted_Bird,https://www.goodreads.com/author/show/11121.Jerzy_Kosi_ski,https://i.gr-assets.com/images/S/compressed.photo.goodreads.com/books/1348130740i/18452._SY75_.jpg,3.9,29017,4301,60,21,4.078834988756784,"3,5 a 4,0",Baixa
2013,110384,"Romancing Mister Bridgerton (Bridgertons, #4)",Julia Quinn,63898,https://www.goodreads.com/book/show/110384.Romancing_Mister_Bridgerton,https://www.goodreads.com/author/show/63898.Julia_Quinn,https://i.gr-assets.com/images/S/compressed.photo.goodreads.com/books/1274211494i/110384._SY75_.jpg,3.87,451880,4300,48,21,3.9730422815036164,"3,5 a 4,0",Muito alta
2014,207611500,We Who Wrestle with God: Perceptions of the Divine,Jordan B. Peterson,282885,https://www.goodreads.com/book/show/207611500-we-who-wrestle-with-god,https://www.goodreads.com/author/show/282885.Jordan_B_Peterson,https://i.gr-assets.com/images/S/compressed.photo.goodreads.com/books/1707192021i/207611500._SY75_.jpg,3.93,4581,4299,45,21,4.090227148310394,"3,5 a 4,0",Baixa
2015,47624,"Lirael (Abhorsen, #2)",Garth Nix,8347,https://www.goodreads.com/book/show/47624.Lirael,https://www.goodreads.com/author/show/8347.Garth_Nix,https://i.gr-assets.com/images/S/compressed.photo.goodreads.com/books/1266458951i/47624._SY75_.jpg,4.29,125453,4298,57,21,4.140167939457974,"4,25 a 4,5",Média
2016,15812814,"Crossed (Matched, #2)",Ally Condie,1304470,https://www.goodreads.com/book/show/15812814-crossed,https://www.goodreads.com/author/show/1304470.Ally_Condie,https://i.gr-assets.com/images/S/compressed.photo.goodreads.com/books/1374335939i/15812814._SY75_.jpg,3.52,262190,4288,56,21,3.862490248335778,"3,5 a 4,0",Alta
2017,139253,The House on Mango Street,Sandra Cisneros,13234,https://www.goodreads.com/book/show/139253.The_House_on_Mango_Street,https://www.goodreads.com/author/show/13234.Sandra_Cisneros,https://i.gr-assets.com/images/S/compressed.photo.goodreads.com/books/1348245688i/139253._SY75_.jpg,3.67,250713,4287,57,21,3.927211524571562,"3,5 a 4,0",Alta
2017,40748777,"Flock (The Ravenhood, #1)",Kate  Stewart,7390938,https://www.goodreads.com/book/show/40748777-flock,https://www.goodreads.com/author/show/7390938.Kate_Stewart,https://i.gr-assets.com/images/S/compressed.photo.goodreads.com/books/1594825119i/40748777._SX50_.jpg,4.08,310888,4287,46,21,4.086743379100565,"4,0 a 4,25",Alta
2019,40881903,Unparalleled,D.S.   Smith,18243438,https://www.goodreads.com/book/show/40881903-unparalleled,https://www.goodreads.com/author/show/18243438.D_S_Smith,https://i.gr-assets.com/images/S/compressed.photo.goodreads.com/books/1532093846i/40881903._SY75_.jpg,4.11,4793,4286,47,21,4.092320673947186,"4,0 a 4,25",Baixa
2020,816862,In Retrospect: The Tragedy and Lessons of Vietnam,Robert S. McNamara,124312,https://www.goodreads.com/book/show/816862.In_Retrospect,https://www.goodreads.com/author/show/124312.Robert_S_McNamara,https://i.gr-assets.com/images/S/compressed.photo.goodreads.com/books/1320494013i/816862._SY75_.jpg,3.83,2988,4284,46,21,4.090116613910644,"3,5 a 4,0",Baixa
2021,36307674,"Rule of Wolves (King of Scars, #2)",Leigh Bardugo,4575289,https://www.goodreads.com/book/show/36307674-rule-of-wolves,https://www.goodreads.com/author/show/4575289.Leigh_Bardugo,https://i.gr-assets.com/images/S/compressed.photo.goodreads.com/books/1598133584i/36307674._SY75_.jpg,4.33,183357,4283,51,21,4.168038941378765,"4,25 a 4,5",Alta
2022,12936,"Gathering Blue (Giver, #2)",Lois Lowry,2493,https://www.goodreads.com/book/show/12936.Gathering_Blue,https://www.goodreads.com/author/show/2493.Lois_Lowry,https://i.gr-assets.com/images/S/compressed.photo.goodreads.com/books/1388195391i/12936._SY75_.jpg,3.83,215660,4277,61,21,3.9989417249426547,"3,5 a 4,0",Alta
2022,203578847,"Wind and Truth (The Stormlight Archive, #5)",Brandon Sanderson,38550,https://www.goodreads.com/book/show/203578847-wind-and-truth,https://www.goodreads.com/author/show/38550.Brandon_Sanderson,https://i.gr-assets.com/images/S/compressed.photo.goodreads.com/books/1724944713i/203578847._SY75_.jpg,4.36,161525,4277,46,21,4.170409195702361,"4,25 a 4,5",Alta
2024,11564,The Girl Who Loved Tom Gordon,Stephen  King,3389,https://www.goodreads.com/book/show/11564.The_Girl_Who_Loved_Tom_Gordon,https://www.goodreads.com/author/show/3389.Stephen_King,https://i.gr-assets.com/images/S/compressed.photo.goodreads.com/books/1580235339i/11564._SY75_.jpg,3.64,184345,4274,63,21,3.94726670017461,"3,5 a 4,0",Alta
2025,112932939,Yildun: Worldmaker of Yand,Andri E. Elia,23056737,https://www.goodreads.com/book/show/112932939-yildun,https://www.goodreads.com/author/show/23056737.Andri_E_Elia,https://i.gr-assets.com/images/S/compressed.photo.goodreads.com/books/1676243451i/112932939._SX50_.jpg,4.38,1350,4273,49,21,4.093094390279049,"4,25 a 4,5",Baixa
2026,8073,"Cloudy with a Chance of Meatballs (Cloudy with a Chance of Meatballs, #1)",Judi Barrett,5336,https://www.goodreads.com/book/show/8073.Cloudy_with_a_Chance_of_Meatballs,https://www.goodreads.com/author/show/5336.Judi_Barrett,https://i.gr-assets.com/images/S/compressed.photo.goodreads.com/books/1769935774i/8073._SX50_.jpg,4.18,142763,4268,65,21,4.115609560658901,"4,0 a 4,25",Média
2026,63032,2666,Roberto Bolaño,72039,https://www.goodreads.com/book/show/63032.2666,https://www.goodreads.com/author/show/72039.Roberto_Bola_o,https://i.gr-assets.com/images/S/compressed.photo.goodreads.com/books/1672791535i/63032._SY75_.jpg,4.22,52275,4268,50,21,4.10718390682426,"4,0 a 4,25",Média
2026,217907238,Journey's Paradox (Journey Russo FBI Mystery #6),Mary Stone,19007338,https://www.goodreads.com/book/show/217907238-journey-s-paradox,https://www.goodreads.com/author/show/19007338.Mary_Stone,https://i.gr-assets.com/images/S/compressed.photo.goodreads.com/books/1724175111i/217907238._SY75_.jpg,4.58,2552,4268,45,21,4.095267127539566,"Acima de 4,5",Baixa
2029,27208,The Third Policeman,Flann O'Brien,15248,https://www.goodreads.com/book/show/27208.The_Third_Policeman,https://www.goodreads.com/author/show/15248.Flann_O_Brien,https://i.gr-assets.com/images/S/compressed.photo.goodreads.com/books/1634288448i/27208._SY75_.jpg,3.96,24159,4267,56,21,4.084418077503418,"3,5 a 4,0",Baixa
2030,199457714,Twisted Ties (The Arrow Hart Academy #2),Hannah Haze,20836707,https://www.goodreads.com/book/show/199457714-twisted-ties,https://www.goodreads.com/author/show/20836707.Hannah_Haze,https://i.gr-assets.com/images/S/compressed.photo.goodreads.com/books/1697077082i/199457714._SY75_.jpg,4.12,15596,4262,45,21,4.093173807939598,"4,0 a 4,25",Baixa
2031,38322550,"The Last Emperox (The Interdependency, #3)",John Scalzi,4763,https://www.goodreads.com/book/show/38322550-the-last-emperox,https://www.goodreads.com/author/show/4763.John_Scalzi,https://i.gr-assets.com/images/S/compressed.photo.goodreads.com/books/1696204573i/38322550._SY75_.jpg,4.14,34414,4261,45,21,4.095977826748744,"4,0 a 4,25",Baixa
2032,212510254,"Falling Down (The Boy in the Iron Box, #1)",Guillermo del Toro,167605,https://www.goodreads.com/book/show/212510254-falling-down,https://www.goodreads.com/author/show/167605.Guillermo_del_Toro,https://i.gr-assets.com/images/S/compressed.photo.goodreads.com/books/1714635852i/212510254._SY75_.jpg,3.58,9111,4260,45,21,4.080445140105962,"3,5 a 4,0",Baixa
2033,18130,"A Wind in the Door (Time Quintet, #2)",Madeleine L'Engle,106,https://www.goodreads.com/book/show/18130.A_Wind_in_the_Door,https://www.goodreads.com/author/show/106.Madeleine_L_Engle,https://i.gr-assets.com/images/S/compressed.photo.goodreads.com/books/1327464177i/18130._SY75_.jpg,3.98,134235,4258,69,21,4.06345783730642,"3,5 a 4,0",Média
2033,55819102,The Last Mona Lisa,Jonathan Santlofer,190058,https://www.goodreads.com/book/show/55819102-the-last-mona-lisa,https://www.goodreads.com/author/show/190058.Jonathan_Santlofer,https://i.gr-assets.com/images/S/compressed.photo.goodreads.com/books/1604716331i/55819102._SX50_.jpg,3.76,7906,4258,46,21,4.085523294690864,"3,5 a 4,0",Baixa
2033,59609728,"Portrait of an Unknown Woman (Gabriel Allon, #22)",Daniel Silva,29085,https://www.goodreads.com/book/show/59609728-portrait-of-an-unknown-woman,https://www.goodreads.com/author/show/29085.Daniel_Silva,https://i.gr-assets.com/images/S/compressed.photo.goodreads.com/books/1646747800i/59609728._SY75_.jpg,4.23,34746,4258,46,21,4.1033558398996774,"4,0 a 4,25",Baixa
2036,6507691,"The Manufactured Identity (Manufactured Identity, #1)",Heath Sommer,2918488,https://www.goodreads.com/book/show/6507691-the-manufactured-identity,https://www.goodreads.com/author/show/2918488.Heath_Sommer,https://i.gr-assets.com/images/S/compressed.photo.goodreads.com/books/1388188833i/6507691._SY75_.jpg,3.55,438,4256,43,21,4.091497537213735,"3,5 a 4,0",Baixa
2037,216875430,Not a Speck of Light: Stories,Laird Barron,466494,https://www.goodreads.com/book/show/216875430-not-a-speck-of-light,https://www.goodreads.com/author/show/466494.Laird_Barron,https://i.gr-assets.com/images/S/compressed.photo.goodreads.com/books/1722030581i/216875430._SY75_.jpg,3.99,1443,4254,45,21,4.091728644185224,"3,5 a 4,0",Baixa
2038,206766189,The Swimmer,Loreth Anne White,150272,https://www.goodreads.com/book/show/206766189-the-swimmer,https://www.goodreads.com/author/show/150272.Loreth_Anne_White,https://i.gr-assets.com/images/S/compressed.photo.goodreads.com/books/1712611567i/206766189._SY75_.jpg,4.11,29538,4249,45,21,4.093360748654215,"4,0 a 4,25",Baixa
2038,58558406,Portrait of an Unknown Lady,María Gainza,15307242,https://www.goodreads.com/book/show/58558406-portrait-of-an-unknown-lady,https://www.goodreads.com/author/show/15307242.Mar_a_Gainza,https://i.gr-assets.com/images/S/compressed.photo.goodreads.com/books/1655400008i/58558406._SY75_.jpg,3.3,2977,4249,46,21,4.08611986795844,"Até 3,5",Baixa
2040,55817097,"Twisted Love (Twisted, #1)",Ana Huang,5758632,https://www.goodreads.com/book/show/55817097-twisted-love,https://www.goodreads.com/author/show/5758632.Ana_Huang,https://i.gr-assets.com/images/S/compressed.photo.goodreads.com/books/1618487915i/55817097._SY75_.jpg,3.7,1780328,4248,49,21,3.7706197423207404,"3,5 a 4,0",Muito alta
2041,127280445,Ghost Station,S.A. Barnes,20503057,https://www.goodreads.com/book/show/127280445-ghost-station,https://www.goodreads.com/author/show/20503057.S_A_Barnes,https://i.gr-assets.com/images/S/compressed.photo.goodreads.com/books/1684351144i/127280445._SY75_.jpg,3.57,13372,4247,47,21,4.074842219265415,"3,5 a 4,0",Baixa
2042,224379,Gulag: A History,Anne Applebaum,64761,https://www.goodreads.com/book/show/224379.Gulag,https://www.goodreads.com/author/show/64761.Anne_Applebaum,https://i.gr-assets.com/images/S/compressed.photo.goodreads.com/books/1410286909i/224379._SY75_.jpg,4.29,14384,4245,46,21,4.099124427950889,"4,25 a 4,5",Baixa
2043,17184,The Invisible Man,H.G. Wells,880695,https://www.goodreads.com/book/show/17184.The_Invisible_Man,https://www.goodreads.com/author/show/880695.H_G_Wells,https://i.gr-assets.com/images/S/compressed.photo.goodreads.com/books/1630661776i/17184._SY75_.jpg,3.63,224797,4240,68,21,3.9234348235473684,"3,5 a 4,0",Alta
2044,56198498,"Stripped Bare (Kate Fox, #1)",Shannon  Baker,3335059,https://www.goodreads.com/book/show/56198498-stripped-bare,https://www.goodreads.com/author/show/3335059.Shannon_Baker,https://i.gr-assets.com/images/S/compressed.photo.goodreads.com/books/1607349963i/56198498._SY75_.jpg,4.03,8594,4238,45,21,4.090768609720779,"4,0 a 4,25",Baixa
2045,147915,"A Storm of Swords 2: Blood and Gold (A Song of Ice and Fire, #3, Part 2 of 2)",George R.R. Martin,346732,https://www.goodreads.com/book/show/147915.A_Storm_of_Swords_2,https://www.goodreads.com/author/show/346732.George_R_R_Martin,https://i.gr-assets.com/images/S/compressed.photo.goodreads.com/books/1354567206i/147915._SY75_.jpg,4.55,107287,4236,56,21,4.1906783723425125,"Acima de 4,5",Média
2045,14568987,The Art Forger,Barbara A. Shapiro,1388602,https://www.goodreads.com/book/show/14568987-the-art-forger,https://www.goodreads.com/author/show/1388602.Barbara_A_Shapiro,https://i.gr-assets.com/images/S/compressed.photo.goodreads.com/books/1348518546i/14568987._SY75_.jpg,3.77,97496,4236,45,21,4.0278278108772065,"3,5 a 4,0",Média
2047,62315578,"Lords of Uncreation (The Final Architecture, #3)",Adrian Tchaikovsky,1445909,https://www.goodreads.com/book/show/62315578-lords-of-uncreation,https://www.goodreads.com/author/show/1445909.Adrian_Tchaikovsky,https://i.gr-assets.com/images/S/compressed.photo.goodreads.com/books/1671150806i/62315578._SY75_.jpg,4.32,18294,4235,45,21,4.102288139163444,"4,25 a 4,5",Baixa
2048,49504061,The Once and Future Witches,Alix E. Harrow,9823112,https://www.goodreads.com/book/show/49504061-the-once-and-future-witches,https://www.goodreads.com/author/show/9823112.Alix_E_Harrow,https://i.gr-assets.com/images/S/compressed.photo.goodreads.com/books/1582634494i/49504061._SY75_.jpg,4.02,113129,4231,47,21,4.075926102972027,"4,0 a 4,25",Média
2049,77711,"A Fire Upon the Deep (Zones of Thought, #1)",Vernor Vinge,44037,https://www.goodreads.com/book/show/77711.A_Fire_Upon_the_Deep,https://www.goodreads.com/author/show/44037.Vernor_Vinge,https://i.gr-assets.com/images/S/compressed.photo.goodreads.com/books/1728332458i/77711._SY75_.jpg,4.13,68559,4228,50,21,4.097756496034122,"4,0 a 4,25",Média
2050,214151222,"Fearless (The Powerless Trilogy, #3)",Lauren  Roberts,21728475,https://www.goodreads.com/book/show/214151222-fearless,https://www.goodreads.com/author/show/21728475.Lauren_Roberts,https://i.gr-assets.com/images/S/compressed.photo.goodreads.com/books/1730330746i/214151222._SY75_.jpg,4.03,468313,4227,46,21,4.05826140974146,"4,0 a 4,25",Muito alta
2051,45885644,The Sun Down Motel,Simone St. James,4981568,https://www.goodreads.com/book/show/45885644-the-sun-down-motel,https://www.goodreads.com/author/show/4981568.Simone_St_James,https://i.gr-assets.com/images/S/compressed.photo.goodreads.com/books/1570443079i/45885644._SY75_.jpg,3.99,203331,4223,46,21,4.057177186349362,"3,5 a 4,0",Alta
2052,167793863,The Gulag Archipeligo 1918-1956: An Experiment In Literary Investigation I - Ii.,Aleksandr Solzhenitsyn,19771050,https://www.goodreads.com/book/show/167793863-the-gulag-archipeligo-1918-1956,https://www.goodreads.com/author/show/19771050.Aleksandr_Solzhenitsyn,https://i.gr-assets.com/images/S/compressed.photo.goodreads.com/nophoto/book/111x148._SX50_.png,4.35,14724,4222,45,21,4.101461358936779,"4,25 a 4,5",Baixa
2053,203608552,So Thirsty,Rachel   Harrison,19494009,https://www.goodreads.com/book/show/203608552-so-thirsty,https://www.goodreads.com/author/show/19494009.Rachel_Harrison,https://i.gr-assets.com/images/S/compressed.photo.goodreads.com/books/1710472635i/203608552._SX50_.jpg,3.48,31439,4217,45,21,4.0465583476228035,"Até 3,5",Baixa
2054,17306293,"Shift (Silo, #2)",Hugh Howey,3064305,https://www.goodreads.com/book/show/17306293-shift,https://www.goodreads.com/author/show/3064305.Hugh_Howey,https://i.gr-assets.com/images/S/compressed.photo.goodreads.com/books/1379003176i/17306293._SX50_.jpg,4.13,167658,4212,44,21,4.103475267104707,"4,0 a 4,25",Alta
2055,41886271,The Sword of Kaigen,M.L. Wang,15735471,https://www.goodreads.com/book/show/41886271-the-sword-of-kaigen,https://www.goodreads.com/author/show/15735471.M_L_Wang,https://i.gr-assets.com/images/S/compressed.photo.goodreads.com/books/1702907961i/41886271._SX50_.jpg,4.42,112677,4209,45,21,4.165445477311267,"4,25 a 4,5",Média
2056,11650,"American Pastoral (The American Trilogy, #1)",Philip Roth,463,https://www.goodreads.com/book/show/11650.American_Pastoral,https://www.goodreads.com/author/show/463.Philip_Roth,https://i.gr-assets.com/images/S/compressed.photo.goodreads.com/books/1504801263i/11650._SY75_.jpg,3.95,91426,4207,60,21,4.065177951185139,"3,5 a 4,0",Média
2057,27333,Silent Spring,Rachel Carson,15332,https://www.goodreads.com/book/show/27333.Silent_Spring,https://www.goodreads.com/author/show/15332.Rachel_Carson,https://i.gr-assets.com/images/S/compressed.photo.goodreads.com/books/1442353674i/27333._SY75_.jpg,4.06,57216,4205,63,21,4.088006574658415,"4,0 a 4,25",Média
2058,25489134,"The Bear and the Nightingale (The Winternight Trilogy, #1)",Katherine Arden,13922215,https://www.goodreads.com/book/show/25489134-the-bear-and-the-nightingale,https://www.goodreads.com/author/show/13922215.Katherine_Arden,https://i.gr-assets.com/images/S/compressed.photo.goodreads.com/books/1611440212i/25489134._SX50_.jpg,4.08,245179,4203,50,21,4.087439793886066,"4,0 a 4,25",Alta
2059,568236,A Distant Mirror: The Calamitous 14th Century,Barbara W. Tuchman,137261,https://www.goodreads.com/book/show/568236.A_Distant_Mirror,https://www.goodreads.com/author/show/137261.Barbara_W_Tuchman,https://i.gr-assets.com/images/S/compressed.photo.goodreads.com/books/1403200553i/568236._SX50_.jpg,4.05,45505,4197,61,21,4.087715532167507,"4,0 a 4,25",Baixa
2060,9462812,"Die for Me (Revenants, #1)",Amy Plum,3353516,https://www.goodreads.com/book/show/9462812-die-for-me,https://www.goodreads.com/author/show/3353516.Amy_Plum,https://i.gr-assets.com/images/S/compressed.photo.goodreads.com/books/1358427893i/9462812._SY75_.jpg,3.97,56157,4191,52,21,4.076772122652884,"3,5 a 4,0",Média
2061,41104077,Invisible Women: Data Bias in a World Designed for Men,Caroline Criado Pérez,19637490,https://www.goodreads.com/book/show/41104077-invisible-women,https://www.goodreads.com/author/show/19637490.Caroline_Criado_P_rez,https://i.gr-assets.com/images/S/compressed.photo.goodreads.com/books/1617113740i/41104077._SY75_.jpg,4.33,181880,4189,47,21,4.167621432005595,"4,25 a 4,5",Alta
2061,61273823,"Take Command: Find Your Inner Strength, Build Enduring Relationships, and Live the Life You Want",Joe   Hart,23056886,https://www.goodreads.com/book/show/61273823-take-command,https://www.goodreads.com/author/show/23056886.Joe_Hart,https://i.gr-assets.com/images/S/compressed.photo.goodreads.com/books/1671054099i/61273823._SX50_.jpg,4.26,7095,4189,43,21,4.095095699318705,"4,25 a 4,5",Baixa
2063,82192,"The Crystal Cave (Arthurian Saga, #1)",Mary  Stewart,15590,https://www.goodreads.com/book/show/82192.The_Crystal_Cave,https://www.goodreads.com/author/show/15590.Mary_Stewart,https://i.gr-assets.com/images/S/compressed.photo.goodreads.com/books/1439344566i/82192._SY75_.jpg,4.13,49249,4185,63,21,4.096342505583599,"4,0 a 4,25",Baixa
2064,34460521,"Boundaries Updated and Expanded Edition: When to Say Yes, How to Say No To Take Control of Your Life",Henry Cloud,1114699,https://www.goodreads.com/book/show/34460521-boundaries-updated-and-expanded-edition,https://www.goodreads.com/author/show/1114699.Henry_Cloud,https://i.gr-assets.com/images/S/compressed.photo.goodreads.com/books/1506492507i/34460521._SY75_.jpg,4.21,90260,4180,44,21,4.114211608715863,"4,0 a 4,25",Média
2064,59938247,Dante's Revenge (The Men of Thorne Enterprises Book 3),Lotchie Burton,5879348,https://www.goodreads.com/book/show/59938247-dante-s-revenge,https://www.goodreads.com/author/show/5879348.Lotchie_Burton,https://i.gr-assets.com/images/S/compressed.photo.goodreads.com/books/1640532538i/59938247._SY75_.jpg,4.38,1439,4180,48,21,4.09315944330954,"4,25 a 4,5",Baixa
2066,50365,"A Suitable Boy (A Bridge of Leaves, #1)",Vikram Seth,28345,https://www.goodreads.com/book/show/50365.A_Suitable_Boy,https://www.goodreads.com/author/show/28345.Vikram_Seth,https://i.gr-assets.com/images/S/compressed.photo.goodreads.com/books/1329421639i/50365._SY75_.jpg,4.11,50961,4179,52,21,4.094167149139193,"4,0 a 4,25",Média
2067,216085323,"The Town the World Forgot (The Town That Shouldn't Exist, #1)",Boris  Bacic,8186042,https://www.goodreads.com/book/show/216085323-the-town-the-world-forgot,https://www.goodreads.com/author/show/8186042.Boris_Bacic,https://i.gr-assets.com/images/S/compressed.photo.goodreads.com/books/1720131599i/216085323._SY75_.jpg,4.1,2478,4172,44,21,4.092153716307921,"4,0 a 4,25",Baixa
2068,6339989,"Vampire Academy Collection (Vampire Academy, #1-3)",Richelle Mead,137902,https://www.goodreads.com/book/show/6339989-vampire-academy-collection,https://www.goodreads.com/author/show/137902.Richelle_Mead,https://i.gr-assets.com/images/S/compressed.photo.goodreads.com/books/1424313761i/6339989._SX50_.jpg,4.6,33958,4167,58,21,4.132681788185194,"Acima de 4,5",Baixa
2068,184777109,"Fated to the Wolf Prince (The Hunted Omegas, #1)",April L. Moon,43437107,https://www.goodreads.com/book/show/184777109-fated-to-the-wolf-prince,https://www.goodreads.com/author/show/43437107.April_L_Moon,https://i.gr-assets.com/images/S/compressed.photo.goodreads.com/books/1704672362i/184777109._SY75_.jpg,3.88,39203,4167,44,21,4.072779279714839,"3,5 a 4,0",Baixa
2068,124070310,"War Bodies (Polity Universe, #1.5)",Neal Asher,56353,https://www.goodreads.com/book/show/124070310-war-bodies,https://www.goodreads.com/author/show/56353.Neal_Asher,https://i.gr-assets.com/images/S/compressed.photo.goodreads.com/books/1680072384i/124070310._SY75_.jpg,4.12,1735,4167,45,21,4.092227211862051,"4,0 a 4,25",Baixa
2071,220175525,The Lost Masterpiece,B.A. Shapiro,7276618,https://www.goodreads.com/book/show/220175525-the-lost-masterpiece,https://www.goodreads.com/author/show/7276618.B_A_Shapiro,https://i.gr-assets.com/images/S/compressed.photo.goodreads.com/books/1732596467i/220175525._SY75_.jpg,3.98,1581,4162,45,21,4.09165262824301,"3,5 a 4,0",Baixa
2072,25701594,"Complicate Me (The Good Ol' Boys, #1)",M.  Robinson,7233168,https://www.goodreads.com/book/show/25701594-complicate-me,https://www.goodreads.com/author/show/7233168.M_Robinson,https://i.gr-assets.com/images/S/compressed.photo.goodreads.com/books/1441291691i/25701594._SY75_.jpg,4.01,10994,4161,43,21,4.089859016011326,"4,0 a 4,25",Baixa
2073,28249,"The Magicians' Guild (The Black Magician Trilogy, #1)",Trudi Canavan,15890,https://www.goodreads.com/book/show/28249.The_Magicians_Guild,https://www.goodreads.com/author/show/15890.Trudi_Canavan,https://i.gr-assets.com/images/S/compressed.photo.goodreads.com/books/1327356788i/28249._SY75_.jpg,3.95,92223,4157,53,21,4.064988015089889,"3,5 a 4,0",Média
2074,18761644,"The Gauguin Connection (Genevieve Lenard, #1)",Estelle Ryan,6456239,https://www.goodreads.com/book/show/18761644-the-gauguin-connection,https://www.goodreads.com/author/show/6456239.Estelle_Ryan,https://i.gr-assets.com/images/S/compressed.photo.goodreads.com/books/1546601335i/18761644._SY75_.jpg,4.06,10668,4156,44,21,4.091251513285355,"4,0 a 4,25",Baixa
2075,61975,"Dragonflight (Dragonriders of Pern, #1)",Anne McCaffrey,26,https://www.goodreads.com/book/show/61975.Dragonflight,https://www.goodreads.com/author/show/26.Anne_McCaffrey,https://i.gr-assets.com/images/S/compressed.photo.goodreads.com/books/1388182243i/61975._SY75_.jpg,4.07,146015,4154,66,21,4.086094800411287,"4,0 a 4,25",Média
2076,62711955,"Hart's Ridge (Hart's Ridge, #1)",Kay Bratt,1633985,https://www.goodreads.com/book/show/62711955-hart-s-ridge,https://www.goodreads.com/author/show/1633985.Kay_Bratt,https://i.gr-assets.com/images/S/compressed.photo.goodreads.com/books/1782049237i/62711955._SY75_.jpg,4.31,20217,4153,44,21,4.102814497278431,"4,25 a 4,5",Baixa
2077,15858248,"Wallbanger (Cocktail, #1)",Alice Clayton,3379564,https://www.goodreads.com/book/show/15858248-wallbanger,https://www.goodreads.com/author/show/3379564.Alice_Clayton,https://i.gr-assets.com/images/S/compressed.photo.goodreads.com/books/1352205960i/15858248._SY75_.jpg,3.97,212679,4148,53,21,4.04909193002349,"3,5 a 4,0",Alta
2078,3575676,"Night World, No. 3 (Night World, #7-9)",L.J. Smith,50873,https://www.goodreads.com/book/show/3575676-night-world-no-3,https://www.goodreads.com/author/show/50873.L_J_Smith,https://i.gr-assets.com/images/S/compressed.photo.goodreads.com/books/1439077707i/3575676._SY75_.jpg,4.2,66804,4145,62,21,4.107845700032596,"4,0 a 4,25",Média
2079,15731779,"Entwined with You (Crossfire, #3)",Sylvia Day,19823,https://www.goodreads.com/book/show/15731779-entwined-with-you,https://www.goodreads.com/author/show/19823.Sylvia_Day,https://i.gr-assets.com/images/S/compressed.photo.goodreads.com/books/1362526983i/15731779._SX50_.jpg,4.18,224280,4144,53,21,4.124139379052044,"4,0 a 4,25",Alta
2080,16527,Daughter of Fortune,Isabel Allende,2238,https://www.goodreads.com/book/show/16527.Daughter_of_Fortune,https://www.goodreads.com/author/show/2238.Isabel_Allende,https://i.gr-assets.com/images/S/compressed.photo.goodreads.com/books/1299666780i/16527._SY75_.jpg,3.95,144565,4135,63,21,4.053751665906058,"3,5 a 4,0",Média
2081,52780142,Get Out of Your Head: Stopping the Spiral of Toxic Thoughts,Jennie Allen,5263149,https://www.goodreads.com/book/show/52780142-get-out-of-your-head,https://www.goodreads.com/author/show/5263149.Jennie_Allen,https://i.gr-assets.com/images/S/compressed.photo.goodreads.com/books/1567137631l/52780142._SX50_SY75_.jpg,4.05,53595,4131,43,21,4.087029372296556,"4,0 a 4,25",Média
2082,123848258,The Prophet and the Idiot,Jonas Jonasson,3222554,https://www.goodreads.com/book/show/123848258-the-prophet-and-the-idiot,https://www.goodreads.com/author/show/3222554.Jonas_Jonasson,https://i.gr-assets.com/images/S/compressed.photo.goodreads.com/books/1679861913i/123848258._SY75_.jpg,3.62,9544,4130,43,21,4.080857164710867,"3,5 a 4,0",Baixa
2083,40159,"The King of Attolia (The Queen's Thief, #3)",Megan Whalen Turner,22542,https://www.goodreads.com/book/show/40159.The_King_of_Attolia,https://www.goodreads.com/author/show/22542.Megan_Whalen_Turner,https://i.gr-assets.com/images/S/compressed.photo.goodreads.com/books/1293505327i/40159._SY75_.jpg,4.38,44142,4129,49,21,4.121303542606631,"4,25 a 4,5",Baixa
2084,60623908,Power And Prediction: The Disruptive Economics of Artificial Intelligence,Ajay Agrawal,16849447,https://www.goodreads.com/book/show/60623908-power-and-prediction,https://www.goodreads.com/author/show/16849447.Ajay_Agrawal,https://i.gr-assets.com/images/S/compressed.photo.goodreads.com/books/1647362522i/60623908._SY75_.jpg,4.21,7462,4127,44,21,4.094311391683828,"4,0 a 4,25",Baixa
2085,157205597,The Curious Secrets of Yesterday,Namrata Patel,22157149,https://www.goodreads.com/book/show/157205597-the-curious-secrets-of-yesterday,https://www.goodreads.com/author/show/22157149.Namrata_Patel,https://i.gr-assets.com/images/S/compressed.photo.goodreads.com/books/1703173408i/157205597._SY75_.jpg,3.97,7657,4126,43,21,4.089759224949231,"3,5 a 4,0",Baixa
2086,22557520,"After (After, #1)",Anna Todd,3927354,https://www.goodreads.com/book/show/22557520-after,https://www.goodreads.com/author/show/3927354.Anna_Todd,https://i.gr-assets.com/images/S/compressed.photo.goodreads.com/books/1438077259i/22557520._SY75_.jpg,3.72,382467,4123,48,21,3.908123760166066,"3,5 a 4,0",Alta
2087,20803953,"Bully (Fall Away, #1)",Penelope Douglas,7139136,https://www.goodreads.com/book/show/20803953-bully,https://www.goodreads.com/author/show/7139136.Penelope_Douglas,https://i.gr-assets.com/images/S/compressed.photo.goodreads.com/books/1392309572i/20803953._SY75_.jpg,3.83,236112,4121,48,21,3.9934327388159385,"3,5 a 4,0",Alta
2088,11925514,"Code Name Verity (Code Name Verity, #1)",Elizabeth Wein,52320,https://www.goodreads.com/book/show/11925514-code-name-verity,https://www.goodreads.com/author/show/52320.Elizabeth_Wein,https://i.gr-assets.com/images/S/compressed.photo.goodreads.com/books/1388161911i/11925514._SY75_.jpg,3.99,130930,4120,49,21,4.066494418741376,"3,5 a 4,0",Média
2088,169690624,"Picking Daisies on Sundays (Picking Daisies on Sundays, #1)",Liana Cincotti,22526518,https://www.goodreads.com/book/show/169690624-picking-daisies-on-sundays,https://www.goodreads.com/author/show/22526518.Liana_Cincotti,https://i.gr-assets.com/images/S/compressed.photo.goodreads.com/books/1685597350i/169690624._SY75_.jpg,3.99,129431,4120,44,21,4.066714711815823,"3,5 a 4,0",Média
2090,42058,Richard III,William Shakespeare,947,https://www.goodreads.com/book/show/42058.Richard_III,https://www.goodreads.com/author/show/947.William_Shakespeare,https://i.gr-assets.com/images/S/compressed.photo.goodreads.com/books/1328043960i/42058._SY75_.jpg,3.91,60318,4118,68,21,4.067770416728004,"3,5 a 4,0",Média
2091,215515923,One More Life to Live (Edward and the Bricklayer Book 1),Steven Decker,7448339,https://www.goodreads.com/book/show/215515923-one-more-life-to-live,https://www.goodreads.com/author/show/7448339.Steven_Decker,https://i.gr-assets.com/images/S/compressed.photo.goodreads.com/books/1719509116i/215515923._SY75_.jpg,4.36,1498,4116,47,21,4.093126236195922,"4,25 a 4,5",Baixa
2092,34992959,"Defy Me (Shatter Me, #5)",Tahereh Mafi,4637539,https://www.goodreads.com/book/show/34992959-defy-me,https://www.goodreads.com/author/show/4637539.Tahereh_Mafi,https://i.gr-assets.com/images/S/compressed.photo.goodreads.com/books/1548349704i/34992959._SX50_.jpg,4.27,398297,4115,48,21,4.181865135415838,"4,25 a 4,5",Muito alta
2093,712731,"The Door Within (The Door Within, #1)",Wayne Thomas Batson,33508,https://www.goodreads.com/book/show/712731.The_Door_Within,https://www.goodreads.com/author/show/33508.Wayne_Thomas_Batson,https://i.gr-assets.com/images/S/compressed.photo.goodreads.com/books/1380856708i/712731._SY75_.jpg,3.96,8953,4114,45,21,4.089147431680452,"3,5 a 4,0",Baixa
2094,60815798,"Dark Horse (Class 5, #1)",Michelle Diener,4521954,https://www.goodreads.com/book/show/60815798-dark-horse,https://www.goodreads.com/author/show/4521954.Michelle_Diener,https://i.gr-assets.com/images/S/compressed.photo.goodreads.com/books/1650009305i/60815798._SY75_.jpg,4.08,9431,4113,43,21,4.091818982584156,"4,0 a 4,25",Baixa
2095,35662096,"Polaris Rising (Consortium Rebellion, #1)",Jessie Mihalik,17023471,https://www.goodreads.com/book/show/35662096-polaris-rising,https://www.goodreads.com/author/show/17023471.Jessie_Mihalik,https://i.gr-assets.com/images/S/compressed.photo.goodreads.com/books/1531765966i/35662096._SY75_.jpg,3.92,15894,4112,43,21,4.085382646952913,"3,5 a 4,0",Baixa
2096,13089710,"The Kill Order (The Maze Runner, #4)",James Dashner,348878,https://www.goodreads.com/book/show/13089710-the-kill-order,https://www.goodreads.com/author/show/348878.James_Dashner,https://i.gr-assets.com/images/S/compressed.photo.goodreads.com/books/1330636153i/13089710._SY75_.jpg,3.71,268392,4111,55,21,3.9365954414310522,"3,5 a 4,0",Alta
2096,199213604,"Crowns of Ice (Fae of Snow & Ice, #4)",Krista Street,16663045,https://www.goodreads.com/book/show/199213604-crowns-of-ice,https://www.goodreads.com/author/show/16663045.Krista_Street,https://i.gr-assets.com/images/S/compressed.photo.goodreads.com/books/1704828975i/199213604._SY75_.jpg,4.18,21186,4111,43,21,4.0966208926574845,"4,0 a 4,25",Baixa
2098,65149849,"Diplomats & Admirals: From Failed Negotiations and Tragic Misjudgments to Powerful Leaders and Heroic Deeds, the Untold Story of the Pacific War from Pearl Harbor to Midway",Dale A. Jenkins,23157063,https://www.goodreads.com/book/show/65149849-diplomats-admirals,https://www.goodreads.com/author/show/23157063.Dale_A_Jenkins,https://i.gr-assets.com/images/S/compressed.photo.goodreads.com/books/1670729585i/65149849._SX50_.jpg,4.3,5471,4110,44,21,4.094972223418507,"4,25 a 4,5",Baixa
2099,207567752,The Vietnam War: A Military History,Geoffrey Wawro,221076,https://www.goodreads.com/book/show/207567752-the-vietnam-war,https://www.goodreads.com/author/show/221076.Geoffrey_Wawro,https://i.gr-assets.com/images/S/compressed.photo.goodreads.com/books/1707680032i/207567752._SY75_.jpg,4.35,673,4107,44,21,4.092547043641574,"4,25 a 4,5",Baixa
2100,241751744,"O'SHAUGHNESSY INVESTIGATIONS, INC.: Leave Murder to the Professionals (O'Shaughnessy Investigations Inc. Mystery Series Book 3)",A.G. Russo,8507373,https://www.goodreads.com/book/show/241751744-o-shaughnessy-investigations-inc,https://www.goodreads.com/author/show/8507373.A_G_Russo,https://i.gr-assets.com/images/S/compressed.photo.goodreads.com/books/1758136267i/241751744._SY75_.jpg,4.39,1597,4099,48,21,4.093315527548989,"4,25 a 4,5",Baixa
2101,113310,"The Eight (The Eight, #1)",Katherine Neville,7172,https://www.goodreads.com/book/show/113310.The_Eight,https://www.goodreads.com/author/show/7172.Katherine_Neville,https://i.gr-assets.com/images/S/compressed.photo.goodreads.com/books/1388263286i/113310._SY75_.jpg,3.93,47453,4090,52,22,4.074562998624393,"3,5 a 4,0",Baixa
2102,17849112,"World After (Penryn & the End of Days, #2)",Susan Ee,4890182,https://www.goodreads.com/book/show/17849112-world-after,https://www.goodreads.com/author/show/4890182.Susan_Ee,https://i.gr-assets.com/images/S/compressed.photo.goodreads.com/books/1423238855i/17849112._SX50_.jpg,4.13,109205,4083,50,22,4.100376137833228,"4,0 a 4,25",Média
2103,7742,"Ahab's Wife, or The Star-Gazer",Sena Jeter Naslund,5234,https://www.goodreads.com/book/show/7742.Ahab_s_Wife_or_The_Star_Gazer,https://www.goodreads.com/author/show/5234.Sena_Jeter_Naslund,https://i.gr-assets.com/images/S/compressed.photo.goodreads.com/books/1442524251i/7742._SY75_.jpg,4.04,45601,4077,53,22,4.086662979155872,"4,0 a 4,25",Baixa
2104,13542496,"The Anatomist's Wife (Lady Darby Mystery, #1)",Anna Lee Huber,5775520,https://www.goodreads.com/book/show/13542496-the-anatomist-s-wife,https://www.goodreads.com/author/show/5775520.Anna_Lee_Huber,https://i.gr-assets.com/images/S/compressed.photo.goodreads.com/books/1346546224i/13542496._SY75_.jpg,3.96,20329,4074,45,22,4.085576341829526,"3,5 a 4,0",Baixa
2105,32585,Hunger,Knut Hamsun,18317,https://www.goodreads.com/book/show/32585.Hunger,https://www.goodreads.com/author/show/18317.Knut_Hamsun,https://i.gr-assets.com/images/S/compressed.photo.goodreads.com/books/1456243307i/32585._SY75_.jpg,4.03,68455,4073,53,22,4.082852642907543,"4,0 a 4,25",Média
2106,22242097,Honor and Polygamy,Omar Farhad,8189303,https://www.goodreads.com/book/show/22242097-honor-and-polygamy,https://www.goodreads.com/author/show/8189303.Omar_Farhad,https://i.gr-assets.com/images/S/compressed.photo.goodreads.com/books/1400872547i/22242097._SX50_.jpg,4.25,167,4071,43,22,4.092171396252119,"4,0 a 4,25",Baixa
2107,30816428,Sugar Daddies,Jade  West,10681321,https://www.goodreads.com/book/show/30816428-sugar-daddies,https://www.goodreads.com/author/show/10681321.Jade_West,https://i.gr-assets.com/images/S/compressed.photo.goodreads.com/books/1467282094i/30816428._SY75_.jpg,3.79,50788,4069,42,22,4.057380435701778,"3,5 a 4,0",Média
2108,18966806,"Morning Star (Red Rising Saga, #3)",Pierce Brown,6474348,https://www.goodreads.com/book/show/18966806-morning-star,https://www.goodreads.com/author/show/6474348.Pierce_Brown,https://i.gr-assets.com/images/S/compressed.photo.goodreads.com/books/1461354277i/18966806._SY75_.jpg,4.55,492318,4066,45,22,4.3472893768504886,"Acima de 4,5",Muito alta
2108,55029958,"Riley Thorn and the Dead Guy Next Door (Riley Thorn, #1)",Lucy Score,8103667,https://www.goodreads.com/book/show/55029958-riley-thorn-and-the-dead-guy-next-door,https://www.goodreads.com/author/show/8103667.Lucy_Score,https://i.gr-assets.com/images/S/compressed.photo.goodreads.com/books/1597864238i/55029958._SY75_.jpg,4.12,70861,4066,43,22,4.096383194197104,"4,0 a 4,25",Média
2110,3690,The Power and the Glory,Graham Greene,2533,https://www.goodreads.com/book/show/3690.The_Power_and_the_Glory,https://www.goodreads.com/author/show/2533.Graham_Greene,https://i.gr-assets.com/images/S/compressed.photo.goodreads.com/books/1753926497i/3690._SY75_.jpg,3.99,45586,4064,60,22,4.081444812086104,"3,5 a 4,0",Baixa
2110,252431154,Murder at Tutley Brewery: A Jack Ludefance Novel,Behcet Kaya,744640,https://www.goodreads.com/book/show/252431154-murder-at-tutley-brewery,https://www.goodreads.com/author/show/744640.Behcet_Kaya,https://i.gr-assets.com/images/S/compressed.photo.goodreads.com/books/1779202528i/252431154._SY75_.jpg,4.37,1783,4064,48,22,4.0933652224161685,"4,25 a 4,5",Baixa
2112,3558003,"Lord of Misrule (The Morganville Vampires, #5)",Rachel Caine,15292,https://www.goodreads.com/book/show/3558003-lord-of-misrule,https://www.goodreads.com/author/show/15292.Rachel_Caine,https://i.gr-assets.com/images/S/compressed.photo.goodreads.com/books/1388214471i/3558003._SY75_.jpg,4.15,49190,4062,59,22,4.098572529285672,"4,0 a 4,25",Baixa
2113,40291564,"Storm and Fury (The Harbinger, #1)",Jennifer L. Armentrout,4476934,https://www.goodreads.com/book/show/40291564-storm-and-fury,https://www.goodreads.com/author/show/4476934.Jennifer_L_Armentrout,https://i.gr-assets.com/images/S/compressed.photo.goodreads.com/books/1540397329i/40291564._SY75_.jpg,4.03,74426,4061,43,22,4.082174708310889,"4,0 a 4,25",Média
2114,28251,"The High Lord (The Black Magician Trilogy, #3)",Trudi Canavan,15890,https://www.goodreads.com/book/show/28251.The_High_Lord,https://www.goodreads.com/author/show/15890.Trudi_Canavan,https://i.gr-assets.com/images/S/compressed.photo.goodreads.com/books/1327357942i/28251._SY75_.jpg,4.14,64914,4054,51,22,4.098922326184677,"4,0 a 4,25",Média
2115,61767292,"Icebreaker (Maple Hills, #1)",Hannah  Grace,22954957,https://www.goodreads.com/book/show/61767292-icebreaker,https://www.goodreads.com/author/show/22954957.Hannah_Grace,https://i.gr-assets.com/images/S/compressed.photo.goodreads.com/books/1659045816i/61767292._SY75_.jpg,3.72,1393163,4052,46,22,3.8015598829464863,"3,5 a 4,0",Muito alta
2116,10923383,Little Owl's Night,Divya Srinivasan,3200970,https://www.goodreads.com/book/show/10923383-little-owl-s-night,https://www.goodreads.com/author/show/3200970.Divya_Srinivasan,https://i.gr-assets.com/images/S/compressed.photo.goodreads.com/books/1311705004i/10923383._SX50_.jpg,4.07,4602,4049,42,22,4.091846918770151,"4,0 a 4,25",Baixa
2117,565319,Fire in the Lake: The Vietnamese and the Americans in Vietnam,Frances FitzGerald,125706,https://www.goodreads.com/book/show/565319.Fire_in_the_Lake,https://www.goodreads.com/author/show/125706.Frances_FitzGerald,https://i.gr-assets.com/images/S/compressed.photo.goodreads.com/books/1344264389i/565319._SX50_.jpg,4.1,2824,4044,43,22,4.092160608365346,"4,0 a 4,25",Baixa
2118,32071,Sons and Lovers,D.H. Lawrence,17623,https://www.goodreads.com/book/show/32071.Sons_and_Lovers,https://www.goodreads.com/author/show/17623.D_H_Lawrence,https://i.gr-assets.com/images/S/compressed.photo.goodreads.com/books/1386924291i/32071._SY75_.jpg,3.64,56676,4042,64,22,4.034877735283723,"3,5 a 4,0",Média
2119,27071490,Homegoing,Yaa Gyasi,14493315,https://www.goodreads.com/book/show/27071490-homegoing,https://www.goodreads.com/author/show/14493315.Yaa_Gyasi,https://i.gr-assets.com/images/S/compressed.photo.goodreads.com/books/1448108591i/27071490._SY75_.jpg,4.47,428130,4039,45,22,4.289597275668075,"4,25 a 4,5",Muito alta
2120,18796,In Search of Lost Time,Marcel Proust,233619,https://www.goodreads.com/book/show/18796.In_Search_of_Lost_Time,https://www.goodreads.com/author/show/233619.Marcel_Proust,https://i.gr-assets.com/images/S/compressed.photo.goodreads.com/books/1657567516i/18796._SX50_.jpg,4.34,14564,4035,47,22,4.101004293530238,"4,25 a 4,5",Baixa
2121,8428064,"Demonglass (Hex Hall, #2)",Rachel Hawkins,2261547,https://www.goodreads.com/book/show/8428064-demonglass,https://www.goodreads.com/author/show/2261547.Rachel_Hawkins,https://i.gr-assets.com/images/S/compressed.photo.goodreads.com/books/1287692542i/8428064._SY75_.jpg,4.08,94744,4034,54,22,4.089743516356465,"4,0 a 4,25",Média
2122,16130549,"Doctor Sleep (The Shining, #2)",Stephen  King,3389,https://www.goodreads.com/book/show/16130549-doctor-sleep,https://www.goodreads.com/author/show/3389.Stephen_King,https://i.gr-assets.com/images/S/compressed.photo.goodreads.com/books/1510335480i/16130549._SY75_.jpg,4.13,308024,4032,55,22,4.108800893425484,"4,0 a 4,25",Alta
2123,9961796,"Lola and the Boy Next Door (Anna and the French Kiss, #2)",Stephanie Perkins,3095893,https://www.goodreads.com/book/show/9961796-lola-and-the-boy-next-door,https://www.goodreads.com/author/show/3095893.Stephanie_Perkins,https://i.gr-assets.com/images/S/compressed.photo.goodreads.com/books/1358271832i/9961796._SY75_.jpg,3.89,167289,4031,48,22,4.031553126576073,"3,5 a 4,0",Alta
2124,13259987,Creepy Carrots!,Aaron Reynolds,19748106,https://www.goodreads.com/book/show/13259987-creepy-carrots,https://www.goodreads.com/author/show/19748106.Aaron_Reynolds,https://i.gr-assets.com/images/S/compressed.photo.goodreads.com/books/1424982083i/13259987._SX50_.jpg,4.23,18966,4030,42,22,4.098482139897463,"4,0 a 4,25",Baixa
2125,210434495,Whisk Of Dust: Too Unseen Distance,Sherman Kennon,5252024,https://www.goodreads.com/book/show/210434495-whisk-of-dust,https://www.goodreads.com/author/show/5252024.Sherman_Kennon,https://i.gr-assets.com/images/S/compressed.photo.goodreads.com/books/1711548405i/210434495._SY75_.jpg,4.33,1449,4029,45,22,4.0929821787979135,"4,25 a 4,5",Baixa
2126,2479827,"Eragon, Eldest & Brisingr (Inheritance, #1-3)",Christopher Paolini,8349,https://www.goodreads.com/book/show/2479827.Eragon_Eldest_Brisingr,https://www.goodreads.com/author/show/8349.Christopher_Paolini,https://i.gr-assets.com/images/S/compressed.photo.goodreads.com/books/1348466270i/2479827._SX50_.jpg,4.27,37616,4026,63,22,4.1077134860434565,"4,25 a 4,5",Baixa
2127,6479550,"Magic Bleeds (Kate Daniels, #4)",Ilona Andrews,21748,https://www.goodreads.com/book/show/6479550-magic-bleeds,https://www.goodreads.com/author/show/21748.Ilona_Andrews,https://i.gr-assets.com/images/S/compressed.photo.goodreads.com/books/1407110429i/6479550._SY75_.jpg,4.43,91731,4023,51,22,4.156301977733557,"4,25 a 4,5",Média
2128,210554994,"Never Fall for a Dragon (Mate Mountain, #1)",Lola Glass,20827982,https://www.goodreads.com/book/show/210554994-never-fall-for-a-dragon,https://www.goodreads.com/author/show/20827982.Lola_Glass,https://i.gr-assets.com/images/S/compressed.photo.goodreads.com/books/1711819234i/210554994._SY75_.jpg,3.87,9684,4022,43,22,4.086737122958044,"3,5 a 4,0",Baixa
2129,53499615,"The Asset (Lance Spector, #1)",Saul Herzog,20226007,https://www.goodreads.com/book/show/53499615-the-asset,https://www.goodreads.com/author/show/20226007.Saul_Herzog,https://i.gr-assets.com/images/S/compressed.photo.goodreads.com/books/1757797769i/53499615._SY75_.jpg,4.3,13678,4020,42,22,4.099129423139092,"4,25 a 4,5",Baixa
2130,36642458,"Skyward (Skyward, #1)",Brandon Sanderson,38550,https://www.goodreads.com/book/show/36642458-skyward,https://www.goodreads.com/author/show/38550.Brandon_Sanderson,https://i.gr-assets.com/images/S/compressed.photo.goodreads.com/books/1531845177i/36642458._SY75_.jpg,4.46,173975,4019,44,22,4.2053754897600815,"4,25 a 4,5",Alta
2131,10585,Insomnia,Stephen  King,3389,https://www.goodreads.com/book/show/10585.Insomnia,https://www.goodreads.com/author/show/3389.Stephen_King,https://i.gr-assets.com/images/S/compressed.photo.goodreads.com/books/1678392358i/10585._SY75_.jpg,3.83,172443,4012,61,22,4.011897974837796,"3,5 a 4,0",Alta
2132,19534,The Brothers K,David James Duncan,11700,https://www.goodreads.com/book/show/19534.The_Brothers_K,https://www.goodreads.com/author/show/11700.David_James_Duncan,https://i.gr-assets.com/images/S/compressed.photo.goodreads.com/books/1403176622i/19534._SY75_.jpg,4.39,17435,4010,49,22,4.104817871521478,"4,25 a 4,5",Baixa
2133,32418,"Hannibal (Hannibal Lecter, #3)",Thomas  Harris,12455,https://www.goodreads.com/book/show/32418.Hannibal,https://www.goodreads.com/author/show/12455.Thomas_Harris,https://i.gr-assets.com/images/S/compressed.photo.goodreads.com/books/1630687696i/32418._SY75_.jpg,3.82,120793,4004,54,22,4.027892349232599,"3,5 a 4,0",Média
2133,35516557,Why Socialism Works,Harrison Lievesley,16980408,https://www.goodreads.com/book/show/35516557-why-socialism-works,https://www.goodreads.com/author/show/16980408.Harrison_Lievesley,https://i.gr-assets.com/images/S/compressed.photo.goodreads.com/books/1498439749i/35516557._SY75_.jpg,4.21,686,4004,43,22,4.092310440837565,"4,0 a 4,25",Baixa
2135,25690957,"Off the Grid (Joe Pickett, #16)",C.J. Box,314195,https://www.goodreads.com/book/show/25690957-off-the-grid,https://www.goodreads.com/author/show/314195.C_J_Box,https://i.gr-assets.com/images/S/compressed.photo.goodreads.com/books/1434990356i/25690957._SY75_.jpg,4.31,25848,4003,43,22,4.1056127249512055,"4,25 a 4,5",Baixa
2136,6431790,"Fang (Maximum Ride, #6)",James  Patterson,3780,https://www.goodreads.com/book/show/6431790-fang,https://www.goodreads.com/author/show/3780.James_Patterson,https://i.gr-assets.com/images/S/compressed.photo.goodreads.com/books/1344269411i/6431790._SY75_.jpg,4.05,64424,4002,56,22,4.086149049813422,"4,0 a 4,25",Média
2137,16101018,The Day the Crayons Quit,Drew Daywalt,6561846,https://www.goodreads.com/book/show/16101018-the-day-the-crayons-quit,https://www.goodreads.com/author/show/6561846.Drew_Daywalt,https://i.gr-assets.com/images/S/compressed.photo.goodreads.com/books/1397425766i/16101018._SX50_.jpg,4.42,60858,4001,42,22,4.136258423067285,"4,25 a 4,5",Média
2138,43369,God Is Not Great: How Religion Poisons Everything,Christopher Hitchens,3956,https://www.goodreads.com/book/show/43369.God_Is_Not_Great,https://www.goodreads.com/author/show/3956.Christopher_Hitchens,https://i.gr-assets.com/images/S/compressed.photo.goodreads.com/books/1411218313i/43369._SY75_.jpg,3.96,114764,4000,54,22,4.062132781644961,"3,5 a 4,0",Média
2138,218109942,Wraith (The Convergence War #1),M.R. Forbes,6912725,https://www.goodreads.com/book/show/218109942-wraith,https://www.goodreads.com/author/show/6912725.M_R_Forbes,https://i.gr-assets.com/images/S/compressed.photo.goodreads.com/books/1724713755i/218109942._SX50_.jpg,4.23,3784,4000,42,22,4.093425461244641,"4,0 a 4,25",Baixa
2140,53968496,"The Prison Healer (The Prison Healer, #1)",Lynette Noni,9857504,https://www.goodreads.com/book/show/53968496-the-prison-healer,https://www.goodreads.com/author/show/9857504.Lynette_Noni,https://i.gr-assets.com/images/S/compressed.photo.goodreads.com/books/1593147576i/53968496._SY75_.jpg,4.16,227164,3999,44,22,4.117051283327517,"4,0 a 4,25",Alta
2141,51476294,Adhaata Asao's Liege,Afroz  Alam,20041521,https://www.goodreads.com/book/show/51476294-adhaata-asao-s-liege,https://www.goodreads.com/author/show/20041521.Afroz_Alam,https://i.gr-assets.com/images/S/compressed.photo.goodreads.com/books/1582107993i/51476294._SY75_.jpg,4.58,187,3998,40,22,4.092337181886317,"Acima de 4,5",Baixa
2142,63033,The Savage Detectives,Roberto Bolaño,72039,https://www.goodreads.com/book/show/63033.The_Savage_Detectives,https://www.goodreads.com/author/show/72039.Roberto_Bola_o,https://i.gr-assets.com/images/S/compressed.photo.goodreads.com/books/1342651149i/63033._SX50_.jpg,4.18,56198,3996,46,22,4.103147626391819,"4,0 a 4,25",Média
2143,1829709,"The Final Warning (Maximum Ride, #4)",James  Patterson,3780,https://www.goodreads.com/book/show/1829709.The_Final_Warning,https://www.goodreads.com/author/show/3780.James_Patterson,https://i.gr-assets.com/images/S/compressed.photo.goodreads.com/books/1440631506i/1829709._SY75_.jpg,3.85,74782,3990,57,22,4.053240576538905,"3,5 a 4,0",Média
2143,318525,Red Storm Rising,Tom Clancy,3892,https://www.goodreads.com/book/show/318525.Red_Storm_Rising,https://www.goodreads.com/author/show/3892.Tom_Clancy,https://i.gr-assets.com/images/S/compressed.photo.goodreads.com/books/1173729031i/318525._SY75_.jpg,4.21,86047,3990,54,22,4.1133658048562465,"4,0 a 4,25",Média
2145,58480569,Dear Barack: The Extraordinary Partnership of Barack Obama and Angela Merkel,Claudia   Clark,21883479,https://www.goodreads.com/book/show/58480569-dear-barack,https://www.goodreads.com/author/show/21883479.Claudia_Clark,https://i.gr-assets.com/images/S/compressed.photo.goodreads.com/books/1634401413i/58480569._SX50_.jpg,4.27,5812,3986,43,22,4.094709065353298,"4,25 a 4,5",Baixa
2146,752900,Medea,Euripides,973,https://www.goodreads.com/book/show/752900.Medea,https://www.goodreads.com/author/show/973.Euripides,https://i.gr-assets.com/images/S/compressed.photo.goodreads.com/books/1328868366i/752900._SY75_.jpg,3.96,90917,3985,71,22,4.067185835199438,"3,5 a 4,0",Média
2147,43330,Master of the Game,Sidney Sheldon,9068,https://www.goodreads.com/book/show/43330.Master_of_the_Game,https://www.goodreads.com/author/show/9068.Sidney_Sheldon,https://i.gr-assets.com/images/S/compressed.photo.goodreads.com/books/1170095440i/43330._SY75_.jpg,4.15,61387,3982,51,22,4.099958839935001,"4,0 a 4,25",Média
2148,122975438,Finding Their Omega (Knot Her Pack #1),Sadie Moss,18244958,https://www.goodreads.com/book/show/122975438-finding-their-omega,https://www.goodreads.com/author/show/18244958.Sadie_Moss,https://i.gr-assets.com/images/S/compressed.photo.goodreads.com/books/1680027798i/122975438._SX50_.jpg,3.89,8229,3976,42,22,4.087939028280676,"3,5 a 4,0",Baixa
2149,38500,Women,Charles Bukowski,13275,https://www.goodreads.com/book/show/38500.Women,https://www.goodreads.com/author/show/13275.Charles_Bukowski,https://i.gr-assets.com/images/S/compressed.photo.goodreads.com/books/1325028693i/38500._SY75_.jpg,3.79,88713,3972,51,22,4.036245514657079,"3,5 a 4,0",Média
2149,54860443,One Last Stop,Casey McQuiston,17949486,https://www.goodreads.com/book/show/54860443-one-last-stop,https://www.goodreads.com/author/show/17949486.Casey_McQuiston,https://i.gr-assets.com/images/S/compressed.photo.goodreads.com/books/1598019346i/54860443._SY75_.jpg,3.88,297876,3972,44,22,4.000399127228233,"3,5 a 4,0",Alta
2151,9572203,"The Snowman (Harry Hole, #7)",Jo Nesbø,904719,https://www.goodreads.com/book/show/9572203-the-snowman,https://www.goodreads.com/author/show/904719.Jo_Nesb_,https://i.gr-assets.com/images/S/compressed.photo.goodreads.com/books/1355881478i/9572203._SY75_.jpg,4.03,156396,3971,49,22,4.0743629412536695,"4,0 a 4,25",Alta
2152,210384823,Shroud,Adrian Tchaikovsky,1445909,https://www.goodreads.com/book/show/210384823-shroud,https://www.goodreads.com/author/show/1445909.Adrian_Tchaikovsky,https://i.gr-assets.com/images/S/compressed.photo.goodreads.com/books/1745049244i/210384823._SY75_.jpg,4.14,15907,3970,43,22,4.093976001484075,"4,0 a 4,25",Baixa
2153,420404,Yertle the Turtle and Other Stories,Dr. Seuss,61105,https://www.goodreads.com/book/show/420404.Yertle_the_Turtle_and_Other_Stories,https://www.goodreads.com/author/show/61105.Dr_Seuss,https://i.gr-assets.com/images/S/compressed.photo.goodreads.com/books/1347434226i/420404._SX50_.jpg,4.15,36375,3968,66,22,4.097030748558184,"4,0 a 4,25",Baixa
2154,59784480,"The Cheat Code (Wisdom Revolution, #3)",Misba,15178124,https://www.goodreads.com/book/show/59784480-the-cheat-code,https://www.goodreads.com/author/show/15178124.Misba,https://i.gr-assets.com/images/S/compressed.photo.goodreads.com/books/1681868597i/59784480._SY75_.jpg,4.72,3446,3959,42,22,4.097588367323635,"Acima de 4,5",Baixa
2155,10032672,The Language of Flowers,Vanessa Diffenbaugh,4537214,https://www.goodreads.com/book/show/10032672-the-language-of-flowers,https://www.goodreads.com/author/show/4537214.Vanessa_Diffenbaugh,https://i.gr-assets.com/images/S/compressed.photo.goodreads.com/books/1333577674i/10032672._SX50_.jpg,4.1,236685,3956,49,22,4.095081009752444,"4,0 a 4,25",Alta
2156,58340705,"The Blighted Stars (The Devoured Worlds, #1)",Megan E. O'Keefe,8177132,https://www.goodreads.com/book/show/58340705-the-blighted-stars,https://www.goodreads.com/author/show/8177132.Megan_E_O_Keefe,https://i.gr-assets.com/images/S/compressed.photo.goodreads.com/books/1673687244i/58340705._SY75_.jpg,4.07,10249,3955,43,22,4.091539516813792,"4,0 a 4,25",Baixa
2157,18334354,"Quantum Roots (Quantum Roots, #1)",Kyle Keyes,4868409,https://www.goodreads.com/book/show/18334354-quantum-roots,https://www.goodreads.com/author/show/4868409.Kyle_Keyes,https://i.gr-assets.com/images/S/compressed.photo.goodreads.com/books/1376602412i/18334354._SY75_.jpg,4.27,3157,3954,43,22,4.093528565942759,"4,25 a 4,5",Baixa
2157,181350367,"How to Solve Your Own Murder (Castle Knoll Files, #1)",Kristen Perrin,22487384,https://www.goodreads.com/book/show/181350367-how-to-solve-your-own-murder,https://www.goodreads.com/author/show/22487384.Kristen_Perrin,https://i.gr-assets.com/images/S/compressed.photo.goodreads.com/books/1693336762i/181350367._SY75_.jpg,3.79,139021,3954,42,22,4.012876191029364,"3,5 a 4,0",Média
2159,57747930,Never,Ken Follett,3447,https://www.goodreads.com/book/show/57747930-never,https://www.goodreads.com/author/show/3447.Ken_Follett,https://i.gr-assets.com/images/S/compressed.photo.goodreads.com/books/1618507557i/57747930._SY75_.jpg,4.09,76354,3953,42,22,4.091760318200562,"4,0 a 4,25",Média
2160,13033,"The Alexandria Quartet  (The Alexandria Quartet, #1-4)",Lawrence Durrell,8166,https://www.goodreads.com/book/show/13033.The_Alexandria_Quartet,https://www.goodreads.com/author/show/8166.Lawrence_Durrell,https://i.gr-assets.com/images/S/compressed.photo.goodreads.com/books/1778005671i/13033._SY75_.jpg,4.18,12344,3951,53,22,4.094793443877699,"4,0 a 4,25",Baixa
2161,106085,"Masquerade (Blue Bloods, #2)",Melissa de la Cruz,21911,https://www.goodreads.com/book/show/106085.Masquerade,https://www.goodreads.com/author/show/21911.Melissa_de_la_Cruz,https://i.gr-assets.com/images/S/compressed.photo.goodreads.com/books/1322287499i/106085._SY75_.jpg,3.91,92520,3950,58,22,4.057264802418111,"3,5 a 4,0",Média
2162,50576230,"The Marlow Murder Club (Marlow Murder Club, #1)",Robert Thorogood,8361051,https://www.goodreads.com/book/show/50576230-the-marlow-murder-club,https://www.goodreads.com/author/show/8361051.Robert_Thorogood,https://i.gr-assets.com/images/S/compressed.photo.goodreads.com/books/1610404095i/50576230._SX50_.jpg,3.79,88134,3949,42,22,4.036543035033875,"3,5 a 4,0",Média
2163,195791479,The Stardust Grail,Yume Kitasei,19533114,https://www.goodreads.com/book/show/195791479-the-stardust-grail,https://www.goodreads.com/author/show/19533114.Yume_Kitasei,https://i.gr-assets.com/images/S/compressed.photo.goodreads.com/books/1698507161i/195791479._SY75_.jpg,3.65,11591,3948,43,22,4.07937793351036,"3,5 a 4,0",Baixa
2164,40727470,"Stalking Jack the Ripper (Stalking Jack the Ripper, #1)",Kerri Maniscalco,14584166,https://www.goodreads.com/book/show/40727470-stalking-jack-the-ripper,https://www.goodreads.com/author/show/14584166.Kerri_Maniscalco,https://i.gr-assets.com/images/S/compressed.photo.goodreads.com/books/1530823449i/40727470._SY75_.jpg,3.92,187019,3947,46,22,4.036427245294605,"3,5 a 4,0",Alta
2165,220195781,"The Folded Sky (White Space, #3)",Elizabeth Bear,108173,https://www.goodreads.com/book/show/220195781-the-folded-sky,https://www.goodreads.com/author/show/108173.Elizabeth_Bear,https://i.gr-assets.com/images/S/compressed.photo.goodreads.com/books/1728328105i/220195781._SY75_.jpg,4.11,1466,3945,43,22,4.092170834169433,"4,0 a 4,25",Baixa
2166,3265305,"Bruno, Chief of Police (Bruno, Chief of Police, #1)",Martin  Walker,90593,https://www.goodreads.com/book/show/3265305-bruno-chief-of-police,https://www.goodreads.com/author/show/90593.Martin_Walker,https://i.gr-assets.com/images/S/compressed.photo.goodreads.com/books/1410941802i/3265305._SY75_.jpg,3.88,26148,3943,42,22,4.078811302907578,"3,5 a 4,0",Baixa
2167,127586,"The White Dragon (The Dragonriders of Pern, #3)",Anne McCaffrey,26,https://www.goodreads.com/book/show/127586.The_White_Dragon,https://www.goodreads.com/author/show/26.Anne_McCaffrey,https://i.gr-assets.com/images/S/compressed.photo.goodreads.com/books/1307994871i/127586._SY75_.jpg,4.2,51549,3941,52,22,4.104669650871863,"4,0 a 4,25",Média
2168,822989,"My Story: ""A Child Called It"", ""The Lost Boy"", ""A Man Named Dave""",Dave Pelzer,1881,https://www.goodreads.com/book/show/822989.My_Story,https://www.goodreads.com/author/show/1881.Dave_Pelzer,https://i.gr-assets.com/images/S/compressed.photo.goodreads.com/books/1408928892i/822989._SY75_.jpg,4.25,15555,3929,59,22,4.0981439811870946,"4,0 a 4,25",Baixa
2168,8537327,Inside Out & Back Again,Thanhhà Lại,4106652,https://www.goodreads.com/book/show/8537327-inside-out-back-again,https://www.goodreads.com/author/show/4106652.Thanhh_L_i,https://i.gr-assets.com/images/S/compressed.photo.goodreads.com/books/1357771743i/8537327._SY75_.jpg,4.12,68790,3929,43,22,4.096276837346146,"4,0 a 4,25",Média
2170,48499436,"The Lady of the Tower (The Lydiard Chronicles, #1)",Elizabeth St. John,14941581,https://www.goodreads.com/book/show/48499436-the-lady-of-the-tower,https://www.goodreads.com/author/show/14941581.Elizabeth_St_John,https://i.gr-assets.com/images/S/compressed.photo.goodreads.com/books/1571403571i/48499436._SY75_.jpg,4.2,1956,3925,41,22,4.092640958887432,"4,0 a 4,25",Baixa
2171,37969723,"The Silence of the Girls (Women of Troy, #1)",Pat Barker,4000,https://www.goodreads.com/book/show/37969723-the-silence-of-the-girls,https://www.goodreads.com/author/show/4000.Pat_Barker,https://i.gr-assets.com/images/S/compressed.photo.goodreads.com/books/1519448688i/37969723._SY75_.jpg,3.89,121392,3924,41,22,4.044230608160141,"3,5 a 4,0",Média
2172,65213781,Exordia,Seth Dickinson,5760737,https://www.goodreads.com/book/show/65213781-exordia,https://www.goodreads.com/author/show/5760737.Seth_Dickinson,https://i.gr-assets.com/images/S/compressed.photo.goodreads.com/books/1675695169i/65213781._SY75_.jpg,3.73,2851,3922,43,22,4.0894833467929415,"3,5 a 4,0",Baixa
2173,204593674,To Overthrow the World: The Rise and Fall and Rise of Communism,Sean McMeekin,639440,https://www.goodreads.com/book/show/204593674-to-overthrow-the-world,https://www.goodreads.com/author/show/639440.Sean_McMeekin,https://i.gr-assets.com/images/S/compressed.photo.goodreads.com/books/1705350188i/204593674._SY75_.jpg,4.17,879,3921,42,22,4.092278687793836,"4,0 a 4,25",Baixa
2174,5310515,When You Reach Me,Rebecca Stead,175329,https://www.goodreads.com/book/show/5310515-when-you-reach-me,https://www.goodreads.com/author/show/175329.Rebecca_Stead,https://i.gr-assets.com/images/S/compressed.photo.goodreads.com/books/1441759322i/5310515._SY75_.jpg,4.08,118713,3916,46,22,4.089285404926993,"4,0 a 4,25",Média
2175,60041932,"My Roommate Is a Vampire (My Vampires, #1)",Jenna Levine,22340679,https://www.goodreads.com/book/show/60041932-my-roommate-is-a-vampire,https://www.goodreads.com/author/show/22340679.Jenna_Levine,https://i.gr-assets.com/images/S/compressed.photo.goodreads.com/books/1665612756i/60041932._SY75_.jpg,3.45,116547,3915,42,22,3.9446824004361463,"Até 3,5",Média
2176,36195241,"The Painter's Apprentice (Venetian Artisans, #1)",Laura Morelli,766767,https://www.goodreads.com/book/show/36195241-the-painter-s-apprentice,https://www.goodreads.com/author/show/766767.Laura_Morelli,https://i.gr-assets.com/images/S/compressed.photo.goodreads.com/books/1504760629i/36195241._SX50_.jpg,4.04,1139,3914,41,22,4.091952690801521,"4,0 a 4,25",Baixa
2177,119829,The Sunne in Splendour,Sharon Kay Penman,24655,https://www.goodreads.com/book/show/119829.The_Sunne_in_Splendour,https://www.goodreads.com/author/show/24655.Sharon_Kay_Penman,https://i.gr-assets.com/images/S/compressed.photo.goodreads.com/books/1361649213i/119829._SY75_.jpg,4.41,23055,3913,48,22,4.1098013185241795,"4,25 a 4,5",Baixa
2178,8659601,"The Power of Six (Lorien Legacies, #2)",Pittacus Lore,3380908,https://www.goodreads.com/book/show/8659601-the-power-of-six,https://www.goodreads.com/author/show/3380908.Pittacus_Lore,https://i.gr-assets.com/images/S/compressed.photo.goodreads.com/books/1345067406i/8659601._SY75_.jpg,4.14,144214,3911,54,22,4.105007682959715,"4,0 a 4,25",Média
2178,8492319,"Lover Unleashed (Black Dagger Brotherhood, #9)",J.R. Ward,20248,https://www.goodreads.com/book/show/8492319-lover-unleashed,https://www.goodreads.com/author/show/20248.J_R_Ward,https://i.gr-assets.com/images/S/compressed.photo.goodreads.com/books/1289343390i/8492319._SY75_.jpg,4.28,98668,3911,58,22,4.129958762320476,"4,25 a 4,5",Média
2178,55573785,The Turnout,Megan Abbott,29593,https://www.goodreads.com/book/show/55573785-the-turnout,https://www.goodreads.com/author/show/29593.Megan_Abbott,https://i.gr-assets.com/images/S/compressed.photo.goodreads.com/books/1606063004i/55573785._SY75_.jpg,3.11,24656,3911,41,22,4.033858592962974,"Até 3,5",Baixa
2181,210137100,Your Story Has a Villain: Identify Spiritual Warfare and Learn How to Defeat the Enemy,"Jonathan ""JP"" Pokluda",18190058,https://www.goodreads.com/book/show/210137100-your-story-has-a-villain,https://www.goodreads.com/author/show/18190058.Jonathan_JP_Pokluda,https://i.gr-assets.com/images/S/compressed.photo.goodreads.com/books/1718918009i/210137100._SY75_.jpg,4.55,4754,3909,41,22,4.097603359477661,"Acima de 4,5",Baixa
2182,169369654,"The Alaska Job (Case Lee, #12)",Vince Milam,13477444,https://www.goodreads.com/book/show/169369654-the-alaska-job,https://www.goodreads.com/author/show/13477444.Vince_Milam,https://i.gr-assets.com/images/S/compressed.photo.goodreads.com/books/1685578342i/169369654._SY75_.jpg,4.5,1926,3902,41,22,4.094102967437582,"4,25 a 4,5",Baixa
2183,245469960,Mr Darcy - Through the Looking Glass,D.B.   Thomas,52176924,https://www.goodreads.com/book/show/245469960-mr-darcy---through-the-looking-glass,https://www.goodreads.com/author/show/52176924.D_B_Thomas,https://i.gr-assets.com/images/S/compressed.photo.goodreads.com/books/1766072902i/245469960._SX50_.jpg,4.67,125,3900,39,22,4.092288652193891,"Acima de 4,5",Baixa
2184,544257,"Midnight Alley (The Morganville Vampires, #3)",Rachel Caine,15292,https://www.goodreads.com/book/show/544257.Midnight_Alley,https://www.goodreads.com/author/show/15292.Rachel_Caine,https://i.gr-assets.com/images/S/compressed.photo.goodreads.com/books/1388182869i/544257._SY75_.jpg,4.09,62343,3899,55,22,4.091814712833194,"4,0 a 4,25",Média
2185,40725379,"Animal, Vegetable, Miracle: A Year of Food Life",Barbara Kingsolver,3541,https://www.goodreads.com/book/show/40725379-animal-vegetable-miracle,https://www.goodreads.com/author/show/3541.Barbara_Kingsolver,https://i.gr-assets.com/images/S/compressed.photo.goodreads.com/books/1530799548i/40725379._SY75_.jpg,4.05,114398,3897,55,22,4.082575185204125,"4,0 a 4,25",Média
2186,33609,Katherine,Anya Seton,18930,https://www.goodreads.com/book/show/33609.Katherine,https://www.goodreads.com/author/show/18930.Anya_Seton,https://i.gr-assets.com/images/S/compressed.photo.goodreads.com/books/1436406825i/33609._SY75_.jpg,4.21,36914,3894,52,22,4.102272379271007,"4,0 a 4,25",Baixa
2187,9418327,Bossypants,Tina Fey,4385839,https://www.goodreads.com/book/show/9418327-bossypants,https://www.goodreads.com/author/show/4385839.Tina_Fey,https://i.gr-assets.com/images/S/compressed.photo.goodreads.com/books/1481509554i/9418327._SY75_.jpg,3.96,1073134,3891,52,22,3.9952839850834723,"3,5 a 4,0",Muito alta
2188,141828,L'écume des jours,Boris Vian,15959,https://www.goodreads.com/book/show/141828.L_cume_des_jours,https://www.goodreads.com/author/show/15959.Boris_Vian,https://i.gr-assets.com/images/S/compressed.photo.goodreads.com/books/1332596603i/141828._SY75_.jpg,3.91,44670,3887,47,22,4.073436021390669,"3,5 a 4,0",Baixa
2189,457264,The Second Sex,Simone de Beauvoir,5548,https://www.goodreads.com/book/show/457264.The_Second_Sex,https://www.goodreads.com/author/show/5548.Simone_de_Beauvoir,https://i.gr-assets.com/images/S/compressed.photo.goodreads.com/books/1327978178i/457264._SY75_.jpg,4.19,49201,3886,52,22,4.1030437700358915,"4,0 a 4,25",Baixa
2190,1108378,What Is to Be Done?,Vladimir Lenin,104630,https://www.goodreads.com/book/show/1108378.What_Is_to_Be_Done_,https://www.goodreads.com/author/show/104630.Vladimir_Lenin,https://i.gr-assets.com/images/S/compressed.photo.goodreads.com/books/1740106083i/1108378._SY75_.jpg,4.12,6013,3884,42,22,4.09252641573432,"4,0 a 4,25",Baixa
2191,781787,Out of Africa,Isak Dinesen,7215049,https://www.goodreads.com/book/show/781787.Out_of_Africa,https://www.goodreads.com/author/show/7215049.Isak_Dinesen,https://i.gr-assets.com/images/S/compressed.photo.goodreads.com/books/1750989139i/781787._SX50_.jpg,3.91,49609,3878,65,22,4.071604323445236,"3,5 a 4,0",Baixa
2191,22574570,Unoffendable: How Just One Change Can Make All of Life Better,Brant Hansen,7360387,https://www.goodreads.com/book/show/22574570-unoffendable,https://www.goodreads.com/author/show/7360387.Brant_Hansen,https://i.gr-assets.com/images/S/compressed.photo.goodreads.com/books/1404480742i/22574570._SY75_.jpg,4.44,14315,3878,41,22,4.104388616303945,"4,25 a 4,5",Baixa
2193,12294652,My Life Next Door,Huntley Fitzpatrick,4660036,https://www.goodreads.com/book/show/12294652-my-life-next-door,https://www.goodreads.com/author/show/4660036.Huntley_Fitzpatrick,https://i.gr-assets.com/images/S/compressed.photo.goodreads.com/books/1394240144i/12294652._SY75_.jpg,3.96,156512,3877,49,22,4.054346266268135,"3,5 a 4,0",Alta
2194,16102004,"Beautiful Bastard (Beautiful Bastard, #1)",Christina Lauren,6556689,https://www.goodreads.com/book/show/16102004-beautiful-bastard,https://www.goodreads.com/author/show/6556689.Christina_Lauren,https://i.gr-assets.com/images/S/compressed.photo.goodreads.com/books/1362258921i/16102004._SY75_.jpg,3.88,228735,3873,48,22,4.013829757307716,"3,5 a 4,0",Alta
2195,6342491,"The Demon King (Seven Realms, #1)",Cinda Williams Chima,125308,https://www.goodreads.com/book/show/6342491-the-demon-king,https://www.goodreads.com/author/show/125308.Cinda_Williams_Chima,https://i.gr-assets.com/images/S/compressed.photo.goodreads.com/books/1379482652i/6342491._SY75_.jpg,4.15,81593,3870,49,22,4.102098014535396,"4,0 a 4,25",Média
2196,210263630,"The Somerset Slayings (DI Haig Crime Thrillers, #1)",David J. Gatward,20330898,https://www.goodreads.com/book/show/210263630-the-somerset-slayings,https://www.goodreads.com/author/show/20330898.David_J_Gatward,https://i.gr-assets.com/images/S/compressed.photo.goodreads.com/books/1727720171i/210263630._SY75_.jpg,4.32,4197,3869,41,22,4.0945237656255635,"4,25 a 4,5",Baixa
2197,132786605,Chickenhawk,Robert Mason,8074,https://www.goodreads.com/book/show/132786605-chickenhawk,https://www.goodreads.com/author/show/8074.Robert_Mason,https://i.gr-assets.com/images/S/compressed.photo.goodreads.com/nophoto/book/111x148._SX50_.png,4.28,16071,3866,42,22,4.0995205875892715,"4,25 a 4,5",Baixa
2198,17802724,The Husband's Secret,Liane Moriarty,322069,https://www.goodreads.com/book/show/17802724-the-husband-s-secret,https://www.goodreads.com/author/show/322069.Liane_Moriarty,https://i.gr-assets.com/images/S/compressed.photo.goodreads.com/books/1460577225i/17802724._SY75_.jpg,3.94,741558,3863,49,22,3.992518904547456,"3,5 a 4,0",Muito alta
2198,16429619,"The Kiss of Deception (The Remnant Chronicles, #1)",Mary E. Pearson,123463,https://www.goodreads.com/book/show/16429619-the-kiss-of-deception,https://www.goodreads.com/author/show/123463.Mary_E_Pearson,https://i.gr-assets.com/images/S/compressed.photo.goodreads.com/books/1389804901i/16429619._SX50_.jpg,3.91,172206,3863,46,22,4.036431819846642,"3,5 a 4,0",Alta
2198,54303987,The Drowning Kind,Jennifer  McMahon,29471,https://www.goodreads.com/book/show/54303987-the-drowning-kind,https://www.goodreads.com/author/show/29471.Jennifer_McMahon,https://i.gr-assets.com/images/S/compressed.photo.goodreads.com/books/1615933931i/54303987._SY75_.jpg,3.81,32189,3863,41,22,4.070650433672617,"3,5 a 4,0",Baixa
2201,3273,"Moloka'i (Moloka'i, #1)",Alan Brennert,2226,https://www.goodreads.com/book/show/3273.Moloka_i,https://www.goodreads.com/author/show/2226.Alan_Brennert,https://i.gr-assets.com/images/S/compressed.photo.goodreads.com/books/1441920261i/3273._SX50_.jpg,4.2,143654,3860,51,23,4.121089757862192,"4,0 a 4,25",Média
2202,35642518,For the Love of Armin,Michael G. Kramer,15015247,https://www.goodreads.com/book/show/35642518-for-the-love-of-armin,https://www.goodreads.com/author/show/15015247.Michael_G_Kramer,https://i.gr-assets.com/images/S/compressed.photo.goodreads.com/books/1499685145i/35642518._SY75_.jpg,4.3,1138,3859,42,23,4.092707198210182,"4,25 a 4,5",Baixa
2202,56754734,"Hunt the Stars (Starlight's Shadow, #1)",Jessie Mihalik,17023471,https://www.goodreads.com/book/show/56754734-hunt-the-stars,https://www.goodreads.com/author/show/17023471.Jessie_Mihalik,https://i.gr-assets.com/images/S/compressed.photo.goodreads.com/books/1626979714i/56754734._SX50_.jpg,4.02,12418,3859,40,23,4.089884941150376,"4,0 a 4,25",Baixa
2204,53381768,"Crank Palace (The Maze Runner, #3.5)",James Dashner,348878,https://www.goodreads.com/book/show/53381768-crank-palace,https://www.goodreads.com/author/show/348878.James_Dashner,https://i.gr-assets.com/images/S/compressed.photo.goodreads.com/books/1597701243i/53381768._SX50_.jpg,4.08,19452,3855,42,23,4.09153048422568,"4,0 a 4,25",Baixa
2205,6574102,"Heist Society (Heist Society, #1)",Ally Carter,56224,https://www.goodreads.com/book/show/6574102-heist-society,https://www.goodreads.com/author/show/56224.Ally_Carter,https://i.gr-assets.com/images/S/compressed.photo.goodreads.com/books/1359254479i/6574102._SY75_.jpg,3.91,95692,3854,53,23,4.056305167859129,"3,5 a 4,0",Média
2206,210137397,The Man the Moment Demands: Master the 10 Characteristics of the Comprehensive Man,Jason          Wilson,24011314,https://www.goodreads.com/book/show/210137397-the-man-the-moment-demands,https://www.goodreads.com/author/show/24011314.Jason_Wilson,https://i.gr-assets.com/images/S/compressed.photo.goodreads.com/books/1710812971i/210137397._SY75_.jpg,4.18,961,3850,40,23,4.092319456787447,"4,0 a 4,25",Baixa
2207,111450,Quidditch Through the Ages,J.K. Rowling,1077326,https://www.goodreads.com/book/show/111450.Quidditch_Through_the_Ages,https://www.goodreads.com/author/show/1077326.J_K_Rowling,https://i.gr-assets.com/images/S/compressed.photo.goodreads.com/books/1369689506i/111450._SX50_.jpg,3.79,191328,3849,62,23,3.9928593473192153,"3,5 a 4,0",Alta
2208,334643,"Abhorsen (Abhorsen, #3)",Garth Nix,8347,https://www.goodreads.com/book/show/334643.Abhorsen,https://www.goodreads.com/author/show/8347.Garth_Nix,https://i.gr-assets.com/images/S/compressed.photo.goodreads.com/books/1401683669i/334643._SX50_.jpg,4.25,129657,3845,51,23,4.13141807252883,"4,0 a 4,25",Média
2209,200125574,The Lost Letters of Aisling,Cynthia Ellingsen,4442825,https://www.goodreads.com/book/show/200125574-the-lost-letters-of-aisling,https://www.goodreads.com/author/show/4442825.Cynthia_Ellingsen,https://i.gr-assets.com/images/S/compressed.photo.goodreads.com/books/1701097624i/200125574._SX50_.jpg,4.31,24913,3844,40,23,4.105153337996064,"4,25 a 4,5",Baixa
2210,61198133,"The Stolen Heir (The Stolen Heir Duology, #1)",Holly Black,25422,https://www.goodreads.com/book/show/61198133-the-stolen-heir,https://www.goodreads.com/author/show/25422.Holly_Black,https://i.gr-assets.com/images/S/compressed.photo.goodreads.com/books/1654625328i/61198133._SY75_.jpg,3.92,186181,3836,42,23,4.036596260531725,"3,5 a 4,0",Alta
2210,202924917,The Namatjira Connection (Genevieve Lenard #16),Estelle Ryan,6456239,https://www.goodreads.com/book/show/202924917-the-namatjira-connection,https://www.goodreads.com/author/show/6456239.Estelle_Ryan,https://i.gr-assets.com/images/S/compressed.photo.goodreads.com/books/1701264926i/202924917._SY75_.jpg,4.38,1125,3836,40,23,4.092929798703869,"4,25 a 4,5",Baixa
2212,20698530,"P.S. I Still Love You (To All the Boys I've Loved Before, #2)",Jenny Han,151371,https://www.goodreads.com/book/show/20698530-p-s-i-still-love-you,https://www.goodreads.com/author/show/151371.Jenny_Han,https://i.gr-assets.com/images/S/compressed.photo.goodreads.com/books/1422881430i/20698530._SY75_.jpg,4.0,437763,3835,45,23,4.043458253015722,"3,5 a 4,0",Muito alta
2213,4271,About a Boy,Nick Hornby,2929,https://www.goodreads.com/book/show/4271.About_a_Boy,https://www.goodreads.com/author/show/2929.Nick_Hornby,https://i.gr-assets.com/images/S/compressed.photo.goodreads.com/books/1382004144i/4271._SY75_.jpg,3.8,143045,3832,60,23,4.01387519960983,"3,5 a 4,0",Média
2213,75593499,"Machine Vendetta (Prefect Dreyfus Emergency, #3)",Alastair Reynolds,51204,https://www.goodreads.com/book/show/75593499-machine-vendetta,https://www.goodreads.com/author/show/51204.Alastair_Reynolds,https://i.gr-assets.com/images/S/compressed.photo.goodreads.com/books/1675082567i/75593499._SY75_.jpg,4.27,4648,3832,41,23,4.09419346306782,"4,25 a 4,5",Baixa
2215,7603,Reading Lolita in Tehran: A Memoir in Books,Azar Nafisi,5151,https://www.goodreads.com/book/show/7603.Reading_Lolita_in_Tehran,https://www.goodreads.com/author/show/5151.Azar_Nafisi,https://i.gr-assets.com/images/S/compressed.photo.goodreads.com/books/1397751318i/7603._SY75_.jpg,3.67,143970,3826,54,23,3.9785254041752114,"3,5 a 4,0",Média
2215,58510253,"The Undertaking of Hart and Mercy (Hart and Mercy, #1)",Megan Bannen,15995912,https://www.goodreads.com/book/show/58510253-the-undertaking-of-hart-and-mercy,https://www.goodreads.com/author/show/15995912.Megan_Bannen,https://i.gr-assets.com/images/S/compressed.photo.goodreads.com/books/1639888350i/58510253._SY75_.jpg,4.03,52101,3826,41,23,4.084802976201074,"4,0 a 4,25",Média
2215,201155269,"Descent (The Palladium Wars, #4)",Marko Kloos,6606349,https://www.goodreads.com/book/show/201155269-descent,https://www.goodreads.com/author/show/6606349.Marko_Kloos,https://i.gr-assets.com/images/S/compressed.photo.goodreads.com/books/1712005842i/201155269._SY75_.jpg,4.31,3901,3826,40,23,4.0942560292924925,"4,25 a 4,5",Baixa
2218,6381205,"Soulless (Parasol Protectorate, #1)",Gail Carriger,2891665,https://www.goodreads.com/book/show/6381205-soulless,https://www.goodreads.com/author/show/2891665.Gail_Carriger,https://i.gr-assets.com/images/S/compressed.photo.goodreads.com/books/1314020848i/6381205._SY75_.jpg,3.9,115081,3821,50,23,4.048427210072669,"3,5 a 4,0",Média
2218,825377,The Dot,Peter H. Reynolds,198837,https://www.goodreads.com/book/show/825377.The_Dot,https://www.goodreads.com/author/show/198837.Peter_H_Reynolds,https://i.gr-assets.com/images/S/compressed.photo.goodreads.com/books/1363702319i/825377._SX50_.jpg,4.27,35761,3821,41,23,4.107008209478103,"4,25 a 4,5",Baixa
2218,62883579,"The Alpha's Fated Encounter (Fated to Royalty, #1)",Roxie Ray,14236858,https://www.goodreads.com/book/show/62883579-the-alpha-s-fated-encounter,https://www.goodreads.com/author/show/14236858.Roxie_Ray,https://i.gr-assets.com/images/S/compressed.photo.goodreads.com/books/1664931070i/62883579._SX50_.jpg,3.92,15197,3821,40,23,4.085666373307423,"3,5 a 4,0",Baixa
2221,6411016,Matterhorn,Karl Marlantes,2904306,https://www.goodreads.com/book/show/6411016-matterhorn,https://www.goodreads.com/author/show/2904306.Karl_Marlantes,https://i.gr-assets.com/images/S/compressed.photo.goodreads.com/books/1431983015i/6411016._SY75_.jpg,4.28,49188,3820,43,23,4.1130962426881315,"4,25 a 4,5",Baixa
2221,50196744,Know My Name,Chanel Miller,19527332,https://www.goodreads.com/book/show/50196744-know-my-name,https://www.goodreads.com/author/show/19527332.Chanel_Miller,https://i.gr-assets.com/images/S/compressed.photo.goodreads.com/books/1567612158l/50196744._SX50_SY75_.jpg,4.67,274335,3820,42,23,4.330356700150244,"Acima de 4,5",Alta
2223,4836308,"The Physick Book of Deliverance Dane (The Physick Book, #1)",Katherine Howe,342135,https://www.goodreads.com/book/show/4836308-the-physick-book-of-deliverance-dane,https://www.goodreads.com/author/show/342135.Katherine_Howe,https://i.gr-assets.com/images/S/compressed.photo.goodreads.com/books/1442770048i/4836308._SY75_.jpg,3.73,59528,3817,44,23,4.044267985026922,"3,5 a 4,0",Média
2224,41742807,Archibald Finch and the Lost Witches (Archibald Finch #1),Michel Guyon,18398151,https://www.goodreads.com/book/show/41742807-archibald-finch-and-the-lost-witches,https://www.goodreads.com/author/show/18398151.Michel_Guyon,https://i.gr-assets.com/images/S/compressed.photo.goodreads.com/books/1536447799i/41742807._SY75_.jpg,4.06,618,3812,39,23,4.092053348135526,"4,0 a 4,25",Baixa
2224,58245394,"Blood Orange (The Dracula Duet, #1)",Karina Halle,4785031,https://www.goodreads.com/book/show/58245394-blood-orange,https://www.goodreads.com/author/show/4785031.Karina_Halle,https://i.gr-assets.com/images/S/compressed.photo.goodreads.com/books/1662563849i/58245394._SX50_.jpg,3.77,35104,3812,40,23,4.0655729267600496,"3,5 a 4,0",Baixa
2226,20618110,Solitaire,Alice Oseman,7789423,https://www.goodreads.com/book/show/20618110-solitaire,https://www.goodreads.com/author/show/7789423.Alice_Oseman,https://i.gr-assets.com/images/S/compressed.photo.goodreads.com/books/1680269555i/20618110._SY75_.jpg,3.92,148651,3810,40,23,4.044703728098264,"3,5 a 4,0",Média
2227,24983,"Doomsday Book (Oxford Time Travel, #1)",Connie Willis,14032,https://www.goodreads.com/book/show/24983.Doomsday_Book,https://www.goodreads.com/author/show/14032.Connie_Willis,https://i.gr-assets.com/images/S/compressed.photo.goodreads.com/books/1403972500i/24983._SY75_.jpg,4.03,66937,3805,50,23,4.083027811472372,"4,0 a 4,25",Média
2227,62873999,Translation State,Ann Leckie,3365457,https://www.goodreads.com/book/show/62873999-translation-state,https://www.goodreads.com/author/show/3365457.Ann_Leckie,https://i.gr-assets.com/images/S/compressed.photo.goodreads.com/books/1673303646i/62873999._SY75_.jpg,4.05,18576,3805,42,23,4.090194782334235,"4,0 a 4,25",Baixa
2229,212684848,Back Seat Baby,May Alder,48338185,https://www.goodreads.com/book/show/212684848-back-seat-baby,https://www.goodreads.com/author/show/48338185.May_Alder,https://i.gr-assets.com/images/S/compressed.photo.goodreads.com/books/1714919898i/212684848._SY75_.jpg,3.69,3486,3801,40,23,4.088551408343455,"3,5 a 4,0",Baixa
2230,285205,"Blood Bound (Mercy Thompson, #2)",Patricia Briggs,40563,https://www.goodreads.com/book/show/285205.Blood_Bound,https://www.goodreads.com/author/show/40563.Patricia_Briggs,https://i.gr-assets.com/images/S/compressed.photo.goodreads.com/books/1358229157i/285205._SY75_.jpg,4.3,137843,3800,58,23,4.146283847904353,"4,25 a 4,5",Média
2231,16243767,Crossing the Seas: A Diary of My Thoughts,Yuehai Xiao,6621980,https://www.goodreads.com/book/show/16243767-crossing-the-seas,https://www.goodreads.com/author/show/6621980.Yuehai_Xiao,https://i.gr-assets.com/images/S/compressed.photo.goodreads.com/books/1355957043i/16243767._SX50_.jpg,3.57,1972,3797,38,23,4.089484532032914,"3,5 a 4,0",Baixa
2232,2517,My Name Is Red,Orhan Pamuk,1728,https://www.goodreads.com/book/show/2517.My_Name_Is_Red,https://www.goodreads.com/author/show/1728.Orhan_Pamuk,https://i.gr-assets.com/images/S/compressed.photo.goodreads.com/books/1547450869i/2517._SY75_.jpg,3.87,63267,3796,49,23,4.061176469781131,"3,5 a 4,0",Média
2233,13328554,The Pandarus File,Kyle Keyes,4868409,https://www.goodreads.com/book/show/13328554-the-pandarus-file,https://www.goodreads.com/author/show/4868409.Kyle_Keyes,https://i.gr-assets.com/images/S/compressed.photo.goodreads.com/books/1385942923i/13328554._SX50_.jpg,4.31,6457,3795,43,23,4.095643171995615,"4,25 a 4,5",Baixa
2233,204289660,"Revenge Era (The Revenge Games, #1)",Brittanee Nicole,21773208,https://www.goodreads.com/book/show/204289660-revenge-era,https://www.goodreads.com/author/show/21773208.Brittanee_Nicole,https://i.gr-assets.com/images/S/compressed.photo.goodreads.com/books/1703363530i/204289660._SY75_.jpg,3.7,18206,3795,39,23,4.07466232756863,"3,5 a 4,0",Baixa
2233,195790583,"The Longest Con: How Grifters, Swindlers, and Frauds Hijacked American Conservatism",Joe Conason,62046,https://www.goodreads.com/book/show/195790583-the-longest-con,https://www.goodreads.com/author/show/62046.Joe_Conason,https://i.gr-assets.com/images/S/compressed.photo.goodreads.com/books/1701812842i/195790583._SY75_.jpg,4.12,1439,3795,41,23,4.092206268341911,"4,0 a 4,25",Baixa
2236,15781726,"A Cast of Stones (The Staff and the Sword, #1)",Patrick W. Carr,830098,https://www.goodreads.com/book/show/15781726-a-cast-of-stones,https://www.goodreads.com/author/show/830098.Patrick_W_Carr,https://i.gr-assets.com/images/S/compressed.photo.goodreads.com/books/1343864157i/15781726._SY75_.jpg,4.28,5817,3794,40,23,4.094857835293851,"4,25 a 4,5",Baixa
2237,13326831,"The Testing (The Testing, #1)",Joelle Charbonneau,4027380,https://www.goodreads.com/book/show/13326831-the-testing,https://www.goodreads.com/author/show/4027380.Joelle_Charbonneau,https://i.gr-assets.com/images/S/compressed.photo.goodreads.com/books/1363452191i/13326831._SY75_.jpg,4.05,85767,3789,45,23,4.084531071810656,"4,0 a 4,25",Média
2238,59900661,The Whalebone Theatre,Joanna   Quinn,22197027,https://www.goodreads.com/book/show/59900661-the-whalebone-theatre,https://www.goodreads.com/author/show/22197027.Joanna_Quinn,https://i.gr-assets.com/images/S/compressed.photo.goodreads.com/books/1655837688i/59900661._SX50_.jpg,4.03,41371,3787,40,23,4.086162748556342,"4,0 a 4,25",Baixa
2239,7544603,"Smaragdgrün (Edelstein-Trilogie, #3)",Kerstin Gier,298438,https://www.goodreads.com/book/show/7544603-smaragdgr-n,https://www.goodreads.com/author/show/298438.Kerstin_Gier,https://i.gr-assets.com/images/S/compressed.photo.goodreads.com/books/1345808677i/7544603._SX50_.jpg,4.21,116846,3781,44,23,4.119225383183697,"4,0 a 4,25",Média
2240,125956,"Black: The Birth of Evil (The Circle, #1)",Ted Dekker,1441,https://www.goodreads.com/book/show/125956.Black,https://www.goodreads.com/author/show/1441.Ted_Dekker,https://i.gr-assets.com/images/S/compressed.photo.goodreads.com/books/1388268108i/125956._SY75_.jpg,4.17,38050,3778,41,23,4.09901085251523,"4,0 a 4,25",Baixa
2241,3992598,The Demigod Files,Rick Riordan,15872,https://www.goodreads.com/book/show/3992598-the-demigod-files,https://www.goodreads.com/author/show/15872.Rick_Riordan,https://i.gr-assets.com/images/S/compressed.photo.goodreads.com/books/1533071526i/3992598._SX50_.jpg,4.01,126845,3776,52,23,4.071995940340869,"4,0 a 4,25",Média
2242,13628209,"The Boy Who Sneaks in My Bedroom Window (The Boy Who Sneaks in My Bedroom Window, #1)",Kirsty Moseley,5434809,https://www.goodreads.com/book/show/13628209-the-boy-who-sneaks-in-my-bedroom-window,https://www.goodreads.com/author/show/5434809.Kirsty_Moseley,https://i.gr-assets.com/images/S/compressed.photo.goodreads.com/books/1613183519i/13628209._SY75_.jpg,3.84,78452,3773,44,23,4.049981138478626,"3,5 a 4,0",Média
2242,36116546,"America's Daughter (Dancing Soul Trilogy, #2)",Maria Nhambu,15198471,https://www.goodreads.com/book/show/36116546-america-s-daughter,https://www.goodreads.com/author/show/15198471.Maria_Nhambu,https://i.gr-assets.com/images/S/compressed.photo.goodreads.com/books/1503587249i/36116546._SX50_.jpg,4.3,7049,3773,41,23,4.095784857569674,"4,25 a 4,5",Baixa
2244,20454107,Coma,Robin Cook,19697,https://www.goodreads.com/book/show/20454107-coma,https://www.goodreads.com/author/show/19697.Robin_Cook,https://i.gr-assets.com/images/S/compressed.photo.goodreads.com/books/1405867306i/20454107._SX50_.jpg,3.88,53926,3766,62,23,4.0664011981795785,"3,5 a 4,0",Média
2245,31076583,"A Court of Frost and Starlight (A Court of Thorns and Roses, #4)",Sarah J. Maas,3433047,https://www.goodreads.com/book/show/31076583-a-court-of-frost-and-starlight,https://www.goodreads.com/author/show/3433047.Sarah_J_Maas,https://i.gr-assets.com/images/S/compressed.photo.goodreads.com/books/1546407073i/31076583._SY75_.jpg,3.7,2336375,3765,46,23,3.7562224800156705,"3,5 a 4,0",Muito alta
2246,38726615,Ana Rocha: Shadows of Justice,Ammar Habib,8442873,https://www.goodreads.com/book/show/38726615-ana-rocha,https://www.goodreads.com/author/show/8442873.Ammar_Habib,https://i.gr-assets.com/images/S/compressed.photo.goodreads.com/books/1519368328i/38726615._SY75_.jpg,4.24,5511,3764,38,23,4.094159148287881,"4,0 a 4,25",Baixa
2247,3128411,"Bone Crossed (Mercy Thompson, #4)",Patricia Briggs,40563,https://www.goodreads.com/book/show/3128411-bone-crossed,https://www.goodreads.com/author/show/40563.Patricia_Briggs,https://i.gr-assets.com/images/S/compressed.photo.goodreads.com/books/1305738183i/3128411._SY75_.jpg,4.33,117581,3763,55,23,4.147095454686735,"4,25 a 4,5",Média
2247,59245765,"Lost Identity (Remmich/Miller, #1)",Karl Braungart,1834559,https://www.goodreads.com/book/show/59245765-lost-identity,https://www.goodreads.com/author/show/1834559.Karl_Braungart,https://i.gr-assets.com/images/S/compressed.photo.goodreads.com/books/1633784259i/59245765._SY75_.jpg,4.28,5861,3763,40,23,4.094878357839658,"4,25 a 4,5",Baixa
2249,53450218,"The Past (VanWest, #1)",Kenneth   Thomas,20310792,https://www.goodreads.com/book/show/53450218-the-past,https://www.goodreads.com/author/show/20310792.Kenneth_Thomas,https://i.gr-assets.com/images/S/compressed.photo.goodreads.com/books/1589987617i/53450218._SY75_.jpg,3.94,798,3761,38,23,4.091794263909436,"3,5 a 4,0",Baixa
2250,89147256,Marry Christmas,Linda Phillips,1152050,https://www.goodreads.com/book/show/89147256-marry-christmas,https://www.goodreads.com/author/show/1152050.Linda_Phillips,https://i.gr-assets.com/images/S/compressed.photo.goodreads.com/books/1678401187i/89147256._SY75_.jpg,4.36,1083,3760,42,23,4.092843821995276,"4,25 a 4,5",Baixa
2251,7108725,Start with Why: How Great Leaders Inspire Everyone to Take Action,Simon Sinek,3158574,https://www.goodreads.com/book/show/7108725-start-with-why,https://www.goodreads.com/author/show/3158574.Simon_Sinek,https://i.gr-assets.com/images/S/compressed.photo.goodreads.com/books/1360936414i/7108725._SY75_.jpg,4.09,281422,3759,41,23,4.091223539826417,"4,0 a 4,25",Alta
2252,195887452,"People in Glass Houses (Ghost Hunters, #16)",Jayne Castle,8840,https://www.goodreads.com/book/show/195887452-people-in-glass-houses,https://www.goodreads.com/author/show/8840.Jayne_Castle,https://i.gr-assets.com/images/S/compressed.photo.goodreads.com/books/1704196730i/195887452._SY75_.jpg,4.39,4883,3757,40,23,4.0957776346900445,"4,25 a 4,5",Baixa
2253,53086843,"You've Reached Sam (You've Reached Sam, #1)",Dustin Thao,19553562,https://www.goodreads.com/book/show/53086843-you-ve-reached-sam,https://www.goodreads.com/author/show/19553562.Dustin_Thao,https://i.gr-assets.com/images/S/compressed.photo.goodreads.com/books/1610730335i/53086843._SY75_.jpg,3.61,185879,3756,41,23,3.9367846568118487,"3,5 a 4,0",Alta
2254,201853669,Seasonable Doubt,Robin      James,18859901,https://www.goodreads.com/book/show/201853669-seasonable-doubt,https://www.goodreads.com/author/show/18859901.Robin_James,https://i.gr-assets.com/images/S/compressed.photo.goodreads.com/books/1699470329i/201853669._SY75_.jpg,4.43,2810,3755,39,23,4.094514535814817,"4,25 a 4,5",Baixa
2255,284996,The Complete Stories,Flannery O'Connor,22694,https://www.goodreads.com/book/show/284996.The_Complete_Stories,https://www.goodreads.com/author/show/22694.Flannery_O_Connor,https://i.gr-assets.com/images/S/compressed.photo.goodreads.com/books/1557999886i/284996._SY75_.jpg,4.38,41434,3753,56,23,4.11968382904398,"4,25 a 4,5",Baixa
2255,394469,Suttree,Cormac McCarthy,4178,https://www.goodreads.com/book/show/394469.Suttree,https://www.goodreads.com/author/show/4178.Cormac_McCarthy,https://i.gr-assets.com/images/S/compressed.photo.goodreads.com/books/1397600192i/394469._SY75_.jpg,4.21,30064,3753,43,23,4.10052016889205,"4,0 a 4,25",Baixa
2257,16140036,"This Man (This Man, #1)",Jodi Ellen Malpas,6576110,https://www.goodreads.com/book/show/16140036-this-man,https://www.goodreads.com/author/show/6576110.Jodi_Ellen_Malpas,https://i.gr-assets.com/images/S/compressed.photo.goodreads.com/books/1352790466i/16140036._SY75_.jpg,4.04,120114,3750,46,23,4.079861268915614,"4,0 a 4,25",Média
2258,6050678,"Leviathan (Leviathan, #1)",Scott Westerfeld,13957,https://www.goodreads.com/book/show/6050678-leviathan,https://www.goodreads.com/author/show/13957.Scott_Westerfeld,https://i.gr-assets.com/images/S/compressed.photo.goodreads.com/books/1275694232i/6050678._SY75_.jpg,3.92,95456,3749,47,23,4.058338083193099,"3,5 a 4,0",Média
2259,58937530,Forty-Ninth,Boris Pronsky,21792203,https://www.goodreads.com/book/show/58937530-forty-ninth,https://www.goodreads.com/author/show/21792203.Boris_Pronsky,https://i.gr-assets.com/images/S/compressed.photo.goodreads.com/books/1630950371i/58937530._SX50_.jpg,4.06,134,3748,38,23,4.0920930036456955,"4,0 a 4,25",Baixa
2260,55624426,"The Emperor (The Emperor, the Son and the Thief, #1)",Robert         Reid,19011729,https://www.goodreads.com/book/show/55624426-the-emperor,https://www.goodreads.com/author/show/19011729.Robert_Reid,https://i.gr-assets.com/images/S/compressed.photo.goodreads.com/books/1602409267i/55624426._SY75_.jpg,4.3,4934,3747,40,23,4.09469420368307,"4,25 a 4,5",Baixa
2261,218064277,The Artifact,David         Collins,22473495,https://www.goodreads.com/book/show/218064277-the-artifact,https://www.goodreads.com/author/show/22473495.David_Collins,https://i.gr-assets.com/images/S/compressed.photo.goodreads.com/books/1724617569i/218064277._SY75_.jpg,4.22,3295,3745,39,23,4.093172568034419,"4,0 a 4,25",Baixa
2262,39863482,The Night Tiger,Yangsze Choo,6547911,https://www.goodreads.com/book/show/39863482-the-night-tiger,https://www.goodreads.com/author/show/6547911.Yangsze_Choo,https://i.gr-assets.com/images/S/compressed.photo.goodreads.com/books/1554191365i/39863482._SY75_.jpg,3.85,68489,3736,39,23,4.056023599024957,"3,5 a 4,0",Média
2263,32439,Intensity,Dean Koontz,9355,https://www.goodreads.com/book/show/32439.Intensity,https://www.goodreads.com/author/show/9355.Dean_Koontz,https://i.gr-assets.com/images/S/compressed.photo.goodreads.com/books/1661001988i/32439._SY75_.jpg,4.03,96396,3733,49,23,4.079823255976823,"4,0 a 4,25",Média
2263,61613291,The Secret Life of Sunflowers,Marta Molnar,14654749,https://www.goodreads.com/book/show/61613291-the-secret-life-of-sunflowers,https://www.goodreads.com/author/show/14654749.Marta_Molnar,https://i.gr-assets.com/images/S/compressed.photo.goodreads.com/books/1658231475i/61613291._SY75_.jpg,4.07,53808,3733,39,23,4.089430585507051,"4,0 a 4,25",Média
2263,185446,"Taliesin (The Pendragon Cycle, #1)",Stephen R. Lawhead,28083,https://www.goodreads.com/book/show/185446.Taliesin,https://www.goodreads.com/author/show/28083.Stephen_R_Lawhead,https://i.gr-assets.com/images/S/compressed.photo.goodreads.com/books/1388708271i/185446._SX50_.jpg,4.02,19116,3733,39,23,4.088743807448498,"4,0 a 4,25",Baixa
2266,433567,Flatland: A Romance of Many Dimensions,Edwin A. Abbott,3093075,https://www.goodreads.com/book/show/433567.Flatland,https://www.goodreads.com/author/show/3093075.Edwin_A_Abbott,https://i.gr-assets.com/images/S/compressed.photo.goodreads.com/books/1435435775i/433567._SY75_.jpg,3.81,80236,3732,50,23,4.044079191749497,"3,5 a 4,0",Média
2267,42201395,"Sorcery of Thorns (Sorcery of Thorns, #1)",Margaret  Rogerson,15455603,https://www.goodreads.com/book/show/42201395-sorcery-of-thorns,https://www.goodreads.com/author/show/15455603.Margaret_Rogerson,https://i.gr-assets.com/images/S/compressed.photo.goodreads.com/books/1541621322i/42201395._SY75_.jpg,4.03,164393,3728,42,23,4.073724260413746,"4,0 a 4,25",Alta
2268,40796097,The Stranger Diaries (Harbinder Kaur #1),Elly Griffiths,2541526,https://www.goodreads.com/book/show/40796097-the-stranger-diaries,https://www.goodreads.com/author/show/2541526.Elly_Griffiths,https://i.gr-assets.com/images/S/compressed.photo.goodreads.com/books/1532738769i/40796097._SY75_.jpg,3.86,47243,3727,42,23,4.067087584001551,"3,5 a 4,0",Baixa
2269,144407710,"Free Me (WITSEC, #4)",Ashley N. Rostek,20013029,https://www.goodreads.com/book/show/144407710-free-me,https://www.goodreads.com/author/show/20013029.Ashley_N_Rostek,https://i.gr-assets.com/images/S/compressed.photo.goodreads.com/books/1682742118i/144407710._SY75_.jpg,4.11,26452,3723,39,23,4.093237767332023,"4,0 a 4,25",Baixa
2270,1044816,"A Beautiful Blue Death (Charles Lenox Mysteries, #1)",Charles Finch,520296,https://www.goodreads.com/book/show/1044816.A_Beautiful_Blue_Death,https://www.goodreads.com/author/show/520296.Charles_Finch,https://i.gr-assets.com/images/S/compressed.photo.goodreads.com/books/1389497641i/1044816._SY75_.jpg,3.66,18474,3722,41,23,4.072612859203806,"3,5 a 4,0",Baixa
2270,131581599,"The Raven and the Nine (The Viking Blood and Blade Saga, #6)",Peter  Gibbons,21702954,https://www.goodreads.com/book/show/131581599-the-raven-and-the-nine,https://www.goodreads.com/author/show/21702954.Peter_Gibbons,https://i.gr-assets.com/images/S/compressed.photo.goodreads.com/books/1682055459i/131581599._SY75_.jpg,4.51,1910,3722,39,23,4.094135043631434,"Acima de 4,5",Baixa
2272,1097,Fast Food Nation: The Dark Side of the All-American Meal,Eric Schlosser,380,https://www.goodreads.com/book/show/1097.Fast_Food_Nation,https://www.goodreads.com/author/show/380.Eric_Schlosser,https://i.gr-assets.com/images/S/compressed.photo.goodreads.com/books/1554229727i/1097._SY75_.jpg,3.75,206985,3719,60,23,3.973704983771433,"3,5 a 4,0",Alta
2273,1540,"The Oedipus Cycle: Oedipus Rex, Oedipus at Colonus, Antigone",Sophocles,1002,https://www.goodreads.com/book/show/1540.The_Oedipus_Cycle,https://www.goodreads.com/author/show/1002.Sophocles,https://i.gr-assets.com/images/S/compressed.photo.goodreads.com/books/1628467638i/1540._SY75_.jpg,4.0,72258,3718,61,23,4.0777403172042055,"3,5 a 4,0",Média
2273,75511257,Fire Prayers: Building Arsenals That Destroy Satanic Kingdoms,John Ramirez,4775993,https://www.goodreads.com/book/show/75511257-fire-prayers,https://www.goodreads.com/author/show/4775993.John_Ramirez,https://i.gr-assets.com/images/S/compressed.photo.goodreads.com/books/1672671452i/75511257._SY75_.jpg,4.29,4951,3718,39,23,4.09457800137994,"4,25 a 4,5",Baixa
2275,92364,Eye of the Needle,Ken Follett,3447,https://www.goodreads.com/book/show/92364.Eye_of_the_Needle,https://www.goodreads.com/author/show/3447.Ken_Follett,https://i.gr-assets.com/images/S/compressed.photo.goodreads.com/books/1327939511i/92364._SY75_.jpg,4.22,174195,3717,56,23,4.131516346487532,"4,0 a 4,25",Alta
2276,62926938,The Seven Year Slip,Ashley Poston,4279769,https://www.goodreads.com/book/show/62926938-the-seven-year-slip,https://www.goodreads.com/author/show/4279769.Ashley_Poston,https://i.gr-assets.com/images/S/compressed.photo.goodreads.com/books/1685350807i/62926938._SX50_.jpg,4.14,703250,3716,40,23,4.12288341655208,"4,0 a 4,25",Muito alta
2276,55375725,Don't Give the Enemy a Seat at Your Table: It's Time to Win the Battle of Your Mind...,Louie Giglio,108925,https://www.goodreads.com/book/show/55375725-don-t-give-the-enemy-a-seat-at-your-table,https://www.goodreads.com/author/show/108925.Louie_Giglio,https://i.gr-assets.com/images/S/compressed.photo.goodreads.com/books/1607018249i/55375725._SX50_.jpg,4.32,18407,3716,39,23,4.102348217737894,"4,25 a 4,5",Baixa
2278,27272698,"Lodestar (Keeper of the Lost Cities, #5)",Shannon Messenger,5265998,https://www.goodreads.com/book/show/27272698-lodestar,https://www.goodreads.com/author/show/5265998.Shannon_Messenger,https://i.gr-assets.com/images/S/compressed.photo.goodreads.com/books/1456938808i/27272698._SY75_.jpg,4.48,58351,3714,42,23,4.142465638882879,"4,25 a 4,5",Média
2279,26135825,Fun Home: A Family Tragicomic,Alison Bechdel,54223321,https://www.goodreads.com/book/show/26135825-fun-home,https://www.goodreads.com/author/show/54223321.Alison_Bechdel,https://i.gr-assets.com/images/S/compressed.photo.goodreads.com/books/1440097020i/26135825._SY75_.jpg,4.07,208614,3709,47,23,4.084414748333215,"4,0 a 4,25",Alta
2279,53916157,"Win (Windsor Horne Lockwood III, #1)",Harlan Coben,24689,https://www.goodreads.com/book/show/53916157-win,https://www.goodreads.com/author/show/24689.Harlan_Coben,https://i.gr-assets.com/images/S/compressed.photo.goodreads.com/books/1595212883i/53916157._SY75_.jpg,4.08,81781,3709,40,23,4.090010624454187,"4,0 a 4,25",Média
2279,210508520,"Susan, You're The Chosen One (Welcome To Midlife Magic, #1)",Lauretta Hignett,17298070,https://www.goodreads.com/book/show/210508520-susan-you-re-the-chosen-one,https://www.goodreads.com/author/show/17298070.Lauretta_Hignett,https://i.gr-assets.com/images/S/compressed.photo.goodreads.com/books/1711702236i/210508520._SY75_.jpg,4.28,3965,3709,39,23,4.0939898768636285,"4,25 a 4,5",Baixa
2282,31332,"The Vampire Armand (The Vampire Chronicles, #6)",Anne Rice,7577,https://www.goodreads.com/book/show/31332.The_Vampire_Armand,https://www.goodreads.com/author/show/7577.Anne_Rice,https://i.gr-assets.com/images/S/compressed.photo.goodreads.com/books/1388355184i/31332._SY75_.jpg,3.8,75088,3705,56,23,4.045053430539906,"3,5 a 4,0",Média
2283,46165,This Side of Paradise,F. Scott Fitzgerald,3190,https://www.goodreads.com/book/show/46165.This_Side_of_Paradise,https://www.goodreads.com/author/show/3190.F_Scott_Fitzgerald,https://i.gr-assets.com/images/S/compressed.photo.goodreads.com/books/1757102230i/46165._SY75_.jpg,3.63,81977,3697,47,23,4.012025194382716,"3,5 a 4,0",Média
2284,15818362,Into the Darkest Corner,Elizabeth Haynes,146797,https://www.goodreads.com/book/show/15818362-into-the-darkest-corner,https://www.goodreads.com/author/show/146797.Elizabeth_Haynes,https://i.gr-assets.com/images/S/compressed.photo.goodreads.com/books/1355923186i/15818362._SY75_.jpg,4.07,72646,3695,42,23,4.088641255648936,"4,0 a 4,25",Média
2285,17378508,"Blue Lily, Lily Blue (The Raven Cycle, #3)",Maggie Stiefvater,1330292,https://www.goodreads.com/book/show/17378508-blue-lily-lily-blue,https://www.goodreads.com/author/show/1330292.Maggie_Stiefvater,https://i.gr-assets.com/images/S/compressed.photo.goodreads.com/books/1477103826i/17378508._SY75_.jpg,4.25,185485,3692,45,23,4.142900183366772,"4,0 a 4,25",Alta
2286,32109569,"We Are Legion (We Are Bob) (Bobiverse, #1)",Dennis E. Taylor,12130438,https://www.goodreads.com/book/show/32109569-we-are-legion-we-are-bob,https://www.goodreads.com/author/show/12130438.Dennis_E_Taylor,https://i.gr-assets.com/images/S/compressed.photo.goodreads.com/books/1474344826i/32109569._SY75_.jpg,4.24,144825,3691,39,23,4.132071920105355,"4,0 a 4,25",Média
2287,235718,"Succubus Blues (Georgina Kincaid, #1)",Richelle Mead,137902,https://www.goodreads.com/book/show/235718.Succubus_Blues,https://www.goodreads.com/author/show/137902.Richelle_Mead,https://i.gr-assets.com/images/S/compressed.photo.goodreads.com/books/1361624810i/235718._SY75_.jpg,3.94,58546,3690,48,23,4.072298504032512,"3,5 a 4,0",Média
2288,34728667,"Children of Blood and Bone (Legacy of Orïsha, #1)",Tomi Adeyemi,16642745,https://www.goodreads.com/book/show/34728667-children-of-blood-and-bone,https://www.goodreads.com/author/show/16642745.Tomi_Adeyemi,https://i.gr-assets.com/images/S/compressed.photo.goodreads.com/books/1516127989i/34728667._SX50_.jpg,4.1,259062,3686,41,23,4.095250314485549,"4,0 a 4,25",Alta
2289,75593500,"These Burning Stars (The Kindom Trilogy, #1)",Bethany Jacobs,11246763,https://www.goodreads.com/book/show/75593500-these-burning-stars,https://www.goodreads.com/author/show/11246763.Bethany_Jacobs,https://i.gr-assets.com/images/S/compressed.photo.goodreads.com/books/1686947278i/75593500._SY75_.jpg,4.12,6769,3685,40,23,4.092578621446916,"4,0 a 4,25",Baixa
2290,25883848,The Hating Game,Sally  Thorne,18002228,https://www.goodreads.com/book/show/25883848-the-hating-game,https://www.goodreads.com/author/show/18002228.Sally_Thorne,https://i.gr-assets.com/images/S/compressed.photo.goodreads.com/books/1467138679i/25883848._SY75_.jpg,3.85,858898,3684,41,23,3.9257470588184002,"3,5 a 4,0",Muito alta
2291,204866266,"AI Doctor: The Rise of Artificial Intelligence in Healthcare - A Guide for Users, Buyers, Builders, and Investors",Ronald M. Razmi,47730430,https://www.goodreads.com/book/show/204866266-ai-doctor,https://www.goodreads.com/author/show/47730430.Ronald_M_Razmi,https://i.gr-assets.com/images/S/compressed.photo.goodreads.com/books/1704420942i/204866266._SX50_.jpg,4.27,7096,3680,38,23,4.095274325781202,"4,25 a 4,5",Baixa
2292,627614,"Night Soldiers (Night Soldiers, #1)",Alan Furst,49941,https://www.goodreads.com/book/show/627614.Night_Soldiers,https://www.goodreads.com/author/show/49941.Alan_Furst,https://i.gr-assets.com/images/S/compressed.photo.goodreads.com/books/1436043153i/627614._SY75_.jpg,3.95,13287,3679,39,23,4.087434646798613,"3,5 a 4,0",Baixa
2293,59050133,"Hunting Adeline (Cat and Mouse, #2)",H.D. Carlton,18239774,https://www.goodreads.com/book/show/59050133-hunting-adeline,https://www.goodreads.com/author/show/18239774.H_D_Carlton,https://i.gr-assets.com/images/S/compressed.photo.goodreads.com/books/1639934603i/59050133._SY75_.jpg,4.06,660124,3674,39,23,4.0719436830912334,"4,0 a 4,25",Muito alta
2294,13615,"Death Note, Vol. 1: Boredom (Death Note, #1)",Tsugumi Ohba,5502079,https://www.goodreads.com/book/show/13615.Death_Note_Vol_1,https://www.goodreads.com/author/show/5502079.Tsugumi_Ohba,https://i.gr-assets.com/images/S/compressed.photo.goodreads.com/books/1419952134i/13615._SY75_.jpg,4.47,381046,3673,50,23,4.278596385111641,"4,25 a 4,5",Alta
2295,11966216,"Torn (Trylle, #2)",Amanda Hocking,3486415,https://www.goodreads.com/book/show/11966216-torn,https://www.goodreads.com/author/show/3486415.Amanda_Hocking,https://i.gr-assets.com/images/S/compressed.photo.goodreads.com/books/1397954544i/11966216._SY75_.jpg,4.03,72696,3671,46,23,4.082369332654127,"4,0 a 4,25",Média
2296,53022,The Collected Poems of W.B. Yeats,W.B. Yeats,29963,https://www.goodreads.com/book/show/53022.The_Collected_Poems_of_W_B_Yeats,https://www.goodreads.com/author/show/29963.W_B_Yeats,https://i.gr-assets.com/images/S/compressed.photo.goodreads.com/books/1436919797i/53022._SY75_.jpg,4.23,40441,3667,59,23,4.105027223767979,"4,0 a 4,25",Baixa
2296,52640,Weave World,Clive Barker,10366,https://www.goodreads.com/book/show/52640.Weave_World,https://www.goodreads.com/author/show/10366.Clive_Barker,https://i.gr-assets.com/images/S/compressed.photo.goodreads.com/books/1329374451i/52640._SY75_.jpg,4.13,34817,3667,49,23,4.095201985448385,"4,0 a 4,25",Baixa
2298,43945,Portnoy’s Complaint,Philip Roth,463,https://www.goodreads.com/book/show/43945.Portnoy_s_Complaint,https://www.goodreads.com/author/show/463.Philip_Roth,https://i.gr-assets.com/images/S/compressed.photo.goodreads.com/books/1663597516i/43945._SY75_.jpg,3.7,75825,3665,63,23,4.028426725089592,"3,5 a 4,0",Média
2299,6837103,The Kitchen House,Kathleen Grissom,3067074,https://www.goodreads.com/book/show/6837103-the-kitchen-house,https://www.goodreads.com/author/show/3067074.Kathleen_Grissom,https://i.gr-assets.com/images/S/compressed.photo.goodreads.com/books/1463229128i/6837103._SX50_.jpg,4.24,312206,3664,45,23,4.157758611829386,"4,0 a 4,25",Alta
2299,39884814,"Hunt Them Down (Pierce Hunt, #1)",Simon Gervais,10803362,https://www.goodreads.com/book/show/39884814-hunt-them-down,https://www.goodreads.com/author/show/10803362.Simon_Gervais,https://i.gr-assets.com/images/S/compressed.photo.goodreads.com/books/1532311095i/39884814._SY75_.jpg,4.28,12139,3664,38,23,4.097760641431875,"4,25 a 4,5",Baixa
2301,216344092,The Sixth Borough,Alan    Bradley,51153552,https://www.goodreads.com/book/show/216344092-the-sixth-borough,https://www.goodreads.com/author/show/51153552.Alan_Bradley,https://i.gr-assets.com/images/S/compressed.photo.goodreads.com/books/1720644955i/216344092._SY75_.jpg,4.41,999,3663,42,24,4.092913983438318,"4,25 a 4,5",Baixa
2302,127280776,"Cascade Failure (Ambit's Run, #1)",L.M. Sagas,22470613,https://www.goodreads.com/book/show/127280776-cascade-failure,https://www.goodreads.com/author/show/22470613.L_M_Sagas,https://i.gr-assets.com/images/S/compressed.photo.goodreads.com/books/1685353521i/127280776._SY75_.jpg,3.87,4533,3657,40,24,4.089559100000948,"3,5 a 4,0",Baixa
2303,60234446,The Southern Lawyer (Joe Hennessy Legal Thriller #1),Peter O'Mahoney,6576348,https://www.goodreads.com/book/show/60234446-the-southern-lawyer,https://www.goodreads.com/author/show/6576348.Peter_O_Mahoney,https://i.gr-assets.com/images/S/compressed.photo.goodreads.com/books/1643431962i/60234446._SY75_.jpg,4.21,25804,3651,39,24,4.099401432645354,"4,0 a 4,25",Baixa
2304,58065033,Lessons in Chemistry,Bonnie Garmus,21370624,https://www.goodreads.com/book/show/58065033-lessons-in-chemistry,https://www.goodreads.com/author/show/21370624.Bonnie_Garmus,https://i.gr-assets.com/images/S/compressed.photo.goodreads.com/books/1634748496i/58065033._SY75_.jpg,4.28,1899838,3647,42,24,4.247924437039943,"4,25 a 4,5",Muito alta
2305,22878967,"The Shadow of What Was Lost (The Licanius Trilogy, #1)",James Islington,8427407,https://www.goodreads.com/book/show/22878967-the-shadow-of-what-was-lost,https://www.goodreads.com/author/show/8427407.James_Islington,https://i.gr-assets.com/images/S/compressed.photo.goodreads.com/books/1680459592i/22878967._SY75_.jpg,4.14,102673,3645,39,24,4.102063673233874,"4,0 a 4,25",Média
2306,352726,"Gabriel's Ghost (Dock Five Universe, #1)",Linnea Sinclair,202269,https://www.goodreads.com/book/show/352726.Gabriel_s_Ghost,https://www.goodreads.com/author/show/202269.Linnea_Sinclair,https://i.gr-assets.com/images/S/compressed.photo.goodreads.com/books/1388350966i/352726._SY75_.jpg,3.73,4503,3642,38,24,4.08798210593332,"3,5 a 4,0",Baixa
2307,52645353,"Forgiving What You Can't Forget: Discover How to Move On, Make Peace with Painful Memories, and Create a Life That's Beautiful Again",Lysa  TerKeurst,61792,https://www.goodreads.com/book/show/52645353-forgiving-what-you-can-t-forget,https://www.goodreads.com/author/show/61792.Lysa_TerKeurst,https://i.gr-assets.com/images/S/compressed.photo.goodreads.com/books/1585195234i/52645353._SY75_.jpg,4.1,28412,3641,38,24,4.092638791488053,"4,0 a 4,25",Baixa
2308,203840597,"Powerful (The Powerless Trilogy, #1.5)",Lauren  Roberts,21728475,https://www.goodreads.com/book/show/203840597-powerful,https://www.goodreads.com/author/show/21728475.Lauren_Roberts,https://i.gr-assets.com/images/S/compressed.photo.goodreads.com/books/1731714728i/203840597._SY75_.jpg,4.11,343762,3635,39,24,4.100475811182733,"4,0 a 4,25",Alta
2309,9305362,"Captive Prince (Captive Prince, #1)",C.S. Pacat,4349837,https://www.goodreads.com/book/show/9305362-captive-prince,https://www.goodreads.com/author/show/4349837.C_S_Pacat,https://i.gr-assets.com/images/S/compressed.photo.goodreads.com/books/1356028113i/9305362._SY75_.jpg,3.78,132559,3634,40,24,4.013095112427962,"3,5 a 4,0",Média
2310,1869,Nickel and Dimed: On (Not) Getting By in America,Barbara Ehrenreich,1257,https://www.goodreads.com/book/show/1869.Nickel_and_Dimed,https://www.goodreads.com/author/show/1257.Barbara_Ehrenreich,https://i.gr-assets.com/images/S/compressed.photo.goodreads.com/books/1442378091i/1869._SY75_.jpg,3.66,196825,3633,59,24,3.947439876881626,"3,5 a 4,0",Alta
2310,77661,"The Daughter of Time (Inspector Alan Grant, #5)",Josephine Tey,44023,https://www.goodreads.com/book/show/77661.The_Daughter_of_Time,https://www.goodreads.com/author/show/44023.Josephine_Tey,https://i.gr-assets.com/images/S/compressed.photo.goodreads.com/books/1394326949i/77661._SY75_.jpg,3.89,40545,3633,49,24,4.073119250642484,"3,5 a 4,0",Baixa
2310,55403,Black Hawk Down: A Story of Modern War,Mark Bowden,3098,https://www.goodreads.com/book/show/55403.Black_Hawk_Down,https://www.goodreads.com/author/show/3098.Mark_Bowden,https://i.gr-assets.com/images/S/compressed.photo.goodreads.com/books/1553055240i/55403._SY75_.jpg,4.31,70418,3633,44,24,4.125351761836841,"4,25 a 4,5",Média
2313,9593913,"Requiem (Delirium, #3)",Lauren Oliver,2936493,https://www.goodreads.com/book/show/9593913-requiem,https://www.goodreads.com/author/show/2936493.Lauren_Oliver,https://i.gr-assets.com/images/S/compressed.photo.goodreads.com/books/1340992438i/9593913._SY75_.jpg,3.73,156321,3632,44,24,3.988698303207836,"3,5 a 4,0",Alta
2314,3432478,"The Forest of Hands and Teeth (The Forest of Hands and Teeth, #1)",Carrie Ryan,1443712,https://www.goodreads.com/book/show/3432478-the-forest-of-hands-and-teeth,https://www.goodreads.com/author/show/1443712.Carrie_Ryan,https://i.gr-assets.com/images/S/compressed.photo.goodreads.com/books/1320633297i/3432478._SY75_.jpg,3.6,87851,3629,46,24,4.001836799080453,"3,5 a 4,0",Média
2314,15505346,"On the Island (On the Island, #1)",Tracey Garvis Graves,5193034,https://www.goodreads.com/book/show/15505346-on-the-island,https://www.goodreads.com/author/show/5193034.Tracey_Garvis_Graves,https://i.gr-assets.com/images/S/compressed.photo.goodreads.com/books/1339162550i/15505346._SY75_.jpg,4.1,87791,3629,45,24,4.093551564480469,"4,0 a 4,25",Média
2316,12657,The Source,James A. Michener,7995,https://www.goodreads.com/book/show/12657.The_Source,https://www.goodreads.com/author/show/7995.James_A_Michener,https://i.gr-assets.com/images/S/compressed.photo.goodreads.com/books/1412531751i/12657._SX50_.jpg,4.3,46328,3628,52,24,4.114123234612934,"4,25 a 4,5",Baixa
2317,7815,The Year of Magical Thinking,Joan Didion,238,https://www.goodreads.com/book/show/7815.The_Year_of_Magical_Thinking,https://www.goodreads.com/author/show/238.Joan_Didion,https://i.gr-assets.com/images/S/compressed.photo.goodreads.com/books/1703310133i/7815._SY75_.jpg,3.93,321871,3627,46,24,4.018920118223989,"3,5 a 4,0",Alta
2317,4692,"The Physician (Cole Family Trilogy, #1)",Noah Gordon,2934,https://www.goodreads.com/book/show/4692.The_Physician,https://www.goodreads.com/author/show/2934.Noah_Gordon,https://i.gr-assets.com/images/S/compressed.photo.goodreads.com/books/1389582565i/4692._SY75_.jpg,4.42,63555,3627,44,24,4.137941640968622,"4,25 a 4,5",Média
2319,13644055,"Opposition (Lux, #5)",Jennifer L. Armentrout,4476934,https://www.goodreads.com/book/show/13644055-opposition,https://www.goodreads.com/author/show/4476934.Jennifer_L_Armentrout,https://i.gr-assets.com/images/S/compressed.photo.goodreads.com/books/1398694101i/13644055._SX50_.jpg,4.31,91434,3624,46,24,4.13339414266196,"4,25 a 4,5",Média
2319,6456016,"Secondhand Spirits (Witchcraft Mystery, #1)",Juliet Blackwell,2924930,https://www.goodreads.com/book/show/6456016-secondhand-spirits,https://www.goodreads.com/author/show/2924930.Juliet_Blackwell,https://i.gr-assets.com/images/S/compressed.photo.goodreads.com/books/1388207926i/6456016._SY75_.jpg,3.9,13528,3624,40,24,4.085681047179529,"3,5 a 4,0",Baixa
2321,56268810,The Ballerinas,Rachel Kapelke-Dale,7341064,https://www.goodreads.com/book/show/56268810-the-ballerinas,https://www.goodreads.com/author/show/7341064.Rachel_Kapelke_Dale,https://i.gr-assets.com/images/S/compressed.photo.goodreads.com/books/1630951797i/56268810._SY75_.jpg,3.44,12044,3621,38,24,4.0726213446284305,"Até 3,5",Baixa
2322,40864002,"A Psalm for the Wild-Built (Monk & Robot, #1)",Becky Chambers,17650479,https://www.goodreads.com/book/show/40864002-a-psalm-for-the-wild-built,https://www.goodreads.com/author/show/17650479.Becky_Chambers,https://i.gr-assets.com/images/S/compressed.photo.goodreads.com/books/1600789291i/40864002._SY75_.jpg,4.2,207832,3617,38,24,4.129545583055295,"4,0 a 4,25",Alta
2323,17140549,The Invisible Boy,Trudy Ludwig,72459,https://www.goodreads.com/book/show/17140549-the-invisible-boy,https://www.goodreads.com/author/show/72459.Trudy_Ludwig,https://i.gr-assets.com/images/S/compressed.photo.goodreads.com/books/1358750840i/17140549._SX50_.jpg,4.43,7742,3616,38,24,4.098663281866443,"4,25 a 4,5",Baixa
2323,60371805,Shrines of Gaiety,Kate Atkinson,10015,https://www.goodreads.com/book/show/60371805-shrines-of-gaiety,https://www.goodreads.com/author/show/10015.Kate_Atkinson,https://i.gr-assets.com/images/S/compressed.photo.goodreads.com/books/1654809117i/60371805._SY75_.jpg,3.83,43628,3616,38,24,4.065798862797218,"3,5 a 4,0",Baixa
2325,199239504,"Fair Market Value (The Body Shop, #1)",Hailey Edwards,3345773,https://www.goodreads.com/book/show/199239504-fair-market-value,https://www.goodreads.com/author/show/3345773.Hailey_Edwards,https://i.gr-assets.com/images/S/compressed.photo.goodreads.com/books/1711586052i/199239504._SY75_.jpg,4.32,5441,3613,38,24,4.09523114784498,"4,25 a 4,5",Baixa
2326,208474591,Hello Little Girl (Hart's Ridge #10),Kay Bratt,1633985,https://www.goodreads.com/book/show/208474591-hello-little-girl,https://www.goodreads.com/author/show/1633985.Kay_Bratt,https://i.gr-assets.com/images/S/compressed.photo.goodreads.com/books/1707875832i/208474591._SY75_.jpg,4.58,6494,3611,38,24,4.100073310485638,"Acima de 4,5",Baixa
2326,39835415,The Familiars,Stacey Halls,17938963,https://www.goodreads.com/book/show/39835415-the-familiars,https://www.goodreads.com/author/show/17938963.Stacey_Halls,https://i.gr-assets.com/images/S/compressed.photo.goodreads.com/books/1532495531i/39835415._SY75_.jpg,3.87,56040,3611,38,24,4.064266535154094,"3,5 a 4,0",Média
2326,17685684,Resonance Alchemy: Awakening the Tree of Life,Katherine   Parker,7076574,https://www.goodreads.com/book/show/17685684-resonance-alchemy,https://www.goodreads.com/author/show/7076574.Katherine_Parker,https://i.gr-assets.com/images/S/compressed.photo.goodreads.com/books/1384027097i/17685684._SX50_.jpg,4.35,358,3611,41,24,4.092339865171755,"4,25 a 4,5",Baixa
2329,2161733,"Child 44 (Leo Demidov, #1)",Tom Rob Smith,981834,https://www.goodreads.com/book/show/2161733.Child_44,https://www.goodreads.com/author/show/981834.Tom_Rob_Smith,https://i.gr-assets.com/images/S/compressed.photo.goodreads.com/books/1326549060i/2161733._SY75_.jpg,4.11,91926,3610,46,24,4.09550997247554,"4,0 a 4,25",Média
2330,124932739,I Hope This Doesn't Find You,Ann Liang,16624571,https://www.goodreads.com/book/show/124932739-i-hope-this-doesn-t-find-you,https://www.goodreads.com/author/show/16624571.Ann_Liang,https://i.gr-assets.com/images/S/compressed.photo.goodreads.com/books/1688093952i/124932739._SX50_.jpg,4.16,88638,3609,38,24,4.104649195800664,"4,0 a 4,25",Média
2331,32283133,"Origin (Robert Langdon, #5)",Dan    Brown,630,https://www.goodreads.com/book/show/32283133-origin,https://www.goodreads.com/author/show/630.Dan_Brown,https://i.gr-assets.com/images/S/compressed.photo.goodreads.com/books/1576370917i/32283133._SY75_.jpg,3.9,381801,3604,45,24,3.997205266391657,"3,5 a 4,0",Alta
2332,2295829,"Feast of Fools (The Morganville Vampires, #4)",Rachel Caine,15292,https://www.goodreads.com/book/show/2295829.Feast_of_Fools,https://www.goodreads.com/author/show/15292.Rachel_Caine,https://i.gr-assets.com/images/S/compressed.photo.goodreads.com/books/1388182868i/2295829._SY75_.jpg,4.14,55230,3603,55,24,4.0980310274802925,"4,0 a 4,25",Média
2332,62530,"Thud! (Discworld, #34; City Watch, #7)",Terry Pratchett,1654,https://www.goodreads.com/book/show/62530.Thud_,https://www.goodreads.com/author/show/1654.Terry_Pratchett,https://i.gr-assets.com/images/S/compressed.photo.goodreads.com/books/1320495268i/62530._SY75_.jpg,4.36,81083,3603,51,24,4.138108826435744,"4,25 a 4,5",Média
2334,7728889,"The Diviners (The Diviners, #1)",Libba Bray,2526,https://www.goodreads.com/book/show/7728889-the-diviners,https://www.goodreads.com/author/show/2526.Libba_Bray,https://i.gr-assets.com/images/S/compressed.photo.goodreads.com/books/1555345561i/7728889._SY75_.jpg,3.93,102566,3602,43,24,4.058423318694998,"3,5 a 4,0",Média
2334,60049861,The Romantic,William  Boyd,8170,https://www.goodreads.com/book/show/60049861-the-romantic,https://www.goodreads.com/author/show/8170.William_Boyd,https://i.gr-assets.com/images/S/compressed.photo.goodreads.com/books/1659219681i/60049861._SY75_.jpg,4.14,9980,3602,38,24,4.0932958445771614,"4,0 a 4,25",Baixa
2336,202257535,"The Survival Rule (Rain City Legal, #3)",Stephen Penner,3236224,https://www.goodreads.com/book/show/202257535-the-survival-rule,https://www.goodreads.com/author/show/3236224.Stephen_Penner,https://i.gr-assets.com/images/S/compressed.photo.goodreads.com/books/1700150464i/202257535._SY75_.jpg,4.22,4359,3601,38,24,4.093513819483245,"4,0 a 4,25",Baixa
2337,28110852,The Girl Who Drank the Moon,Kelly Barnhill,945430,https://www.goodreads.com/book/show/28110852-the-girl-who-drank-the-moon,https://www.goodreads.com/author/show/945430.Kelly_Barnhill,https://i.gr-assets.com/images/S/compressed.photo.goodreads.com/books/1485376116i/28110852._SY75_.jpg,4.11,119792,3596,41,24,4.096300343672666,"4,0 a 4,25",Média
2337,40996287,"The Nowhere Man (Orphan X, #2)",Gregg Hurwitz,82570,https://www.goodreads.com/book/show/40996287-the-nowhere-man,https://www.goodreads.com/author/show/82570.Gregg_Hurwitz,https://i.gr-assets.com/images/S/compressed.photo.goodreads.com/books/1532959865i/40996287._SY75_.jpg,4.16,33300,3596,38,24,4.097431613941019,"4,0 a 4,25",Baixa
2337,201311165,"A MAN WHO SEEMED REAL: a story of love, lies, fear and kindness",Elizabeth Tebby Germaine,51252212,https://www.goodreads.com/book/show/201311165-a-man-who-seemed-real,https://www.goodreads.com/author/show/51252212.Elizabeth_Tebby_Germaine,https://i.gr-assets.com/images/S/compressed.photo.goodreads.com/books/1698903326i/201311165._SY75_.jpg,4.37,1399,3596,43,24,4.093094564491544,"4,25 a 4,5",Baixa
2340,19312,The Brothers Lionheart,Astrid Lindgren,410653,https://www.goodreads.com/book/show/19312.The_Brothers_Lionheart,https://www.goodreads.com/author/show/410653.Astrid_Lindgren,https://i.gr-assets.com/images/S/compressed.photo.goodreads.com/books/1388269738i/19312._SX50_.jpg,4.35,44200,3592,45,24,4.118291703453461,"4,25 a 4,5",Baixa
2341,8525590,"Wither (The Chemical Garden, #1)",Lauren DeStefano,4103366,https://www.goodreads.com/book/show/8525590-wither,https://www.goodreads.com/author/show/4103366.Lauren_DeStefano,https://i.gr-assets.com/images/S/compressed.photo.goodreads.com/books/1341532430i/8525590._SX50_.jpg,3.79,101215,3591,44,24,4.02999203506835,"3,5 a 4,0",Média
2341,12240419,Table 21,T. Rafael Cimino,3275595,https://www.goodreads.com/book/show/12240419-table-21,https://www.goodreads.com/author/show/3275595.T_Rafael_Cimino,https://i.gr-assets.com/images/S/compressed.photo.goodreads.com/books/1327511041i/12240419._SX50_.jpg,3.68,445,3591,36,24,4.091635611190324,"3,5 a 4,0",Baixa
2343,13453029,"Wool Omnibus (Silo, #1)",Hugh Howey,3064305,https://www.goodreads.com/book/show/13453029-wool-omnibus,https://www.goodreads.com/author/show/3064305.Hugh_Howey,https://i.gr-assets.com/images/S/compressed.photo.goodreads.com/books/1349614200i/13453029._SY75_.jpg,4.22,292318,3587,43,24,4.146810425681932,"4,0 a 4,25",Alta
2344,51428,"Rebel Angels (Gemma Doyle, #2)",Libba Bray,2526,https://www.goodreads.com/book/show/51428.Rebel_Angels,https://www.goodreads.com/author/show/2526.Libba_Bray,https://i.gr-assets.com/images/S/compressed.photo.goodreads.com/books/1333820283i/51428._SX50_.jpg,3.94,112296,3586,50,24,4.05817181941359,"3,5 a 4,0",Média
2345,28009303,"Dodging Satan: My Irish/Italian, Sometimes Awesome, But Mostly Creepy, Childhood",Kathleen Zamboni McCormick,4014420,https://www.goodreads.com/book/show/28009303-dodging-satan,https://www.goodreads.com/author/show/4014420.Kathleen_Zamboni_McCormick,https://i.gr-assets.com/images/S/compressed.photo.goodreads.com/books/1448816156i/28009303._SY75_.jpg,4.28,3866,3584,39,24,4.093943250319189,"4,25 a 4,5",Baixa
2346,390711,"Noble House (Asian Saga, #5)",James Clavell,6417,https://www.goodreads.com/book/show/390711.Noble_House,https://www.goodreads.com/author/show/6417.James_Clavell,https://i.gr-assets.com/images/S/compressed.photo.goodreads.com/books/1365185986i/390711._SY75_.jpg,4.28,43295,3581,56,24,4.110831926961852,"4,25 a 4,5",Baixa
2347,81959,As a Man Thinketh,James Allen,8446,https://www.goodreads.com/book/show/81959.As_a_Man_Thinketh,https://www.goodreads.com/author/show/8446.James_Allen,https://i.gr-assets.com/images/S/compressed.photo.goodreads.com/books/1632020500i/81959._SY75_.jpg,4.23,99339,3579,42,24,4.120036094382415,"4,0 a 4,25",Média
2348,16843726,Nobody Loves a Bigfoot Like a Bigfoot Babe,Simon Okill,6590310,https://www.goodreads.com/book/show/16843726-nobody-loves-a-bigfoot-like-a-bigfoot-babe,https://www.goodreads.com/author/show/6590310.Simon_Okill,https://i.gr-assets.com/images/S/compressed.photo.goodreads.com/books/1355737976i/16843726._SY75_.jpg,3.95,145,3576,37,24,4.092051331994379,"3,5 a 4,0",Baixa
2349,16343,"The Mysterious Affair at Styles (Hercule Poirot, #1)",Agatha Christie,123715,https://www.goodreads.com/book/show/16343.The_Mysterious_Affair_at_Styles,https://www.goodreads.com/author/show/123715.Agatha_Christie,https://i.gr-assets.com/images/S/compressed.photo.goodreads.com/books/1386922393i/16343._SY75_.jpg,4.0,535500,3575,52,24,4.038874217274641,"3,5 a 4,0",Muito alta
2349,16150830,"Never Fade (The Darkest Minds, #2)",Alexandra Bracken,2973783,https://www.goodreads.com/book/show/16150830-never-fade,https://www.goodreads.com/author/show/2973783.Alexandra_Bracken,https://i.gr-assets.com/images/S/compressed.photo.goodreads.com/books/1368460550i/16150830._SY75_.jpg,4.19,108121,3575,45,24,4.113307077545301,"4,0 a 4,25",Média
2351,18383325,"The Most Magnificent Thing (Most Magnificent, 1)",Ashley Spires,755882,https://www.goodreads.com/book/show/18383325-the-most-magnificent-thing,https://www.goodreads.com/author/show/755882.Ashley_Spires,https://i.gr-assets.com/images/S/compressed.photo.goodreads.com/books/1384711245i/18383325._SX50_.jpg,4.28,9108,3574,37,24,4.096380374006016,"4,25 a 4,5",Baixa
2352,1268479,Warbreaker,Brandon Sanderson,38550,https://www.goodreads.com/book/show/1268479.Warbreaker,https://www.goodreads.com/author/show/38550.Brandon_Sanderson,https://i.gr-assets.com/images/S/compressed.photo.goodreads.com/books/1240256182i/1268479._SY75_.jpg,4.29,304555,3573,40,24,4.178744481430116,"4,25 a 4,5",Alta
2353,126062562,"The Assassin's Blade (Throne of Glass, #0.1-0.5)",Sarah J. Maas,3433047,https://www.goodreads.com/book/show/126062562-the-assassin-s-blade,https://www.goodreads.com/author/show/3433047.Sarah_J_Maas,https://i.gr-assets.com/images/S/compressed.photo.goodreads.com/books/1680869667i/126062562._SY75_.jpg,4.2,1354084,3572,39,24,4.175821166109389,"4,0 a 4,25",Muito alta
2354,59741656,Grace (The Shackleford Sisters #1),Beverley Watts,7180836,https://www.goodreads.com/book/show/59741656-grace,https://www.goodreads.com/author/show/7180836.Beverley_Watts,https://i.gr-assets.com/images/S/compressed.photo.goodreads.com/books/1638459046i/59741656._SY75_.jpg,3.79,22502,3570,37,24,4.075667279155139,"3,5 a 4,0",Baixa
2355,406373,Faust,Johann Wolfgang von Goethe,285217,https://www.goodreads.com/book/show/406373.Faust,https://www.goodreads.com/author/show/285217.Johann_Wolfgang_von_Goethe,https://i.gr-assets.com/images/S/compressed.photo.goodreads.com/books/1758424096i/406373._SY75_.jpg,3.89,53369,3567,47,24,4.0678355908581345,"3,5 a 4,0",Média
2356,59836138,Dark State (Jason Trapp #1),Jack     Slater,19433378,https://www.goodreads.com/book/show/59836138-dark-state,https://www.goodreads.com/author/show/19433378.Jack_Slater,https://i.gr-assets.com/images/S/compressed.photo.goodreads.com/books/1639677841i/59836138._SY75_.jpg,4.43,25885,3565,37,24,4.113080394248208,"4,25 a 4,5",Baixa
2357,8600,"Eats, Shoots & Leaves: The Zero Tolerance Approach to Punctuation",Lynne Truss,5571,https://www.goodreads.com/book/show/8600.Eats_Shoots_Leaves,https://www.goodreads.com/author/show/5571.Lynne_Truss,https://i.gr-assets.com/images/S/compressed.photo.goodreads.com/books/1473392595i/8600._SX50_.jpg,3.87,106954,3564,55,24,4.044406703343491,"3,5 a 4,0",Média
2357,199113446,Search and Destroy (Tom Rollins Thriller #10),Paul Heatley,7003680,https://www.goodreads.com/book/show/199113446-search-and-destroy,https://www.goodreads.com/author/show/7003680.Paul_Heatley,https://i.gr-assets.com/images/S/compressed.photo.goodreads.com/books/1695462383i/199113446._SY75_.jpg,4.48,3626,3564,37,24,4.095667432588878,"4,25 a 4,5",Baixa
2359,18333130,Switch! The Lost Kingdoms of Karibu,Karen  Prince,6542656,https://www.goodreads.com/book/show/18333130-switch-the-lost-kingdoms-of-karibu,https://www.goodreads.com/author/show/6542656.Karen_Prince,https://i.gr-assets.com/images/S/compressed.photo.goodreads.com/books/1376565640i/18333130._SY75_.jpg,4.17,511,3563,37,24,4.092205648862622,"4,0 a 4,25",Baixa
2359,1842,"Guns, Germs, and Steel: The Fates of Human Societies",Jared Diamond,256,https://www.goodreads.com/book/show/1842.Guns_Germs_and_Steel,https://www.goodreads.com/author/show/256.Jared_Diamond,https://i.gr-assets.com/images/S/compressed.photo.goodreads.com/books/1453215833i/1842._SY75_.jpg,4.04,472558,3563,43,24,4.063594206950533,"4,0 a 4,25",Muito alta
2359,383514,"Her Royal Spyness (Her Royal Spyness Mysteries, #1)",Rhys Bowen,202867,https://www.goodreads.com/book/show/383514.Her_Royal_Spyness,https://www.goodreads.com/author/show/202867.Rhys_Bowen,https://i.gr-assets.com/images/S/compressed.photo.goodreads.com/books/1174342700i/383514._SY75_.jpg,3.83,42620,3563,38,24,4.066346902554353,"3,5 a 4,0",Baixa
2362,286957,The Yellow Wall-Paper,Charlotte Perkins Gilman,29527,https://www.goodreads.com/book/show/286957.The_Yellow_Wall_Paper,https://www.goodreads.com/author/show/29527.Charlotte_Perkins_Gilman,https://i.gr-assets.com/images/S/compressed.photo.goodreads.com/books/1746311262i/286957._SX50_.jpg,4.06,386446,3562,43,24,4.076147684176782,"4,0 a 4,25",Alta
2363,62059957,"One Last Kill (Tracy Crosswhite, #10)",Robert Dugoni,63650,https://www.goodreads.com/book/show/62059957-one-last-kill,https://www.goodreads.com/author/show/63650.Robert_Dugoni,https://i.gr-assets.com/images/S/compressed.photo.goodreads.com/books/1672361696i/62059957._SY75_.jpg,4.48,26621,3560,37,24,4.1168254176526675,"4,25 a 4,5",Baixa
2364,40409718,Post Office,Charles Bukowski,13275,https://www.goodreads.com/book/show/40409718-post-office,https://www.goodreads.com/author/show/13275.Charles_Bukowski,https://i.gr-assets.com/images/S/compressed.photo.goodreads.com/books/1555887577i/40409718._SX50_.jpg,3.92,143787,3554,46,24,4.0458377634433935,"3,5 a 4,0",Média
2365,26157586,Toe to Toe (Nonie Broussard Ghost Tracker Series),Deborah Leblanc,36521,https://www.goodreads.com/book/show/26157586-toe-to-toe,https://www.goodreads.com/author/show/36521.Deborah_Leblanc,https://i.gr-assets.com/images/S/compressed.photo.goodreads.com/books/1440442093i/26157586._SY75_.jpg,4.22,5585,3553,40,24,4.09390475834629,"4,0 a 4,25",Baixa
2366,151908910,How It Unfolds,James S.A. Corey,4192148,https://www.goodreads.com/book/show/151908910-how-it-unfolds,https://www.goodreads.com/author/show/4192148.James_S_A_Corey,https://i.gr-assets.com/images/S/compressed.photo.goodreads.com/books/1687871208i/151908910._SY75_.jpg,3.95,14188,3552,37,24,4.087129099882485,"3,5 a 4,0",Baixa
2367,60466963,The Forgotten Bookshop in Paris,Daisy Wood,18481639,https://www.goodreads.com/book/show/60466963-the-forgotten-bookshop-in-paris,https://www.goodreads.com/author/show/18481639.Daisy_Wood,https://i.gr-assets.com/images/S/compressed.photo.goodreads.com/books/1650843855i/60466963._SY75_.jpg,4.31,24676,3551,37,24,4.1050365662084864,"4,25 a 4,5",Baixa
2368,509784,The End of Eternity,Isaac Asimov,16667,https://www.goodreads.com/book/show/509784.The_End_of_Eternity,https://www.goodreads.com/author/show/16667.Isaac_Asimov,https://i.gr-assets.com/images/S/compressed.photo.goodreads.com/books/1405527675i/509784._SY75_.jpg,4.24,64925,3550,43,24,4.1131610761443245,"4,0 a 4,25",Média
2369,20824260,Mind's Eye,Douglas E. Richards,374164,https://www.goodreads.com/book/show/20824260-mind-s-eye,https://www.goodreads.com/author/show/374164.Douglas_E_Richards,https://i.gr-assets.com/images/S/compressed.photo.goodreads.com/books/1395890411i/20824260._SX50_.jpg,4.07,12663,3547,37,24,4.091410731182836,"4,0 a 4,25",Baixa
2370,53799686,Anxious People,Fredrik Backman,6485178,https://www.goodreads.com/book/show/53799686-anxious-people,https://www.goodreads.com/author/show/6485178.Fredrik_Backman,https://i.gr-assets.com/images/S/compressed.photo.goodreads.com/books/1594234890i/53799686._SX50_.jpg,4.16,880672,3545,45,24,4.139121084187158,"4,0 a 4,25",Muito alta
2371,123394658,"Swift Judgment (Nate Shepherd, #7)",Michael  Stagg,20820244,https://www.goodreads.com/book/show/123394658-swift-judgment,https://www.goodreads.com/author/show/20820244.Michael_Stagg,https://i.gr-assets.com/images/S/compressed.photo.goodreads.com/books/1679440881i/123394658._SY75_.jpg,4.43,3757,3544,37,24,4.095319182114679,"4,25 a 4,5",Baixa
2372,63066305,Savage Grounds (Dalton Savage #1),L.T. Ryan,6151659,https://www.goodreads.com/book/show/63066305-savage-grounds,https://www.goodreads.com/author/show/6151659.L_T_Ryan,https://i.gr-assets.com/images/S/compressed.photo.goodreads.com/books/1666502212i/63066305._SY75_.jpg,4.27,8973,3542,37,24,4.0960941158481825,"4,25 a 4,5",Baixa
2372,6736285,"The Rape of the Mind: The Psychology of Thought Control, Menticide, and Brainwashing",Joost A.M. Meerloo,5609700,https://www.goodreads.com/book/show/6736285-the-rape-of-the-mind,https://www.goodreads.com/author/show/5609700.Joost_A_M_Meerloo,https://i.gr-assets.com/images/S/compressed.photo.goodreads.com/books/1348052018i/6736285._SY75_.jpg,4.18,1554,3542,38,24,4.092451881546399,"4,0 a 4,25",Baixa
2374,57914602,"Deep Sleep (Devin Gray, #1)",Steven Konkoly,4442737,https://www.goodreads.com/book/show/57914602-deep-sleep,https://www.goodreads.com/author/show/4442737.Steven_Konkoly,https://i.gr-assets.com/images/S/compressed.photo.goodreads.com/books/1638924808i/57914602._SY75_.jpg,4.08,13781,3541,37,24,4.091691994608036,"4,0 a 4,25",Baixa
2375,161099,"Good Night, Mr. Tom",Michelle Magorian,93351,https://www.goodreads.com/book/show/161099.Good_Night_Mr_Tom,https://www.goodreads.com/author/show/93351.Michelle_Magorian,https://i.gr-assets.com/images/S/compressed.photo.goodreads.com/books/1282757902i/161099._SY75_.jpg,4.32,54643,3533,46,24,4.120042652871874,"4,25 a 4,5",Média
2376,8045080,"Hell's Corner (The Camel Club, #5)",David Baldacci,9291,https://www.goodreads.com/book/show/8045080-hell-s-corner,https://www.goodreads.com/author/show/9291.David_Baldacci,https://i.gr-assets.com/images/S/compressed.photo.goodreads.com/books/1330171863i/8045080._SY75_.jpg,4.2,45945,3532,39,24,4.103447225702375,"4,0 a 4,25",Baixa
2377,60306511,"Lady, in Waiting (The Tudor Court #3)",Karen Heenan,19525825,https://www.goodreads.com/book/show/60306511-lady-in-waiting,https://www.goodreads.com/author/show/19525825.Karen_Heenan,https://i.gr-assets.com/images/S/compressed.photo.goodreads.com/books/1644004085i/60306511._SY75_.jpg,4.39,839,3531,37,24,4.092741719186134,"4,25 a 4,5",Baixa
2378,9833184,"The Fiery Heart (Bloodlines, #4)",Richelle Mead,137902,https://www.goodreads.com/book/show/9833184-the-fiery-heart,https://www.goodreads.com/author/show/137902.Richelle_Mead,https://i.gr-assets.com/images/S/compressed.photo.goodreads.com/books/1383243238i/9833184._SY75_.jpg,4.33,80963,3527,50,24,4.132906942201862,"4,25 a 4,5",Média
2378,58020731,"Open Season (Breed Thriller, #2)",Cameron Curtis,21106767,https://www.goodreads.com/book/show/58020731-open-season,https://www.goodreads.com/author/show/21106767.Cameron_Curtis,https://i.gr-assets.com/images/S/compressed.photo.goodreads.com/books/1620794580i/58020731._SY75_.jpg,4.45,4059,3527,37,24,4.095780420466429,"4,25 a 4,5",Baixa
2380,476543,"The Darkest Night (Lords of the Underworld, #1)",Gena Showalter,48192,https://www.goodreads.com/book/show/476543.The_Darkest_Night,https://www.goodreads.com/author/show/48192.Gena_Showalter,https://i.gr-assets.com/images/S/compressed.photo.goodreads.com/books/1556847781i/476543._SY75_.jpg,4.05,86398,3525,47,24,4.084485438143582,"4,0 a 4,25",Média
2380,12930,"Messenger (Giver, #3)",Lois Lowry,2493,https://www.goodreads.com/book/show/12930.Messenger,https://www.goodreads.com/author/show/2493.Lois_Lowry,https://i.gr-assets.com/images/S/compressed.photo.goodreads.com/books/1386924375i/12930._SY75_.jpg,3.92,153742,3525,52,24,4.043538456127245,"3,5 a 4,0",Alta
2382,123175195,Miracle,Johnathon Nicolaou,22199652,https://www.goodreads.com/book/show/123175195-miracle,https://www.goodreads.com/author/show/22199652.Johnathon_Nicolaou,https://i.gr-assets.com/images/S/compressed.photo.goodreads.com/books/1677924402i/123175195._SY75_.jpg,4.57,174,3522,36,24,4.092316531359683,"Acima de 4,5",Baixa
2382,61054804,The Cloisters,Katy Hays,21851153,https://www.goodreads.com/book/show/61054804-the-cloisters,https://www.goodreads.com/author/show/21851153.Katy_Hays,https://i.gr-assets.com/images/S/compressed.photo.goodreads.com/books/1667414469i/61054804._SY75_.jpg,3.39,75284,3522,37,24,3.9787652505855124,"Até 3,5",Média
2384,7719245,"Paranormalcy (Paranormalcy, #1)",Kiersten White,3027554,https://www.goodreads.com/book/show/7719245-paranormalcy,https://www.goodreads.com/author/show/3027554.Kiersten_White,https://i.gr-assets.com/images/S/compressed.photo.goodreads.com/books/1496938681i/7719245._SX50_.jpg,3.88,99528,3520,51,24,4.04907523846242,"3,5 a 4,0",Média
2384,127280850,Weyward,Emilia Hart,21416131,https://www.goodreads.com/book/show/127280850-weyward,https://www.goodreads.com/author/show/21416131.Emilia_Hart,https://i.gr-assets.com/images/S/compressed.photo.goodreads.com/books/1684204420i/127280850._SY75_.jpg,4.05,452643,3520,39,24,4.069515942152867,"4,0 a 4,25",Muito alta
2386,16213,The Hot Zone: The Terrifying True Story of the Origins of the Ebola Virus,Richard   Preston,9996,https://www.goodreads.com/book/show/16213.The_Hot_Zone,https://www.goodreads.com/author/show/9996.Richard_Preston,https://i.gr-assets.com/images/S/compressed.photo.goodreads.com/books/1413747743i/16213._SY75_.jpg,4.16,125303,3519,46,24,4.108579290882023,"4,0 a 4,25",Média
2387,123452630,Move to Millions: The Proven Framework to Become a Million Dollar CEO with Grace & Ease Instead of Hustle & Grind,Darnyelle Jervey Harmon,29849600,https://www.goodreads.com/book/show/123452630-move-to-millions,https://www.goodreads.com/author/show/29849600.Darnyelle_Jervey_Harmon,https://i.gr-assets.com/images/S/compressed.photo.goodreads.com/books/1681110874i/123452630._SX50_.jpg,4.28,8375,3516,37,24,4.096043432590468,"4,25 a 4,5",Baixa
2387,60048804,"No Plan B (Jack Reacher, #27)",Lee Child,5091,https://www.goodreads.com/book/show/60048804-no-plan-b,https://www.goodreads.com/author/show/5091.Lee_Child,https://i.gr-assets.com/images/S/compressed.photo.goodreads.com/books/1641499469i/60048804._SY75_.jpg,3.97,66682,3516,37,24,4.074317190286889,"3,5 a 4,0",Média
2389,20829994,Percy Jackson's Greek Gods,Rick Riordan,15872,https://www.goodreads.com/book/show/20829994-percy-jackson-s-greek-gods,https://www.goodreads.com/author/show/15872.Rick_Riordan,https://i.gr-assets.com/images/S/compressed.photo.goodreads.com/books/1437455100i/20829994._SX50_.jpg,4.42,101448,3514,43,24,4.159641972977212,"4,25 a 4,5",Média
2390,123206645,The Fury,Alex Michaelides,17621440,https://www.goodreads.com/book/show/123206645-the-fury,https://www.goodreads.com/author/show/17621440.Alex_Michaelides,https://i.gr-assets.com/images/S/compressed.photo.goodreads.com/books/1684763144i/123206645._SX50_.jpg,3.35,253388,3512,37,24,3.8003284121968672,"Até 3,5",Alta
2391,33643994,"Daughter of the Pirate King (Daughter of the Pirate King, #1)",Tricia Levenseller,14358948,https://www.goodreads.com/book/show/33643994-daughter-of-the-pirate-king,https://www.goodreads.com/author/show/14358948.Tricia_Levenseller,https://i.gr-assets.com/images/S/compressed.photo.goodreads.com/books/1483132546i/33643994._SY75_.jpg,3.92,250228,3511,40,24,4.024951883781408,"3,5 a 4,0",Alta
2392,44654074,White Light Red Fire,Robert         Reid,19011729,https://www.goodreads.com/book/show/44654074-white-light-red-fire,https://www.goodreads.com/author/show/19011729.Robert_Reid,https://i.gr-assets.com/images/S/compressed.photo.goodreads.com/books/1553971231i/44654074._SY75_.jpg,4.41,1284,3509,39,24,4.093144303605255,"4,25 a 4,5",Baixa
2393,237914837,The Mark of Eternity (The Egyptian Stones #2),Murray Bailey,513568,https://www.goodreads.com/book/show/237914837-the-mark-of-eternity,https://www.goodreads.com/author/show/513568.Murray_Bailey,https://i.gr-assets.com/images/S/compressed.photo.goodreads.com/books/1777042584i/237914837._SY75_.jpg,4.37,611,3506,40,24,4.092537489998194,"4,25 a 4,5",Baixa
2394,123845,Self-Reliance and Other Essays,Ralph Waldo Emerson,12080,https://www.goodreads.com/book/show/123845.Self_Reliance_and_Other_Essays,https://www.goodreads.com/author/show/12080.Ralph_Waldo_Emerson,https://i.gr-assets.com/images/S/compressed.photo.goodreads.com/books/1520778510i/123845._SY75_.jpg,4.11,20988,3502,38,24,4.093015501413296,"4,0 a 4,25",Baixa
2395,28335696,"Persepolis Rising (The Expanse, #7)",James S.A. Corey,4192148,https://www.goodreads.com/book/show/28335696-persepolis-rising,https://www.goodreads.com/author/show/4192148.James_S_A_Corey,https://i.gr-assets.com/images/S/compressed.photo.goodreads.com/books/1481562381i/28335696._SY75_.jpg,4.38,92543,3501,38,24,4.147193849346729,"4,25 a 4,5",Média
2396,1611657,"On the Edge of the Dark Sea of Darkness (The Wingfeather Saga, #1)",Andrew       Peterson,746724,https://www.goodreads.com/book/show/1611657.On_the_Edge_of_the_Dark_Sea_of_Darkness,https://www.goodreads.com/author/show/746724.Andrew_Peterson,https://i.gr-assets.com/images/S/compressed.photo.goodreads.com/books/1442199571i/1611657._SY75_.jpg,4.32,36038,3498,37,24,4.111332647883054,"4,25 a 4,5",Baixa
2397,31145178,Real Friends (Real Friends #1),Shannon Hale,49177,https://www.goodreads.com/book/show/31145178-real-friends,https://www.goodreads.com/author/show/49177.Shannon_Hale,https://i.gr-assets.com/images/S/compressed.photo.goodreads.com/books/1503615816i/31145178._SX50_.jpg,4.22,47494,3495,37,24,4.105954073730874,"4,0 a 4,25",Baixa
2398,62060274,The Echo of Old Books,Barbara  Davis,7060621,https://www.goodreads.com/book/show/62060274-the-echo-of-old-books,https://www.goodreads.com/author/show/7060621.Barbara_Davis,https://i.gr-assets.com/images/S/compressed.photo.goodreads.com/books/1671274907i/62060274._SY75_.jpg,4.25,133854,3490,36,24,4.13236616817233,"4,0 a 4,25",Média
2399,32762917,"Nightfall (Keeper of the Lost Cities, #6)",Shannon Messenger,5265998,https://www.goodreads.com/book/show/32762917-nightfall,https://www.goodreads.com/author/show/5265998.Shannon_Messenger,https://i.gr-assets.com/images/S/compressed.photo.goodreads.com/books/1488996054i/32762917._SY75_.jpg,4.52,54476,3488,40,24,4.144420708244236,"Acima de 4,5",Média
2400,5367,"The Great Book of Amber (The Chronicles of Amber, #1-10)",Roger Zelazny,3619,https://www.goodreads.com/book/show/5367.The_Great_Book_of_Amber,https://www.goodreads.com/author/show/3619.Roger_Zelazny,https://i.gr-assets.com/images/S/compressed.photo.goodreads.com/books/1165519096i/5367._SY75_.jpg,4.31,27248,3487,44,24,4.1062967376686395,"4,25 a 4,5",Baixa
2401,57795665,The Locked Door,Freida McFadden,7244758,https://www.goodreads.com/book/show/57795665-the-locked-door,https://www.goodreads.com/author/show/7244758.Freida_McFadden,https://i.gr-assets.com/images/S/compressed.photo.goodreads.com/books/1618859577i/57795665._SY75_.jpg,3.97,746416,3485,38,25,4.011980360733339,"3,5 a 4,0",Muito alta
2402,7331435,A Visit from the Goon Squad,Jennifer Egan,49625,https://www.goodreads.com/book/show/7331435-a-visit-from-the-goon-squad,https://www.goodreads.com/author/show/49625.Jennifer_Egan,https://i.gr-assets.com/images/S/compressed.photo.goodreads.com/books/1356844046i/7331435._SX50_.jpg,3.7,256097,3484,44,25,3.9369431371798553,"3,5 a 4,0",Alta
2403,2047408,"The Steel Wave (World War II: 1939-1945, #2)",Jeff Shaara,14655,https://www.goodreads.com/book/show/2047408.The_Steel_Wave,https://www.goodreads.com/author/show/14655.Jeff_Shaara,https://i.gr-assets.com/images/S/compressed.photo.goodreads.com/books/1441410840i/2047408._SY75_.jpg,4.29,8425,3481,37,25,4.0962773411847015,"4,25 a 4,5",Baixa
2403,52440333,"A Spell for Trouble (Enchanted Bay Mystery, #1)",Esme  Addison,19500724,https://www.goodreads.com/book/show/52440333-a-spell-for-trouble,https://www.goodreads.com/author/show/19500724.Esme_Addison,https://i.gr-assets.com/images/S/compressed.photo.goodreads.com/books/1569678394l/52440333._SX50_SY75_.jpg,3.83,3277,3481,38,25,4.089925990798964,"3,5 a 4,0",Baixa
2405,10589,Bag of Bones,Stephen  King,3389,https://www.goodreads.com/book/show/10589.Bag_of_Bones,https://www.goodreads.com/author/show/3389.Stephen_King,https://i.gr-assets.com/images/S/compressed.photo.goodreads.com/books/1365592796i/10589._SY75_.jpg,3.92,215371,3479,57,25,4.030984198492296,"3,5 a 4,0",Alta
2406,23594461,"The King's Men (All for the Game, #3)",Nora Sakavic,6896843,https://www.goodreads.com/book/show/23594461-the-king-s-men,https://www.goodreads.com/author/show/6896843.Nora_Sakavic,https://i.gr-assets.com/images/S/compressed.photo.goodreads.com/books/1417587954i/23594461._SX50_.jpg,4.57,85591,3476,37,25,4.177914825869165,"Acima de 4,5",Média
2407,22738563,We Should All Be Feminists,Chimamanda Ngozi Adichie,19992417,https://www.goodreads.com/book/show/22738563-we-should-all-be-feminists,https://www.goodreads.com/author/show/19992417.Chimamanda_Ngozi_Adichie,https://i.gr-assets.com/images/S/compressed.photo.goodreads.com/books/1430821222i/22738563._SX50_.jpg,4.39,341474,3472,41,25,4.2309656191540626,"4,25 a 4,5",Alta
2408,44492285,Dune Messiah (Dune #2),Frank Herbert,58,https://www.goodreads.com/book/show/44492285-dune-messiah,https://www.goodreads.com/author/show/58.Frank_Herbert,https://i.gr-assets.com/images/S/compressed.photo.goodreads.com/books/1577043824i/44492285._SY75_.jpg,3.9,443673,3471,49,25,3.9900004059855974,"3,5 a 4,0",Muito alta
2409,27037,Confessions,Augustine of Hippo,6819578,https://www.goodreads.com/book/show/27037.Confessions,https://www.goodreads.com/author/show/6819578.Augustine_of_Hippo,https://i.gr-assets.com/images/S/compressed.photo.goodreads.com/books/1266454051i/27037._SY75_.jpg,4.01,78327,3469,51,25,4.078403842710308,"4,0 a 4,25",Média
2410,62206854,The Man Without A Face (Peter Black #2),David Archer,152016,https://www.goodreads.com/book/show/62206854-the-man-without-a-face,https://www.goodreads.com/author/show/152016.David_Archer,https://i.gr-assets.com/images/S/compressed.photo.goodreads.com/books/1661974612i/62206854._SY75_.jpg,4.4,5165,3463,36,25,4.096117375133992,"4,25 a 4,5",Baixa
2411,5349,The Rainmaker,John Grisham,721,https://www.goodreads.com/book/show/5349.The_Rainmaker,https://www.goodreads.com/author/show/721.John_Grisham,https://i.gr-assets.com/images/S/compressed.photo.goodreads.com/books/1388265477i/5349._SY75_.jpg,4.02,211898,3460,56,25,4.066765307065962,"4,0 a 4,25",Alta
2412,44054122,"Imagine Me (Shatter Me, #6)",Tahereh Mafi,4637539,https://www.goodreads.com/book/show/44054122-imagine-me,https://www.goodreads.com/author/show/4637539.Tahereh_Mafi,https://i.gr-assets.com/images/S/compressed.photo.goodreads.com/books/1563815428i/44054122._SY75_.jpg,4.02,340082,3454,41,25,4.058566634306794,"4,0 a 4,25",Alta
2413,7091488,"Dead in the Family (Sookie Stackhouse, #10)",Charlaine Harris,17061,https://www.goodreads.com/book/show/7091488-dead-in-the-family,https://www.goodreads.com/author/show/17061.Charlaine_Harris,https://i.gr-assets.com/images/S/compressed.photo.goodreads.com/books/1290479828i/7091488._SY75_.jpg,3.91,171619,3453,57,25,4.036563711638401,"3,5 a 4,0",Alta
2414,325085,Nicholas Nickleby,Charles Dickens,239579,https://www.goodreads.com/book/show/325085.Nicholas_Nickleby,https://www.goodreads.com/author/show/239579.Charles_Dickens,https://i.gr-assets.com/images/S/compressed.photo.goodreads.com/books/1352758388i/325085._SY75_.jpg,3.95,47639,3450,51,25,4.076673437651257,"3,5 a 4,0",Baixa
2414,40745,Mindset: The New Psychology of Success,Carol S. Dweck,217172,https://www.goodreads.com/book/show/40745.Mindset,https://www.goodreads.com/author/show/217172.Carol_S_Dweck,https://i.gr-assets.com/images/S/compressed.photo.goodreads.com/books/1436227012i/40745._SY75_.jpg,4.09,182433,3450,37,25,4.0914347239242295,"4,0 a 4,25",Alta
2416,6101718,"The Magicians (The Magicians, #1)",Lev Grossman,142270,https://www.goodreads.com/book/show/6101718-the-magicians,https://www.goodreads.com/author/show/142270.Lev_Grossman,https://i.gr-assets.com/images/S/compressed.photo.goodreads.com/books/1313772941i/6101718._SY75_.jpg,3.53,282667,3449,42,25,3.8562764942784598,"3,5 a 4,0",Alta
2417,43944,Suite Française,Irène Némirovsky,22493,https://www.goodreads.com/book/show/43944.Suite_Fran_aise,https://www.goodreads.com/author/show/22493.Ir_ne_N_mirovsky,https://i.gr-assets.com/images/S/compressed.photo.goodreads.com/books/1557142046i/43944._SY75_.jpg,3.86,79448,3448,42,25,4.052913624083544,"3,5 a 4,0",Média
2418,31138556,Homo Deus: A History of Tomorrow,Yuval Noah Harari,395812,https://www.goodreads.com/book/show/31138556-homo-deus,https://www.goodreads.com/author/show/395812.Yuval_Noah_Harari,https://i.gr-assets.com/images/S/compressed.photo.goodreads.com/books/1468760805i/31138556._SY75_.jpg,4.18,295741,3446,40,25,4.129951448680826,"4,0 a 4,25",Alta
2419,55622519,The Assassin's Betrayal (Jason Drake #1),Auston King,20795871,https://www.goodreads.com/book/show/55622519-the-assassin-s-betrayal,https://www.goodreads.com/author/show/20795871.Auston_King,https://i.gr-assets.com/images/S/compressed.photo.goodreads.com/books/1757798315i/55622519._SY75_.jpg,4.29,6511,3445,36,25,4.095344763562122,"4,25 a 4,5",Baixa
2420,67238,Dead Poets Society,N.H. Kleinbaum,52601,https://www.goodreads.com/book/show/67238.Dead_Poets_Society,https://www.goodreads.com/author/show/52601.N_H_Kleinbaum,https://i.gr-assets.com/images/S/compressed.photo.goodreads.com/books/1359814692i/67238._SX50_.jpg,4.17,166732,3444,42,25,4.115387361436253,"4,0 a 4,25",Alta
2421,123423832,The Coworker,Freida McFadden,7244758,https://www.goodreads.com/book/show/123423832-the-coworker,https://www.goodreads.com/author/show/7244758.Freida_McFadden,https://i.gr-assets.com/images/S/compressed.photo.goodreads.com/books/1685248649i/123423832._SY75_.jpg,3.73,657350,3443,36,25,3.865070345750542,"3,5 a 4,0",Muito alta
2422,5348,The Testament,John Grisham,721,https://www.goodreads.com/book/show/5348.The_Testament,https://www.goodreads.com/author/show/721.John_Grisham,https://i.gr-assets.com/images/S/compressed.photo.goodreads.com/books/1403174228i/5348._SY75_.jpg,3.93,129961,3441,55,25,4.051671159552954,"3,5 a 4,0",Média
2422,8737,The Last Temptation of Christ,Nikos Kazantzakis,32543297,https://www.goodreads.com/book/show/8737.The_Last_Temptation_of_Christ,https://www.goodreads.com/author/show/32543297.Nikos_Kazantzakis,https://i.gr-assets.com/images/S/compressed.photo.goodreads.com/books/1481512264i/8737._SY75_.jpg,4.19,16180,3441,51,25,4.095993295199698,"4,0 a 4,25",Baixa
2424,222490389,Alchemised,SenLinYu,19089975,https://www.goodreads.com/book/show/222490389-alchemised,https://www.goodreads.com/author/show/19089975.SenLinYu,https://i.gr-assets.com/images/S/compressed.photo.goodreads.com/books/1737131981i/222490389._SY75_.jpg,4.3,360760,3440,36,25,4.191859913682518,"4,25 a 4,5",Alta
2425,18864,The Rum Diary,Hunter S. Thompson,5237,https://www.goodreads.com/book/show/18864.The_Rum_Diary,https://www.goodreads.com/author/show/5237.Hunter_S_Thompson,https://i.gr-assets.com/images/S/compressed.photo.goodreads.com/books/1430534762i/18864._SY75_.jpg,3.85,67504,3438,42,25,4.056466119725961,"3,5 a 4,0",Média
2425,81227,Infidel,Ayaan Hirsi Ali,46245,https://www.goodreads.com/book/show/81227.Infidel,https://www.goodreads.com/author/show/46245.Ayaan_Hirsi_Ali,https://i.gr-assets.com/images/S/compressed.photo.goodreads.com/books/1388256729i/81227._SY75_.jpg,4.2,93624,3438,41,25,4.112944841984734,"4,0 a 4,25",Média
2427,123425292,"That Time I Got Drunk and Saved a Demon (Mead Mishaps, #1)",Kimberly Lemming,21689835,https://www.goodreads.com/book/show/123425292-that-time-i-got-drunk-and-saved-a-demon,https://www.goodreads.com/author/show/21689835.Kimberly_Lemming,https://i.gr-assets.com/images/S/compressed.photo.goodreads.com/books/1689775671i/123425292._SX50_.jpg,3.84,66705,3433,37,25,4.055369354327871,"3,5 a 4,0",Média
2428,41118857,"The Dragon Republic (The Poppy War, #2)",R.F. Kuang,16820001,https://www.goodreads.com/book/show/41118857-the-dragon-republic,https://www.goodreads.com/author/show/16820001.R_F_Kuang,https://i.gr-assets.com/images/S/compressed.photo.goodreads.com/books/1539963703i/41118857._SY75_.jpg,4.33,251156,3429,37,25,4.185136682692169,"4,25 a 4,5",Alta
2429,6080337,"The Year of the Flood (MaddAddam, #2)",Margaret Atwood,3472,https://www.goodreads.com/book/show/6080337-the-year-of-the-flood,https://www.goodreads.com/author/show/3472.Margaret_Atwood,https://i.gr-assets.com/images/S/compressed.photo.goodreads.com/books/1327906873i/6080337._SX50_.jpg,4.07,135888,3425,42,25,4.086404101567693,"4,0 a 4,25",Média
2429,213681638,"Grave Empire (The Great Silence, #1)",Richard  Swan,15016044,https://www.goodreads.com/book/show/213681638-grave-empire,https://www.goodreads.com/author/show/15016044.Richard_Swan,https://i.gr-assets.com/images/S/compressed.photo.goodreads.com/books/1729122021i/213681638._SY75_.jpg,4.03,5183,3425,36,25,4.091291700030598,"4,0 a 4,25",Baixa
2431,217182446,Strangers in Time,David Baldacci,9291,https://www.goodreads.com/book/show/217182446-strangers-in-time,https://www.goodreads.com/author/show/9291.David_Baldacci,https://i.gr-assets.com/images/S/compressed.photo.goodreads.com/books/1723141649i/217182446._SY75_.jpg,4.12,61713,3424,36,25,4.095906053027455,"4,0 a 4,25",Média
2432,53387949,The Burning Girls,C.J. Tudor,15754327,https://www.goodreads.com/book/show/53387949-the-burning-girls,https://www.goodreads.com/author/show/15754327.C_J_Tudor,https://i.gr-assets.com/images/S/compressed.photo.goodreads.com/books/1608637998i/53387949._SY75_.jpg,4.0,55432,3421,36,25,4.080669816031009,"3,5 a 4,0",Média
2433,12083,Long Day’s Journey into Night,Eugene O'Neill,7680,https://www.goodreads.com/book/show/12083.Long_Day_s_Journey_into_Night,https://www.goodreads.com/author/show/7680.Eugene_O_Neill,https://i.gr-assets.com/images/S/compressed.photo.goodreads.com/books/1674936184i/12083._SY75_.jpg,4.06,43771,3420,50,25,4.088872498266363,"4,0 a 4,25",Baixa
2434,16033842,"La Vérité sur l'Affaire Harry Quebert (Marcus Goldman, #1)",Joël Dicker,6535186,https://www.goodreads.com/book/show/16033842-la-v-rit-sur-l-affaire-harry-quebert,https://www.goodreads.com/author/show/6535186.Jo_l_Dicker,https://i.gr-assets.com/images/S/compressed.photo.goodreads.com/books/1347987605i/16033842._SX50_.jpg,4.2,262961,3419,40,25,4.13548416656582,"4,0 a 4,25",Alta
2435,8146619,The Right Stuff,Tom Wolfe,3083854,https://www.goodreads.com/book/show/8146619-the-right-stuff,https://www.goodreads.com/author/show/3083854.Tom_Wolfe,https://i.gr-assets.com/images/S/compressed.photo.goodreads.com/books/1328307624i/8146619._SY75_.jpg,4.23,57090,3413,45,25,4.109669810887926,"4,0 a 4,25",Média
2436,11367726,Defending Jacob,William Landay,218843,https://www.goodreads.com/book/show/11367726-defending-jacob,https://www.goodreads.com/author/show/218843.William_Landay,https://i.gr-assets.com/images/S/compressed.photo.goodreads.com/books/1329612158i/11367726._SY75_.jpg,4.0,316087,3411,45,25,4.050935724088097,"3,5 a 4,0",Alta
2437,236819,"March Violets (Bernie Gunther, #1)",Philip Kerr,53936,https://www.goodreads.com/book/show/236819.March_Violets,https://www.goodreads.com/author/show/53936.Philip_Kerr,https://i.gr-assets.com/images/S/compressed.photo.goodreads.com/books/1412369066i/236819._SY75_.jpg,3.8,20388,3410,38,25,4.0776304431332875,"3,5 a 4,0",Baixa
2438,4345498,"Magic Strikes (Kate Daniels, #3)",Ilona Andrews,21748,https://www.goodreads.com/book/show/4345498-magic-strikes,https://www.goodreads.com/author/show/21748.Ilona_Andrews,https://i.gr-assets.com/images/S/compressed.photo.goodreads.com/books/1507378423i/4345498._SY75_.jpg,4.43,93452,3408,45,25,4.157274119031169,"4,25 a 4,5",Média
2438,1314332,Before I Die,Jenny Downham,628636,https://www.goodreads.com/book/show/1314332.Before_I_Die,https://www.goodreads.com/author/show/628636.Jenny_Downham,https://i.gr-assets.com/images/S/compressed.photo.goodreads.com/books/1348002855i/1314332._SX50_.jpg,3.81,58556,3408,40,25,4.05536571776662,"3,5 a 4,0",Média
2438,61885029,Starter Villain,John Scalzi,4763,https://www.goodreads.com/book/show/61885029-starter-villain,https://www.goodreads.com/author/show/4763.John_Scalzi,https://i.gr-assets.com/images/S/compressed.photo.goodreads.com/books/1683564155i/61885029._SY75_.jpg,4.1,110395,3408,37,25,4.093842227461646,"4,0 a 4,25",Média
2441,55278507,"Shards of Earth (The Final Architecture, #1)",Adrian Tchaikovsky,1445909,https://www.goodreads.com/book/show/55278507-shards-of-earth,https://www.goodreads.com/author/show/1445909.Adrian_Tchaikovsky,https://i.gr-assets.com/images/S/compressed.photo.goodreads.com/books/1724827773i/55278507._SY75_.jpg,4.17,36839,3407,37,25,4.098809955366631,"4,0 a 4,25",Baixa
2442,205476,Our Town,Thornton Wilder,44061,https://www.goodreads.com/book/show/205476.Our_Town,https://www.goodreads.com/author/show/44061.Thornton_Wilder,https://i.gr-assets.com/images/S/compressed.photo.goodreads.com/books/1442891231i/205476._SY75_.jpg,3.75,60676,3404,53,25,4.046155594571636,"3,5 a 4,0",Média
2442,11947829,"Ascend (Trylle, #3)",Amanda Hocking,3486415,https://www.goodreads.com/book/show/11947829-ascend,https://www.goodreads.com/author/show/3486415.Amanda_Hocking,https://i.gr-assets.com/images/S/compressed.photo.goodreads.com/books/1397955256i/11947829._SY75_.jpg,4.07,66874,3404,42,25,4.08887620752487,"4,0 a 4,25",Média
2442,54319549,"A Kingdom of Flesh and Fire (Blood and Ash, #2)",Jennifer L. Armentrout,4476934,https://www.goodreads.com/book/show/54319549-a-kingdom-of-flesh-and-fire,https://www.goodreads.com/author/show/4476934.Jennifer_L_Armentrout,https://i.gr-assets.com/images/S/compressed.photo.goodreads.com/books/1734440592i/54319549._SY75_.jpg,4.31,629736,3404,39,25,4.226522793045862,"4,25 a 4,5",Muito alta
2445,6448470,"Firelight (Firelight, #1)",Sophie Jordan,89439,https://www.goodreads.com/book/show/6448470-firelight,https://www.goodreads.com/author/show/89439.Sophie_Jordan,https://i.gr-assets.com/images/S/compressed.photo.goodreads.com/books/1269737893i/6448470._SY75_.jpg,3.84,71243,3400,43,25,4.053255367906147,"3,5 a 4,0",Média
2445,56397497,Journey to the West: A Long March from Eastern Dream to Western Reality,Biao  Wang,21132901,https://www.goodreads.com/book/show/56397497-journey-to-the-west,https://www.goodreads.com/author/show/21132901.Biao_Wang,https://i.gr-assets.com/images/S/compressed.photo.goodreads.com/books/1608804980i/56397497._SY75_.jpg,4.28,145,3400,34,25,4.092173639894614,"4,25 a 4,5",Baixa
2447,90765751,Life for Life (Talion #3),J.K. Franko,18789144,https://www.goodreads.com/book/show/90765751-life-for-life,https://www.goodreads.com/author/show/18789144.J_K_Franko,https://i.gr-assets.com/images/S/compressed.photo.goodreads.com/books/1692804382i/90765751._SY75_.jpg,4.37,1433,3396,39,25,4.093118550364159,"4,25 a 4,5",Baixa
2448,55584194,Watch Her Fall,Erin Kelly,1308914,https://www.goodreads.com/book/show/55584194-watch-her-fall,https://www.goodreads.com/author/show/1308914.Erin_Kelly,https://i.gr-assets.com/images/S/compressed.photo.goodreads.com/books/1610205040i/55584194._SY75_.jpg,3.79,3516,3394,36,25,4.089412143911473,"3,5 a 4,0",Baixa
2449,61415590,"Midlife in Gretna Green (Midlife Recorder, #1)",Linzi Day,22515164,https://www.goodreads.com/book/show/61415590-midlife-in-gretna-green,https://www.goodreads.com/author/show/22515164.Linzi_Day,https://i.gr-assets.com/images/S/compressed.photo.goodreads.com/books/1657390474i/61415590._SY75_.jpg,4.56,6654,3393,36,25,4.099931779654656,"Acima de 4,5",Baixa
2450,104089,Tigana,Guy Gavriel Kay,60177,https://www.goodreads.com/book/show/104089.Tigana,https://www.goodreads.com/author/show/60177.Guy_Gavriel_Kay,https://i.gr-assets.com/images/S/compressed.photo.goodreads.com/books/1348738842i/104089._SX50_.jpg,4.08,53472,3392,44,25,4.090648098337036,"4,0 a 4,25",Média
2451,14289720,A Blazing Gilded Age,Rich DiSilvio,2953073,https://www.goodreads.com/book/show/14289720-a-blazing-gilded-age,https://www.goodreads.com/author/show/2953073.Rich_DiSilvio,https://i.gr-assets.com/images/S/compressed.photo.goodreads.com/books/1380851601i/14289720._SX50_.jpg,4.38,589,3388,40,25,4.09253694317215,"4,25 a 4,5",Baixa
2452,21642297,"Quicker (Ell Donsaii, #1)",Laurence E. Dahners,4159156,https://www.goodreads.com/book/show/21642297-quicker,https://www.goodreads.com/author/show/4159156.Laurence_E_Dahners,https://i.gr-assets.com/images/S/compressed.photo.goodreads.com/books/1431427737i/21642297._SX50_.jpg,4.33,4131,3386,35,25,4.094590637545569,"4,25 a 4,5",Baixa
2453,36449535,"Columbus Day (Expeditionary Force, #1)",Craig Alanson,14851776,https://www.goodreads.com/book/show/36449535-columbus-day,https://www.goodreads.com/author/show/14851776.Craig_Alanson,https://i.gr-assets.com/images/S/compressed.photo.goodreads.com/books/1508556358i/36449535._SY75_.jpg,4.25,36004,3381,36,25,4.105414912140974,"4,0 a 4,25",Baixa
2454,34466963,Why We Sleep: Unlocking the Power of Sleep and Dreams,Matthew Walker,17598726,https://www.goodreads.com/book/show/34466963-why-we-sleep,https://www.goodreads.com/author/show/17598726.Matthew_Walker,https://i.gr-assets.com/images/S/compressed.photo.goodreads.com/books/1556604137i/34466963._SY75_.jpg,4.36,238286,3380,39,25,4.193532723802139,"4,25 a 4,5",Alta
2455,57913,The Illuminatus! Trilogy,Robert Shea,5752454,https://www.goodreads.com/book/show/57913.The_Illuminatus_Trilogy,https://www.goodreads.com/author/show/5752454.Robert_Shea,https://i.gr-assets.com/images/S/compressed.photo.goodreads.com/books/1386923913i/57913._SX50_.jpg,4.01,16342,3378,42,25,4.088810753444672,"4,0 a 4,25",Baixa
2456,125691510,"Getting It On With Gargoyles (Haven Ever After, #1)",Hazel Mack,30654203,https://www.goodreads.com/book/show/125691510-getting-it-on-with-gargoyles,https://www.goodreads.com/author/show/30654203.Hazel_Mack,https://i.gr-assets.com/images/S/compressed.photo.goodreads.com/books/1681334358i/125691510._SY75_.jpg,3.96,6801,3376,36,25,4.08984594392178,"3,5 a 4,0",Baixa
2457,16071764,"Lean In: Women, Work, and the Will to Lead",Sheryl Sandberg,5333595,https://www.goodreads.com/book/show/16071764-lean-in,https://www.goodreads.com/author/show/5333595.Sheryl_Sandberg,https://i.gr-assets.com/images/S/compressed.photo.goodreads.com/books/1630483761i/16071764._SY75_.jpg,3.94,271066,3370,37,25,4.029836499836327,"3,5 a 4,0",Alta
2457,215760525,"Livesuit (The Captive's War, #1.5)",James S.A. Corey,4192148,https://www.goodreads.com/book/show/215760525-livesuit,https://www.goodreads.com/author/show/4192148.James_S_A_Corey,https://i.gr-assets.com/images/S/compressed.photo.goodreads.com/books/1724079438i/215760525._SY75_.jpg,4.31,14014,3370,36,25,4.099641976100653,"4,25 a 4,5",Baixa
2459,12853168,Sliding on the Snow Stone,Andy Szpuk,5050207,https://www.goodreads.com/book/show/12853168-sliding-on-the-snow-stone,https://www.goodreads.com/author/show/5050207.Andy_Szpuk,https://i.gr-assets.com/images/S/compressed.photo.goodreads.com/books/1327983970i/12853168._SY75_.jpg,3.71,1214,3368,34,25,4.090921536416177,"3,5 a 4,0",Baixa
2460,76865,Good to Great: Why Some Companies Make the Leap... and Others Don't,Jim Collins,2826,https://www.goodreads.com/book/show/76865.Good_to_Great,https://www.goodreads.com/author/show/2826.Jim_Collins,https://i.gr-assets.com/images/S/compressed.photo.goodreads.com/books/1546097703i/76865._SY75_.jpg,4.12,312005,3366,36,25,4.1044832744768325,"4,0 a 4,25",Alta
2461,30312891,"Lord of Shadows (The Dark Artifices, #2)",Cassandra Clare,150038,https://www.goodreads.com/book/show/30312891-lord-of-shadows,https://www.goodreads.com/author/show/150038.Cassandra_Clare,https://i.gr-assets.com/images/S/compressed.photo.goodreads.com/books/1479513427i/30312891._SY75_.jpg,4.39,163258,3365,41,25,4.179837186915041,"4,25 a 4,5",Alta
2462,17405203,My Big Fat Zombie Goldfish,Mo O'Hara,6863370,https://www.goodreads.com/book/show/17405203-my-big-fat-zombie-goldfish,https://www.goodreads.com/author/show/6863370.Mo_O_Hara,https://i.gr-assets.com/images/S/compressed.photo.goodreads.com/books/1396807501i/17405203._SY75_.jpg,3.87,2807,3363,35,25,4.090521198991337,"3,5 a 4,0",Baixa
2463,250480860,THE SUPER: A CONSPIRACY THRILLER (THE KATE MERCER FILES Book 1),D.L. Maddox,56460510,https://www.goodreads.com/book/show/250480860-the-super,https://www.goodreads.com/author/show/56460510.D_L_Maddox,https://i.gr-assets.com/images/S/compressed.photo.goodreads.com/books/1774994106i/250480860._SY75_.jpg,4.4,938,3362,39,25,4.092840715904533,"4,25 a 4,5",Baixa
2464,197884156,The Last Run (Peter Black #6),David Archer,152016,https://www.goodreads.com/book/show/197884156-the-last-run,https://www.goodreads.com/author/show/152016.David_Archer,https://i.gr-assets.com/images/S/compressed.photo.goodreads.com/books/1694906131i/197884156._SY75_.jpg,4.35,2427,3360,35,25,4.0936946004189245,"4,25 a 4,5",Baixa
2465,61894430,The Last Guardian (Clayton White #3),Simon Gervais,10803362,https://www.goodreads.com/book/show/61894430-the-last-guardian,https://www.goodreads.com/author/show/10803362.Simon_Gervais,https://i.gr-assets.com/images/S/compressed.photo.goodreads.com/books/1678521131i/61894430._SY75_.jpg,4.39,4383,3357,35,25,4.095405638059114,"4,25 a 4,5",Baixa
2466,248484,Book of a Thousand Days,Shannon Hale,49177,https://www.goodreads.com/book/show/248484.Book_of_a_Thousand_Days,https://www.goodreads.com/author/show/49177.Shannon_Hale,https://i.gr-assets.com/images/S/compressed.photo.goodreads.com/books/1362875998i/248484._SY75_.jpg,3.97,57013,3356,44,25,4.076568154315922,"3,5 a 4,0",Média
2467,40614321,Second Son (Second Son Chronicles #1),Pamela   Taylor,18216461,https://www.goodreads.com/book/show/40614321-second-son,https://www.goodreads.com/author/show/18216461.Pamela_Taylor,https://i.gr-assets.com/images/S/compressed.photo.goodreads.com/books/1529716481i/40614321._SY75_.jpg,4.29,1841,3353,35,25,4.093031224150865,"4,25 a 4,5",Baixa
2468,383206,Wives and Daughters,Elizabeth Gaskell,1413437,https://www.goodreads.com/book/show/383206.Wives_and_Daughters,https://www.goodreads.com/author/show/1413437.Elizabeth_Gaskell,https://i.gr-assets.com/images/S/compressed.photo.goodreads.com/books/1348267609i/383206._SY75_.jpg,4.13,51614,3352,45,25,4.096522313395404,"4,0 a 4,25",Média
2469,5212771,"Carpe Corpus (The Morganville Vampires, #6)",Rachel Caine,15292,https://www.goodreads.com/book/show/5212771-carpe-corpus,https://www.goodreads.com/author/show/15292.Rachel_Caine,https://i.gr-assets.com/images/S/compressed.photo.goodreads.com/books/1388214475i/5212771._SY75_.jpg,4.2,50127,3349,51,25,4.104362403874365,"4,0 a 4,25",Média
2470,9557,Sputnik Sweetheart,Haruki Murakami,3354,https://www.goodreads.com/book/show/9557.Sputnik_Sweetheart,https://www.goodreads.com/author/show/3354.Haruki_Murakami,https://i.gr-assets.com/images/S/compressed.photo.goodreads.com/books/1508082438i/9557._SY75_.jpg,3.82,188897,3348,42,25,4.003480549724537,"3,5 a 4,0",Alta
2470,74968890,Pompeii: A Novel,Robert   Harris,575,https://www.goodreads.com/book/show/74968890-pompeii,https://www.goodreads.com/author/show/575.Robert_Harris,https://i.gr-assets.com/images/S/compressed.photo.goodreads.com/books/1677904837i/74968890._SY75_.jpg,3.89,56790,3348,35,25,4.066477217808933,"3,5 a 4,0",Média
2472,13145,"Along Came a Spider (Alex Cross, #1)",James  Patterson,3780,https://www.goodreads.com/book/show/13145.Along_Came_a_Spider,https://www.goodreads.com/author/show/3780.James_Patterson,https://i.gr-assets.com/images/S/compressed.photo.goodreads.com/books/1388272560i/13145._SY75_.jpg,4.13,500139,3347,51,25,4.1133706601519995,"4,0 a 4,25",Muito alta
2472,61179,Ringworld (Ringworld #1),Larry Niven,12534,https://www.goodreads.com/book/show/61179.Ringworld,https://www.goodreads.com/author/show/12534.Larry_Niven,https://i.gr-assets.com/images/S/compressed.photo.goodreads.com/books/1408793358i/61179._SY75_.jpg,3.93,131186,3347,49,25,4.051385774411257,"3,5 a 4,0",Média
2474,38424,Kristy's Great Idea: A Graphic Novel (The Baby-Sitters Club Graphic Novels #1),Raina Telgemeier,21618,https://www.goodreads.com/book/show/38424.Kristy_s_Great_Idea,https://www.goodreads.com/author/show/21618.Raina_Telgemeier,https://i.gr-assets.com/images/S/compressed.photo.goodreads.com/books/1349053518i/38424._SY75_.jpg,4.14,108767,3346,35,25,4.1025261820184244,"4,0 a 4,25",Média
2475,1303,The 48 Laws of Power,Robert Greene,865,https://www.goodreads.com/book/show/1303.The_48_Laws_of_Power,https://www.goodreads.com/author/show/865.Robert_Greene,https://i.gr-assets.com/images/S/compressed.photo.goodreads.com/books/1694722764i/1303._SX50_.jpg,4.07,244214,3344,39,25,4.083606989351006,"4,0 a 4,25",Alta
2476,34114362,What Happened,Hillary Rodham Clinton,2778471,https://www.goodreads.com/book/show/34114362-what-happened,https://www.goodreads.com/author/show/2778471.Hillary_Rodham_Clinton,https://i.gr-assets.com/images/S/compressed.photo.goodreads.com/books/1501171573i/34114362._SY75_.jpg,3.92,61541,3341,36,25,4.068703771743182,"3,5 a 4,0",Média
2476,48915818,The Death of Jane Lawrence,Caitlin  Starling,17122287,https://www.goodreads.com/book/show/48915818-the-death-of-jane-lawrence,https://www.goodreads.com/author/show/17122287.Caitlin_Starling,https://i.gr-assets.com/images/S/compressed.photo.goodreads.com/books/1611848428i/48915818._SY75_.jpg,3.23,24675,3341,37,25,4.040938342760142,"Até 3,5",Baixa
2478,92057,The Autobiography of Malcolm X,Malcolm X,17435,https://www.goodreads.com/book/show/92057.The_Autobiography_of_Malcolm_X,https://www.goodreads.com/author/show/17435.Malcolm_X,https://i.gr-assets.com/images/S/compressed.photo.goodreads.com/books/1434682864i/92057._SY75_.jpg,4.37,299638,3339,43,25,4.212656977095236,"4,25 a 4,5",Alta
2479,12827518,"National Security (Jericho Quinn, #1)",Marc Cameron,5261819,https://www.goodreads.com/book/show/12827518-national-security,https://www.goodreads.com/author/show/5261819.Marc_Cameron,https://i.gr-assets.com/images/S/compressed.photo.goodreads.com/books/1328319368i/12827518._SX50_.jpg,4.13,9509,3338,35,25,4.093003556376567,"4,0 a 4,25",Baixa
2480,127459,"The Sweet Far Thing (Gemma Doyle, #3)",Libba Bray,2526,https://www.goodreads.com/book/show/127459.The_Sweet_Far_Thing,https://www.goodreads.com/author/show/2526.Libba_Bray,https://i.gr-assets.com/images/S/compressed.photo.goodreads.com/books/1358704741i/127459._SY75_.jpg,3.97,73725,3337,45,25,4.0727365171321575,"3,5 a 4,0",Média
2480,62711641,"Fractal Noise (Fractalverse, #0)",Christopher Paolini,8349,https://www.goodreads.com/book/show/62711641-fractal-noise,https://www.goodreads.com/author/show/8349.Christopher_Paolini,https://i.gr-assets.com/images/S/compressed.photo.goodreads.com/books/1667492518i/62711641._SY75_.jpg,3.43,16437,3337,35,25,4.065398406322179,"Até 3,5",Baixa
2482,406235,Giovanni’s Room,James Baldwin,10427,https://www.goodreads.com/book/show/406235.Giovanni_s_Room,https://www.goodreads.com/author/show/10427.James_Baldwin,https://i.gr-assets.com/images/S/compressed.photo.goodreads.com/books/1223664870i/406235._SY75_.jpg,4.34,299568,3336,35,25,4.199628568643613,"4,25 a 4,5",Alta
2483,54493635,Big Nate: The Gerbil Ate My Homework,Lincoln Peirce,815278,https://www.goodreads.com/book/show/54493635-big-nate,https://www.goodreads.com/author/show/815278.Lincoln_Peirce,https://i.gr-assets.com/images/S/compressed.photo.goodreads.com/books/1594615025i/54493635._SX50_.jpg,4.54,5266,3334,35,25,4.098054901164195,"Acima de 4,5",Baixa
2484,5344,Hard Times,Charles Dickens,239579,https://www.goodreads.com/book/show/5344.Hard_Times,https://www.goodreads.com/author/show/239579.Charles_Dickens,https://i.gr-assets.com/images/S/compressed.photo.goodreads.com/books/1631982866i/5344._SX50_.jpg,3.55,76410,3333,46,25,4.0034986818412985,"3,5 a 4,0",Média
2485,30196482,Tier One (Tier One #1),Brian  Andrews,5155903,https://www.goodreads.com/book/show/30196482-tier-one,https://www.goodreads.com/author/show/5155903.Brian_Andrews,https://i.gr-assets.com/images/S/compressed.photo.goodreads.com/books/1468485969i/30196482._SY75_.jpg,4.15,16201,3332,35,25,4.094407007920193,"4,0 a 4,25",Baixa
2486,199121904,The Cases Nobody Wanted (O'Shaughnessy Investigations Inc. Mystery Series Book 1),A.G. Russo,8507373,https://www.goodreads.com/book/show/199121904-the-cases-nobody-wanted,https://www.goodreads.com/author/show/8507373.A_G_Russo,https://i.gr-assets.com/images/S/compressed.photo.goodreads.com/books/1695533134i/199121904._SY75_.jpg,4.35,2101,3331,38,25,4.093482089130536,"4,25 a 4,5",Baixa
2486,59441717,"A Witch's Guide to Fake Dating a Demon (Glimmer Falls, #1)",Sarah Hawley,22016990,https://www.goodreads.com/book/show/59441717-a-witch-s-guide-to-fake-dating-a-demon,https://www.goodreads.com/author/show/22016990.Sarah_Hawley,https://i.gr-assets.com/images/S/compressed.photo.goodreads.com/books/1660143379i/59441717._SY75_.jpg,3.61,58036,3331,35,25,4.029805304295597,"3,5 a 4,0",Média
2488,25541028,"Elon Musk: Tesla, SpaceX, and the Quest for a Fantastic Future",Ashlee Vance,761595,https://www.goodreads.com/book/show/25541028-elon-musk,https://www.goodreads.com/author/show/761595.Ashlee_Vance,https://i.gr-assets.com/images/S/compressed.photo.goodreads.com/books/1518291452i/25541028._SY75_.jpg,4.12,456029,3330,39,25,4.10712139884826,"4,0 a 4,25",Muito alta
2488,62631657,Bear Me in Mind,Dawn Chalker,22859547,https://www.goodreads.com/book/show/62631657-bear-me-in-mind,https://www.goodreads.com/author/show/22859547.Dawn_Chalker,https://i.gr-assets.com/images/S/compressed.photo.goodreads.com/books/1664256181i/62631657._SY75_.jpg,4.43,347,3330,38,25,4.092403544199408,"4,25 a 4,5",Baixa
2490,10566,Lisey's Story,Stephen  King,3389,https://www.goodreads.com/book/show/10566.Lisey_s_Story,https://www.goodreads.com/author/show/3389.Stephen_King,https://i.gr-assets.com/images/S/compressed.photo.goodreads.com/books/1316346037i/10566._SY75_.jpg,3.7,96915,3328,50,25,4.014232913704679,"3,5 a 4,0",Média
2490,6324090,"Alice's Adventures in Wonderland (Alice's Adventures in Wonderland, #1)",Lewis Carroll,8164,https://www.goodreads.com/book/show/6324090-alice-s-adventures-in-wonderland,https://www.goodreads.com/author/show/8164.Lewis_Carroll,https://i.gr-assets.com/images/S/compressed.photo.goodreads.com/books/1391204048i/6324090._SX50_.jpg,3.99,452809,3328,44,25,4.037317684446339,"3,5 a 4,0",Muito alta
2492,2115,Atlas Shrugged & The Fountainhead,Ayn Rand,432,https://www.goodreads.com/book/show/2115.Atlas_Shrugged_The_Fountainhead,https://www.goodreads.com/author/show/432.Ayn_Rand,https://i.gr-assets.com/images/S/compressed.photo.goodreads.com/books/1159932401i/2115._SX50_.jpg,4.1,5037,3319,49,25,4.092204404872036,"4,0 a 4,25",Baixa
2492,53580,The Going To Bed Book,Sandra Boynton,3161,https://www.goodreads.com/book/show/53580.The_Going_To_Bed_Book,https://www.goodreads.com/author/show/3161.Sandra_Boynton,https://i.gr-assets.com/images/S/compressed.photo.goodreads.com/books/1439560299i/53580._SX50_.jpg,4.25,31267,3319,35,25,4.10379326372166,"4,0 a 4,25",Baixa
2494,59715,The Authoritative Calvin and Hobbes: A Calvin and Hobbes Treasury,Bill Watterson,13778,https://www.goodreads.com/book/show/59715.The_Authoritative_Calvin_and_Hobbes,https://www.goodreads.com/author/show/13778.Bill_Watterson,https://i.gr-assets.com/images/S/compressed.photo.goodreads.com/books/1391114055i/59715._SY75_.jpg,4.7,24311,3318,52,25,4.127681402911829,"Acima de 4,5",Baixa
2495,58950674,"Eyes of the Void (The Final Architecture, #2)",Adrian Tchaikovsky,1445909,https://www.goodreads.com/book/show/58950674-eyes-of-the-void,https://www.goodreads.com/author/show/1445909.Adrian_Tchaikovsky,https://i.gr-assets.com/images/S/compressed.photo.goodreads.com/books/1641881897i/58950674._SY75_.jpg,4.19,22050,3317,35,25,4.097328996686884,"4,0 a 4,25",Baixa
2496,34810320,Sadie,Courtney Summers,1487748,https://www.goodreads.com/book/show/34810320-sadie,https://www.goodreads.com/author/show/1487748.Courtney_Summers,https://i.gr-assets.com/images/S/compressed.photo.goodreads.com/books/1556559178i/34810320._SY75_.jpg,4.02,134174,3316,40,25,4.0736853524846754,"4,0 a 4,25",Média
2496,136276877,The Last Murder at the End of the World,Stuart Turton,17160667,https://www.goodreads.com/book/show/136276877-the-last-murder-at-the-end-of-the-world,https://www.goodreads.com/author/show/17160667.Stuart_Turton,https://i.gr-assets.com/images/S/compressed.photo.goodreads.com/books/1695302347i/136276877._SX50_.jpg,3.66,68959,3316,35,25,4.027332510718911,"3,5 a 4,0",Média
2498,6581511,"Shadowland (The Immortals, #3)",Alyson Noel,200317,https://www.goodreads.com/book/show/6581511-shadowland,https://www.goodreads.com/author/show/200317.Alyson_Noel,https://i.gr-assets.com/images/S/compressed.photo.goodreads.com/books/1362336374i/6581511._SY75_.jpg,3.66,86905,3315,54,25,4.013540992378957,"3,5 a 4,0",Média
2499,59345230,Drowning,T.J. Newman,21152218,https://www.goodreads.com/book/show/59345230-drowning,https://www.goodreads.com/author/show/21152218.T_J_Newman,https://i.gr-assets.com/images/S/compressed.photo.goodreads.com/books/1678639976i/59345230._SY75_.jpg,4.14,60771,3314,35,25,4.098545687602184,"4,0 a 4,25",Média
2500,22284,Diary,Chuck Palahniuk,2546,https://www.goodreads.com/book/show/22284.Diary,https://www.goodreads.com/author/show/2546.Chuck_Palahniuk,https://i.gr-assets.com/images/S/compressed.photo.goodreads.com/books/1388196823i/22284._SY75_.jpg,3.65,81839,3313,40,25,4.015597680997675,"3,5 a 4,0",Média
