ranking,book_id,titulo,autor,url_livro,url_capa,avaliacao_media,numero_avaliacoes,nota_ponderada,score,numero_votos_lista,faixa_avaliacao,faixa_popularidade
1,2767052,"The Hunger Games (The Hunger Games, #1)",Suzanne Collins,https://www.goodreads.com/book/show/2767052-the-hunger-games,https://i.gr-assets.com/images/S/compressed.photo.goodreads.com/books/1586722975i/2767052._SX50_.jpg,4.36,10270211,4.350172957362132,4535327,46087,"4,25 a 4,5",Muito alta
2,1885,Pride and Prejudice,Jane Austen,https://www.goodreads.com/book/show/1885.Pride_and_Prejudice,https://i.gr-assets.com/images/S/compressed.photo.goodreads.com/books/1320399351i/1885._SY75_.jpg,4.3,5004751,4.284932049891659,3078758,31536,"4,25 a 4,5",Muito alta
3,2657,To Kill a Mockingbird,Harper Lee,https://www.goodreads.com/book/show/2657.To_Kill_a_Mockingbird,https://i.gr-assets.com/images/S/compressed.photo.goodreads.com/books/1553383690i/2657._SY75_.jpg,4.26,7117291,4.251254975674054,2671346,27274,"4,25 a 4,5",Muito alta
4,2,"Harry Potter and the Order of the Phoenix (Harry Potter, #5)",J.K. Rowling,https://www.goodreads.com/book/show/2.Harry_Potter_and_the_Order_of_the_Phoenix,https://i.gr-assets.com/images/S/compressed.photo.goodreads.com/books/1786592302i/2._SX50_.jpg,4.5,3920125,4.462998686944598,2120502,21733,"4,25 a 4,5",Muito alta
5,19063,The Book Thief,Markus Zusak,https://www.goodreads.com/book/show/19063.The_Book_Thief,https://i.gr-assets.com/images/S/compressed.photo.goodreads.com/books/1522157426i/19063._SY75_.jpg,4.39,2976551,4.355405543197531,2025572,20800,"4,25 a 4,5",Muito alta
6,41865,"Twilight (The Twilight Saga, #1)",Stephenie Meyer,https://www.goodreads.com/book/show/41865.Twilight,https://i.gr-assets.com/images/S/compressed.photo.goodreads.com/books/1700522826i/41865._SY75_.jpg,3.68,7506815,3.700406187483293,1801448,18365,"3,5 a 4,0",Muito alta
7,170448,Animal Farm,George Orwell,https://www.goodreads.com/book/show/170448.Animal_Farm,https://i.gr-assets.com/images/S/compressed.photo.goodreads.com/books/1325861570i/170448._SY75_.jpg,4.03,4802644,4.034676350801609,1785398,18470,"4,0 a 4,25",Muito alta
8,30,J.R.R. Tolkien 4-Book Boxed Set: The Hobbit and The Lord of the Rings,J.R.R. Tolkien,https://www.goodreads.com/book/show/30.J_R_R_Tolkien_4_Book_Boxed_Set,https://i.gr-assets.com/images/S/compressed.photo.goodreads.com/books/1656625315i/30._SX50_.jpg,4.62,147332,4.236558182171578,1720719,17813,"Acima de 4,5",Média
9,11127,"The Chronicles of Narnia (The Chronicles of Narnia, #1-7)",C.S. Lewis,https://www.goodreads.com/book/show/11127.The_Chronicles_of_Narnia,https://i.gr-assets.com/images/S/compressed.photo.goodreads.com/books/1661032875i/11127._SY75_.jpg,4.28,722660,4.2140218909993195,1564911,16298,"4,25 a 4,5",Muito alta
10,11870085,The Fault in Our Stars,John  Green,https://www.goodreads.com/book/show/11870085-the-fault-in-our-stars,https://i.gr-assets.com/images/S/compressed.photo.goodreads.com/books/1660273739i/11870085._SX50_.jpg,4.12,5879511,4.118260197914814,1451669,15020,"4,0 a 4,25",Muito alta
11,5297,The Picture of Dorian Gray,Oscar Wilde,https://www.goodreads.com/book/show/5297.The_Picture_of_Dorian_Gray,https://i.gr-assets.com/images/S/compressed.photo.goodreads.com/books/1546103428i/5297._SY75_.jpg,4.13,1999718,4.123801069160673,1420980,14806,"4,0 a 4,25",Muito alta
12,28187,"The Lightning Thief (Percy Jackson and the Olympians, #1)",Rick Riordan,https://www.goodreads.com/book/show/28187.The_Lightning_Thief,https://i.gr-assets.com/images/S/compressed.photo.goodreads.com/books/1400602609i/28187._SY75_.jpg,4.31,3559730,4.288431026821013,1327564,13848,"4,25 a 4,5",Muito alta
13,6185,Wuthering Heights,Emily Brontë,https://www.goodreads.com/book/show/6185.Wuthering_Heights,https://i.gr-assets.com/images/S/compressed.photo.goodreads.com/books/1388212715i/6185._SY75_.jpg,3.89,2290752,3.9194720033894734,1285728,13408,"3,5 a 4,0",Muito alta
14,370493,The Giving Tree,Shel Silverstein,https://www.goodreads.com/book/show/370493.The_Giving_Tree,https://i.gr-assets.com/images/S/compressed.photo.goodreads.com/books/1769901237i/370493._SX50_.jpg,4.39,1263696,4.319596913237994,1267758,13122,"4,25 a 4,5",Muito alta
15,58613451,"Harry Potter and the Order of the Phoenix (Harry Potter, #5)",J.K. Rowling,https://www.goodreads.com/book/show/58613451-harry-potter-and-the-order-of-the-phoenix,https://i.gr-assets.com/images/S/compressed.photo.goodreads.com/books/1627045351i/58613451._SY75_.jpg,4.5,3920125,4.462998686944598,1244475,12663,"4,25 a 4,5",Muito alta
16,22628,The Perks of Being a Wallflower,Stephen Chbosky,https://www.goodreads.com/book/show/22628.The_Perks_of_Being_a_Wallflower,https://i.gr-assets.com/images/S/compressed.photo.goodreads.com/books/1650033115i/22628._SX50_.jpg,4.24,2071401,4.216511794005378,1231577,12806,"4,0 a 4,25",Muito alta
17,157993,The Little Prince,Antoine de Saint-Exupéry,https://www.goodreads.com/book/show/157993.The_Little_Prince,https://i.gr-assets.com/images/S/compressed.photo.goodreads.com/books/1367545443i/157993._SY75_.jpg,4.34,2603848,4.3076294958262356,1221780,12848,"4,25 a 4,5",Muito alta
18,18405,Gone with the Wind,Margaret Mitchell,https://www.goodreads.com/book/show/18405.Gone_with_the_Wind,https://i.gr-assets.com/images/S/compressed.photo.goodreads.com/books/1551144577i/18405._SY75_.jpg,4.32,1271316,4.266387203534896,1204915,12429,"4,25 a 4,5",Muito alta
19,10210,Jane Eyre,Charlotte Brontë,https://www.goodreads.com/book/show/10210.Jane_Eyre,https://i.gr-assets.com/images/S/compressed.photo.goodreads.com/books/1557343311i/10210._SY75_.jpg,4.16,2412032,4.150527381175802,1180966,12402,"4,0 a 4,25",Muito alta
20,4671,The Great Gatsby,F. Scott Fitzgerald,https://www.goodreads.com/book/show/4671.The_Great_Gatsby,https://i.gr-assets.com/images/S/compressed.photo.goodreads.com/books/1738790966i/4671._SY75_.jpg,3.93,6137332,3.9397107453719133,1160234,12327,"3,5 a 4,0",Muito alta
21,7144,Crime and Punishment,Fyodor Dostoevsky,https://www.goodreads.com/book/show/7144.Crime_and_Punishment,https://i.gr-assets.com/images/S/compressed.photo.goodreads.com/books/1382846449i/7144._SY75_.jpg,4.29,1155863,4.239970180814914,1101078,11454,"4,25 a 4,5",Muito alta
22,968,"The Da Vinci Code (Robert Langdon, #2)",Dan    Brown,https://www.goodreads.com/book/show/968.The_Da_Vinci_Code,https://i.gr-assets.com/images/S/compressed.photo.goodreads.com/books/1720313229i/968._SY75_.jpg,3.94,2582750,3.9600028015710036,1042740,10958,"3,5 a 4,0",Muito alta
23,24213,Alice’s Adventures in Wonderland / Through the Looking-Glass,Lewis Carroll,https://www.goodreads.com/book/show/24213.Alice_s_Adventures_in_Wonderland_Through_the_Looking_Glass,https://i.gr-assets.com/images/S/compressed.photo.goodreads.com/books/1630487234i/24213._SX50_.jpg,4.06,623454,4.072375383295643,1026455,10820,"4,0 a 4,25",Muito alta
24,13335037,"Divergent (Divergent, #1)",Veronica Roth,https://www.goodreads.com/book/show/13335037-divergent,https://i.gr-assets.com/images/S/compressed.photo.goodreads.com/books/1618526890i/13335037._SY75_.jpg,4.13,4486681,4.126961640018191,1025871,10751,"4,0 a 4,25",Muito alta
25,24280,Les Misérables,Victor Hugo,https://www.goodreads.com/book/show/24280.Les_Mis_rables,https://i.gr-assets.com/images/S/compressed.photo.goodreads.com/books/1411852091i/24280._SY75_.jpg,4.22,865019,4.180180181866926,987741,10371,"4,0 a 4,25",Muito alta
26,8127,"Anne of Green Gables (Anne of Green Gables, #1)",L.M. Montgomery,https://www.goodreads.com/book/show/8127.Anne_of_Green_Gables,https://i.gr-assets.com/images/S/compressed.photo.goodreads.com/books/1615094578i/8127._SY75_.jpg,4.33,1154797,4.2698163625150825,983074,10334,"4,25 a 4,5",Muito alta
27,929,Memoirs of a Geisha,Arthur Golden,https://www.goodreads.com/book/show/929.Memoirs_of_a_Geisha,https://i.gr-assets.com/images/S/compressed.photo.goodreads.com/books/1409595968i/929._SY75_.jpg,4.16,2144568,4.149528195258906,980475,10217,"4,0 a 4,25",Muito alta
28,865,The Alchemist,Paulo Coelho,https://www.goodreads.com/book/show/865.The_Alchemist,https://i.gr-assets.com/images/S/compressed.photo.goodreads.com/books/1483412266i/865._SY75_.jpg,3.92,3749192,3.9362565525177056,976548,10196,"3,5 a 4,0",Muito alta
29,7624,Lord of the Flies,William Golding,https://www.goodreads.com/book/show/7624.Lord_of_the_Flies,https://i.gr-assets.com/images/S/compressed.photo.goodreads.com/books/1327869409i/7624._SY75_.jpg,3.71,3312941,3.750343585697897,963105,10223,"3,5 a 4,0",Muito alta
30,18135,Romeo and Juliet,William Shakespeare,https://www.goodreads.com/book/show/18135.Romeo_and_Juliet,https://i.gr-assets.com/images/S/compressed.photo.goodreads.com/books/1629680008i/18135._SY75_.jpg,3.74,2889315,3.78197697683214,942912,10091,"3,5 a 4,0",Muito alta
31,5129,Brave New World,Aldous Huxley,https://www.goodreads.com/book/show/5129.Brave_New_World,https://i.gr-assets.com/images/S/compressed.photo.goodreads.com/books/1575509280i/5129._SY75_.jpg,3.98,2151986,3.9972397033613056,938819,10051,"3,5 a 4,0",Muito alta
32,11,"The Hitchhiker's Guide to the Galaxy (Hitchhiker's Guide to the Galaxy, #1)",Douglas Adams,https://www.goodreads.com/book/show/11.The_Hitchhiker_s_Guide_to_the_Galaxy,https://i.gr-assets.com/images/S/compressed.photo.goodreads.com/books/1531891848i/11._SY75_.jpg,4.22,2075255,4.1997198481180025,898211,9319,"4,0 a 4,25",Muito alta
33,40961427,1984,George Orwell,https://www.goodreads.com/book/show/40961427-1984,https://i.gr-assets.com/images/S/compressed.photo.goodreads.com/books/1532714506i/40961427._SX50_.jpg,4.21,5756673,4.202500210975106,893416,9486,"4,0 a 4,25",Muito alta
34,256683,"City of Bones (The Mortal Instruments, #1)",Cassandra Clare,https://www.goodreads.com/book/show/256683.City_of_Bones,https://i.gr-assets.com/images/S/compressed.photo.goodreads.com/books/1432730315i/256683._SY75_.jpg,4.06,2214698,4.064818235776157,879754,9241,"4,0 a 4,25",Muito alta
35,13079982,Fahrenheit 451,Ray Bradbury,https://www.goodreads.com/book/show/13079982-fahrenheit-451,https://i.gr-assets.com/images/S/compressed.photo.goodreads.com/books/1383718290i/13079982._SY75_.jpg,3.97,2986908,3.984136377422216,874149,9255,"3,5 a 4,0",Muito alta
36,17245,Dracula,Bram Stoker,https://www.goodreads.com/book/show/17245.Dracula,https://i.gr-assets.com/images/S/compressed.photo.goodreads.com/books/1387151694i/17245._SY75_.jpg,4.03,1539988,4.0425773248093835,869575,9327,"4,0 a 4,25",Muito alta
37,4667024,The Help,Kathryn Stockett,https://www.goodreads.com/book/show/4667024-the-help,https://i.gr-assets.com/images/S/compressed.photo.goodreads.com/books/1622355533i/4667024._SY75_.jpg,4.47,3095603,4.427613634703175,865875,9230,"4,25 a 4,5",Muito alta
38,24178,Charlotte’s Web,E.B. White,https://www.goodreads.com/book/show/24178.Charlotte_s_Web,https://i.gr-assets.com/images/S/compressed.photo.goodreads.com/books/1628267712i/24178._SY75_.jpg,4.21,2104695,4.1915260421125575,853823,9187,"4,0 a 4,25",Muito alta
39,890,Of Mice and Men,John Steinbeck,https://www.goodreads.com/book/show/890.Of_Mice_and_Men,https://i.gr-assets.com/images/S/compressed.photo.goodreads.com/books/1511302904i/890._SX50_.jpg,3.9,2948648,3.9224952928880823,837106,9004,"3,5 a 4,0",Muito alta
40,1934,"Little Women (Little Women, #1)",Louisa May Alcott,https://www.goodreads.com/book/show/1934.Little_Women,https://i.gr-assets.com/images/S/compressed.photo.goodreads.com/books/1562690475i/1934._SY75_.jpg,4.18,2540567,4.1682747053761835,820195,8943,"4,0 a 4,25",Muito alta
41,5107,The Catcher in the Rye,J.D. Salinger,https://www.goodreads.com/book/show/5107.The_Catcher_in_the_Rye,https://i.gr-assets.com/images/S/compressed.photo.goodreads.com/books/1398034300i/5107._SY75_.jpg,3.8,4009706,3.8259581429156952,818187,8776,"3,5 a 4,0",Muito alta
42,375802,"Ender’s Game (Ender's Saga, #1)",Orson Scott Card,https://www.goodreads.com/book/show/375802.Ender_s_Game,https://i.gr-assets.com/images/S/compressed.photo.goodreads.com/books/1408303130i/375802._SY75_.jpg,4.31,1503247,4.265015740490525,815263,8506,"4,25 a 4,5",Muito alta
43,231804,The Outsiders,S.E. Hinton,https://www.goodreads.com/book/show/231804.The_Outsiders,https://i.gr-assets.com/images/S/compressed.photo.goodreads.com/books/1442129426i/231804._SY75_.jpg,4.15,1687642,4.139107729204388,791056,8446,"4,0 a 4,25",Muito alta
44,320,One Hundred Years of Solitude,Gabriel García Márquez,https://www.goodreads.com/book/show/320.One_Hundred_Years_of_Solitude,https://i.gr-assets.com/images/S/compressed.photo.goodreads.com/books/1327881361i/320._SX50_.jpg,4.12,1148967,4.1129160712049355,783408,8228,"4,0 a 4,25",Muito alta
45,128029,A Thousand Splendid Suns,Khaled Hosseini,https://www.goodreads.com/book/show/128029.A_Thousand_Splendid_Suns,https://i.gr-assets.com/images/S/compressed.photo.goodreads.com/books/1655336738i/128029._SY75_.jpg,4.46,1816964,4.394839616089302,781994,8251,"4,25 a 4,5",Muito alta
46,2998,The Secret Garden,Frances Hodgson Burnett,https://www.goodreads.com/book/show/2998.The_Secret_Garden,https://i.gr-assets.com/images/S/compressed.photo.goodreads.com/books/1327873635i/2998._SY75_.jpg,4.17,1337611,4.152377641298977,744364,8134,"4,0 a 4,25",Muito alta
47,13496,"A Game of Thrones (A Song of Ice and Fire, #1)",George R.R. Martin,https://www.goodreads.com/book/show/13496.A_Game_of_Thrones,https://i.gr-assets.com/images/S/compressed.photo.goodreads.com/books/1562726234i/13496._SY75_.jpg,4.45,2814748,4.406340077085527,743250,7904,"4,25 a 4,5",Muito alta
48,21787,The Princess Bride,William Goldman,https://www.goodreads.com/book/show/21787.The_Princess_Bride,https://i.gr-assets.com/images/S/compressed.photo.goodreads.com/books/1327903636i/21787._SY75_.jpg,4.27,963394,4.21863566035321,739561,7870,"4,25 a 4,5",Muito alta
49,136251,"Harry Potter and the Deathly Hallows (Harry Potter, #7)",J.K. Rowling,https://www.goodreads.com/book/show/136251.Harry_Potter_and_the_Deathly_Hallows,https://i.gr-assets.com/images/S/compressed.photo.goodreads.com/books/1663805647i/136251._SY75_.jpg,4.62,4229086,4.575315473494111,715008,7695,"Acima de 4,5",Muito alta
50,18619684,The Time Traveler's Wife,Audrey Niffenegger,https://www.goodreads.com/book/show/18619684-the-time-traveler-s-wife,https://i.gr-assets.com/images/S/compressed.photo.goodreads.com/books/1733519901i/18619684._SX50_.jpg,4.0,1877920,4.01587487417005,711421,7454,"3,5 a 4,0",Muito alta
51,35031085,Frankenstein: The 1818 Text,Mary Wollstonecraft Shelley,https://www.goodreads.com/book/show/35031085-frankenstein,https://i.gr-assets.com/images/S/compressed.photo.goodreads.com/books/1631088473i/35031085._SY75_.jpg,3.92,1999829,3.9481510255240706,698796,7654,"3,5 a 4,0",Muito alta
52,1381,The Odyssey,Homer,https://www.goodreads.com/book/show/1381.The_Odyssey,https://i.gr-assets.com/images/S/compressed.photo.goodreads.com/books/1711957706i/1381._SY75_.jpg,3.85,1282725,3.906567026309953,691593,7530,"3,5 a 4,0",Muito alta
53,2429135,"The Girl With the Dragon Tattoo (Millennium, #1)",Stieg Larsson,https://www.goodreads.com/book/show/2429135.The_Girl_With_the_Dragon_Tattoo,https://i.gr-assets.com/images/S/compressed.photo.goodreads.com/books/1684638853i/2429135._SX50_.jpg,4.18,3525779,4.171223981506614,676252,7432,"4,0 a 4,25",Muito alta
54,38447,"The Handmaid’s Tale (The Handmaid's Tale, #1)",Margaret Atwood,https://www.goodreads.com/book/show/38447.The_Handmaid_s_Tale,https://i.gr-assets.com/images/S/compressed.photo.goodreads.com/books/1496592764i/38447._SY75_.jpg,4.16,2557694,4.15099530454064,674639,7309,"4,0 a 4,25",Muito alta
55,3636,"The Giver (Giver, #1)",Lois Lowry,https://www.goodreads.com/book/show/3636.The_Giver,https://i.gr-assets.com/images/S/compressed.photo.goodreads.com/books/1342493368i/3636._SY75_.jpg,4.12,2901897,4.116687014176759,659997,7119,"4,0 a 4,25",Muito alta
56,77203,The Kite Runner,Khaled Hosseini,https://www.goodreads.com/book/show/77203.The_Kite_Runner,https://i.gr-assets.com/images/S/compressed.photo.goodreads.com/books/1579036753i/77203._SY75_.jpg,4.36,3608172,4.333802863897012,658786,7102,"4,25 a 4,5",Muito alta
57,5,"Harry Potter and the Prisoner of Azkaban (Harry Potter, #3)",J.K. Rowling,https://www.goodreads.com/book/show/5.Harry_Potter_and_the_Prisoner_of_Azkaban,https://i.gr-assets.com/images/S/compressed.photo.goodreads.com/books/1630547330i/5._SY75_.jpg,4.58,5035030,4.544835451690329,658402,7150,"Acima de 4,5",Muito alta
58,33574273,"A Wrinkle in Time (Time Quintet, #1)",Madeleine L'Engle,https://www.goodreads.com/book/show/33574273-a-wrinkle-in-time,https://i.gr-assets.com/images/S/compressed.photo.goodreads.com/books/1507963312i/33574273._SX50_.jpg,3.97,1312099,3.998037277861013,652133,6982,"3,5 a 4,0",Muito alta
59,44767458,"Dune (Dune, #1)",Frank Herbert,https://www.goodreads.com/book/show/44767458-dune,https://i.gr-assets.com/images/S/compressed.photo.goodreads.com/books/1555447414i/44767458._SY75_.jpg,4.29,1706913,4.253110797588411,609675,6541,"4,25 a 4,5",Muito alta
60,19543,Where the Wild Things Are,Maurice Sendak,https://www.goodreads.com/book/show/19543.Where_the_Wild_Things_Are,https://i.gr-assets.com/images/S/compressed.photo.goodreads.com/books/1384434560i/19543._SX50_.jpg,4.26,1088172,4.2156121199693555,589134,6425,"4,25 a 4,5",Muito alta
61,23772,Green Eggs and Ham,Dr. Seuss,https://www.goodreads.com/book/show/23772.Green_Eggs_and_Ham,https://i.gr-assets.com/images/S/compressed.photo.goodreads.com/books/1673212751i/23772._SX50_.jpg,4.32,864953,4.249041923752447,587477,6448,"4,25 a 4,5",Muito alta
62,12232938,The Lovely Bones,Alice Sebold,https://www.goodreads.com/book/show/12232938-the-lovely-bones,https://i.gr-assets.com/images/S/compressed.photo.goodreads.com/books/1457810586i/12232938._SY75_.jpg,3.86,2488598,3.8915213654988428,578316,6237,"3,5 a 4,0",Muito alta
63,2956,"The Adventures of Huckleberry Finn (Adventures of Tom and Huck, #2)",Mark Twain,https://www.goodreads.com/book/show/2956.The_Adventures_of_Huckleberry_Finn,https://i.gr-assets.com/images/S/compressed.photo.goodreads.com/books/1546096879i/2956._SX50_.jpg,3.83,1353415,3.8887584285590835,571906,6307,"3,5 a 4,0",Muito alta
64,4214,Life of Pi,Yann Martel,https://www.goodreads.com/book/show/4214.Life_of_Pi,https://i.gr-assets.com/images/S/compressed.photo.goodreads.com/books/1631251689i/4214._SY75_.jpg,3.95,1787063,3.9755144495848818,565563,6117,"3,5 a 4,0",Muito alta
65,7604,Lolita,Vladimir Nabokov,https://www.goodreads.com/book/show/7604.Lolita,https://i.gr-assets.com/images/S/compressed.photo.goodreads.com/books/1377756377i/7604._SY75_.jpg,3.87,977883,3.933449889668737,558524,6007,"3,5 a 4,0",Muito alta
66,1953,A Tale of Two Cities,Charles Dickens,https://www.goodreads.com/book/show/1953.A_Tale_of_Two_Cities,https://i.gr-assets.com/images/S/compressed.photo.goodreads.com/books/1344922523i/1953._SY75_.jpg,3.88,1033539,3.9382259170547087,553755,6077,"3,5 a 4,0",Muito alta
67,4981,Slaughterhouse-Five,Kurt Vonnegut Jr.,https://www.goodreads.com/book/show/4981.Slaughterhouse_Five,https://i.gr-assets.com/images/S/compressed.photo.goodreads.com/books/1440319389i/4981._SY75_.jpg,4.1,1526723,4.098389838583849,547602,5904,"4,0 a 4,25",Muito alta
68,6514,The Bell Jar,Sylvia Plath,https://www.goodreads.com/book/show/6514.The_Bell_Jar,https://i.gr-assets.com/images/S/compressed.photo.goodreads.com/books/1554582218i/6514._SY75_.jpg,4.04,1312493,4.051961249930036,537133,5814,"4,0 a 4,25",Muito alta
69,39988,Matilda,Roald Dahl,https://www.goodreads.com/book/show/39988.Matilda,https://i.gr-assets.com/images/S/compressed.photo.goodreads.com/books/1388793265i/39988._SY75_.jpg,4.34,1150233,4.2771008312862975,528716,5827,"4,25 a 4,5",Muito alta
70,42844155,"Harry Potter and the Philosopher's Stone (Harry Potter, #1)",J.K. Rowling,https://www.goodreads.com/book/show/42844155-harry-potter-and-the-philosopher-s-stone,https://i.gr-assets.com/images/S/compressed.photo.goodreads.com/books/1598823299i/42844155._SX50_.jpg,4.47,11799675,4.457877055850126,517642,5473,"4,25 a 4,5",Muito alta
71,43641,Water for Elephants,Sara Gruen,https://www.goodreads.com/book/show/43641.Water_for_Elephants,https://i.gr-assets.com/images/S/compressed.photo.goodreads.com/books/1667708346i/43641._SY75_.jpg,4.12,1726367,4.114847764908485,508345,5486,"4,0 a 4,25",Muito alta
72,149267,The Stand,Stephen  King,https://www.goodreads.com/book/show/149267.The_Stand,https://i.gr-assets.com/images/S/compressed.photo.goodreads.com/books/1213131305i/149267._SX50_.jpg,4.35,862411,4.269538233018286,466910,5043,"4,25 a 4,5",Muito alta
73,168668,Catch-22,Joseph Heller,https://www.goodreads.com/book/show/168668.Catch_22,https://i.gr-assets.com/images/S/compressed.photo.goodreads.com/books/1463157317i/168668._SY75_.jpg,3.99,904335,4.020824782621332,462104,5040,"3,5 a 4,0",Muito alta
74,3590,"The Adventures of Sherlock Holmes (Sherlock Holmes, #3)",Arthur Conan Doyle,https://www.goodreads.com/book/show/3590.The_Adventures_of_Sherlock_Holmes,https://i.gr-assets.com/images/S/compressed.photo.goodreads.com/books/1164045516i/3590._SY75_.jpg,4.3,333951,4.187861292140655,450918,5036,"4,25 a 4,5",Alta
75,41817486,A Clockwork Orange,Anthony Burgess,https://www.goodreads.com/book/show/41817486-a-clockwork-orange,https://i.gr-assets.com/images/S/compressed.photo.goodreads.com/books/1549260060i/41817486._SX50_.jpg,4.0,791949,4.03044733355015,444922,4992,"3,5 a 4,0",Muito alta
76,5043,"The Pillars of the Earth (Kingsbridge, #1)",Ken Follett,https://www.goodreads.com/book/show/5043.The_Pillars_of_the_Earth,https://i.gr-assets.com/images/S/compressed.photo.goodreads.com/books/1576956100i/5043._SY75_.jpg,4.35,857939,4.269250147083743,444393,4783,"4,25 a 4,5",Muito alta
77,17899948,Rebecca,Daphne du Maurier,https://www.goodreads.com/book/show/17899948-rebecca,https://i.gr-assets.com/images/S/compressed.photo.goodreads.com/books/1386605169i/17899948._SX50_.jpg,4.25,764099,4.196545041062224,444359,4943,"4,0 a 4,25",Muito alta
78,76620,"Watership Down (Watership Down, #1)",Richard  Adams,https://www.goodreads.com/book/show/76620.Watership_Down,https://i.gr-assets.com/images/S/compressed.photo.goodreads.com/books/1405136931i/76620._SY75_.jpg,4.1,514792,4.09659116183592,435852,4765,"4,0 a 4,25",Muito alta
79,52892857,The Color Purple,Alice Walker,https://www.goodreads.com/book/show/52892857-the-color-purple,https://i.gr-assets.com/images/S/compressed.photo.goodreads.com/books/1703084419i/52892857._SY75_.jpg,4.28,772630,4.216855005763246,424049,4768,"4,25 a 4,5",Muito alta
80,2623,Great Expectations,Charles Dickens,https://www.goodreads.com/book/show/2623.Great_Expectations,https://i.gr-assets.com/images/S/compressed.photo.goodreads.com/books/1631687432i/2623._SY75_.jpg,3.8,894594,3.8888531499883623,421768,4836,"3,5 a 4,0",Muito alta
81,61215351,"The Fellowship of the Ring (The Lord of the Rings, #1)",J.R.R. Tolkien,https://www.goodreads.com/book/show/61215351-the-fellowship-of-the-ring,https://i.gr-assets.com/images/S/compressed.photo.goodreads.com/books/1654215925i/61215351._SY75_.jpg,4.41,3235588,4.375719779039097,417223,4600,"4,25 a 4,5",Muito alta
82,10964,"Outlander (Outlander, #1)",Diana Gabaldon,https://www.goodreads.com/book/show/10964.Outlander,https://i.gr-assets.com/images/S/compressed.photo.goodreads.com/books/1659086907i/10964._SY75_.jpg,4.27,1185282,4.225865678060458,415732,4456,"4,25 a 4,5",Muito alta
83,15823480,Anna Karenina,Leo Tolstoy,https://www.goodreads.com/book/show/15823480-anna-karenina,https://i.gr-assets.com/images/S/compressed.photo.goodreads.com/books/1546091617i/15823480._SX50_.jpg,4.11,967077,4.1048468570002274,414192,4533,"4,0 a 4,25",Muito alta
84,9293020,The Elephant Tree,R.D. Ronald,https://www.goodreads.com/book/show/9293020-the-elephant-tree,https://i.gr-assets.com/images/S/compressed.photo.goodreads.com/books/1327248026i/9293020._SY75_.jpg,3.92,45356,4.074218363595642,409549,4430,"3,5 a 4,0",Baixa
85,332613,One Flew Over the Cuckoo’s Nest,Ken Kesey,https://www.goodreads.com/book/show/332613.One_Flew_Over_the_Cuckoo_s_Nest,https://i.gr-assets.com/images/S/compressed.photo.goodreads.com/books/1516211014i/332613._SX50_.jpg,4.2,795488,4.164438597761825,395950,4477,"4,0 a 4,25",Muito alta
86,4934,The Brothers Karamazov,Fyodor Dostoevsky,https://www.goodreads.com/book/show/4934.The_Brothers_Karamazov,https://i.gr-assets.com/images/S/compressed.photo.goodreads.com/books/1427728126i/4934._SX50_.jpg,4.4,414178,4.250467693021653,394612,4329,"4,25 a 4,5",Muito alta
87,10917,My Sister's Keeper,Jodi Picoult,https://www.goodreads.com/book/show/10917.My_Sister_s_Keeper,https://i.gr-assets.com/images/S/compressed.photo.goodreads.com/books/1369504683i/10917._SY75_.jpg,4.11,1291476,4.1058403892754285,381983,4203,"4,0 a 4,25",Muito alta
88,2654,To Kill a Mockingbird,Harper Lee,https://www.goodreads.com/book/show/2654.To_Kill_a_Mockingbird,https://i.gr-assets.com/images/S/compressed.photo.goodreads.com/books/1554368352i/2654._SX50_.jpg,4.26,7117291,4.251254975674054,380013,4124,"4,25 a 4,5",Muito alta
89,29908754,The Zombie Room,R.D. Ronald,https://www.goodreads.com/book/show/29908754-the-zombie-room,https://i.gr-assets.com/images/S/compressed.photo.goodreads.com/books/1460547041i/29908754._SY75_.jpg,3.94,45539,4.076239706055441,377014,4079,"3,5 a 4,0",Baixa
90,14891,A Tree Grows in Brooklyn,Betty  Smith,https://www.goodreads.com/book/show/14891.A_Tree_Grows_in_Brooklyn,https://i.gr-assets.com/images/S/compressed.photo.goodreads.com/books/1327883484i/14891._SY75_.jpg,4.31,532928,4.217776921915512,357379,3927,"4,25 a 4,5",Muito alta
91,6288,The Road,Cormac McCarthy,https://www.goodreads.com/book/show/6288.The_Road,https://i.gr-assets.com/images/S/compressed.photo.goodreads.com/books/1600241424i/6288._SY75_.jpg,4.0,1086786,4.024373037283639,354783,3890,"3,5 a 4,0",Muito alta
92,58613424,"Harry Potter and the Goblet of Fire (Harry Potter, #4)",J.K. Rowling,https://www.goodreads.com/book/show/58613424-harry-potter-and-the-goblet-of-fire,https://i.gr-assets.com/images/S/compressed.photo.goodreads.com/books/1627044952i/58613424._SY75_.jpg,4.57,4342707,4.530518735530126,350128,3922,"Acima de 4,5",Muito alta
93,19288043,Gone Girl,Gillian Flynn,https://www.goodreads.com/book/show/19288043-gone-girl,https://i.gr-assets.com/images/S/compressed.photo.goodreads.com/books/1554086139i/19288043._SY75_.jpg,4.15,3554795,4.144261854012509,343570,3795,"4,0 a 4,25",Muito alta
94,119322,"The Golden Compass (His Dark Materials, #1)",Philip Pullman,https://www.goodreads.com/book/show/119322.The_Golden_Compass,https://i.gr-assets.com/images/S/compressed.photo.goodreads.com/books/1505766203i/119322._SX50_.jpg,4.04,1646092,4.050002525018067,337258,3746,"4,0 a 4,25",Muito alta
95,16299,And Then There Were None,Agatha Christie,https://www.goodreads.com/book/show/16299.And_Then_There_Were_None,https://i.gr-assets.com/images/S/compressed.photo.goodreads.com/books/1638425885i/16299._SY75_.jpg,4.27,1708950,4.236871103624553,333592,3721,"4,25 a 4,5",Muito alta
96,52036,Siddhartha,Hermann Hesse,https://www.goodreads.com/book/show/52036.Siddhartha,https://i.gr-assets.com/images/S/compressed.photo.goodreads.com/books/1629378189i/52036._SY75_.jpg,4.09,915417,4.090629801236167,327867,3651,"4,0 a 4,25",Muito alta
97,345627,"Vampire Academy (Vampire Academy, #1)",Richelle Mead,https://www.goodreads.com/book/show/345627.Vampire_Academy,https://i.gr-assets.com/images/S/compressed.photo.goodreads.com/books/1361098973i/345627._SY75_.jpg,4.1,688548,4.09713978198339,323857,3480,"4,0 a 4,25",Muito alta
98,3836,Don Quixote,Miguel de Cervantes Saavedra,https://www.goodreads.com/book/show/3836.Don_Quixote,https://i.gr-assets.com/images/S/compressed.photo.goodreads.com/books/1546112331i/3836._SX50_.jpg,3.92,315217,4.015294882927208,319253,3612,"3,5 a 4,0",Alta
99,2165,The Old Man and the Sea,Ernest Hemingway,https://www.goodreads.com/book/show/2165.The_Old_Man_and_the_Sea,https://i.gr-assets.com/images/S/compressed.photo.goodreads.com/books/1329189714i/2165._SY75_.jpg,3.82,1374392,3.880275434100016,315650,3617,"3,5 a 4,0",Muito alta
100,252577,"Angela's Ashes (Frank McCourt, #1)",Frank McCourt,https://www.goodreads.com/book/show/252577.Angela_s_Ashes,https://i.gr-assets.com/images/S/compressed.photo.goodreads.com/books/1348317139i/252577._SY75_.jpg,4.16,668979,4.134951583057465,314513,3512,"4,0 a 4,25",Muito alta
101,49552,The Stranger,Albert Camus,https://www.goodreads.com/book/show/49552.The_Stranger,https://i.gr-assets.com/images/S/compressed.photo.goodreads.com/books/1738704267i/49552._SY75_.jpg,4.03,1522980,4.042689084658363,309541,3478,"4,0 a 4,25",Muito alta
102,7244,The Poisonwood Bible,Barbara Kingsolver,https://www.goodreads.com/book/show/7244.The_Poisonwood_Bible,https://i.gr-assets.com/images/S/compressed.photo.goodreads.com/books/1644073807i/7244._SY75_.jpg,4.12,812707,4.1109372822559465,300949,3310,"4,0 a 4,25",Muito alta
103,23919,The Complete Stories and Poems,Edgar Allan Poe,https://www.goodreads.com/book/show/23919.The_Complete_Stories_and_Poems,https://i.gr-assets.com/images/S/compressed.photo.goodreads.com/books/1327942676i/23919._SY75_.jpg,4.4,300919,4.225993869792584,286691,3279,"4,25 a 4,5",Alta
104,5886881,Dark Places,Gillian Flynn,https://www.goodreads.com/book/show/5886881-dark-places,https://i.gr-assets.com/images/S/compressed.photo.goodreads.com/books/1354988288i/5886881._SY75_.jpg,3.94,867810,3.987251873443347,277120,3012,"3,5 a 4,0",Muito alta
105,21686,Shutter Island,Dennis Lehane,https://www.goodreads.com/book/show/21686.Shutter_Island,https://i.gr-assets.com/images/S/compressed.photo.goodreads.com/books/1329269081i/21686._SY75_.jpg,4.14,239319,4.110286784533148,270961,2967,"4,0 a 4,25",Alta
106,43763,"Interview with the Vampire (The Vampire Chronicles, #1)",Anne Rice,https://www.goodreads.com/book/show/43763.Interview_with_the_Vampire,https://i.gr-assets.com/images/S/compressed.photo.goodreads.com/books/1380631642i/43763._SY75_.jpg,4.02,669943,4.046576677852876,269295,3060,"4,0 a 4,25",Muito alta
107,662,Atlas Shrugged,Ayn Rand,https://www.goodreads.com/book/show/662.Atlas_Shrugged,https://i.gr-assets.com/images/S/compressed.photo.goodreads.com/books/1405868167i/662._SY75_.jpg,3.69,411970,3.8858221617973703,263068,2891,"3,5 a 4,0",Muito alta
108,99107,"Winnie-the-Pooh (Winnie-the-Pooh, #1)",A.A. Milne,https://www.goodreads.com/book/show/99107.Winnie_the_Pooh,https://i.gr-assets.com/images/S/compressed.photo.goodreads.com/books/1298440130i/99107._SY75_.jpg,4.37,359240,4.225155576995571,262695,3072,"4,25 a 4,5",Alta
109,5060378,The Girl Who Played with Fire (Millennium #2),Stieg Larsson,https://www.goodreads.com/book/show/5060378-the-girl-who-played-with-fire,https://i.gr-assets.com/images/S/compressed.photo.goodreads.com/books/1351778881i/5060378._SX50_.jpg,4.26,1005179,4.212973725983292,261195,2938,"4,25 a 4,5",Muito alta
110,33648131,"The Notebook (The Notebook, #1)",Nicholas Sparks,https://www.goodreads.com/book/show/33648131-the-notebook,https://i.gr-assets.com/images/S/compressed.photo.goodreads.com/books/1483183484i/33648131._SY75_.jpg,4.17,1872973,4.1565446542062,258793,2919,"4,0 a 4,25",Muito alta
111,58913358,A Story of Yesterday,Sergio Cobo,https://www.goodreads.com/book/show/58913358-a-story-of-yesterday,https://i.gr-assets.com/images/S/compressed.photo.goodreads.com/books/1630609122i/58913358._SY75_.jpg,4.49,24214,4.115303555843169,251314,2517,"4,25 a 4,5",Baixa
112,3,"Harry Potter and the Sorcerer's Stone (Harry Potter, #1)",J.K. Rowling,https://www.goodreads.com/book/show/3.Harry_Potter_and_the_Sorcerer_s_Stone,https://i.gr-assets.com/images/S/compressed.photo.goodreads.com/books/1474154022i/3._SY75_.jpg,4.47,11799675,4.457877055850126,246166,2694,"4,25 a 4,5",Muito alta
113,4381,Fahrenheit 451,Ray Bradbury,https://www.goodreads.com/book/show/4381.Fahrenheit_451,https://i.gr-assets.com/images/S/compressed.photo.goodreads.com/books/1351643740i/4381._SY75_.jpg,3.97,2986908,3.984136377422216,243706,2700,"3,5 a 4,0",Muito alta
114,343,Perfume: The Story of a Murderer,Patrick Süskind,https://www.goodreads.com/book/show/343.Perfume,https://i.gr-assets.com/images/S/compressed.photo.goodreads.com/books/1409112276i/343._SY75_.jpg,4.04,584705,4.060882526105757,241265,2709,"4,0 a 4,25",Muito alta
115,11588,"The Shining (The Shining, #1)",Stephen  King,https://www.goodreads.com/book/show/11588.The_Shining,https://i.gr-assets.com/images/S/compressed.photo.goodreads.com/books/1353277730i/11588._SY75_.jpg,4.28,1767329,4.245955255436554,234878,2692,"4,25 a 4,5",Muito alta
116,29044,The Secret History,Donna Tartt,https://www.goodreads.com/book/show/29044.The_Secret_History,https://i.gr-assets.com/images/S/compressed.photo.goodreads.com/books/1751820530i/29044._SY75_.jpg,4.14,1121714,4.127618146082275,234339,2571,"4,0 a 4,25",Muito alta
117,36236124,Fight Club,Chuck Palahniuk,https://www.goodreads.com/book/show/36236124-fight-club,https://i.gr-assets.com/images/S/compressed.photo.goodreads.com/books/1558216416i/36236124._SY75_.jpg,4.18,663809,4.147414193187487,233118,2649,"4,0 a 4,25",Muito alta
118,153747,"Moby-Dick or, The Whale",Herman Melville,https://www.goodreads.com/book/show/153747.Moby_Dick_or_The_Whale,https://i.gr-assets.com/images/S/compressed.photo.goodreads.com/books/1327940656i/153747._SY75_.jpg,3.57,634783,3.7690369811761064,230336,2651,"3,5 a 4,0",Muito alta
119,4473,A Prayer for Owen Meany,John Irving,https://www.goodreads.com/book/show/4473.A_Prayer_for_Owen_Meany,https://i.gr-assets.com/images/S/compressed.photo.goodreads.com/books/1260470010i/4473._SY75_.jpg,4.24,344293,4.1613470992104356,222687,2449,"4,0 a 4,25",Alta
120,15881,"Harry Potter and the Chamber of Secrets (Harry Potter, #2)",J.K. Rowling,https://www.goodreads.com/book/show/15881.Harry_Potter_and_the_Chamber_of_Secrets,https://i.gr-assets.com/images/S/compressed.photo.goodreads.com/books/1474169725i/15881._SY75_.jpg,4.43,4666011,4.403869443618064,210390,2479,"4,25 a 4,5",Muito alta
121,5907,"The Hobbit, or There and Back Again",J.R.R. Tolkien,https://www.goodreads.com/book/show/5907.The_Hobbit_or_There_and_Back_Again,https://i.gr-assets.com/images/S/compressed.photo.goodreads.com/books/1546071216i/5907._SY75_.jpg,4.3,4627105,4.283798104005616,208357,2408,"4,25 a 4,5",Muito alta
122,7171637,"Clockwork Angel (The Infernal Devices, #1)",Cassandra Clare,https://www.goodreads.com/book/show/7171637-clockwork-angel,https://i.gr-assets.com/images/S/compressed.photo.goodreads.com/books/1693490271i/7171637._SY75_.jpg,4.3,889459,4.236507926753543,206561,2263,"4,25 a 4,5",Muito alta
123,485894,The Metamorphosis,Franz Kafka,https://www.goodreads.com/book/show/485894.The_Metamorphosis,https://i.gr-assets.com/images/S/compressed.photo.goodreads.com/books/1646444605i/485894._SY75_.jpg,3.91,1552645,3.946639617959478,202267,2330,"3,5 a 4,0",Muito alta
124,830502,It,Stephen  King,https://www.goodreads.com/book/show/830502.It,https://i.gr-assets.com/images/S/compressed.photo.goodreads.com/books/1334416842i/830502._SY75_.jpg,4.24,1319492,4.206187185782072,198982,2249,"4,0 a 4,25",Muito alta
125,37435,The Secret Life of Bees,Sue Monk Kidd,https://www.goodreads.com/book/show/37435.The_Secret_Life_of_Bees,https://i.gr-assets.com/images/S/compressed.photo.goodreads.com/books/1628532099i/37435._SY75_.jpg,4.1,1372652,4.098249182818655,196654,2248,"4,0 a 4,25",Muito alta
126,22557272,The Girl on the Train,Paula Hawkins,https://www.goodreads.com/book/show/22557272-the-girl-on-the-train,https://i.gr-assets.com/images/S/compressed.photo.goodreads.com/books/1748242265i/22557272._SY75_.jpg,3.96,3387848,3.973671422462781,196240,2132,"3,5 a 4,0",Muito alta
127,186074,"The Name of the Wind (The Kingkiller Chronicle, #1)",Patrick Rothfuss,https://www.goodreads.com/book/show/186074.The_Name_of_the_Wind,https://i.gr-assets.com/images/S/compressed.photo.goodreads.com/books/1704917687i/186074._SY75_.jpg,4.52,1118610,4.409154855984909,192861,2053,"Acima de 4,5",Muito alta
128,7126,The Count of Monte Cristo,Alexandre Dumas,https://www.goodreads.com/book/show/7126.The_Count_of_Monte_Cristo,https://i.gr-assets.com/images/S/compressed.photo.goodreads.com/books/1724863997i/7126._SY75_.jpg,4.34,1081927,4.274184084501932,192207,2172,"4,25 a 4,5",Muito alta
129,4989,The Red Tent,Anita Diamant,https://www.goodreads.com/book/show/4989.The_Red_Tent,https://i.gr-assets.com/images/S/compressed.photo.goodreads.com/books/1405739117i/4989._SY75_.jpg,4.21,643423,4.165430943481838,191607,2144,"4,0 a 4,25",Muito alta
130,28877,"Red Dragon (Hannibal Lecter, #1)",Thomas  Harris,https://www.goodreads.com/book/show/28877.Red_Dragon,https://i.gr-assets.com/images/S/compressed.photo.goodreads.com/books/1593241110i/28877._SY75_.jpg,4.07,384290,4.081148794171046,191034,2075,"4,0 a 4,25",Alta
131,61439040,1984,George Orwell,https://www.goodreads.com/book/show/61439040-1984,https://i.gr-assets.com/images/S/compressed.photo.goodreads.com/books/1657781256i/61439040._SX50_.jpg,4.21,5756673,4.202500210975106,189617,2046,"4,0 a 4,25",Muito alta
132,117833,The Master and Margarita,Mikhail Bulgakov,https://www.goodreads.com/book/show/117833.The_Master_and_Margarita,https://i.gr-assets.com/images/S/compressed.photo.goodreads.com/books/1327867963i/117833._SY75_.jpg,4.28,449238,4.192554005724613,188250,2051,"4,25 a 4,5",Muito alta
133,21671,Mystic River,Dennis Lehane,https://www.goodreads.com/book/show/21671.Mystic_River,https://i.gr-assets.com/images/S/compressed.photo.goodreads.com/books/1407109549i/21671._SY75_.jpg,4.18,172331,4.118988788213948,186997,2034,"4,0 a 4,25",Alta
134,62080187,Never Lie,Freida McFadden,https://www.goodreads.com/book/show/62080187-never-lie,https://i.gr-assets.com/images/S/compressed.photo.goodreads.com/books/1661428846i/62080187._SY75_.jpg,4.08,1753683,4.082207068912835,184479,1968,"4,0 a 4,25",Muito alta
135,9736930,Before I Go to Sleep,S.J. Watson,https://www.goodreads.com/book/show/9736930-before-i-go-to-sleep,https://i.gr-assets.com/images/S/compressed.photo.goodreads.com/books/1358353512i/9736930._SY75_.jpg,3.9,375992,3.9979413965598445,181478,1944,"3,5 a 4,0",Alta
136,62334530,None of This Is True,Lisa Jewell,https://www.goodreads.com/book/show/62334530-none-of-this-is-true,https://i.gr-assets.com/images/S/compressed.photo.goodreads.com/books/1686092508i/62334530._SY75_.jpg,4.06,1211377,4.067834999954289,181439,1938,"4,0 a 4,25",Muito alta
137,33516773,"Big Little Lies (Big Little Lies, #1)",Liane Moriarty,https://www.goodreads.com/book/show/33516773-big-little-lies,https://i.gr-assets.com/images/S/compressed.photo.goodreads.com/books/1559835163i/33516773._SY75_.jpg,4.31,1150133,4.254709206557494,180942,1947,"4,25 a 4,5",Muito alta
138,58468990,The Paris Apartment,Lucy Foley,https://www.goodreads.com/book/show/58468990-the-paris-apartment,https://i.gr-assets.com/images/S/compressed.photo.goodreads.com/books/1645550948i/58468990._SY75_.jpg,3.64,760600,3.793522728757948,180099,1924,"3,5 a 4,0",Muito alta
139,43822820,"The Family Upstairs (The Family Upstairs, #1)",Lisa Jewell,https://www.goodreads.com/book/show/43822820-the-family-upstairs,https://i.gr-assets.com/images/S/compressed.photo.goodreads.com/books/1564517337i/43822820._SY75_.jpg,3.95,605495,4.005765092516048,179203,1912,"3,5 a 4,0",Muito alta
140,36430011,"You (You, #1)",Caroline Kepnes,https://www.goodreads.com/book/show/36430011-you,https://i.gr-assets.com/images/S/compressed.photo.goodreads.com/books/1549463282i/36430011._SY75_.jpg,3.96,300392,4.034714920288616,178207,1906,"3,5 a 4,0",Alta
141,40389527,The Woman in the Window,A.J. Finn,https://www.goodreads.com/book/show/40389527-the-woman-in-the-window,https://i.gr-assets.com/images/S/compressed.photo.goodreads.com/books/1528225499i/40389527._SY75_.jpg,3.93,914707,3.9785498151579377,177935,1904,"3,5 a 4,0",Muito alta
142,41837243,Lock Every Door,Riley Sager,https://www.goodreads.com/book/show/41837243-lock-every-door,https://i.gr-assets.com/images/S/compressed.photo.goodreads.com/books/1540938359i/41837243._SY75_.jpg,3.87,328967,3.990631720462983,177393,1897,"3,5 a 4,0",Alta
143,62848145,"The Housemaid's Secret (The Housemaid, #2)",Freida McFadden,https://www.goodreads.com/book/show/62848145-the-housemaid-s-secret,https://i.gr-assets.com/images/S/compressed.photo.goodreads.com/books/1664729357i/62848145._SY75_.jpg,4.15,1990334,4.140492201704051,177383,1894,"4,0 a 4,25",Muito alta
144,4556058,"The Last Olympian (Percy Jackson and the Olympians, #5)",Rick Riordan,https://www.goodreads.com/book/show/4556058-the-last-olympian,https://i.gr-assets.com/images/S/compressed.photo.goodreads.com/books/1788398025i/4556058._SY75_.jpg,4.56,1191685,4.444389007910994,175845,1992,"Acima de 4,5",Muito alta
145,4948,The Very Hungry Caterpillar,Eric Carle,https://www.goodreads.com/book/show/4948.The_Very_Hungry_Caterpillar,https://i.gr-assets.com/images/S/compressed.photo.goodreads.com/books/1603739265i/4948._SX50_.jpg,4.35,558242,4.243757775106517,174841,2027,"4,25 a 4,5",Muito alta
146,113436,Eragon (The Inheritance Cycle #1),Christopher Paolini,https://www.goodreads.com/book/show/113436.Eragon,https://i.gr-assets.com/images/S/compressed.photo.goodreads.com/books/1366212852i/113436._SX50_.jpg,3.97,1986174,3.990087255645614,173750,1979,"3,5 a 4,0",Muito alta
147,28187230,"The Woman in Cabin 10 (Lo Blacklock, #1)",Ruth Ware,https://www.goodreads.com/book/show/28187230-the-woman-in-cabin-10,https://i.gr-assets.com/images/S/compressed.photo.goodreads.com/books/1465878007i/28187230._SY75_.jpg,3.71,816516,3.8337445520601143,173285,1860,"3,5 a 4,0",Muito alta
148,25574782,Pretty Girls,Karin Slaughter,https://www.goodreads.com/book/show/25574782-pretty-girls,https://i.gr-assets.com/images/S/compressed.photo.goodreads.com/books/1432205734i/25574782._SY75_.jpg,4.0,793172,4.030415890018411,172711,1846,"3,5 a 4,0",Muito alta
149,50833559,Home Before Dark,Riley Sager,https://www.goodreads.com/book/show/50833559-home-before-dark,https://i.gr-assets.com/images/S/compressed.photo.goodreads.com/books/1571683410l/50833559._SX50_SY75_.jpg,4.04,343741,4.06773035963892,171768,1836,"4,0 a 4,25",Alta
150,2373,"The Bone Collector (Lincoln Rhyme, #1)",Jeffery Deaver,https://www.goodreads.com/book/show/2373.The_Bone_Collector,https://i.gr-assets.com/images/S/compressed.photo.goodreads.com/books/1437538512i/2373._SY75_.jpg,4.2,199564,4.128559343663006,170310,1835,"4,0 a 4,25",Alta
151,62703226,The Only One Left,Riley Sager,https://www.goodreads.com/book/show/62703226-the-only-one-left,https://i.gr-assets.com/images/S/compressed.photo.goodreads.com/books/1668181003i/62703226._SY75_.jpg,4.12,732115,4.1102870104325095,169581,1811,"4,0 a 4,25",Muito alta
152,100915,"The Lion, the Witch and the Wardrobe (Chronicles of Narnia, #1)",C.S. Lewis,https://www.goodreads.com/book/show/100915.The_Lion_the_Witch_and_the_Wardrobe,https://i.gr-assets.com/images/S/compressed.photo.goodreads.com/books/1353029077i/100915._SY75_.jpg,4.24,3226266,4.224010579411001,169418,2072,"4,0 a 4,25",Muito alta
153,23437156,"Six of Crows (Six of Crows, #1)",Leigh Bardugo,https://www.goodreads.com/book/show/23437156-six-of-crows,https://i.gr-assets.com/images/S/compressed.photo.goodreads.com/books/1651710803i/23437156._SY75_.jpg,4.45,1212292,4.3627051173209725,169319,1803,"4,25 a 4,5",Muito alta
154,28815474,The Couple Next Door,Shari Lapena,https://www.goodreads.com/book/show/28815474-the-couple-next-door,https://i.gr-assets.com/images/S/compressed.photo.goodreads.com/books/1471502242i/28815474._SY75_.jpg,3.8,745010,3.900552047798999,168074,1798,"3,5 a 4,0",Muito alta
155,29437949,Behind Closed Doors,B.A. Paris,https://www.goodreads.com/book/show/29437949-behind-closed-doors,https://i.gr-assets.com/images/S/compressed.photo.goodreads.com/books/1458854462i/29437949._SY75_.jpg,3.96,799847,4.003380743624456,167889,1801,"3,5 a 4,0",Muito alta
156,99561,Looking for Alaska,John  Green,https://www.goodreads.com/book/show/99561.Looking_for_Alaska,https://i.gr-assets.com/images/S/compressed.photo.goodreads.com/books/1652042180i/99561._SY75_.jpg,3.96,1785966,3.983730924197195,167878,1838,"3,5 a 4,0",Muito alta
157,54981009,"The Last Thing He Told Me (Hannah Hall, #1)",Laura Dave,https://www.goodreads.com/book/show/54981009-the-last-thing-he-told-me,https://i.gr-assets.com/images/S/compressed.photo.goodreads.com/books/1603034599i/54981009._SY75_.jpg,3.82,1211961,3.886382947542071,167297,1792,"3,5 a 4,0",Muito alta
158,32796253,Final Girls,Riley Sager,https://www.goodreads.com/book/show/32796253-final-girls,https://i.gr-assets.com/images/S/compressed.photo.goodreads.com/books/1496658340i/32796253._SY75_.jpg,3.81,283382,3.973575295889951,167257,1787,"3,5 a 4,0",Alta
159,35522836,No Exit,Taylor  Adams,https://www.goodreads.com/book/show/35522836-no-exit,https://i.gr-assets.com/images/S/compressed.photo.goodreads.com/books/1498539883i/35522836._SY75_.jpg,3.97,228374,4.047087993752571,167211,1789,"3,5 a 4,0",Alta
160,6310,"Charlie and the Chocolate Factory (Charlie Bucket, #1)",Roald Dahl,https://www.goodreads.com/book/show/6310.Charlie_and_the_Chocolate_Factory,https://i.gr-assets.com/images/S/compressed.photo.goodreads.com/books/1309211401i/6310._SY75_.jpg,4.17,951833,4.147315277245467,165126,1983,"4,0 a 4,25",Muito alta
161,35297426,Then She Was Gone,Lisa Jewell,https://www.goodreads.com/book/show/35297426-then-she-was-gone,https://i.gr-assets.com/images/S/compressed.photo.goodreads.com/books/1741291185i/35297426._SY75_.jpg,4.03,1091326,4.046383950557431,164123,1763,"4,0 a 4,25",Muito alta
162,57693172,A Flicker in the Dark,Stacy Willingham,https://www.goodreads.com/book/show/57693172-a-flicker-in-the-dark,https://i.gr-assets.com/images/S/compressed.photo.goodreads.com/books/1621347398i/57693172._SY75_.jpg,3.96,647113,4.009762707007242,164074,1755,"3,5 a 4,0",Muito alta
163,24583,The Adventures of Tom Sawyer,Mark Twain,https://www.goodreads.com/book/show/24583.The_Adventures_of_Tom_Sawyer,https://i.gr-assets.com/images/S/compressed.photo.goodreads.com/books/1404811979i/24583._SY75_.jpg,3.92,1045007,3.966868000509022,162900,2009,"3,5 a 4,0",Muito alta
164,2187,Middlesex,Jeffrey Eugenides,https://www.goodreads.com/book/show/2187.Middlesex,https://i.gr-assets.com/images/S/compressed.photo.goodreads.com/books/1437029776i/2187._SY75_.jpg,4.04,672688,4.059155358152794,162800,1826,"4,0 a 4,25",Muito alta
165,1232,"The Shadow of the Wind (The Cemetery of Forgotten Books, #1)",Carlos Ruiz Zafón,https://www.goodreads.com/book/show/1232.The_Shadow_of_the_Wind,https://i.gr-assets.com/images/S/compressed.photo.goodreads.com/books/1628791882i/1232._SY75_.jpg,4.31,751732,4.235434038864197,161086,1788,"4,25 a 4,5",Muito alta
166,6900,"Tuesdays with Morrie: An Old Man, a Young Man, and Life's Greatest Lesson",Mitch Albom,https://www.goodreads.com/book/show/6900.Tuesdays_with_Morrie,https://i.gr-assets.com/images/S/compressed.photo.goodreads.com/books/1423763749i/6900._SY75_.jpg,4.22,1272016,4.189924982655398,159182,1813,"4,0 a 4,25",Muito alta
167,1618,The Curious Incident of the Dog in the Night-Time,Mark Haddon,https://www.goodreads.com/book/show/1618.The_Curious_Incident_of_the_Dog_in_the_Night_Time,https://i.gr-assets.com/images/S/compressed.photo.goodreads.com/books/1479863624i/1618._SY75_.jpg,3.89,1633263,3.9290442502159033,159085,1832,"3,5 a 4,0",Muito alta
168,38709,"Holes (Holes, #1)",Louis Sachar,https://www.goodreads.com/book/show/38709.Holes,https://i.gr-assets.com/images/S/compressed.photo.goodreads.com/books/1618269830i/38709._SX50_.jpg,4.02,1400146,4.035742555429121,156033,1838,"4,0 a 4,25",Muito alta
169,6148028,"Catching Fire (The Hunger Games, #2)",Suzanne Collins,https://www.goodreads.com/book/show/6148028-catching-fire,https://i.gr-assets.com/images/S/compressed.photo.goodreads.com/books/1586722941i/6148028._SY75_.jpg,4.36,4329222,4.337804608273908,152667,1777,"4,25 a 4,5",Muito alta
170,9717,The Unbearable Lightness of Being,Milan Kundera,https://www.goodreads.com/book/show/9717.The_Unbearable_Lightness_of_Being,https://i.gr-assets.com/images/S/compressed.photo.goodreads.com/books/1265401884i/9717._SY75_.jpg,4.1,568233,4.096781059791961,152336,1712,"4,0 a 4,25",Muito alta
171,13623848,The Song of Achilles,Madeline Miller,https://www.goodreads.com/book/show/13623848-the-song-of-achilles,https://i.gr-assets.com/images/S/compressed.photo.goodreads.com/books/1357177533i/13623848._SY75_.jpg,4.3,2175651,4.268323871942598,151989,1620,"4,25 a 4,5",Muito alta
172,119073,The Name of the Rose,Umberto Eco,https://www.goodreads.com/book/show/119073.The_Name_of_the_Rose,https://i.gr-assets.com/images/S/compressed.photo.goodreads.com/books/1415375471i/119073._SY75_.jpg,4.14,406828,4.116524629411571,151624,1763,"4,0 a 4,25",Muito alta
173,70401,On the Road,Jack Kerouac,https://www.goodreads.com/book/show/70401.On_the_Road,https://i.gr-assets.com/images/S/compressed.photo.goodreads.com/books/1658929891i/70401._SY75_.jpg,3.61,459997,3.8315327493851177,149401,1703,"3,5 a 4,0",Muito alta
174,10365,Where the Red Fern Grows,Wilson Rawls,https://www.goodreads.com/book/show/10365.Where_the_Red_Fern_Grows,https://i.gr-assets.com/images/S/compressed.photo.goodreads.com/books/1518702249i/10365._SY75_.jpg,4.13,450513,4.112390082980061,148040,1722,"4,0 a 4,25",Muito alta
175,22034,"The Godfather (The Godfather, #1)",Mario Puzo,https://www.goodreads.com/book/show/22034.The_Godfather,https://i.gr-assets.com/images/S/compressed.photo.goodreads.com/books/1394988109i/22034._SY75_.jpg,4.4,478516,4.261530992840072,146688,1733,"4,25 a 4,5",Muito alta
176,168642,In Cold Blood,Truman Capote,https://www.goodreads.com/book/show/168642.In_Cold_Blood,https://i.gr-assets.com/images/S/compressed.photo.goodreads.com/books/1424931136i/168642._SY75_.jpg,4.09,755215,4.090717819897701,146065,1732,"4,0 a 4,25",Muito alta
177,1,"Harry Potter and the Half-Blood Prince (Harry Potter, #6)",J.K. Rowling,https://www.goodreads.com/book/show/1.Harry_Potter_and_the_Half_Blood_Prince,https://i.gr-assets.com/images/S/compressed.photo.goodreads.com/books/1587697303i/1._SX50_.jpg,4.58,3771163,4.5341577223578025,143091,1666,"Acima de 4,5",Muito alta
178,12296,The Scarlet Letter,Nathaniel Hawthorne,https://www.goodreads.com/book/show/12296.The_Scarlet_Letter,https://i.gr-assets.com/images/S/compressed.photo.goodreads.com/books/1404810944i/12296._SY75_.jpg,3.44,941530,3.631372703092782,141861,1763,"Até 3,5",Muito alta
179,472331,Watchmen,Alan Moore,https://www.goodreads.com/book/show/472331.Watchmen,https://i.gr-assets.com/images/S/compressed.photo.goodreads.com/books/1442239711i/472331._SY75_.jpg,4.39,606633,4.273231647251529,139426,1577,"4,25 a 4,5",Muito alta
180,3431,The Five People You Meet in Heaven,Mitch Albom,https://www.goodreads.com/book/show/3431.The_Five_People_You_Meet_in_Heaven,https://i.gr-assets.com/images/S/compressed.photo.goodreads.com/books/1388200541i/3431._SX50_.jpg,4.02,834668,4.0430051112823895,138655,1589,"4,0 a 4,25",Muito alta
181,6656,The Divine Comedy: Inferno - Purgatorio - Paradiso,Dante Alighieri,https://www.goodreads.com/book/show/6656.The_Divine_Comedy,https://i.gr-assets.com/images/S/compressed.photo.goodreads.com/books/1657540227i/6656._SY75_.jpg,4.09,179473,4.0914421671893315,138608,1631,"4,0 a 4,25",Alta
182,355697,All Quiet on the Western Front,Erich Maria Remarque,https://www.goodreads.com/book/show/355697.All_Quiet_on_the_Western_Front,https://i.gr-assets.com/images/S/compressed.photo.goodreads.com/books/1632027397i/355697._SY75_.jpg,4.12,540129,4.1082844991668095,138322,1613,"4,0 a 4,25",Muito alta
183,30165203,"American Gods (American Gods, #1)",Neil Gaiman,https://www.goodreads.com/book/show/30165203-american-gods,https://i.gr-assets.com/images/S/compressed.photo.goodreads.com/books/1462924585i/30165203._SY75_.jpg,4.1,1004527,4.097787362815948,138113,1566,"4,0 a 4,25",Muito alta
184,233093,"The Cat in the Hat (Cat in the Hat, #1)",Dr. Seuss,https://www.goodreads.com/book/show/233093.The_Cat_in_the_Hat,https://i.gr-assets.com/images/S/compressed.photo.goodreads.com/books/1468890477i/233093._SX50_.jpg,4.2,598981,4.157380387029395,135835,1684,"4,0 a 4,25",Muito alta
185,28676,American Psycho,Bret Easton Ellis,https://www.goodreads.com/book/show/28676.American_Psycho,https://i.gr-assets.com/images/S/compressed.photo.goodreads.com/books/1436934349i/28676._SY75_.jpg,3.8,381652,3.9478341009851077,134923,1535,"3,5 a 4,0",Alta
186,12067,"Good Omens: The Nice and Accurate Prophecies of Agnes Nutter, Witch",Terry Pratchett,https://www.goodreads.com/book/show/12067.Good_Omens,https://i.gr-assets.com/images/S/compressed.photo.goodreads.com/books/1615552073i/12067._SY75_.jpg,4.25,846188,4.20009161420912,134221,1515,"4,0 a 4,25",Muito alta
187,256008,"Lonesome Dove (Lonesome Dove, #1)",Larry McMurtry,https://www.goodreads.com/book/show/256008.Lonesome_Dove,https://i.gr-assets.com/images/S/compressed.photo.goodreads.com/books/1559668037i/256008._SY75_.jpg,4.6,285927,4.306608456694919,133224,1495,"Acima de 4,5",Alta
188,114345,"The Little House Collection (Little House, #1-9)",Laura Ingalls Wilder,https://www.goodreads.com/book/show/114345.The_Little_House_Collection,https://i.gr-assets.com/images/S/compressed.photo.goodreads.com/books/1577932823i/114345._SX50_.jpg,4.36,158221,4.169268824281008,131193,1552,"4,25 a 4,5",Alta
189,6339664,"Hush, Hush (Hush, Hush, #1)",Becca Fitzpatrick,https://www.goodreads.com/book/show/6339664-hush-hush,https://i.gr-assets.com/images/S/compressed.photo.goodreads.com/books/1358261334i/6339664._SY75_.jpg,3.92,752985,3.9788310255752344,128952,1426,"3,5 a 4,0",Muito alta
190,561456,"The Titan’s Curse (Percy Jackson and the Olympians, #3)",Rick Riordan,https://www.goodreads.com/book/show/561456.The_Titan_s_Curse,https://i.gr-assets.com/images/S/compressed.photo.goodreads.com/books/1361038385i/561456._SY75_.jpg,4.37,1265992,4.304414601832056,126164,1491,"4,25 a 4,5",Muito alta
191,34268,"Peter Pan (Peter Pan, #2)",J.M. Barrie,https://www.goodreads.com/book/show/34268.Peter_Pan,https://i.gr-assets.com/images/S/compressed.photo.goodreads.com/books/1337714526i/34268._SX50_.jpg,4.03,379162,4.061532499199766,125956,1566,"4,0 a 4,25",Alta
192,10956,The Virgin Suicides,Jeffrey Eugenides,https://www.goodreads.com/book/show/10956.The_Virgin_Suicides,https://i.gr-assets.com/images/S/compressed.photo.goodreads.com/books/1319032910i/10956._SY75_.jpg,3.78,440485,3.9267807763823845,125497,1447,"3,5 a 4,0",Muito alta
193,17927395,"A Court of Mist and Fury (A Court of Thorns and Roses, #2)",Sarah J. Maas,https://www.goodreads.com/book/show/17927395-a-court-of-mist-and-fury,https://i.gr-assets.com/images/S/compressed.photo.goodreads.com/books/1546406996i/17927395._SY75_.jpg,4.63,3473428,4.575565973656548,124874,1334,"Acima de 4,5",Muito alta
194,31685789,Room,Emma Donoghue,https://www.goodreads.com/book/show/31685789-room,https://i.gr-assets.com/images/S/compressed.photo.goodreads.com/books/1472239721i/31685789._SX50_.jpg,4.08,848763,4.083817933830775,123678,1413,"4,0 a 4,25",Muito alta
195,7896527,"Throne of Glass (Throne of Glass, #1)",Sarah J. Maas,https://www.goodreads.com/book/show/7896527-throne-of-glass,https://i.gr-assets.com/images/S/compressed.photo.goodreads.com/books/1495278054i/7896527._SY75_.jpg,4.18,2686326,4.168830064923331,123352,1352,"4,0 a 4,25",Muito alta
196,2120932,"The Battle of the Labyrinth (Percy Jackson and the Olympians, #4)",Rick Riordan,https://www.goodreads.com/book/show/2120932.The_Battle_of_the_Labyrinth,https://i.gr-assets.com/images/S/compressed.photo.goodreads.com/books/1788397436i/2120932._SY75_.jpg,4.42,1260012,4.342333973302226,123028,1439,"4,25 a 4,5",Muito alta
197,58613345,"Harry Potter and the Half-Blood Prince (Harry Potter, #6)",J.K. Rowling,https://www.goodreads.com/book/show/58613345-harry-potter-and-the-half-blood-prince,https://i.gr-assets.com/images/S/compressed.photo.goodreads.com/books/1627043894i/58613345._SY75_.jpg,4.58,3771163,4.5341577223578025,121946,1367,"Acima de 4,5",Muito alta
198,28186,"The Sea of Monsters (Percy Jackson and the Olympians, #2)",Rick Riordan,https://www.goodreads.com/book/show/28186.The_Sea_of_Monsters,https://i.gr-assets.com/images/S/compressed.photo.goodreads.com/books/1788396410i/28186._SY75_.jpg,4.24,1424120,4.208136153203991,119422,1420,"4,0 a 4,25",Muito alta
199,9712,Love in the Time of Cholera,Gabriel García Márquez,https://www.goodreads.com/book/show/9712.Love_in_the_Time_of_Cholera,https://i.gr-assets.com/images/S/compressed.photo.goodreads.com/books/1644691354i/9712._SY75_.jpg,3.94,562480,4.002381915780405,117966,1404,"3,5 a 4,0",Muito alta
200,11735983,"Insurgent (Divergent, #2)",Veronica Roth,https://www.goodreads.com/book/show/11735983-insurgent,https://i.gr-assets.com/images/S/compressed.photo.goodreads.com/books/1618525340i/11735983._SY75_.jpg,3.96,1655632,3.985242101705772,117315,1342,"3,5 a 4,0",Muito alta
201,6186357,"The Maze Runner (The Maze Runner, #1)",James Dashner,https://www.goodreads.com/book/show/6186357-the-maze-runner,https://i.gr-assets.com/images/S/compressed.photo.goodreads.com/books/1375596592i/6186357._SY75_.jpg,4.06,1746773,4.065872832226245,115787,1324,"4,0 a 4,25",Muito alta
202,35545737,A Walk to Remember,Nicholas Sparks,https://www.goodreads.com/book/show/35545737-a-walk-to-remember,https://i.gr-assets.com/images/S/compressed.photo.goodreads.com/books/1498755310i/35545737._SY75_.jpg,4.2,855114,4.16614008476444,115661,1352,"4,0 a 4,25",Muito alta
203,32620332,The Seven Husbands of Evelyn Hugo,Taylor Jenkins Reid,https://www.goodreads.com/book/show/32620332-the-seven-husbands-of-evelyn-hugo,https://i.gr-assets.com/images/S/compressed.photo.goodreads.com/books/1664458703i/32620332._SY75_.jpg,4.39,4425894,4.365814406936221,115132,1227,"4,25 a 4,5",Muito alta
204,58572970,The Addiction Manifesto,Jerry Weaver,https://www.goodreads.com/book/show/58572970-the-addiction-manifesto,https://i.gr-assets.com/images/S/compressed.photo.goodreads.com/books/1626523225i/58572970._SX50_.jpg,4.71,1283,4.094124473522337,114964,1150,"Acima de 4,5",Baixa
205,18335634,"Clockwork Princess (The Infernal Devices, #3)",Cassandra Clare,https://www.goodreads.com/book/show/18335634-clockwork-princess,https://i.gr-assets.com/images/S/compressed.photo.goodreads.com/books/1436788488i/18335634._SY75_.jpg,4.55,486228,4.345882223787235,114613,1276,"Acima de 4,5",Muito alta
206,3412,The Thorn Birds,Colleen McCullough,https://www.goodreads.com/book/show/3412.The_Thorn_Birds,https://i.gr-assets.com/images/S/compressed.photo.goodreads.com/books/1548530867i/3412._SY75_.jpg,4.25,370175,4.168883915028556,114596,1386,"4,0 a 4,25",Alta
207,113946,How the Grinch Stole Christmas!,Dr. Seuss,https://www.goodreads.com/book/show/113946.How_the_Grinch_Stole_Christmas_,https://i.gr-assets.com/images/S/compressed.photo.goodreads.com/books/1771151369i/113946._SX50_.jpg,4.39,455625,4.252406283290269,114562,1471,"4,25 a 4,5",Muito alta
208,13,"The Ultimate Hitchhiker’s Guide to the Galaxy (Hitchhiker's Guide to the Galaxy, #1-5)",Douglas Adams,https://www.goodreads.com/book/show/13.The_Ultimate_Hitchhiker_s_Guide_to_the_Galaxy,https://i.gr-assets.com/images/S/compressed.photo.goodreads.com/books/1404613595i/13._SY75_.jpg,4.38,343951,4.226822149380622,113224,1330,"4,25 a 4,5",Alta
209,48855,The Diary of a Young Girl,Anne Frank,https://www.goodreads.com/book/show/48855.The_Diary_of_a_Young_Girl,https://i.gr-assets.com/images/S/compressed.photo.goodreads.com/books/1560816565i/48855._SY75_.jpg,4.2,4327893,4.191058215019314,111411,1370,"4,0 a 4,25",Muito alta
210,37415,Their Eyes Were Watching God,Zora Neale Hurston,https://www.goodreads.com/book/show/37415.Their_Eyes_Were_Watching_God,https://i.gr-assets.com/images/S/compressed.photo.goodreads.com/books/1368072803i/37415._SY75_.jpg,4.0,400375,4.045511200592074,110725,1278,"3,5 a 4,0",Muito alta
211,92303,The Importance of Being Earnest,Oscar Wilde,https://www.goodreads.com/book/show/92303.The_Importance_of_Being_Earnest,https://i.gr-assets.com/images/S/compressed.photo.goodreads.com/books/1298438452i/92303._SY75_.jpg,4.17,415754,4.132243041586892,109875,1361,"4,0 a 4,25",Muito alta
212,2802316,"Shadow Kiss (Vampire Academy, #3)",Richelle Mead,https://www.goodreads.com/book/show/2802316-shadow-kiss,https://i.gr-assets.com/images/S/compressed.photo.goodreads.com/books/1361099049i/2802316._SY75_.jpg,4.33,384335,4.2100172087012675,109729,1221,"4,25 a 4,5",Alta
213,1423,The Compleat Works of Wllm Shkspr,Reduced Shakespeare Company,https://www.goodreads.com/book/show/1423.The_Compleat_Works_of_Wllm_Shkspr,https://i.gr-assets.com/images/S/compressed.photo.goodreads.com/books/1347579233i/1423._SX50_.jpg,4.43,9932,4.10047276900298,109428,1260,"4,25 a 4,5",Baixa
214,6867,Atonement,Ian McEwan,https://www.goodreads.com/book/show/6867.Atonement,https://i.gr-assets.com/images/S/compressed.photo.goodreads.com/books/1773518365i/6867._SY75_.jpg,3.96,578191,4.013301183489563,109281,1303,"3,5 a 4,0",Muito alta
215,236093,"The Wonderful Wizard of Oz (Oz, #1)",L. Frank Baum,https://www.goodreads.com/book/show/236093.The_Wonderful_Wizard_of_Oz,https://i.gr-assets.com/images/S/compressed.photo.goodreads.com/books/1398003737i/236093._SY75_.jpg,4.0,525049,4.03931768551125,108994,1418,"3,5 a 4,0",Muito alta
216,7190,The Three Musketeers,Alexandre Dumas,https://www.goodreads.com/book/show/7190.The_Three_Musketeers,https://i.gr-assets.com/images/S/compressed.photo.goodreads.com/books/1630475503i/7190._SX50_.jpg,4.1,355210,4.095862237871768,108502,1362,"4,0 a 4,25",Alta
217,7784,The Lorax,Dr. Seuss,https://www.goodreads.com/book/show/7784.The_Lorax,https://i.gr-assets.com/images/S/compressed.photo.goodreads.com/books/1705520064i/7784._SX50_.jpg,4.35,376793,4.218652677472045,106635,1307,"4,25 a 4,5",Alta
218,7938275,"The Hunger Games Trilogy Boxset (The Hunger Games, #1-3)",Suzanne Collins,https://www.goodreads.com/book/show/7938275-the-hunger-games-trilogy-boxset,https://i.gr-assets.com/images/S/compressed.photo.goodreads.com/books/1360094673i/7938275._SY75_.jpg,4.5,238506,4.246627015892567,105994,1243,"4,25 a 4,5",Alta
219,19501,"Eat, Pray, Love",Elizabeth Gilbert,https://www.goodreads.com/book/show/19501.Eat_Pray_Love,https://i.gr-assets.com/images/S/compressed.photo.goodreads.com/books/1503066414i/19501._SY75_.jpg,3.65,1869782,3.726474506866018,104940,1217,"3,5 a 4,0",Muito alta
220,853510,"Murder on the Orient Express (Hercule Poirot, #10)",Agatha Christie,https://www.goodreads.com/book/show/853510.Murder_on_the_Orient_Express,https://i.gr-assets.com/images/S/compressed.photo.goodreads.com/books/1733926500i/853510._SY75_.jpg,4.2,768568,4.163613078010044,104903,1320,"4,0 a 4,25",Muito alta
221,32929,Goodnight Moon,Margaret Wise Brown,https://www.goodreads.com/book/show/32929.Goodnight_Moon,https://i.gr-assets.com/images/S/compressed.photo.goodreads.com/books/1439223893i/32929._SX50_.jpg,4.32,401148,4.2074999946644205,104728,1301,"4,25 a 4,5",Muito alta
222,1622,A Midsummer Night’s Dream,William Shakespeare,https://www.goodreads.com/book/show/1622.A_Midsummer_Night_s_Dream,https://i.gr-assets.com/images/S/compressed.photo.goodreads.com/books/1327874534i/1622._SY75_.jpg,3.94,593234,4.000432850770549,103550,1350,"3,5 a 4,0",Muito alta
223,68783,"Girl, Interrupted",Susanna Kaysen,https://www.goodreads.com/book/show/68783.Girl_Interrupted,https://i.gr-assets.com/images/S/compressed.photo.goodreads.com/books/1475482930i/68783._SY75_.jpg,3.95,292316,4.03132046120793,101589,1142,"3,5 a 4,0",Alta
224,40940121,Bridge to Terabithia,Katherine Paterson,https://www.goodreads.com/book/show/40940121-bridge-to-terabithia,https://i.gr-assets.com/images/S/compressed.photo.goodreads.com/books/1532478367i/40940121._SY75_.jpg,4.07,603427,4.0786921885706775,101393,1268,"4,0 a 4,25",Muito alta
225,567678,The Wasp Factory,Iain Banks,https://www.goodreads.com/book/show/567678.The_Wasp_Factory,https://i.gr-assets.com/images/S/compressed.photo.goodreads.com/books/1434940562i/567678._SY75_.jpg,3.76,115343,4.016464041028882,100936,1136,"3,5 a 4,0",Média
226,2547,The Prophet,Kahlil Gibran,https://www.goodreads.com/book/show/2547.The_Prophet,https://i.gr-assets.com/images/S/compressed.photo.goodreads.com/books/1355046521i/2547._SY75_.jpg,4.23,338857,4.1561190819326725,100722,1207,"4,0 a 4,25",Alta
227,10507293,"The Selection (The Selection, #1)",Kiera Cass,https://www.goodreads.com/book/show/10507293-the-selection,https://i.gr-assets.com/images/S/compressed.photo.goodreads.com/books/1322103400i/10507293._SY75_.jpg,4.07,1816419,4.073915945584139,99723,1119,"4,0 a 4,25",Muito alta
228,2282133,"Frostbite (Vampire Academy, #2)",Richelle Mead,https://www.goodreads.com/book/show/2282133.Frostbite,https://i.gr-assets.com/images/S/compressed.photo.goodreads.com/books/1361098960i/2282133._SY75_.jpg,4.25,375743,4.1694729087329385,99091,1127,"4,0 a 4,25",Alta
229,4900,Heart of Darkness,Joseph Conrad,https://www.goodreads.com/book/show/4900.Heart_of_Darkness,https://i.gr-assets.com/images/S/compressed.photo.goodreads.com/books/1392799983i/4900._SX50_.jpg,3.43,575129,3.697991633181098,98133,1209,"Até 3,5",Muito alta
230,46945,Requiem for a Dream,Hubert Selby Jr.,https://www.goodreads.com/book/show/46945.Requiem_for_a_Dream,https://i.gr-assets.com/images/S/compressed.photo.goodreads.com/books/1676169823i/46945._SX50_.jpg,4.12,70047,4.096341504925696,97958,1097,"4,0 a 4,25",Média
231,32261,Tess of the D’Urbervilles,Thomas Hardy,https://www.goodreads.com/book/show/32261.Tess_of_the_D_Urbervilles,https://i.gr-assets.com/images/S/compressed.photo.goodreads.com/books/1633063778i/32261._SY75_.jpg,3.85,309247,3.985197004399726,97447,1196,"3,5 a 4,0",Alta
232,9361589,The Night Circus,Erin Morgenstern,https://www.goodreads.com/book/show/9361589-the-night-circus,https://i.gr-assets.com/images/S/compressed.photo.goodreads.com/books/1786033865i/9361589._SY75_.jpg,3.99,1137291,4.016126437431208,97350,1097,"3,5 a 4,0",Muito alta
233,298663,The Killer Inside Me,Jim Thompson,https://www.goodreads.com/book/show/298663.The_Killer_Inside_Me,https://i.gr-assets.com/images/S/compressed.photo.goodreads.com/books/1403187402i/298663._SY75_.jpg,3.9,30639,4.078147161469198,97026,1081,"3,5 a 4,0",Baixa
234,1852,The Call of the Wild,Jack London,https://www.goodreads.com/book/show/1852.The_Call_of_the_Wild,https://i.gr-assets.com/images/S/compressed.photo.goodreads.com/books/1452291694i/1852._SY75_.jpg,3.92,487125,3.9966409937511793,96088,1247,"3,5 a 4,0",Muito alta
235,17231,"Darkly Dreaming Dexter (Dexter, #1)",Jeff Lindsay,https://www.goodreads.com/book/show/17231.Darkly_Dreaming_Dexter,https://i.gr-assets.com/images/S/compressed.photo.goodreads.com/books/1557598685i/17231._SY75_.jpg,3.9,226132,4.021721685752603,95984,1075,"3,5 a 4,0",Alta
236,243705,The Collector,John Fowles,https://www.goodreads.com/book/show/243705.The_Collector,https://i.gr-assets.com/images/S/compressed.photo.goodreads.com/books/1394828024i/243705._SY75_.jpg,3.97,101527,4.066938231073303,95846,1100,"3,5 a 4,0",Média
237,9915,Less Than Zero,Bret Easton Ellis,https://www.goodreads.com/book/show/9915.Less_Than_Zero,https://i.gr-assets.com/images/S/compressed.photo.goodreads.com/books/1750083768i/9915._SY75_.jpg,3.62,106634,3.9909570319103462,93946,1049,"3,5 a 4,0",Média
238,5996153,"Blood Promise (Vampire Academy, #4)",Richelle Mead,https://www.goodreads.com/book/show/5996153-blood-promise,https://i.gr-assets.com/images/S/compressed.photo.goodreads.com/books/1442530605i/5996153._SY75_.jpg,4.3,329918,4.187234029737222,93709,1070,"4,25 a 4,5",Alta
239,13023,Alice in Wonderland,Jane Carruth,https://www.goodreads.com/book/show/13023.Alice_in_Wonderland,https://i.gr-assets.com/images/S/compressed.photo.goodreads.com/books/1391458382i/13023._SX50_.jpg,4.03,397940,4.060782053447898,93517,1214,"4,0 a 4,25",Muito alta
240,7203669,Galveston,Nic Pizzolatto,https://www.goodreads.com/book/show/7203669-galveston,https://i.gr-assets.com/images/S/compressed.photo.goodreads.com/books/1593570705i/7203669._SY75_.jpg,3.83,20786,4.07887619332709,93505,1038,"3,5 a 4,0",Baixa
241,7763,The Joy Luck Club,Amy Tan,https://www.goodreads.com/book/show/7763.The_Joy_Luck_Club,https://i.gr-assets.com/images/S/compressed.photo.goodreads.com/books/1304978653i/7763._SY75_.jpg,3.97,718493,4.013036818325956,93153,1165,"3,5 a 4,0",Muito alta
242,27712,The Neverending Story,Michael Ende,https://www.goodreads.com/book/show/27712.The_Neverending_Story,https://i.gr-assets.com/images/S/compressed.photo.goodreads.com/books/1554230952i/27712._SY75_.jpg,4.18,227408,4.124421893523528,92989,1130,"4,0 a 4,25",Alta
243,38819868,"My Sister, the Serial Killer",Oyinkan Braithwaite,https://www.goodreads.com/book/show/38819868-my-sister-the-serial-killer,https://i.gr-assets.com/images/S/compressed.photo.goodreads.com/books/1523366732i/38819868._SY75_.jpg,3.63,379222,3.8646090272921914,92887,1035,"3,5 a 4,0",Alta
244,191139,"Oh, the Places You’ll Go!",Dr. Seuss,https://www.goodreads.com/book/show/191139.Oh_the_Places_You_ll_Go_,https://i.gr-assets.com/images/S/compressed.photo.goodreads.com/books/1630510695l/191139._SX50_SY75_.jpg,4.37,451292,4.240983746682214,92884,1182,"4,25 a 4,5",Muito alta
245,12331767,High-Rise,J.G. Ballard,https://www.goodreads.com/book/show/12331767-high-rise,https://i.gr-assets.com/images/S/compressed.photo.goodreads.com/books/1358752559i/12331767._SY75_.jpg,3.65,43937,4.047451285373988,92795,1032,"3,5 a 4,0",Baixa
246,164760,The Winter of Frankie Machine,Don Winslow,https://www.goodreads.com/book/show/164760.The_Winter_of_Frankie_Machine,https://i.gr-assets.com/images/S/compressed.photo.goodreads.com/books/1442888492i/164760._SX50_.jpg,4.2,17800,4.096801087842849,92524,1030,"4,0 a 4,25",Baixa
247,57727,"L.A. Confidential (L.A. Quartet, #3)",James Ellroy,https://www.goodreads.com/book/show/57727.L_A_Confidential,https://i.gr-assets.com/images/S/compressed.photo.goodreads.com/books/1348575361i/57727._SY75_.jpg,4.19,41482,4.10149205265132,92518,1029,"4,0 a 4,25",Baixa
248,1078,"The Good Earth (House of Earth, #1)",Pearl S. Buck,https://www.goodreads.com/book/show/1078.The_Good_Earth,https://i.gr-assets.com/images/S/compressed.photo.goodreads.com/books/1312497600i/1078._SY75_.jpg,4.01,264764,4.05895868099577,92255,1124,"4,0 a 4,25",Alta
249,378,The Phantom Tollbooth,Norton Juster,https://www.goodreads.com/book/show/378.The_Phantom_Tollbooth,https://i.gr-assets.com/images/S/compressed.photo.goodreads.com/books/1558858485i/378._SX50_.jpg,4.2,313409,4.14010409860186,92224,1081,"4,0 a 4,25",Alta
250,2175,Madame Bovary,Gustave Flaubert,https://www.goodreads.com/book/show/2175.Madame_Bovary,https://i.gr-assets.com/images/S/compressed.photo.goodreads.com/books/1741368185i/2175._SY75_.jpg,3.71,389525,3.9014327673066713,91614,1146,"3,5 a 4,0",Alta
251,3392668,Audition,Ryū Murakami,https://www.goodreads.com/book/show/3392668-audition,https://i.gr-assets.com/images/S/compressed.photo.goodreads.com/books/1356462391i/3392668._SY75_.jpg,3.61,24646,4.063522882273031,91513,1018,"3,5 a 4,0",Baixa
252,2247142,"The Talented Mr. Ripley (Ripley, #1)",Patricia Highsmith,https://www.goodreads.com/book/show/2247142.The_Talented_Mr_Ripley,https://i.gr-assets.com/images/S/compressed.photo.goodreads.com/books/1746213953i/2247142._SX50_.jpg,3.96,128124,4.059504735651975,91313,1025,"3,5 a 4,0",Média
253,29430824,"Hidden Bodies (You, #2)",Caroline Kepnes,https://www.goodreads.com/book/show/29430824-hidden-bodies,https://i.gr-assets.com/images/S/compressed.photo.goodreads.com/books/1550176155i/29430824._SY75_.jpg,3.76,97721,4.025709935363365,91297,1021,"3,5 a 4,0",Média
254,36064,American Tabloid (Underworld USA #1),James Ellroy,https://www.goodreads.com/book/show/36064.American_Tabloid,https://i.gr-assets.com/images/S/compressed.photo.goodreads.com/books/1403181563i/36064._SY75_.jpg,4.19,25275,4.098046805881749,90914,1010,"4,0 a 4,25",Baixa
255,243257,The Tesseract,Alex Garland,https://www.goodreads.com/book/show/243257.The_Tesseract,https://i.gr-assets.com/images/S/compressed.photo.goodreads.com/books/1389670983i/243257._SY75_.jpg,3.61,11759,4.078031255351539,90858,1009,"3,5 a 4,0",Baixa
256,18254,Oliver Twist,Charles Dickens,https://www.goodreads.com/book/show/18254.Oliver_Twist,https://i.gr-assets.com/images/S/compressed.photo.goodreads.com/books/1327868529i/18254._SY75_.jpg,3.88,437565,3.9801028381524914,90289,1213,"3,5 a 4,0",Muito alta
257,295,Treasure Island,Robert Louis Stevenson,https://www.goodreads.com/book/show/295.Treasure_Island,https://i.gr-assets.com/images/S/compressed.photo.goodreads.com/books/1485248909i/295._SX50_.jpg,3.85,555054,3.950072652334142,90090,1211,"3,5 a 4,0",Muito alta
258,57773248,Notes on an Execution,Danya Kukafka,https://www.goodreads.com/book/show/57773248-notes-on-an-execution,https://i.gr-assets.com/images/S/compressed.photo.goodreads.com/books/1631888297i/57773248._SY75_.jpg,4.02,162111,4.070974162933558,90084,1005,"4,0 a 4,25",Alta
259,165662,City of God,Paulo Lins,https://www.goodreads.com/book/show/165662.City_of_God,https://i.gr-assets.com/images/S/compressed.photo.goodreads.com/books/1328856919i/165662._SY75_.jpg,4.1,6765,4.092238264196614,90052,1004,"4,0 a 4,25",Baixa
260,2848807,Kill Your Friends,John Niven,https://www.goodreads.com/book/show/2848807-kill-your-friends,https://i.gr-assets.com/images/S/compressed.photo.goodreads.com/books/1332136711i/2848807._SY75_.jpg,3.9,15649,4.084712764183098,89942,1001,"3,5 a 4,0",Baixa
261,45794,Clockers,Richard Price,https://www.goodreads.com/book/show/45794.Clockers,https://i.gr-assets.com/images/S/compressed.photo.goodreads.com/books/1170298592i/45794._SX50_.jpg,4.12,13956,4.09306518827736,89877,999,"4,0 a 4,25",Baixa
262,62291,"A Storm of Swords (A Song of Ice and Fire, #3)",George R.R. Martin,https://www.goodreads.com/book/show/62291.A_Storm_of_Swords,https://i.gr-assets.com/images/S/compressed.photo.goodreads.com/books/1571318786i/62291._SY75_.jpg,4.55,870702,4.408078333134607,89657,1040,"Acima de 4,5",Muito alta
263,40605251,"The Mists of Avalon (Avalon, #1)",Marion Zimmer Bradley,https://www.goodreads.com/book/show/40605251-the-mists-of-avalon,https://i.gr-assets.com/images/S/compressed.photo.goodreads.com/books/1529610467i/40605251._SX50_.jpg,4.13,215030,4.105548369498479,89513,1061,"4,0 a 4,25",Alta
264,6347010,Tokyo: The Devil of Nanking,Mo Hayder,https://www.goodreads.com/book/show/6347010-tokyo,https://i.gr-assets.com/images/S/compressed.photo.goodreads.com/books/1237528797i/6347010._SX50_.jpg,4.0,17198,4.0882242864660485,89363,989,"3,5 a 4,0",Baixa
265,8008928,Savages (Savages #2),Don Winslow,https://www.goodreads.com/book/show/8008928-savages,https://i.gr-assets.com/images/S/compressed.photo.goodreads.com/books/1368577399i/8008928._SY75_.jpg,3.9,26332,4.0799853416025265,89166,990,"3,5 a 4,0",Baixa
266,26050,Angels Fall,Nora Roberts,https://www.goodreads.com/book/show/26050.Angels_Fall,https://i.gr-assets.com/images/S/compressed.photo.goodreads.com/books/1442931263i/26050._SY75_.jpg,4.07,58801,4.089214935698103,89107,990,"4,0 a 4,25",Média
267,29421,Layer Cake,J.J. Connolly,https://www.goodreads.com/book/show/29421.Layer_Cake,https://i.gr-assets.com/images/S/compressed.photo.goodreads.com/books/1442637049i/29421._SY75_.jpg,4.14,6339,4.092867959878692,89072,990,"4,0 a 4,25",Baixa
268,39999,The Boy in the Striped Pajamas,John Boyne,https://www.goodreads.com/book/show/39999.The_Boy_in_the_Striped_Pajamas,https://i.gr-assets.com/images/S/compressed.photo.goodreads.com/books/1366228171i/39999._SY75_.jpg,4.16,1005027,4.140980824293827,89024,1086,"4,0 a 4,25",Muito alta
269,400,Libra,Don DeLillo,https://www.goodreads.com/book/show/400.Libra,https://i.gr-assets.com/images/S/compressed.photo.goodreads.com/books/1327935630i/400._SY75_.jpg,4.09,25735,4.091974095024,88889,987,"4,0 a 4,25",Baixa
270,50275,Last Exit to Brooklyn,Hubert Selby Jr.,https://www.goodreads.com/book/show/50275.Last_Exit_to_Brooklyn,https://i.gr-assets.com/images/S/compressed.photo.goodreads.com/books/1362815242i/50275._SX50_.jpg,3.96,34136,4.0814988153641645,88693,990,"3,5 a 4,0",Baixa
271,40604658,"Jurassic Park (Jurassic Park, #1)",Michael Crichton,https://www.goodreads.com/book/show/40604658-jurassic-park,https://i.gr-assets.com/images/S/compressed.photo.goodreads.com/books/1529604411i/40604658._SY75_.jpg,4.14,1099596,4.1274344296293615,88348,1091,"4,0 a 4,25",Muito alta
272,61897971,The Quiet Tenant,Clémence Michallon,https://www.goodreads.com/book/show/61897971-the-quiet-tenant,https://i.gr-assets.com/images/S/compressed.photo.goodreads.com/books/1684817278i/61897971._SY75_.jpg,3.81,158875,4.010607855992051,88216,979,"3,5 a 4,0",Alta
273,338798,Ulysses,James Joyce,https://www.goodreads.com/book/show/338798.Ulysses,https://i.gr-assets.com/images/S/compressed.photo.goodreads.com/books/1756682514i/338798._SY75_.jpg,3.76,141658,4.003795821869537,87578,1038,"3,5 a 4,0",Média
274,130739876,"We Need to Talk About Kevin by Shriver, Lionel. (Harper Perennial,2006) [Paperback]",Lionel Shriver,https://www.goodreads.com/book/show/130739876-we-need-to-talk-about-kevin-by-shriver-lionel-harper-perennial-2006,https://i.gr-assets.com/images/S/compressed.photo.goodreads.com/books/1696950991i/130739876._SX50_.jpg,4.08,223058,4.087707771896823,87516,972,"4,0 a 4,25",Alta
275,62898932,Penance,Eliza  Clark,https://www.goodreads.com/book/show/62898932-penance,https://i.gr-assets.com/images/S/compressed.photo.goodreads.com/books/1682653172i/62898932._SY75_.jpg,3.86,55145,4.063420368273234,87430,977,"3,5 a 4,0",Média
276,71728,Jonathan Livingston Seagull,Richard Bach,https://www.goodreads.com/book/show/71728.Jonathan_Livingston_Seagull,https://i.gr-assets.com/images/S/compressed.photo.goodreads.com/books/1432222358i/71728._SX50_.jpg,3.86,279537,3.9953549117928953,87272,1071,"3,5 a 4,0",Alta
277,128765450,"The Black Dahlia Ellroy, James ( Author ) Aug-01-2006 Paperback",James Ellroy,https://www.goodreads.com/book/show/128765450-the-black-dahlia-ellroy-james-author-aug-01-2006-paperback,https://i.gr-assets.com/images/S/compressed.photo.goodreads.com/books/1699894347i/128765450._SX50_.jpg,3.8,101571,4.031880332096659,87202,969,"3,5 a 4,0",Média
278,112525,Winter's Bone,Daniel Woodrell,https://www.goodreads.com/book/show/112525.Winter_s_Bone,https://i.gr-assets.com/images/S/compressed.photo.goodreads.com/books/1387668411i/112525._SY75_.jpg,3.89,44297,4.071541164880382,87154,971,"3,5 a 4,0",Baixa
279,21727,A Simple Plan,Scott        Smith,https://www.goodreads.com/book/show/21727.A_Simple_Plan,https://i.gr-assets.com/images/S/compressed.photo.goodreads.com/books/1388264590i/21727._SY75_.jpg,3.94,38678,4.07841474175453,86647,969,"3,5 a 4,0",Baixa
280,6149,Beloved,Toni Morrison,https://www.goodreads.com/book/show/6149.Beloved,https://i.gr-assets.com/images/S/compressed.photo.goodreads.com/books/1722944318i/6149._SY75_.jpg,3.99,513821,4.034127341888774,85647,1044,"3,5 a 4,0",Muito alta
281,131313317,No Country for Old Men,Cormac McCarthy,https://www.goodreads.com/book/show/131313317-no-country-for-old-men,https://i.gr-assets.com/images/S/compressed.photo.goodreads.com/books/1699773012i/131313317._SY75_.jpg,4.17,268356,4.123803566298056,85556,953,"4,0 a 4,25",Alta
282,10818853,"Fifty Shades of Grey (Fifty Shades, #1)",E.L. James,https://www.goodreads.com/book/show/10818853-fifty-shades-of-grey,https://i.gr-assets.com/images/S/compressed.photo.goodreads.com/books/1385207843i/10818853._SX50_.jpg,3.67,2926402,3.7197596404677613,84694,956,"3,5 a 4,0",Muito alta
283,23955,Trainspotting,Irvine Welsh,https://www.goodreads.com/book/show/23955.Trainspotting,https://i.gr-assets.com/images/S/compressed.photo.goodreads.com/books/1375258001i/23955._SY75_.jpg,4.12,186161,4.101100485884814,84653,946,"4,0 a 4,25",Alta
284,70241,Crash,J.G. Ballard,https://www.goodreads.com/book/show/70241.Crash,https://i.gr-assets.com/images/S/compressed.photo.goodreads.com/books/1281416649i/70241._SY75_.jpg,3.65,34532,4.056233985936747,84121,938,"3,5 a 4,0",Baixa
285,7736182,"The Lost Hero (The Heroes of Olympus, #1)",Rick Riordan,https://www.goodreads.com/book/show/7736182-the-lost-hero,https://i.gr-assets.com/images/S/compressed.photo.goodreads.com/books/1464201003i/7736182._SY75_.jpg,4.29,967787,4.233045733404152,84034,1012,"4,25 a 4,5",Muito alta
286,607639,The Beach,Alex Garland,https://www.goodreads.com/book/show/607639.The_Beach,https://i.gr-assets.com/images/S/compressed.photo.goodreads.com/books/1348547768i/607639._SY75_.jpg,4.0,105043,4.072603058003169,83649,936,"3,5 a 4,0",Média
287,40611463,"The Clan of the Cave Bear (Earth's Children, #1)",Jean M. Auel,https://www.goodreads.com/book/show/40611463-the-clan-of-the-cave-bear,https://i.gr-assets.com/images/S/compressed.photo.goodreads.com/books/1760432374i/40611463._SY75_.jpg,4.11,287947,4.099692938024993,81810,1014,"4,0 a 4,25",Alta
288,36381037,"Cinder (The Lunar Chronicles, #1)",Marissa Meyer,https://www.goodreads.com/book/show/36381037-cinder,https://i.gr-assets.com/images/S/compressed.photo.goodreads.com/books/1507557775i/36381037._SY75_.jpg,4.12,1035205,4.112351049849583,81629,938,"4,0 a 4,25",Muito alta
289,7260188,"Mockingjay (The Hunger Games, #3)",Suzanne Collins,https://www.goodreads.com/book/show/7260188-mockingjay,https://i.gr-assets.com/images/S/compressed.photo.goodreads.com/books/1586722918i/7260188._SY75_.jpg,4.13,3870582,4.126522391148384,80996,1005,"4,0 a 4,25",Muito alta
290,143416043,In Cold Blood,Truman Capote,https://www.goodreads.com/book/show/143416043-in-cold-blood,https://i.gr-assets.com/images/S/compressed.photo.goodreads.com/books/1699706922i/143416043._SX50_.jpg,4.09,755215,4.090717819897701,80499,896,"4,0 a 4,25",Muito alta
291,3008,A Little Princess,Frances Hodgson Burnett,https://www.goodreads.com/book/show/3008.A_Little_Princess,https://i.gr-assets.com/images/S/compressed.photo.goodreads.com/books/1327868556i/3008._SY75_.jpg,4.23,335319,4.155759237799848,79862,1014,"4,0 a 4,25",Alta
292,10799,A Farewell to Arms,Ernest Hemingway,https://www.goodreads.com/book/show/10799.A_Farewell_to_Arms,https://i.gr-assets.com/images/S/compressed.photo.goodreads.com/books/1313714836i/10799._SY75_.jpg,3.82,366885,3.9603950460795887,79857,1025,"3,5 a 4,0",Alta
293,58696,David Copperfield,Charles Dickens,https://www.goodreads.com/book/show/58696.David_Copperfield,https://i.gr-assets.com/images/S/compressed.photo.goodreads.com/books/1461452762i/58696._SY75_.jpg,4.05,266327,4.075046957383755,79647,1050,"4,0 a 4,25",Alta
294,2696,The Canterbury Tales,Geoffrey Chaucer,https://www.goodreads.com/book/show/2696.The_Canterbury_Tales,https://i.gr-assets.com/images/S/compressed.photo.goodreads.com/books/1261208589i/2696._SY75_.jpg,3.53,241839,3.8773237387488693,79170,1055,"3,5 a 4,0",Alta
295,29844228,Thirteen Reasons Why,Jay Asher,https://www.goodreads.com/book/show/29844228-thirteen-reasons-why,https://i.gr-assets.com/images/S/compressed.photo.goodreads.com/books/1555345043i/29844228._SY75_.jpg,3.83,1037416,3.901756431296046,78984,908,"3,5 a 4,0",Muito alta
296,7069,The World According to Garp,John Irving,https://www.goodreads.com/book/show/7069.The_World_According_to_Garp,https://i.gr-assets.com/images/S/compressed.photo.goodreads.com/books/1447234581i/7069._SY75_.jpg,4.11,242594,4.098955246990668,78677,980,"4,0 a 4,25",Alta
297,1375,The Iliad / The Odyssey,Homer,https://www.goodreads.com/book/show/1375.The_Iliad_The_Odyssey,https://i.gr-assets.com/images/S/compressed.photo.goodreads.com/books/1388181863i/1375._SX50_.jpg,4.08,86830,4.089904864868597,78099,1017,"4,0 a 4,25",Média
298,6294,"Howl's Moving Castle (Howl's Moving Castle, #1)",Diana Wynne Jones,https://www.goodreads.com/book/show/6294.Howl_s_Moving_Castle,https://i.gr-assets.com/images/S/compressed.photo.goodreads.com/books/1630502935i/6294._SX50_.jpg,4.28,472481,4.194907638507612,77165,908,"4,25 a 4,5",Muito alta
299,7332,The Silmarillion,J.R.R. Tolkien,https://www.goodreads.com/book/show/7332.The_Silmarillion,https://i.gr-assets.com/images/S/compressed.photo.goodreads.com/books/1610045590i/7332._SX50_.jpg,4.04,349147,4.067527840449105,76636,921,"4,0 a 4,25",Alta
300,18116,His Dark Materials (His Dark Materials #1-3),Philip Pullman,https://www.goodreads.com/book/show/18116.His_Dark_Materials,https://i.gr-assets.com/images/S/compressed.photo.goodreads.com/books/1442329494i/18116._SY75_.jpg,4.29,170291,4.152135356647356,76240,890,"4,25 a 4,5",Alta
301,23807,"The Silence of the Lambs  (Hannibal Lecter, #2)",Thomas  Harris,https://www.goodreads.com/book/show/23807.The_Silence_of_the_Lambs,https://i.gr-assets.com/images/S/compressed.photo.goodreads.com/books/1647930822i/23807._SY75_.jpg,4.26,601454,4.193845244610327,76153,966,"4,25 a 4,5",Muito alta
302,17690,The Trial,Franz Kafka,https://www.goodreads.com/book/show/17690.The_Trial,https://i.gr-assets.com/images/S/compressed.photo.goodreads.com/books/1320399438i/17690._SY75_.jpg,3.93,421240,4.008042760692744,75581,922,"3,5 a 4,0",Muito alta
303,144974,The Velveteen Rabbit,Margery Williams Bianco,https://www.goodreads.com/book/show/144974.The_Velveteen_Rabbit,https://i.gr-assets.com/images/S/compressed.photo.goodreads.com/books/1347748913i/144974._SX50_.jpg,4.31,277304,4.182506170881368,75508,1000,"4,25 a 4,5",Alta
304,52382796,"Shōgun (Asian Saga, #1)",James Clavell,https://www.goodreads.com/book/show/52382796-sh-gun,https://i.gr-assets.com/images/S/compressed.photo.goodreads.com/books/1704385704i/52382796._SY75_.jpg,4.41,220766,4.206806951900946,74782,919,"4,25 a 4,5",Alta
305,375013,Schindler’s List,Thomas Keneally,https://www.goodreads.com/book/show/375013.Schindler_s_List,https://i.gr-assets.com/images/S/compressed.photo.goodreads.com/books/1722260788i/375013._SY75_.jpg,4.34,167553,4.166456325630165,74532,979,"4,25 a 4,5",Alta
306,37442,"Wicked: The Life and Times of the Wicked Witch of the West (The Wicked Years, #1)",Gregory Maguire,https://www.goodreads.com/book/show/37442.Wicked,https://i.gr-assets.com/images/S/compressed.photo.goodreads.com/books/1437733293i/37442._SY75_.jpg,3.5,696993,3.7128168944412088,74330,900,"Até 3,5",Muito alta
307,10025305,"Clockwork Prince (The Infernal Devices, #2)",Cassandra Clare,https://www.goodreads.com/book/show/10025305-clockwork-prince,https://i.gr-assets.com/images/S/compressed.photo.goodreads.com/books/1460477747i/10025305._SY75_.jpg,4.42,594981,4.289953566699043,74086,872,"4,25 a 4,5",Muito alta
308,4069,Man's Search for Meaning,Viktor E. Frankl,https://www.goodreads.com/book/show/4069.Man_s_Search_for_Meaning,https://i.gr-assets.com/images/S/compressed.photo.goodreads.com/books/1535419394i/4069._SY75_.jpg,4.37,937049,4.288170814182877,72031,839,"4,25 a 4,5",Muito alta
309,11566,The Green Mile,Stephen  King,https://www.goodreads.com/book/show/11566.The_Green_Mile,https://i.gr-assets.com/images/S/compressed.photo.goodreads.com/books/1373903563i/11566._SY75_.jpg,4.49,378692,4.287850123816412,71408,908,"4,25 a 4,5",Alta
310,4588,Extremely Loud & Incredibly Close,Jonathan Safran Foer,https://www.goodreads.com/book/show/4588.Extremely_Loud_Incredibly_Close,https://i.gr-assets.com/images/S/compressed.photo.goodreads.com/books/1327879967i/4588._SY75_.jpg,3.97,439983,4.0274595196794465,71239,813,"3,5 a 4,0",Muito alta
311,22299763,"Crooked Kingdom (Six of Crows, #2)",Leigh Bardugo,https://www.goodreads.com/book/show/22299763-crooked-kingdom,https://i.gr-assets.com/images/S/compressed.photo.goodreads.com/books/1456172607i/22299763._SY75_.jpg,4.56,807168,4.407289539336469,71178,775,"Acima de 4,5",Muito alta
312,37470,"The Other Boleyn Girl (The Plantagenet and Tudor Novels, #9)",Philippa Gregory,https://www.goodreads.com/book/show/37470.The_Other_Boleyn_Girl,https://i.gr-assets.com/images/S/compressed.photo.goodreads.com/books/1355932638i/37470._SY75_.jpg,4.09,519020,4.090904112976503,70142,866,"4,0 a 4,25",Muito alta
313,33,"The Lord of the Rings (The Lord of the Rings, #1-3)",J.R.R. Tolkien,https://www.goodreads.com/book/show/33.The_Lord_of_the_Rings,https://i.gr-assets.com/images/S/compressed.photo.goodreads.com/books/1566425108i/33._SX50_.jpg,4.55,748486,4.392857549939922,69645,837,"Acima de 4,5",Muito alta
314,3876,The Sun Also Rises,Ernest Hemingway,https://www.goodreads.com/book/show/3876.The_Sun_Also_Rises,https://i.gr-assets.com/images/S/compressed.photo.goodreads.com/books/1509802323i/3876._SY75_.jpg,3.78,510942,3.9153157294513914,69086,882,"3,5 a 4,0",Muito alta
315,6487308,"Fallen (Fallen, #1)",Lauren Kate,https://www.goodreads.com/book/show/6487308-fallen,https://i.gr-assets.com/images/S/compressed.photo.goodreads.com/books/1440619649i/6487308._SY75_.jpg,3.72,625189,3.863192997132897,68931,798,"3,5 a 4,0",Muito alta
316,10614,Misery,Stephen  King,https://www.goodreads.com/book/show/10614.Misery,https://i.gr-assets.com/images/S/compressed.photo.goodreads.com/books/1746142586i/10614._SY75_.jpg,4.22,858499,4.179972411843261,68371,875,"4,0 a 4,25",Muito alta
317,6527740,"Last Sacrifice (Vampire Academy, #6)",Richelle Mead,https://www.goodreads.com/book/show/6527740-last-sacrifice,https://i.gr-assets.com/images/S/compressed.photo.goodreads.com/books/1319850978i/6527740._SX50_.jpg,4.36,302255,4.208891437370712,68045,801,"4,25 a 4,5",Alta
318,310612,A Confederacy of Dunces,John Kennedy Toole,https://www.goodreads.com/book/show/310612.A_Confederacy_of_Dunces,https://i.gr-assets.com/images/S/compressed.photo.goodreads.com/books/1562554946i/310612._SY75_.jpg,3.89,308176,4.003032850806231,67736,786,"3,5 a 4,0",Alta
319,8130077,"The Screwtape Letters (Screwtape, #1)",C.S. Lewis,https://www.goodreads.com/book/show/8130077-the-screwtape-letters,https://i.gr-assets.com/images/S/compressed.photo.goodreads.com/books/1760782828i/8130077._SY75_.jpg,4.27,550953,4.196147336969615,67388,826,"4,25 a 4,5",Muito alta
320,5659,The Wind in the Willows,Kenneth Grahame,https://www.goodreads.com/book/show/5659.The_Wind_in_the_Willows,https://i.gr-assets.com/images/S/compressed.photo.goodreads.com/books/1731896433i/5659._SY75_.jpg,4.03,248189,4.0679928487121435,66445,882,"4,0 a 4,25",Alta
321,17250,The Crucible,Arthur Miller,https://www.goodreads.com/book/show/17250.The_Crucible,https://i.gr-assets.com/images/S/compressed.photo.goodreads.com/books/1547467608i/17250._SX50_.jpg,3.61,476455,3.82733005688584,66331,884,"3,5 a 4,0",Muito alta
322,7235533,"The Way of Kings (The Stormlight Archive, #1)",Brandon Sanderson,https://www.goodreads.com/book/show/7235533-the-way-of-kings,https://i.gr-assets.com/images/S/compressed.photo.goodreads.com/books/1659905828i/7235533._SY75_.jpg,4.66,724845,4.460978520656953,65913,697,"Acima de 4,5",Muito alta
323,135479,Cat’s Cradle,Kurt Vonnegut Jr.,https://www.goodreads.com/book/show/135479.Cat_s_Cradle,https://i.gr-assets.com/images/S/compressed.photo.goodreads.com/books/1327867150i/135479._SY75_.jpg,4.15,448971,4.123046885382954,65589,804,"4,0 a 4,25",Muito alta
324,514811,The Secret Magdalene,Ki Longfellow,https://www.goodreads.com/book/show/514811.The_Secret_Magdalene,https://i.gr-assets.com/images/S/compressed.photo.goodreads.com/books/1175446011i/514811._SY75_.jpg,4.13,4804,4.0925638620785465,65419,671,"4,0 a 4,25",Baixa
325,30118,A Light in the Attic,Shel Silverstein,https://www.goodreads.com/book/show/30118.A_Light_in_the_Attic,https://i.gr-assets.com/images/S/compressed.photo.goodreads.com/books/1427169918i/30118._SX50_.jpg,4.37,483210,4.245693782529439,65011,859,"4,25 a 4,5",Muito alta
326,34,"The Fellowship of the Ring (The Lord of the Rings, #1)",J.R.R. Tolkien,https://www.goodreads.com/book/show/34.The_Fellowship_of_the_Ring,https://i.gr-assets.com/images/S/compressed.photo.goodreads.com/books/1298411339i/34._SX50_.jpg,4.41,3235588,4.375719779039097,64814,797,"4,25 a 4,5",Muito alta
327,480204,The Phantom of the Opera,Gaston Leroux,https://www.goodreads.com/book/show/480204.The_Phantom_of_the_Opera,https://i.gr-assets.com/images/S/compressed.photo.goodreads.com/books/1327867727i/480204._SY75_.jpg,3.96,289078,4.035957754565387,64563,826,"3,5 a 4,0",Alta
328,9777,The God of Small Things,Arundhati Roy,https://www.goodreads.com/book/show/9777.The_God_of_Small_Things,https://i.gr-assets.com/images/S/compressed.photo.goodreads.com/books/1767305433i/9777._SY75_.jpg,3.96,341575,4.030515151758517,64310,754,"3,5 a 4,0",Alta
329,10572,"A Clash of Kings  (A Song of Ice and Fire, #2)",George R.R. Martin,https://www.goodreads.com/book/show/10572.A_Clash_of_Kings,https://i.gr-assets.com/images/S/compressed.photo.goodreads.com/books/1567840212i/10572._SY75_.jpg,4.42,1050809,4.331065451708773,64267,790,"4,25 a 4,5",Muito alta
330,40495148,Blindness,José Saramago,https://www.goodreads.com/book/show/40495148-blindness,https://i.gr-assets.com/images/S/compressed.photo.goodreads.com/books/1528481068i/40495148._SY75_.jpg,4.19,363502,4.1392630316529235,64119,742,"4,0 a 4,25",Alta
331,561909,The Hiding Place: The Triumphant True Story of Corrie Ten Boom,Corrie ten Boom,https://www.goodreads.com/book/show/561909.The_Hiding_Place,https://i.gr-assets.com/images/S/compressed.photo.goodreads.com/books/1320418824i/561909._SY75_.jpg,4.48,367342,4.279981397443576,63721,763,"4,25 a 4,5",Alta
332,6752378,"City of Fallen Angels (The Mortal Instruments, #4)",Cassandra Clare,https://www.goodreads.com/book/show/6752378-city-of-fallen-angels,https://i.gr-assets.com/images/S/compressed.photo.goodreads.com/books/1369452302i/6752378._SY75_.jpg,4.07,650785,4.078297085203157,63648,789,"4,0 a 4,25",Muito alta
333,6479259,"Spirit Bound (Vampire Academy, #5)",Richelle Mead,https://www.goodreads.com/book/show/6479259-spirit-bound,https://i.gr-assets.com/images/S/compressed.photo.goodreads.com/books/1291168967i/6479259._SY75_.jpg,4.32,310330,4.19293360045879,63571,755,"4,25 a 4,5",Alta
334,60288648,The Chain Between Worlds (The Lost Artefacts #1),Johnathon Nicolaou,https://www.goodreads.com/book/show/60288648-the-chain-between-worlds,https://i.gr-assets.com/images/S/compressed.photo.goodreads.com/books/1643771474i/60288648._SX50_.jpg,4.37,1311,4.093032464107617,63350,634,"4,25 a 4,5",Baixa
335,26032825,"The Cruel Prince (The Folk of the Air, #1)",Holly Black,https://www.goodreads.com/book/show/26032825-the-cruel-prince,https://i.gr-assets.com/images/S/compressed.photo.goodreads.com/books/1574535986i/26032825._SY75_.jpg,4.0,1868235,4.015942924931143,62996,692,"3,5 a 4,0",Muito alta
336,9328,The House of the Spirits,Isabel Allende,https://www.goodreads.com/book/show/9328.The_House_of_the_Spirits,https://i.gr-assets.com/images/S/compressed.photo.goodreads.com/books/1621672028i/9328._SY75_.jpg,4.31,347072,4.194556507982934,62386,775,"4,25 a 4,5",Alta
337,24337,"Ella Enchanted (Ella Enchanted, #1)",Gail Carson Levine,https://www.goodreads.com/book/show/24337.Ella_Enchanted,https://i.gr-assets.com/images/S/compressed.photo.goodreads.com/books/1410727190i/24337._SY75_.jpg,4.02,427414,4.05445163991339,61997,766,"4,0 a 4,25",Muito alta
338,2865,Girl with a Pearl Earring,Tracy Chevalier,https://www.goodreads.com/book/show/2865.Girl_with_a_Pearl_Earring,https://i.gr-assets.com/images/S/compressed.photo.goodreads.com/books/1327197580i/2865._SY75_.jpg,3.93,796386,3.983387392866369,61667,808,"3,5 a 4,0",Muito alta
339,6442769,Paper Towns,John  Green,https://www.goodreads.com/book/show/6442769-paper-towns,https://i.gr-assets.com/images/S/compressed.photo.goodreads.com/books/1349013610i/6442769._SX50_.jpg,3.7,1520206,3.7802309367749243,61638,721,"3,5 a 4,0",Muito alta
340,11297,Norwegian Wood,Haruki Murakami,https://www.goodreads.com/book/show/11297.Norwegian_Wood,https://i.gr-assets.com/images/S/compressed.photo.goodreads.com/books/1713542603i/11297._SY75_.jpg,3.98,771254,4.0177186661570605,61118,699,"3,5 a 4,0",Muito alta
341,4406,East of Eden,John Steinbeck,https://www.goodreads.com/book/show/4406.East_of_Eden,https://i.gr-assets.com/images/S/compressed.photo.goodreads.com/books/1639969375i/4406._SY75_.jpg,4.46,721536,4.330685891074352,61072,709,"4,25 a 4,5",Muito alta
342,10429045,"Shatter Me (Shatter Me, #1)",Tahereh Mafi,https://www.goodreads.com/book/show/10429045-shatter-me,https://i.gr-assets.com/images/S/compressed.photo.goodreads.com/books/1310649047i/10429045._SY75_.jpg,3.84,1317573,3.897702165460966,60567,679,"3,5 a 4,0",Muito alta
343,39832183,The Guernsey Literary and Potato Peel Pie Society,Mary Ann Shaffer,https://www.goodreads.com/book/show/39832183-the-guernsey-literary-and-potato-peel-pie-society,https://i.gr-assets.com/images/S/compressed.photo.goodreads.com/books/1529026760i/39832183._SY75_.jpg,4.2,830750,4.16546489879879,60372,743,"4,0 a 4,25",Muito alta
344,11275,The Wind-Up Bird Chronicle,Haruki Murakami,https://www.goodreads.com/book/show/11275.The_Wind_Up_Bird_Chronicle,https://i.gr-assets.com/images/S/compressed.photo.goodreads.com/books/1327872639i/11275._SY75_.jpg,4.14,325496,4.113860157196001,60307,678,"4,0 a 4,25",Alta
345,12691,Marley and Me: Life and Love With the World’s Worst Dog,John Grogan,https://www.goodreads.com/book/show/12691.Marley_and_Me,https://i.gr-assets.com/images/S/compressed.photo.goodreads.com/books/1308858322i/12691._SY75_.jpg,4.15,478915,4.12397457274705,59931,752,"4,0 a 4,25",Muito alta
346,24770,"Uglies (Uglies, #1)",Scott Westerfeld,https://www.goodreads.com/book/show/24770.Uglies,https://i.gr-assets.com/images/S/compressed.photo.goodreads.com/books/1654202671i/24770._SX50_.jpg,3.84,715832,3.9290702735134273,59816,715,"3,5 a 4,0",Muito alta
347,39280444,Speak,Laurie Halse Anderson,https://www.goodreads.com/book/show/39280444-speak,https://i.gr-assets.com/images/S/compressed.photo.goodreads.com/books/1529044298i/39280444._SY75_.jpg,4.06,644430,4.072124699234653,58450,709,"4,0 a 4,25",Muito alta
348,133518,The Things They Carried,Tim O'Brien,https://www.goodreads.com/book/show/133518.The_Things_They_Carried,https://i.gr-assets.com/images/S/compressed.photo.goodreads.com/books/1424663847i/133518._SY75_.jpg,4.15,355960,4.119691062901188,57658,691,"4,0 a 4,25",Alta
349,24812,The Complete Calvin and Hobbes,Bill Watterson,https://www.goodreads.com/book/show/24812.The_Complete_Calvin_and_Hobbes,https://i.gr-assets.com/images/S/compressed.photo.goodreads.com/books/1770915121i/24812._SX50_.jpg,4.81,42654,4.162702761072291,57629,720,"Acima de 4,5",Baixa
350,40874325,The Shack: Where Tragedy Confronts Eternity,William Paul Young,https://www.goodreads.com/book/show/40874325-the-shack,https://i.gr-assets.com/images/S/compressed.photo.goodreads.com/books/1532013572i/40874325._SY75_.jpg,3.84,705660,3.9298963783355365,57546,686,"3,5 a 4,0",Muito alta
351,5203,She’s Come Undone,Wally Lamb,https://www.goodreads.com/book/show/5203.She_s_Come_Undone,https://i.gr-assets.com/images/S/compressed.photo.goodreads.com/books/1543505339i/5203._SX50_.jpg,3.92,371856,4.008220368723881,57454,698,"3,5 a 4,0",Alta
352,10975,The Sound and the Fury,William Faulkner,https://www.goodreads.com/book/show/10975.The_Sound_and_the_Fury,https://i.gr-assets.com/images/S/compressed.photo.goodreads.com/books/1757102364i/10975._SY75_.jpg,3.86,201485,4.013183687038949,57368,715,"3,5 a 4,0",Alta
353,6068551,"Shiver (The Wolves of Mercy Falls, #1)",Maggie Stiefvater,https://www.goodreads.com/book/show/6068551-shiver,https://i.gr-assets.com/images/S/compressed.photo.goodreads.com/books/1409283154i/6068551._SX50_.jpg,3.76,500267,3.9057113471122804,57291,667,"3,5 a 4,0",Muito alta
354,61431922,"Fourth Wing (The Empyrean, #1)",Rebecca Yarros,https://www.goodreads.com/book/show/61431922-fourth-wing,https://i.gr-assets.com/images/S/compressed.photo.goodreads.com/books/1761312598i/61431922._SY75_.jpg,4.56,3950142,4.517849405768916,57174,612,"Acima de 4,5",Muito alta
355,11387515,"Wonder (Wonder, #1)",R.J. Palacio,https://www.goodreads.com/book/show/11387515-wonder,https://i.gr-assets.com/images/S/compressed.photo.goodreads.com/books/1545695751i/11387515._SY75_.jpg,4.35,1224780,4.28758239309792,57145,666,"4,25 a 4,5",Muito alta
356,4929,Kafka on the Shore,Haruki Murakami,https://www.goodreads.com/book/show/4929.Kafka_on_the_Shore,https://i.gr-assets.com/images/S/compressed.photo.goodreads.com/books/1429638085i/4929._SY75_.jpg,4.11,576000,4.10276298168276,56874,645,"4,0 a 4,25",Muito alta
357,30183,"Marked (House of Night, #1)",P.C. Cast,https://www.goodreads.com/book/show/30183.Marked,https://i.gr-assets.com/images/S/compressed.photo.goodreads.com/books/1317067002i/30183._SX50_.jpg,3.82,529094,3.935646116564272,56867,669,"3,5 a 4,0",Muito alta
358,7745,Fear and Loathing in Las Vegas: A Savage Journey to the Heart of the American Dream,Hunter S. Thompson,https://www.goodreads.com/book/show/7745.Fear_and_Loathing_in_Las_Vegas,https://i.gr-assets.com/images/S/compressed.photo.goodreads.com/books/1703312483i/7745._SY75_.jpg,4.06,388575,4.076103589818968,56803,689,"4,0 a 4,25",Alta
359,188572,The Complete Sherlock Holmes,Arthur Conan Doyle,https://www.goodreads.com/book/show/188572.The_Complete_Sherlock_Holmes,https://i.gr-assets.com/images/S/compressed.photo.goodreads.com/books/1348815538i/188572._SY75_.jpg,4.51,220264,4.242669527133422,56709,739,"Acima de 4,5",Alta
360,12505,The Idiot,Fyodor Dostoevsky,https://www.goodreads.com/book/show/12505.The_Idiot,https://i.gr-assets.com/images/S/compressed.photo.goodreads.com/books/1657539107i/12505._SY75_.jpg,4.21,231701,4.135966269721295,56629,714,"4,0 a 4,25",Alta
361,46170,For Whom the Bell Tolls,Ernest Hemingway,https://www.goodreads.com/book/show/46170.For_Whom_the_Bell_Tolls,https://i.gr-assets.com/images/S/compressed.photo.goodreads.com/books/1492591524i/46170._SY75_.jpg,3.99,327356,4.045580270494236,56418,773,"3,5 a 4,0",Alta
362,40916679,"A Good Girl's Guide to Murder (A Good Girl's Guide to Murder, #1)",Holly  Jackson,https://www.goodreads.com/book/show/40916679-a-good-girl-s-guide-to-murder,https://i.gr-assets.com/images/S/compressed.photo.goodreads.com/books/1545494980i/40916679._SY75_.jpg,4.28,1922509,4.248238747339713,56239,603,"4,25 a 4,5",Muito alta
363,12996,Othello,William Shakespeare,https://www.goodreads.com/book/show/12996.Othello,https://i.gr-assets.com/images/S/compressed.photo.goodreads.com/books/1459795105i/12996._SY75_.jpg,3.89,448567,3.9841335028861806,56143,800,"3,5 a 4,0",Muito alta
364,41044096,Island of the Blue Dolphins,Scott O'Dell,https://www.goodreads.com/book/show/41044096-island-of-the-blue-dolphins,https://i.gr-assets.com/images/S/compressed.photo.goodreads.com/books/1533405446i/41044096._SX50_.jpg,3.88,355150,3.9911583667625594,56100,723,"3,5 a 4,0",Alta
365,16096824,"A Court of Thorns and Roses (A Court of Thorns and Roses, #1)",Sarah J. Maas,https://www.goodreads.com/book/show/16096824-a-court-of-thorns-and-roses,https://i.gr-assets.com/images/S/compressed.photo.goodreads.com/books/1546406962i/16096824._SY75_.jpg,4.15,4581796,4.145446898799171,55504,634,"4,0 a 4,25",Muito alta
366,28194,"Inkheart (Inkworld, #1)",Cornelia Funke,https://www.goodreads.com/book/show/28194.Inkheart,https://i.gr-assets.com/images/S/compressed.photo.goodreads.com/books/1538266636i/28194._SX50_.jpg,3.93,447660,4.005584444773907,55433,700,"3,5 a 4,0",Muito alta
367,350,Stranger in a Strange Land,Robert A. Heinlein,https://www.goodreads.com/book/show/350.Stranger_in_a_Strange_Land,https://i.gr-assets.com/images/S/compressed.photo.goodreads.com/books/1156897088i/350._SY75_.jpg,3.92,330728,4.013247084353023,54996,689,"3,5 a 4,0",Alta
368,6334,Never Let Me Go,Kazuo Ishiguro,https://www.goodreads.com/book/show/6334.Never_Let_Me_Go,https://i.gr-assets.com/images/S/compressed.photo.goodreads.com/books/1353048590i/6334._SY75_.jpg,3.85,912242,3.922646789828536,54792,658,"3,5 a 4,0",Muito alta
369,1845,Into the Wild,Jon Krakauer,https://www.goodreads.com/book/show/1845.Into_the_Wild,https://i.gr-assets.com/images/S/compressed.photo.goodreads.com/books/1634587789i/1845._SY75_.jpg,4.02,1224555,4.0374534924706875,54749,691,"4,0 a 4,25",Muito alta
370,9969571,"Ready Player One (Ready Player One, #1)",Ernest Cline,https://www.goodreads.com/book/show/9969571-ready-player-one,https://i.gr-assets.com/images/S/compressed.photo.goodreads.com/books/1500930947i/9969571._SY75_.jpg,4.22,1344125,4.191174793766099,54589,620,"4,0 a 4,25",Muito alta
371,546018,Roots: The Saga of an American Family,Alex Haley,https://www.goodreads.com/book/show/546018.Roots,https://i.gr-assets.com/images/S/compressed.photo.goodreads.com/books/1329398936i/546018._SY75_.jpg,4.45,166432,4.1989452284239235,54566,718,"4,25 a 4,5",Alta
372,68428,"Mistborn: The Final Empire (Mistborn, #1)",Brandon Sanderson,https://www.goodreads.com/book/show/68428.Mistborn,https://i.gr-assets.com/images/S/compressed.photo.goodreads.com/books/1617768316i/68428._SY75_.jpg,4.48,1078658,4.376785290173509,54482,602,"4,25 a 4,5",Muito alta
373,18143977,All the Light We Cannot See,Anthony Doerr,https://www.goodreads.com/book/show/18143977-all-the-light-we-cannot-see,https://i.gr-assets.com/images/S/compressed.photo.goodreads.com/books/1451445646i/18143977._SY75_.jpg,4.3,2068022,4.266937484168972,53652,619,"4,25 a 4,5",Muito alta
374,43814,"The Vampire Lestat (The Vampire Chronicles, #2)",Anne Rice,https://www.goodreads.com/book/show/43814.The_Vampire_Lestat,https://i.gr-assets.com/images/S/compressed.photo.goodreads.com/books/1347515742i/43814._SY75_.jpg,4.12,223103,4.102237256192467,53364,683,"4,0 a 4,25",Alta
375,14497,"Neverwhere (London Below, #1)",Neil Gaiman,https://www.goodreads.com/book/show/14497.Neverwhere,https://i.gr-assets.com/images/S/compressed.photo.goodreads.com/books/1348747943i/14497._SX50_.jpg,4.16,568965,4.132342132026521,53005,648,"4,0 a 4,25",Muito alta
376,12938,King Lear,William Shakespeare,https://www.goodreads.com/book/show/12938.King_Lear,https://i.gr-assets.com/images/S/compressed.photo.goodreads.com/books/1331563731i/12938._SY75_.jpg,3.91,243808,4.022172989201652,52659,719,"3,5 a 4,0",Alta
377,6892870,"The Girl Who Kicked the Hornet’s Nest (Millennium, #3)",Stieg Larsson,https://www.goodreads.com/book/show/6892870-the-girl-who-kicked-the-hornet-s-nest,https://i.gr-assets.com/images/S/compressed.photo.goodreads.com/books/1327708260i/6892870._SX50_.jpg,4.25,789228,4.197683107405584,52570,675,"4,0 a 4,25",Muito alta
378,29579,"Foundation (Foundation, #1)",Isaac Asimov,https://www.goodreads.com/book/show/29579.Foundation,https://i.gr-assets.com/images/S/compressed.photo.goodreads.com/books/1417900846i/29579._SX50_.jpg,4.17,615190,4.139726213246286,52550,643,"4,0 a 4,25",Muito alta
379,12127750,"The Mark of Athena (The Heroes of Olympus, #3)",Rick Riordan,https://www.goodreads.com/book/show/12127750-the-mark-of-athena,https://i.gr-assets.com/images/S/compressed.photo.goodreads.com/books/1464201354i/12127750._SY75_.jpg,4.47,694303,4.3338381576083105,52163,638,"4,25 a 4,5",Muito alta
380,9520360,"The Son of Neptune (The Heroes of Olympus, #2)",Rick Riordan,https://www.goodreads.com/book/show/9520360-the-son-of-neptune,https://i.gr-assets.com/images/S/compressed.photo.goodreads.com/books/1464201114i/9520360._SY75_.jpg,4.4,689139,4.288529904584692,52085,653,"4,25 a 4,5",Muito alta
381,18007564,The Martian,Andy Weir,https://www.goodreads.com/book/show/18007564-the-martian,https://i.gr-assets.com/images/S/compressed.photo.goodreads.com/books/1413706054i/18007564._SY75_.jpg,4.42,1378024,4.347514855408082,52050,611,"4,25 a 4,5",Muito alta
382,27494,Leaves of Grass,Walt Whitman,https://www.goodreads.com/book/show/27494.Leaves_of_Grass,https://i.gr-assets.com/images/S/compressed.photo.goodreads.com/books/1418012204i/27494._SX50_.jpg,4.11,119462,4.096291488612854,51817,691,"4,0 a 4,25",Média
383,11614718,"Delirium (Delirium, #1)",Lauren Oliver,https://www.goodreads.com/book/show/11614718-delirium,https://i.gr-assets.com/images/S/compressed.photo.goodreads.com/books/1327890411i/11614718._SX50_.jpg,3.95,482181,4.013639726460022,51791,596,"3,5 a 4,0",Muito alta
384,32234,White Oleander,Janet Fitch,https://www.goodreads.com/book/show/32234.White_Oleander,https://i.gr-assets.com/images/S/compressed.photo.goodreads.com/books/1501159524i/32234._SY75_.jpg,4.01,371227,4.052121169433211,51351,640,"4,0 a 4,25",Alta
385,11505797,"Beautiful Disaster (Beautiful, #1)",Jamie McGuire,https://www.goodreads.com/book/show/11505797-beautiful-disaster,https://i.gr-assets.com/images/S/compressed.photo.goodreads.com/books/1358259032i/11505797._SY75_.jpg,3.99,712635,4.02617861654869,51348,580,"3,5 a 4,0",Muito alta
386,46787,Uncle Tom’s Cabin,Harriet Beecher Stowe,https://www.goodreads.com/book/show/46787.Uncle_Tom_s_Cabin,https://i.gr-assets.com/images/S/compressed.photo.goodreads.com/books/1414349231i/46787._SY75_.jpg,3.92,247062,4.02547257866363,50269,704,"3,5 a 4,0",Alta
387,2184798,Blood River: A Journey to Africa’s Broken Heart,Tim Butcher,https://www.goodreads.com/book/show/2184798.Blood_River,https://i.gr-assets.com/images/S/compressed.photo.goodreads.com/books/1531681288i/2184798._SY75_.jpg,3.98,12304,4.088684615365356,50012,507,"3,5 a 4,0",Baixa
388,6689,James and the Giant Peach,Roald Dahl,https://www.goodreads.com/book/show/6689.James_and_the_Giant_Peach,https://i.gr-assets.com/images/S/compressed.photo.goodreads.com/books/1320412586i/6689._SX50_.jpg,4.04,528476,4.062159449536964,49694,697,"4,0 a 4,25",Muito alta
389,15997,Paradise Lost,John Milton,https://www.goodreads.com/book/show/15997.Paradise_Lost,https://i.gr-assets.com/images/S/compressed.photo.goodreads.com/books/1526070678i/15997._SY75_.jpg,3.86,188171,4.0167045872507074,49646,665,"3,5 a 4,0",Alta
390,2493,The Time Machine,H.G. Wells,https://www.goodreads.com/book/show/2493.The_Time_Machine,https://i.gr-assets.com/images/S/compressed.photo.goodreads.com/books/1327942880i/2493._SY75_.jpg,3.89,580616,3.971341204339728,49469,693,"3,5 a 4,0",Muito alta
391,43545,"The Once and Future King (The Once and Future King, #1–5)",T.H. White,https://www.goodreads.com/book/show/43545.The_Once_and_Future_King,https://i.gr-assets.com/images/S/compressed.photo.goodreads.com/books/1338741283i/43545._SY75_.jpg,4.06,120880,4.084523865155679,49417,620,"4,0 a 4,25",Média
392,1420,Hamlet,William Shakespeare,https://www.goodreads.com/book/show/1420.Hamlet,https://i.gr-assets.com/images/S/compressed.photo.goodreads.com/books/1351051208i/1420._SY75_.jpg,4.03,1089658,4.046402406500134,49327,618,"4,0 a 4,25",Muito alta
393,19380,Candide,Voltaire,https://www.goodreads.com/book/show/19380.Candide,https://i.gr-assets.com/images/S/compressed.photo.goodreads.com/books/1345060082i/19380._SY75_.jpg,3.76,310165,3.9452125041727526,49136,646,"3,5 a 4,0",Alta
394,4502877,Midnight Sun [2008 Draft],Stephenie Meyer,https://www.goodreads.com/book/show/4502877-midnight-sun-2008-draft,https://i.gr-assets.com/images/S/compressed.photo.goodreads.com/nophoto/book/111x148._SX50_.png,4.01,148948,4.069458489752629,49129,578,"4,0 a 4,25",Média
395,17347634,"Me Before You (Me Before You, #1)",Jojo Moyes,https://www.goodreads.com/book/show/17347634-me-before-you,https://i.gr-assets.com/images/S/compressed.photo.goodreads.com/books/1665087720i/17347634._SY75_.jpg,4.26,1846179,4.230651197921027,48894,569,"4,25 a 4,5",Muito alta
396,32085,"All Creatures Great and Small (All Creatures Great and Small, #1-2)",James Herriot,https://www.goodreads.com/book/show/32085.All_Creatures_Great_and_Small,https://i.gr-assets.com/images/S/compressed.photo.goodreads.com/books/1393644607i/32085._SX50_.jpg,4.36,162540,4.170756788646379,48840,652,"4,25 a 4,5",Alta
397,227711,I Know This Much Is True,Wally Lamb,https://www.goodreads.com/book/show/227711.I_Know_This_Much_Is_True,https://i.gr-assets.com/images/S/compressed.photo.goodreads.com/books/1373532198i/227711._SY75_.jpg,4.21,334435,4.146449544889963,48837,584,"4,0 a 4,25",Alta
398,569564,The Complete Works,William Shakespeare,https://www.goodreads.com/book/show/569564.The_Complete_Works,https://i.gr-assets.com/images/S/compressed.photo.goodreads.com/books/1327884293i/569564._SY75_.jpg,4.48,57585,4.141889371760604,48810,635,"4,25 a 4,5",Média
399,16981,Invisible Man,Ralph Ellison,https://www.goodreads.com/book/show/16981.Invisible_Man,https://i.gr-assets.com/images/S/compressed.photo.goodreads.com/books/1556482805i/16981._SY75_.jpg,3.93,206736,4.03604546275761,48523,618,"3,5 a 4,0",Alta
400,30236962,The Historian,Elizabeth Kostova,https://www.goodreads.com/book/show/30236962-the-historian,https://i.gr-assets.com/images/S/compressed.photo.goodreads.com/books/1717145561i/30236962._SY75_.jpg,3.8,281184,3.969927474849752,48396,584,"3,5 a 4,0",Alta
401,93,"Heidi (Heidi, #1-2)",Johanna Spyri,https://www.goodreads.com/book/show/93.Heidi,https://i.gr-assets.com/images/S/compressed.photo.goodreads.com/books/1388462714i/93._SX50_.jpg,4.05,214998,4.077168192083949,48245,672,"4,0 a 4,25",Alta
402,1215032,"The Wise Man's Fear (The Kingkiller Chronicle, #2)",Patrick Rothfuss,https://www.goodreads.com/book/show/1215032.The_Wise_Man_s_Fear,https://i.gr-assets.com/images/S/compressed.photo.goodreads.com/books/1785688949i/1215032._SY75_.jpg,4.55,639625,4.376260490831646,47906,532,"Acima de 4,5",Muito alta
403,40440,The Thirteenth Tale,Diane Setterfield,https://www.goodreads.com/book/show/40440.The_Thirteenth_Tale,https://i.gr-assets.com/images/S/compressed.photo.goodreads.com/books/1346267826i/40440._SX50_.jpg,3.98,330996,4.040716144645289,47802,580,"3,5 a 4,0",Alta
404,6801755,Flow Down Like Silver,Ki Longfellow,https://www.goodreads.com/book/show/6801755-flow-down-like-silver,https://i.gr-assets.com/images/S/compressed.photo.goodreads.com/books/1348371147i/6801755._SY75_.jpg,4.01,4507,4.091168574856021,47789,494,"4,0 a 4,25",Baixa
405,15195,The Complete Maus,Art Spiegelman,https://www.goodreads.com/book/show/15195.The_Complete_Maus,https://i.gr-assets.com/images/S/compressed.photo.goodreads.com/books/1788759416i/15195._SX50_.jpg,4.58,264879,4.289118229278549,47420,594,"Acima de 4,5",Alta
406,16902,"Walden or, Life in the Woods",Henry David Thoreau,https://www.goodreads.com/book/show/16902.Walden_or_Life_in_the_Woods,https://i.gr-assets.com/images/S/compressed.photo.goodreads.com/books/1630470982i/16902._SY75_.jpg,3.77,208424,3.98012122739311,47295,632,"3,5 a 4,0",Alta
407,8755776,"City of Lost Souls (The Mortal Instruments, #5)",Cassandra Clare,https://www.goodreads.com/book/show/8755776-city-of-lost-souls,https://i.gr-assets.com/images/S/compressed.photo.goodreads.com/books/1460477703i/8755776._SY75_.jpg,4.2,576165,4.156375048841517,47030,588,"4,0 a 4,25",Muito alta
408,28881,"Lamb: The Gospel According to Biff, Christ’s Childhood Pal",Christopher Moore,https://www.goodreads.com/book/show/28881.Lamb,https://i.gr-assets.com/images/S/compressed.photo.goodreads.com/books/1331419009i/28881._SY75_.jpg,4.22,185167,4.133201112538834,46934,526,"4,0 a 4,25",Alta
409,37732,"Are You There God? It’s Me, Margaret",Judy Blume,https://www.goodreads.com/book/show/37732.Are_You_There_God_It_s_Me_Margaret,https://i.gr-assets.com/images/S/compressed.photo.goodreads.com/books/1388356524i/37732._SY75_.jpg,3.95,260780,4.035254617490009,46713,625,"3,5 a 4,0",Alta
410,3236307,"Graceling (Graceling Realm, #1)",Kristin Cashore,https://www.goodreads.com/book/show/3236307-graceling,https://i.gr-assets.com/images/S/compressed.photo.goodreads.com/books/1331548394i/3236307._SY75_.jpg,4.06,484490,4.074339510996684,46402,551,"4,0 a 4,25",Muito alta
411,13188676,"Ignite Me (Shatter Me, #3)",Tahereh Mafi,https://www.goodreads.com/book/show/13188676-ignite-me,https://i.gr-assets.com/images/S/compressed.photo.goodreads.com/books/1375972497i/13188676._SY75_.jpg,4.44,727100,4.318324297210447,46256,515,"4,25 a 4,5",Muito alta
412,39662,Different Seasons,Stephen  King,https://www.goodreads.com/book/show/39662.Different_Seasons,https://i.gr-assets.com/images/S/compressed.photo.goodreads.com/books/1763979040i/39662._SX50_.jpg,4.36,226248,4.190286587815649,45867,614,"4,25 a 4,5",Alta
413,14942,Mrs. Dalloway,Virginia Woolf,https://www.goodreads.com/book/show/14942.Mrs_Dalloway,https://i.gr-assets.com/images/S/compressed.photo.goodreads.com/books/1646148221i/14942._SY75_.jpg,3.77,374526,3.934534434810038,45181,586,"3,5 a 4,0",Alta
414,22822858,A Little Life,Hanya Yanagihara,https://www.goodreads.com/book/show/22822858-a-little-life,https://i.gr-assets.com/images/S/compressed.photo.goodreads.com/books/1446469353i/22822858._SY75_.jpg,4.26,1008606,4.213088865346479,45098,479,"4,25 a 4,5",Muito alta
415,4687,The Cider House Rules,John Irving,https://www.goodreads.com/book/show/4687.The_Cider_House_Rules,https://i.gr-assets.com/images/S/compressed.photo.goodreads.com/books/1327962519i/4687._SY75_.jpg,4.17,199844,4.11844753735226,44859,605,"4,0 a 4,25",Alta
416,9275658,"Legend (Legend, #1)",Marie Lu,https://www.goodreads.com/book/show/9275658-legend,https://i.gr-assets.com/images/S/compressed.photo.goodreads.com/books/1501368160i/9275658._SY75_.jpg,4.15,574060,4.126540197787732,44338,509,"4,0 a 4,25",Muito alta
417,16068905,Fangirl,Rainbow Rowell,https://www.goodreads.com/book/show/16068905-fangirl,https://i.gr-assets.com/images/S/compressed.photo.goodreads.com/books/1355886270i/16068905._SX50_.jpg,3.93,790887,3.9836357729709633,44336,517,"3,5 a 4,0",Muito alta
418,9375,Fried Green Tomatoes at the Whistle Stop Cafe,Fannie Flagg,https://www.goodreads.com/book/show/9375.Fried_Green_Tomatoes_at_the_Whistle_Stop_Cafe,https://i.gr-assets.com/images/S/compressed.photo.goodreads.com/books/1165961740i/9375._SY75_.jpg,4.27,334802,4.174155731621945,43835,607,"4,25 a 4,5",Alta
419,12000020,"Aristotle and Dante Discover the Secrets of the Universe (Aristotle and Dante, #1)",Benjamin Alire Sáenz,https://www.goodreads.com/book/show/12000020-aristotle-and-dante-discover-the-secrets-of-the-universe,https://i.gr-assets.com/images/S/compressed.photo.goodreads.com/books/1328320260i/12000020._SY75_.jpg,4.28,693854,4.212270112463446,43715,478,"4,25 a 4,5",Muito alta
420,36402034,Do Androids Dream of Electric Sheep?,Philip K. Dick,https://www.goodreads.com/book/show/36402034-do-androids-dream-of-electric-sheep,https://i.gr-assets.com/images/S/compressed.photo.goodreads.com/books/1507838927i/36402034._SY75_.jpg,4.09,534299,4.090889185113463,43670,557,"4,0 a 4,25",Muito alta
421,8921,"The Hound of the Baskervilles (Sherlock Holmes, #5)",Arthur Conan Doyle,https://www.goodreads.com/book/show/8921.The_Hound_of_the_Baskervilles,https://i.gr-assets.com/images/S/compressed.photo.goodreads.com/books/1355929358i/8921._SX50_.jpg,4.14,403165,4.1164163628171755,43513,601,"4,0 a 4,25",Muito alta
422,50659468,"A Court of Mist and Fury (A Court of Thorns and Roses, #2)",Sarah J. Maas,https://www.goodreads.com/book/show/50659468-a-court-of-mist-and-fury,https://i.gr-assets.com/images/S/compressed.photo.goodreads.com/books/1620325671i/50659468._SY75_.jpg,4.63,3473428,4.575565973656548,43459,473,"Acima de 4,5",Muito alta
423,10959,Sophie’s World,Jostein Gaarder,https://www.goodreads.com/book/show/10959.Sophie_s_World,https://i.gr-assets.com/images/S/compressed.photo.goodreads.com/books/1343459906i/10959._SY75_.jpg,3.97,291609,4.039947621006467,42734,518,"3,5 a 4,0",Alta
424,58345,The Awakening,Kate Chopin,https://www.goodreads.com/book/show/58345.The_Awakening,https://i.gr-assets.com/images/S/compressed.photo.goodreads.com/books/1170507247i/58345._SY75_.jpg,3.69,233539,3.9417613858639595,42000,535,"3,5 a 4,0",Alta
425,37781,"Things Fall Apart (The African Trilogy, #1)",Chinua Achebe,https://www.goodreads.com/book/show/37781.Things_Fall_Apart,https://i.gr-assets.com/images/S/compressed.photo.goodreads.com/books/1708114013i/37781._SY75_.jpg,3.75,426004,3.9137410181722276,41853,541,"3,5 a 4,0",Muito alta
426,44186,The Monster at the End of this Book,Jon Stone,https://www.goodreads.com/book/show/44186.The_Monster_at_the_End_of_this_Book,https://i.gr-assets.com/images/S/compressed.photo.goodreads.com/books/1388193494i/44186._SX50_.jpg,4.46,127728,4.182678070479729,41634,518,"4,25 a 4,5",Média
427,3685,Black Beauty,Anna Sewell,https://www.goodreads.com/book/show/3685.Black_Beauty,https://i.gr-assets.com/images/S/compressed.photo.goodreads.com/books/1578265482i/3685._SY75_.jpg,4.01,303693,4.056215467838271,41476,596,"4,0 a 4,25",Alta
428,19089,Middlemarch,George Eliot,https://www.goodreads.com/book/show/19089.Middlemarch,https://i.gr-assets.com/images/S/compressed.photo.goodreads.com/books/1568307771i/19089._SY75_.jpg,4.05,187329,4.0784678187011885,41429,520,"4,0 a 4,25",Alta
429,2213661,The Graveyard Book,Neil Gaiman,https://www.goodreads.com/book/show/2213661.The_Graveyard_Book,https://i.gr-assets.com/images/S/compressed.photo.goodreads.com/books/1531295292i/2213661._SY75_.jpg,4.15,571368,4.126474579969064,41186,518,"4,0 a 4,25",Muito alta
430,47281,Number the Stars,Lois Lowry,https://www.goodreads.com/book/show/47281.Number_the_Stars,https://i.gr-assets.com/images/S/compressed.photo.goodreads.com/books/1630542426i/47281._SX50_.jpg,4.2,636826,4.158949536422443,41103,537,"4,0 a 4,25",Muito alta
431,11857408,"Fifty Shades Darker (Fifty Shades, #2)",E.L. James,https://www.goodreads.com/book/show/11857408-fifty-shades-darker,https://i.gr-assets.com/images/S/compressed.photo.goodreads.com/books/1631260114i/11857408._SY75_.jpg,3.82,989580,3.897075151443249,40910,485,"3,5 a 4,0",Muito alta
432,16793,Stardust,Neil Gaiman,https://www.goodreads.com/book/show/16793.Stardust,https://i.gr-assets.com/images/S/compressed.photo.goodreads.com/books/1459127484i/16793._SY75_.jpg,4.09,488897,4.090935062162651,40865,525,"4,0 a 4,25",Muito alta
433,656,War and Peace,Leo Tolstoy,https://www.goodreads.com/book/show/656.War_and_Peace,https://i.gr-assets.com/images/S/compressed.photo.goodreads.com/books/1413215930i/656._SY75_.jpg,4.17,377727,4.130375495561797,40754,494,"4,0 a 4,25",Alta
434,301082,"Dead Until Dark (Sookie Stackhouse, #1)",Charlaine Harris,https://www.goodreads.com/book/show/301082.Dead_Until_Dark,https://i.gr-assets.com/images/S/compressed.photo.goodreads.com/books/1468560853i/301082._SY75_.jpg,3.97,566047,4.019891484076186,40482,515,"3,5 a 4,0",Muito alta
435,16735,The Prince of Tides,Pat Conroy,https://www.goodreads.com/book/show/16735.The_Prince_of_Tides,https://i.gr-assets.com/images/S/compressed.photo.goodreads.com/books/1512744907i/16735._SY75_.jpg,4.26,221195,4.152759277822125,40288,530,"4,25 a 4,5",Alta
436,52022378,"Sheever's Journal, Diary of a Poison Master",K.  Ritz,https://www.goodreads.com/book/show/52022378-sheever-s-journal-diary-of-a-poison-master,https://i.gr-assets.com/images/S/compressed.photo.goodreads.com/books/1583221123i/52022378._SX50_.jpg,4.3,34168,4.108808083264207,40179,431,"4,25 a 4,5",Baixa
437,228560,Sophie’s Choice,William Styron,https://www.goodreads.com/book/show/228560.Sophie_s_Choice,https://i.gr-assets.com/images/S/compressed.photo.goodreads.com/books/1356714742i/228560._SY75_.jpg,4.16,95536,4.105433817060345,40002,546,"4,0 a 4,25",Média
438,65605,"The Magician’s Nephew (Chronicles of Narnia, #6)",C.S. Lewis,https://www.goodreads.com/book/show/65605.The_Magician_s_Nephew,https://i.gr-assets.com/images/S/compressed.photo.goodreads.com/books/1308814770i/65605._SY75_.jpg,4.06,628322,4.072316286568777,39754,554,"4,0 a 4,25",Muito alta
439,3153910,The Art of Racing in the Rain,Garth Stein,https://www.goodreads.com/book/show/3153910-the-art-of-racing-in-the-rain,https://i.gr-assets.com/images/S/compressed.photo.goodreads.com/books/1377206302i/3153910._SY75_.jpg,4.24,566696,4.179610897213783,39532,467,"4,0 a 4,25",Muito alta
440,32542,"A Time to Kill (Jake Brigance, #1)",John Grisham,https://www.goodreads.com/book/show/32542.A_Time_to_Kill,https://i.gr-assets.com/images/S/compressed.photo.goodreads.com/books/1554303029i/32542._SY75_.jpg,4.12,833947,4.111094415124882,39521,534,"4,0 a 4,25",Muito alta
441,5805,V for Vendetta,Alan Moore,https://www.goodreads.com/book/show/5805.V_for_Vendetta,https://i.gr-assets.com/images/S/compressed.photo.goodreads.com/books/1343668985i/5805._SY75_.jpg,4.26,331145,4.169085360634123,39416,517,"4,25 a 4,5",Alta
442,227443,"Bridget Jones’s Diary (Bridget Jones, #1)",Helen Fielding,https://www.goodreads.com/book/show/227443.Bridget_Jones_s_Diary,https://i.gr-assets.com/images/S/compressed.photo.goodreads.com/books/1659879886i/227443._SY75_.jpg,3.81,1038832,3.887155367625052,39310,542,"3,5 a 4,0",Muito alta
443,43035,White Fang,Jack London,https://www.goodreads.com/book/show/43035.White_Fang,https://i.gr-assets.com/images/S/compressed.photo.goodreads.com/books/1475878443i/43035._SX50_.jpg,4.03,211896,4.070279627527928,39196,557,"4,0 a 4,25",Alta
444,52357,Beowulf,Seamus Heaney,https://www.goodreads.com/book/show/52357.Beowulf,https://i.gr-assets.com/images/S/compressed.photo.goodreads.com/books/1327878125i/52357._SY75_.jpg,3.5,356491,3.8097501696633134,39155,556,"Até 3,5",Alta
445,15745753,Eleanor & Park,Rainbow Rowell,https://www.goodreads.com/book/show/15745753-eleanor-park,https://i.gr-assets.com/images/S/compressed.photo.goodreads.com/books/1341952742i/15745753._SX50_.jpg,3.92,1281546,3.96024003645643,39102,457,"3,5 a 4,0",Muito alta
446,12127810,"The House of Hades (The Heroes of Olympus, #4)",Rick Riordan,https://www.goodreads.com/book/show/12127810-the-house-of-hades,https://i.gr-assets.com/images/S/compressed.photo.goodreads.com/books/1464201430i/12127810._SY75_.jpg,4.57,501921,4.3607104592997725,38999,481,"Acima de 4,5",Muito alta
447,10644930,11/22/63,Stephen  King,https://www.goodreads.com/book/show/10644930-11-22-63,https://i.gr-assets.com/images/S/compressed.photo.goodreads.com/books/1327876792i/10644930._SY75_.jpg,4.35,706067,4.2580723985424935,38575,458,"4,25 a 4,5",Muito alta
448,862041,"Harry Potter Series Box Set (Harry Potter, #1-7)",J.K. Rowling,https://www.goodreads.com/book/show/862041.Harry_Potter_Series_Box_Set,https://i.gr-assets.com/images/S/compressed.photo.goodreads.com/books/1534298934i/862041._SX50_.jpg,4.73,306384,4.372320495620746,38565,467,"Acima de 4,5",Alta
449,35959740,Circe,Madeline Miller,https://www.goodreads.com/book/show/35959740-circe,https://i.gr-assets.com/images/S/compressed.photo.goodreads.com/books/1565909496i/35959740._SY75_.jpg,4.22,1468951,4.193109242032024,38525,439,"4,0 a 4,25",Muito alta
450,36809135,Where the Crawdads Sing,Delia Owens,https://www.goodreads.com/book/show/36809135-where-the-crawdads-sing,https://i.gr-assets.com/images/S/compressed.photo.goodreads.com/books/1582135294i/36809135._SY75_.jpg,4.37,3790643,4.344010771012313,38340,440,"4,25 a 4,5",Muito alta
451,310259,Love You Forever,Robert Munsch,https://www.goodreads.com/book/show/310259.Love_You_Forever,https://i.gr-assets.com/images/S/compressed.photo.goodreads.com/books/1348832754i/310259._SX50_.jpg,4.38,250572,4.204530349784989,38281,492,"4,25 a 4,5",Alta
452,18114322,The Grapes of Wrath,John Steinbeck,https://www.goodreads.com/book/show/18114322-the-grapes-of-wrath,https://i.gr-assets.com/images/S/compressed.photo.goodreads.com/books/1375670575i/18114322._SY75_.jpg,4.04,1026922,4.054370121213093,38254,500,"4,0 a 4,25",Muito alta
453,6327,The Witches,Roald Dahl,https://www.goodreads.com/book/show/6327.The_Witches,https://i.gr-assets.com/images/S/compressed.photo.goodreads.com/books/1351707720i/6327._SY75_.jpg,4.18,437719,4.138525043471598,38206,511,"4,0 a 4,25",Muito alta
454,18710190,"Allegiant (Divergent, #3)",Veronica Roth,https://www.goodreads.com/book/show/18710190-allegiant,https://i.gr-assets.com/images/S/compressed.photo.goodreads.com/books/1395582745i/18710190._SY75_.jpg,3.6,1165704,3.7236217154606637,38199,475,"3,5 a 4,0",Muito alta
455,21,A Short History of Nearly Everything,Bill  Bryson,https://www.goodreads.com/book/show/21.A_Short_History_of_Nearly_Everything,https://i.gr-assets.com/images/S/compressed.photo.goodreads.com/books/1433086293i/21._SY75_.jpg,4.21,435451,4.154216473109472,38010,461,"4,0 a 4,25",Muito alta
456,5113,Franny and Zooey,J.D. Salinger,https://www.goodreads.com/book/show/5113.Franny_and_Zooey,https://i.gr-assets.com/images/S/compressed.photo.goodreads.com/books/1355037988i/5113._SY75_.jpg,3.95,246203,4.03720470104251,37872,484,"3,5 a 4,0",Alta
457,20613470,"Heir of Fire (Throne of Glass, #3)",Sarah J. Maas,https://www.goodreads.com/book/show/20613470-heir-of-fire,https://i.gr-assets.com/images/S/compressed.photo.goodreads.com/books/1460846511i/20613470._SY75_.jpg,4.44,1763600,4.3768558759333605,37827,436,"4,25 a 4,5",Muito alta
458,14905,The Complete Novels,Jane Austen,https://www.goodreads.com/book/show/14905.The_Complete_Novels,https://i.gr-assets.com/images/S/compressed.photo.goodreads.com/books/1388178574i/14905._SY75_.jpg,4.57,34226,4.13056205056233,37460,506,"Acima de 4,5",Baixa
459,43615,"The Gunslinger (The Dark Tower, #1)",Stephen  King,https://www.goodreads.com/book/show/43615.The_Gunslinger,https://i.gr-assets.com/images/S/compressed.photo.goodreads.com/books/1554220416i/43615._SY75_.jpg,3.9,680953,3.9700800477578246,37427,460,"3,5 a 4,0",Muito alta
460,228665,"The Eye of the World (The Wheel of Time, #1)",Robert Jordan,https://www.goodreads.com/book/show/228665.The_Eye_of_the_World,https://i.gr-assets.com/images/S/compressed.photo.goodreads.com/books/1659905815i/228665._SY75_.jpg,4.19,613228,4.151879012702021,37390,438,"4,0 a 4,25",Muito alta
461,7733,Gulliver’s Travels,Jonathan Swift,https://www.goodreads.com/book/show/7733.Gulliver_s_Travels,https://i.gr-assets.com/images/S/compressed.photo.goodreads.com/books/1427829692i/7733._SY75_.jpg,3.59,305063,3.872072788699173,37251,573,"3,5 a 4,0",Alta
462,50623864,The Invisible Life of Addie LaRue,V.E. Schwab,https://www.goodreads.com/book/show/50623864-the-invisible-life-of-addie-larue,https://i.gr-assets.com/images/S/compressed.photo.goodreads.com/books/1584633432i/50623864._SY75_.jpg,4.16,1624987,4.1468294016399,37073,412,"4,0 a 4,25",Muito alta
463,122,"The Power of One (The Power of One, #1)",Bryce Courtenay,https://www.goodreads.com/book/show/122.The_Power_of_One,https://i.gr-assets.com/images/S/compressed.photo.goodreads.com/books/1388184360i/122._SX50_.jpg,4.36,96513,4.145130616210729,36934,424,"4,25 a 4,5",Média
464,4374400,"If I Stay (If I Stay, #1)",Gayle Forman,https://www.goodreads.com/book/show/4374400-if-i-stay,https://i.gr-assets.com/images/S/compressed.photo.goodreads.com/books/1630573973i/4374400._SY75_.jpg,3.91,980051,3.9619405731053927,36868,447,"3,5 a 4,0",Muito alta
465,84981,Tuck Everlasting,Natalie Babbitt,https://www.goodreads.com/book/show/84981.Tuck_Everlasting,https://i.gr-assets.com/images/S/compressed.photo.goodreads.com/books/1661030663i/84981._SY75_.jpg,3.91,302388,4.012697300920914,36546,498,"3,5 a 4,0",Alta
466,27362503,"It Ends with Us (It Ends with Us, #1)",Colleen Hoover,https://www.goodreads.com/book/show/27362503-it-ends-with-us,https://i.gr-assets.com/images/S/compressed.photo.goodreads.com/books/1688011813i/27362503._SY75_.jpg,4.06,4828675,4.062405334080622,36020,390,"4,0 a 4,25",Muito alta
467,13536860,"Fifty Shades Freed (Fifty Shades, #3)",E.L. James,https://www.goodreads.com/book/show/13536860-fifty-shades-freed,https://i.gr-assets.com/images/S/compressed.photo.goodreads.com/books/1336418837i/13536860._SY75_.jpg,3.83,930946,3.9075353667374735,35871,429,"3,5 a 4,0",Muito alta
468,60748,"A Child Called ""It"" (Dave Pelzer, #1)",Dave Pelzer,https://www.goodreads.com/book/show/60748.A_Child_Called_It_,https://i.gr-assets.com/images/S/compressed.photo.goodreads.com/books/1438400434i/60748._SY75_.jpg,4.14,467414,4.118181341700692,35755,458,"4,0 a 4,25",Muito alta
469,11590,’Salem’s Lot,Stephen  King,https://www.goodreads.com/book/show/11590._Salem_s_Lot,https://i.gr-assets.com/images/S/compressed.photo.goodreads.com/books/1738025067i/11590._SY75_.jpg,4.1,684474,4.097128948013107,35717,477,"4,0 a 4,25",Muito alta
470,5826,Bel Canto,Ann Patchett,https://www.goodreads.com/book/show/5826.Bel_Canto,https://i.gr-assets.com/images/S/compressed.photo.goodreads.com/books/1352997328i/5826._SY75_.jpg,3.94,338348,4.021550043644427,35711,436,"3,5 a 4,0",Alta
471,15645,Inferno,Dante Alighieri,https://www.goodreads.com/book/show/15645.Inferno,https://i.gr-assets.com/images/S/compressed.photo.goodreads.com/books/1520255019i/15645._SY75_.jpg,4.03,212976,4.0702076111193195,35448,475,"4,0 a 4,25",Alta
472,51496,Dr. Jekyll and Mr. Hyde,Robert Louis Stevenson,https://www.goodreads.com/book/show/51496.Dr_Jekyll_and_Mr_Hyde,https://i.gr-assets.com/images/S/compressed.photo.goodreads.com/books/1318116526i/51496._SY75_.jpg,3.83,696947,3.9242106751394896,35358,509,"3,5 a 4,0",Muito alta
473,49628,Cloud Atlas,David  Mitchell,https://www.goodreads.com/book/show/49628.Cloud_Atlas,https://i.gr-assets.com/images/S/compressed.photo.goodreads.com/books/1563042852i/49628._SX50_.jpg,4.01,275032,4.058203992339134,35082,424,"4,0 a 4,25",Alta
474,7588,A Portrait of the Artist as a Young Man,James Joyce,https://www.goodreads.com/book/show/7588.A_Portrait_of_the_Artist_as_a_Young_Man,https://i.gr-assets.com/images/S/compressed.photo.goodreads.com/books/1756682478i/7588._SY75_.jpg,3.65,168251,3.959115947553487,35038,463,"3,5 a 4,0",Alta
475,394535,"Blood Meridian, or, the Evening Redness in the West",Cormac McCarthy,https://www.goodreads.com/book/show/394535.Blood_Meridian_or_the_Evening_Redness_in_the_West,https://i.gr-assets.com/images/S/compressed.photo.goodreads.com/books/1701688704i/394535._SY75_.jpg,4.14,244887,4.110546928516422,34934,396,"4,0 a 4,25",Alta
476,30597,The Hunchback of Notre-Dame,Victor Hugo,https://www.goodreads.com/book/show/30597.The_Hunchback_of_Notre_Dame,https://i.gr-assets.com/images/S/compressed.photo.goodreads.com/books/1388342667i/30597._SY75_.jpg,4.02,225048,4.065767197842983,34522,498,"4,0 a 4,25",Alta
477,67896,Tao Te Ching,Lao Tzu,https://www.goodreads.com/book/show/67896.Tao_Te_Ching,https://i.gr-assets.com/images/S/compressed.photo.goodreads.com/books/1333578861i/67896._SY75_.jpg,4.29,187942,4.1563380392186655,34463,436,"4,25 a 4,5",Alta
478,391729,The Tell-Tale Heart and Other Writings,Edgar Allan Poe,https://www.goodreads.com/book/show/391729.The_Tell_Tale_Heart_and_Other_Writings,https://i.gr-assets.com/images/S/compressed.photo.goodreads.com/books/1697731059i/391729._SY75_.jpg,4.19,245705,4.129877358904467,34432,503,"4,0 a 4,25",Alta
479,45032,Mansfield Park,Jane Austen,https://www.goodreads.com/book/show/45032.Mansfield_Park,https://i.gr-assets.com/images/S/compressed.photo.goodreads.com/books/1397063295i/45032._SY75_.jpg,3.86,389805,3.976241596671472,34405,490,"3,5 a 4,0",Alta
480,77013,As I Lay Dying,William Faulkner,https://www.goodreads.com/book/show/77013.As_I_Lay_Dying,https://i.gr-assets.com/images/S/compressed.photo.goodreads.com/books/1757102388i/77013._SY75_.jpg,3.72,194177,3.9686472180812644,34397,458,"3,5 a 4,0",Alta
481,45978,"Eldest (The Inheritance Cycle, #2)",Christopher Paolini,https://www.goodreads.com/book/show/45978.Eldest,https://i.gr-assets.com/images/S/compressed.photo.goodreads.com/books/1387119654i/45978._SX50_.jpg,4.06,504530,4.074018653078918,34204,440,"4,0 a 4,25",Muito alta
482,10920,Cold Mountain,Charles Frazier,https://www.goodreads.com/book/show/10920.Cold_Mountain,https://i.gr-assets.com/images/S/compressed.photo.goodreads.com/books/1442416348i/10920._SY75_.jpg,3.89,252533,4.012804995850384,34159,465,"3,5 a 4,0",Alta
483,22328546,"Red Queen (Red Queen, #1)",Victoria Aveyard,https://www.goodreads.com/book/show/22328546-red-queen,https://i.gr-assets.com/images/S/compressed.photo.goodreads.com/books/1449778912i/22328546._SY75_.jpg,3.97,1221172,3.9996185098136756,34035,392,"3,5 a 4,0",Muito alta
484,46799,Go Ask Alice,Beatrice Sparks,https://www.goodreads.com/book/show/46799.Go_Ask_Alice,https://i.gr-assets.com/images/S/compressed.photo.goodreads.com/books/1327870536i/46799._SX50_.jpg,3.73,296492,3.9359591569008514,33899,455,"3,5 a 4,0",Alta
485,76778,The Martian Chronicles,Ray Bradbury,https://www.goodreads.com/book/show/76778.The_Martian_Chronicles,https://i.gr-assets.com/images/S/compressed.photo.goodreads.com/books/1661016554i/76778._SY75_.jpg,4.16,293646,4.121221292140259,33863,450,"4,0 a 4,25",Alta
486,2248573,"Brisingr (The Inheritance Cycle, #3)",Christopher Paolini,https://www.goodreads.com/book/show/2248573.Brisingr,https://i.gr-assets.com/images/S/compressed.photo.goodreads.com/books/1661030683i/2248573._SX50_.jpg,4.12,426473,4.106655814859879,33862,437,"4,0 a 4,25",Muito alta
487,646462,القرآن الكريم,Anonymous,https://www.goodreads.com/book/show/646462._,https://i.gr-assets.com/images/S/compressed.photo.goodreads.com/books/1275263838i/646462._SY75_.jpg,4.37,75503,4.137073379426523,33791,380,"4,25 a 4,5",Média
488,16631,Steppenwolf,Hermann Hesse,https://www.goodreads.com/book/show/16631.Steppenwolf,https://i.gr-assets.com/images/S/compressed.photo.goodreads.com/books/1389332672i/16631._SY75_.jpg,4.13,226459,4.106000903420387,33674,429,"4,0 a 4,25",Alta
489,5148,A Separate Peace,John Knowles,https://www.goodreads.com/book/show/5148.A_Separate_Peace,https://i.gr-assets.com/images/S/compressed.photo.goodreads.com/books/1528860889i/5148._SY75_.jpg,3.6,236199,3.906804741262571,33585,456,"3,5 a 4,0",Alta
490,6319,The BFG,Roald Dahl,https://www.goodreads.com/book/show/6319.The_BFG,https://i.gr-assets.com/images/S/compressed.photo.goodreads.com/books/1327872673i/6319._SY75_.jpg,4.23,540756,4.172126696439049,33489,451,"4,0 a 4,25",Muito alta
491,28921,The Remains of the Day,Kazuo Ishiguro,https://www.goodreads.com/book/show/28921.The_Remains_of_the_Day,https://i.gr-assets.com/images/S/compressed.photo.goodreads.com/books/1327128714i/28921._SY75_.jpg,4.14,385351,4.115875273516313,33418,453,"4,0 a 4,25",Alta
492,6304335,"Beautiful Creatures (Caster Chronicles, #1)",Kami Garcia,https://www.goodreads.com/book/show/6304335-beautiful-creatures,https://i.gr-assets.com/images/S/compressed.photo.goodreads.com/books/1327873282i/6304335._SY75_.jpg,3.78,626442,3.8999559089936806,33094,411,"3,5 a 4,0",Muito alta
493,9460487,"Miss Peregrine's Home for Peculiar Children (Miss Peregrine's Peculiar Children, #1)",Ransom Riggs,https://www.goodreads.com/book/show/9460487-miss-peregrine-s-home-for-peculiar-children,https://i.gr-assets.com/images/S/compressed.photo.goodreads.com/books/1623449170i/9460487._SY75_.jpg,3.92,1380446,3.9579935337685415,32984,416,"3,5 a 4,0",Muito alta
494,42899,"Dark Lover (Black Dagger Brotherhood, #1)",J.R. Ward,https://www.goodreads.com/book/show/42899.Dark_Lover,https://i.gr-assets.com/images/S/compressed.photo.goodreads.com/books/1429676285i/42899._SY75_.jpg,4.15,359372,4.1198288651723916,32921,389,"4,0 a 4,25",Alta
495,2932,Robinson Crusoe,Daniel Defoe,https://www.goodreads.com/book/show/2932.Robinson_Crusoe,https://i.gr-assets.com/images/S/compressed.photo.goodreads.com/books/1682976488i/2932._SY75_.jpg,3.68,338905,3.90077957192726,32866,491,"3,5 a 4,0",Alta
496,12578077,"Obsidian (Lux, #1)",Jennifer L. Armentrout,https://www.goodreads.com/book/show/12578077-obsidian,https://i.gr-assets.com/images/S/compressed.photo.goodreads.com/books/1328275091i/12578077._SY75_.jpg,4.12,299579,4.104204105419493,32823,372,"4,0 a 4,25",Alta
497,21853621,The Nightingale,Kristin Hannah,https://www.goodreads.com/book/show/21853621-the-nightingale,https://i.gr-assets.com/images/S/compressed.photo.goodreads.com/books/1681839850i/21853621._SY75_.jpg,4.65,2374955,4.5711209088306255,32351,366,"Acima de 4,5",Muito alta
498,17061,Coraline,Neil Gaiman,https://www.goodreads.com/book/show/17061.Coraline,https://i.gr-assets.com/images/S/compressed.photo.goodreads.com/books/1493497435i/17061._SY75_.jpg,4.13,804068,4.117599538465818,32246,419,"4,0 a 4,25",Muito alta
499,22232,"Stargirl (Stargirl, #1)",Jerry Spinelli,https://www.goodreads.com/book/show/22232.Stargirl,https://i.gr-assets.com/images/S/compressed.photo.goodreads.com/books/1335947642i/22232._SX50_.jpg,3.77,338917,3.9425603591216545,32135,389,"3,5 a 4,0",Alta
500,8755785,"City of Heavenly Fire (The Mortal Instruments, #6)",Cassandra Clare,https://www.goodreads.com/book/show/8755785-city-of-heavenly-fire,https://i.gr-assets.com/images/S/compressed.photo.goodreads.com/books/1460477794i/8755785._SY75_.jpg,4.38,424095,4.241881829038707,31913,401,"4,25 a 4,5",Muito alta
501,17167166,"Crown of Midnight (Throne of Glass, #2)",Sarah J. Maas,https://www.goodreads.com/book/show/17167166-crown-of-midnight,https://i.gr-assets.com/images/S/compressed.photo.goodreads.com/books/1391580481i/17167166._SY75_.jpg,4.36,1981811,4.315847556635485,31882,383,"4,25 a 4,5",Muito alta
502,3985,The Amazing Adventures of Kavalier & Clay,Michael Chabon,https://www.goodreads.com/book/show/3985.The_Amazing_Adventures_of_Kavalier_Clay,https://i.gr-assets.com/images/S/compressed.photo.goodreads.com/books/1503806495i/3985._SY75_.jpg,4.19,216827,4.127021297882779,31825,394,"4,0 a 4,25",Alta
503,18122,"The Amber Spyglass (His Dark Materials, #3)",Philip Pullman,https://www.goodreads.com/book/show/18122.The_Amber_Spyglass,https://i.gr-assets.com/images/S/compressed.photo.goodreads.com/books/1329189152i/18122._SY75_.jpg,4.11,391080,4.101051991419922,31747,408,"4,0 a 4,25",Alta
504,11989,The Plague,Albert Camus,https://www.goodreads.com/book/show/11989.The_Plague,https://i.gr-assets.com/images/S/compressed.photo.goodreads.com/books/1503362434i/11989._SY75_.jpg,4.02,332451,4.0589733918352575,31735,426,"4,0 a 4,25",Alta
505,130440,Doctor Zhivago,Boris Pasternak,https://www.goodreads.com/book/show/130440.Doctor_Zhivago,https://i.gr-assets.com/images/S/compressed.photo.goodreads.com/books/1385508725i/130440._SY75_.jpg,4.01,105520,4.074658166339861,31211,468,"4,0 a 4,25",Média
506,5526,Dear John,Nicholas Sparks,https://www.goodreads.com/book/show/5526.Dear_John,https://i.gr-assets.com/images/S/compressed.photo.goodreads.com/books/1397749854i/5526._SY75_.jpg,4.04,624211,4.060069966487958,31041,396,"4,0 a 4,25",Muito alta
507,18006496,"Queen of Shadows (Throne of Glass, #4)",Sarah J. Maas,https://www.goodreads.com/book/show/18006496-queen-of-shadows,https://i.gr-assets.com/images/S/compressed.photo.goodreads.com/books/1441230104i/18006496._SY75_.jpg,4.62,1593806,4.515989046426956,31019,359,"Acima de 4,5",Muito alta
508,18460392,All the Bright Places,Jennifer Niven,https://www.goodreads.com/book/show/18460392-all-the-bright-places,https://i.gr-assets.com/images/S/compressed.photo.goodreads.com/books/1404331702i/18460392._SY75_.jpg,4.11,643590,4.103235740836396,31006,339,"4,0 a 4,25",Muito alta
509,52439531,"The Inheritance Games (The Inheritance Games, #1)",Jennifer Lynn Barnes,https://www.goodreads.com/book/show/52439531-the-inheritance-games,https://i.gr-assets.com/images/S/compressed.photo.goodreads.com/books/1587396413i/52439531._SY75_.jpg,4.12,1153530,4.112936998138851,30995,343,"4,0 a 4,25",Muito alta
510,40937505,زندگی مه آلود پریا,سید مرتضی مصطفوی,https://www.goodreads.com/book/show/40937505,https://i.gr-assets.com/images/S/compressed.photo.goodreads.com/books/1532526741i/40937505._SX50_.jpg,3.76,825,4.0914048885427166,30907,311,"3,5 a 4,0",Baixa
511,5358,"The Firm (Penguin Readers, Level 5)",Robin Waterfield,https://www.goodreads.com/book/show/5358.The_Firm,https://i.gr-assets.com/images/S/compressed.photo.goodreads.com/books/1418465200i/5358._SY75_.jpg,4.07,640277,4.07838162014878,30904,451,"4,0 a 4,25",Muito alta
512,629,"Zen and the Art of Motorcycle Maintenance: An Inquiry Into Values (Phaedrus, #1)",Robert M. Pirsig,https://www.goodreads.com/book/show/629.Zen_and_the_Art_of_Motorcycle_Maintenance,https://i.gr-assets.com/images/S/compressed.photo.goodreads.com/books/1410136019i/629._SY75_.jpg,3.78,250464,3.9702562002073902,30864,393,"3,5 a 4,0",Alta
513,16143347,We Were Liars,E. Lockhart,https://www.goodreads.com/book/show/16143347-we-were-liars,https://i.gr-assets.com/images/S/compressed.photo.goodreads.com/books/1402749479i/16143347._SY75_.jpg,3.66,1481580,3.750239279270418,30780,345,"3,5 a 4,0",Muito alta
514,11713,The English Patient,Michael Ondaatje,https://www.goodreads.com/book/show/11713.The_English_Patient,https://i.gr-assets.com/images/S/compressed.photo.goodreads.com/books/1320527907i/11713._SY75_.jpg,3.86,142398,4.030149994536802,30752,422,"3,5 a 4,0",Média
515,14836,Midnight’s Children,Salman Rushdie,https://www.goodreads.com/book/show/14836.Midnight_s_Children,https://i.gr-assets.com/images/S/compressed.photo.goodreads.com/books/1673724335i/14836._SY75_.jpg,3.97,136513,4.0605100257499265,30678,375,"3,5 a 4,0",Média
516,41150487,"Red, White & Royal Blue (Red, White & Royal Blue, #1)",Casey McQuiston,https://www.goodreads.com/book/show/41150487-red-white-royal-blue,https://i.gr-assets.com/images/S/compressed.photo.goodreads.com/books/1566742512i/41150487._SY75_.jpg,4.04,1280210,4.052192295923375,30582,341,"4,0 a 4,25",Muito alta
517,6952,Like Water for Chocolate,Laura Esquivel,https://www.goodreads.com/book/show/6952.Like_Water_for_Chocolate,https://i.gr-assets.com/images/S/compressed.photo.goodreads.com/books/1550721459i/6952._SY75_.jpg,3.95,405284,4.01978478002448,30570,430,"3,5 a 4,0",Muito alta
518,6400090,The Last Song,Nicholas Sparks,https://www.goodreads.com/book/show/6400090-the-last-song,https://i.gr-assets.com/images/S/compressed.photo.goodreads.com/books/1286549186i/6400090._SY75_.jpg,4.16,577120,4.132575089823056,30551,376,"4,0 a 4,25",Muito alta
519,18635016,"The One (The Selection, #3)",Kiera Cass,https://www.goodreads.com/book/show/18635016-the-one,https://i.gr-assets.com/images/S/compressed.photo.goodreads.com/books/1699307836i/18635016._SY75_.jpg,4.14,799913,4.1242726264499705,30253,358,"4,0 a 4,25",Muito alta
520,5364,"Dragonfly in Amber (Outlander, #2)",Diana Gabaldon,https://www.goodreads.com/book/show/5364.Dragonfly_in_Amber,https://i.gr-assets.com/images/S/compressed.photo.goodreads.com/books/1456114344i/5364._SY75_.jpg,4.34,394593,4.216606093048164,30163,381,"4,25 a 4,5",Muito alta
521,12220,A Streetcar Named Desire,Tennessee Williams,https://www.goodreads.com/book/show/12220.A_Streetcar_Named_Desire,https://i.gr-assets.com/images/S/compressed.photo.goodreads.com/books/1389153133i/12220._SX50_.jpg,3.98,341444,4.039850150316423,30137,450,"3,5 a 4,0",Alta
522,7791997,"Crescendo (Hush, Hush, #2)",Becca Fitzpatrick,https://www.goodreads.com/book/show/7791997-crescendo,https://i.gr-assets.com/images/S/compressed.photo.goodreads.com/books/1362408146i/7791997._SY75_.jpg,3.97,340831,4.035243554155265,29751,369,"3,5 a 4,0",Alta
523,32075671,"The Hate U Give (The Hate U Give, #1)",Angie Thomas,https://www.goodreads.com/book/show/32075671-the-hate-u-give,https://i.gr-assets.com/images/S/compressed.photo.goodreads.com/books/1476284759i/32075671._SY75_.jpg,4.45,1042691,4.352378997143722,29704,345,"4,25 a 4,5",Muito alta
524,2156,Persuasion,Jane Austen,https://www.goodreads.com/book/show/2156.Persuasion,https://i.gr-assets.com/images/S/compressed.photo.goodreads.com/books/1385172413i/2156._SY75_.jpg,4.15,809323,4.131138003690841,29686,376,"4,0 a 4,25",Muito alta
525,386187,Midnight in the Garden of Good and Evil,John Berendt,https://www.goodreads.com/book/show/386187.Midnight_in_the_Garden_of_Good_and_Evil,https://i.gr-assets.com/images/S/compressed.photo.goodreads.com/books/1427166915i/386187._SY75_.jpg,3.91,305728,4.012205043920588,29612,426,"3,5 a 4,0",Alta
526,29588376,"The Lies of Locke Lamora (Gentleman Bastard, #1)",Scott Lynch,https://www.goodreads.com/book/show/29588376-the-lies-of-locke-lamora,https://i.gr-assets.com/images/S/compressed.photo.goodreads.com/books/1458646334i/29588376._SY75_.jpg,4.3,359285,4.191647341843627,29552,330,"4,25 a 4,5",Alta
527,17150,My Ántonia,Willa Cather,https://www.goodreads.com/book/show/17150.My_ntonia,https://i.gr-assets.com/images/S/compressed.photo.goodreads.com/books/1389151307i/17150._SY75_.jpg,3.85,152158,4.02429208409378,29504,403,"3,5 a 4,0",Alta
528,58724923,Hidden Pictures,Jason Rekulak,https://www.goodreads.com/book/show/58724923-hidden-pictures,https://i.gr-assets.com/images/S/compressed.photo.goodreads.com/books/1635260162i/58724923._SY75_.jpg,4.13,690089,4.116292257897523,29417,314,"4,0 a 4,25",Muito alta
529,28862,The Prince,Niccolò Machiavelli,https://www.goodreads.com/book/show/28862.The_Prince,https://i.gr-assets.com/images/S/compressed.photo.goodreads.com/books/1390055828i/28862._SY75_.jpg,3.84,400380,3.9645709549058497,29168,406,"3,5 a 4,0",Muito alta
530,13497,"A Feast for Crows (A Song of Ice and Fire, #4)",George R.R. Martin,https://www.goodreads.com/book/show/13497.A_Feast_for_Crows,https://i.gr-assets.com/images/S/compressed.photo.goodreads.com/books/1661026821i/13497._SY75_.jpg,4.18,812565,4.151441403251745,29113,380,"4,0 a 4,25",Muito alta
531,251688,Breakfast at Tiffany’s and Three Stories,Truman Capote,https://www.goodreads.com/book/show/251688.Breakfast_at_Tiffany_s_and_Three_Stories,https://i.gr-assets.com/images/S/compressed.photo.goodreads.com/books/1739711613i/251688._SY75_.jpg,3.85,257043,3.996086629132168,29078,408,"3,5 a 4,0",Alta
532,5211,A Fine Balance,Rohinton Mistry,https://www.goodreads.com/book/show/5211.A_Fine_Balance,https://i.gr-assets.com/images/S/compressed.photo.goodreads.com/books/1551173390i/5211._SY75_.jpg,4.38,164915,4.177497402449569,28758,344,"4,25 a 4,5",Alta
533,4980,Breakfast of Champions,Kurt Vonnegut Jr.,https://www.goodreads.com/book/show/4980.Breakfast_of_Champions,https://i.gr-assets.com/images/S/compressed.photo.goodreads.com/books/1327934446i/4980._SY75_.jpg,4.06,286138,4.078539440022888,28700,367,"4,0 a 4,25",Alta
534,41637836,"The Subtle Knife (His Dark Materials, #2)",Philip Pullman,https://www.goodreads.com/book/show/41637836-the-subtle-knife,https://i.gr-assets.com/images/S/compressed.photo.goodreads.com/books/1535965085i/41637836._SY75_.jpg,4.15,468081,4.123646393008069,28634,383,"4,0 a 4,25",Muito alta
535,22463,The Origin of Species,Charles Darwin,https://www.goodreads.com/book/show/22463.The_Origin_of_Species,https://i.gr-assets.com/images/S/compressed.photo.goodreads.com/books/1298417570i/22463._SY75_.jpg,4.01,124550,4.072271875558236,28623,393,"4,0 a 4,25",Média
536,43448,"Flowers in the Attic (Dollanganger, #1)",V.C. Andrews,https://www.goodreads.com/book/show/43448.Flowers_in_the_Attic,https://i.gr-assets.com/images/S/compressed.photo.goodreads.com/books/1327880853l/43448._SX50_SY75_.jpg,3.86,246476,4.002373845776082,28593,379,"3,5 a 4,0",Alta
537,8664353,"Unbroken: A World War II Story of Survival, Resilience and Redemption",Laura Hillenbrand,https://www.goodreads.com/book/show/8664353-unbroken,https://i.gr-assets.com/images/S/compressed.photo.goodreads.com/books/1327861115i/8664353._SY75_.jpg,4.39,1017478,4.307290357181055,28582,346,"4,25 a 4,5",Muito alta
538,6759,Infinite Jest,David Foster Wallace,https://www.goodreads.com/book/show/6759.Infinite_Jest,https://i.gr-assets.com/images/S/compressed.photo.goodreads.com/books/1446876799i/6759._SY75_.jpg,4.25,105817,4.125728787055284,28494,312,"4,0 a 4,25",Média
539,10592,Carrie,Stephen  King,https://www.goodreads.com/book/show/10592.Carrie,https://i.gr-assets.com/images/S/compressed.photo.goodreads.com/books/1771367607i/10592._SY75_.jpg,3.99,882747,4.021347180886898,28400,401,"3,5 a 4,0",Muito alta
540,1656001,The Host,Stephenie Meyer,https://www.goodreads.com/book/show/1656001.The_Host,https://i.gr-assets.com/images/S/compressed.photo.goodreads.com/books/1318009171i/1656001._SY75_.jpg,3.87,1058585,3.9299176733657397,28389,352,"3,5 a 4,0",Muito alta
541,15717943,"Hopeless (Hopeless, #1)",Colleen Hoover,https://www.goodreads.com/book/show/15717943-hopeless,https://i.gr-assets.com/images/S/compressed.photo.goodreads.com/books/1353489892i/15717943._SY75_.jpg,4.22,703258,4.174294167503435,28226,318,"4,0 a 4,25",Muito alta
542,8490112,"Daughter of Smoke & Bone (Daughter of Smoke & Bone, #1)",Laini Taylor,https://www.goodreads.com/book/show/8490112-daughter-of-smoke-bone,https://i.gr-assets.com/images/S/compressed.photo.goodreads.com/books/1461353773i/8490112._SY75_.jpg,3.99,388512,4.041220215808831,27863,331,"3,5 a 4,0",Alta
543,12898,Death of a Salesman,Arthur Miller,https://www.goodreads.com/book/show/12898.Death_of_a_Salesman,https://i.gr-assets.com/images/S/compressed.photo.goodreads.com/books/1554514105i/12898._SY75_.jpg,3.6,266679,3.8925876832658126,27583,423,"3,5 a 4,0",Alta
544,19302,"Pippi Longstocking (Pippi Långstrump, #1)",Astrid Lindgren,https://www.goodreads.com/book/show/19302.Pippi_Longstocking,https://i.gr-assets.com/images/S/compressed.photo.goodreads.com/books/1519300455i/19302._SX50_.jpg,4.15,212366,4.112478858156084,27428,402,"4,0 a 4,25",Alta
545,23766634,"A Court of Wings and Ruin (A Court of Thorns and Roses, #3)",Sarah J. Maas,https://www.goodreads.com/book/show/23766634-a-court-of-wings-and-ruin,https://i.gr-assets.com/images/S/compressed.photo.goodreads.com/books/1555221560i/23766634._SY75_.jpg,4.46,2940655,4.416816189998862,27426,319,"4,25 a 4,5",Muito alta
546,26032887,"The Wicked King (The Folk of the Air, #2)",Holly Black,https://www.goodreads.com/book/show/26032887-the-wicked-king,https://i.gr-assets.com/images/S/compressed.photo.goodreads.com/books/1520620414i/26032887._SY75_.jpg,4.27,1157172,4.225064377504254,27420,314,"4,25 a 4,5",Muito alta
547,13214,"I Know Why the Caged Bird Sings (Maya Angelou's Autobiography, #1)",Maya Angelou,https://www.goodreads.com/book/show/13214.I_Know_Why_the_Caged_Bird_Sings,https://i.gr-assets.com/images/S/compressed.photo.goodreads.com/books/1327957927i/13214._SY75_.jpg,4.3,597839,4.217784912676685,27382,383,"4,25 a 4,5",Muito alta
548,17333223,The Goldfinch,Donna Tartt,https://www.goodreads.com/book/show/17333223-the-goldfinch,https://i.gr-assets.com/images/S/compressed.photo.goodreads.com/books/1378710146i/17333223._SY75_.jpg,3.97,1082510,4.002405553507987,27199,315,"3,5 a 4,0",Muito alta
549,1617,Night,Elie Wiesel,https://www.goodreads.com/book/show/1617.Night,https://i.gr-assets.com/images/S/compressed.photo.goodreads.com/books/1709507006i/1617._SY75_.jpg,4.38,1401954,4.317206691837958,27182,339,"4,25 a 4,5",Muito alta
550,50398,Northanger Abbey,Jane Austen,https://www.goodreads.com/book/show/50398.Northanger_Abbey,https://i.gr-assets.com/images/S/compressed.photo.goodreads.com/books/1388201718i/50398._SY75_.jpg,3.85,471331,3.9597877132332675,27050,392,"3,5 a 4,0",Muito alta
551,3975774,"Evermore (The Immortals, #1)",Alyson Noel,https://www.goodreads.com/book/show/3975774-evermore,https://i.gr-assets.com/images/S/compressed.photo.goodreads.com/books/1362336360i/3975774._SY75_.jpg,3.6,300333,3.8783462165714813,27037,328,"3,5 a 4,0",Alta
552,89717,The Haunting of Hill House,Shirley Jackson,https://www.goodreads.com/book/show/89717.The_Haunting_of_Hill_House,https://i.gr-assets.com/images/S/compressed.photo.goodreads.com/books/1327871336i/89717._SY75_.jpg,3.81,423149,3.9454966996698415,27036,336,"3,5 a 4,0",Muito alta
553,40873273,Snow Flower and the Secret Fan,Lisa See,https://www.goodreads.com/book/show/40873273-snow-flower-and-the-secret-fan,https://i.gr-assets.com/images/S/compressed.photo.goodreads.com/books/1532005164i/40873273._SY75_.jpg,4.09,392903,4.091049554787328,26846,342,"4,0 a 4,25",Muito alta
554,136116,The Scarlet Pimpernel,Emmuska Orczy,https://www.goodreads.com/book/show/136116.The_Scarlet_Pimpernel,https://i.gr-assets.com/images/S/compressed.photo.goodreads.com/books/1406764899i/136116._SX50_.jpg,4.07,144130,4.086151485929608,26768,347,"4,0 a 4,25",Média
555,397483,"The Devil in the White City: Murder, Magic, and Madness at the Fair That Changed America",Erik Larson,https://www.goodreads.com/book/show/397483.The_Devil_in_the_White_City,https://i.gr-assets.com/images/S/compressed.photo.goodreads.com/books/1583433024i/397483._SY75_.jpg,4.0,782288,4.030698023445741,26698,352,"3,5 a 4,0",Muito alta
556,40097951,The Silent Patient,Alex Michaelides,https://www.goodreads.com/book/show/40097951-the-silent-patient,https://i.gr-assets.com/images/S/compressed.photo.goodreads.com/books/1668782119i/40097951._SY75_.jpg,4.16,3605811,4.15335663303816,26689,310,"4,0 a 4,25",Muito alta
557,249747,"Artemis Fowl (Artemis Fowl, #1)",Eoin Colfer,https://www.goodreads.com/book/show/249747.Artemis_Fowl,https://i.gr-assets.com/images/S/compressed.photo.goodreads.com/books/1630661894i/249747._SX50_.jpg,3.86,566309,3.9548113413560153,26597,346,"3,5 a 4,0",Muito alta
558,14201,Jonathan Strange & Mr Norrell,Susanna Clarke,https://www.goodreads.com/book/show/14201.Jonathan_Strange_Mr_Norrell,https://i.gr-assets.com/images/S/compressed.photo.goodreads.com/books/1743119988i/14201._SY75_.jpg,3.88,262629,4.006890858516337,26590,329,"3,5 a 4,0",Alta
559,14706,"Faust, First Part",Johann Wolfgang von Goethe,https://www.goodreads.com/book/show/14706.Faust_First_Part,https://i.gr-assets.com/images/S/compressed.photo.goodreads.com/books/1435405022i/14706._SY75_.jpg,3.83,88311,4.0438205943218675,26520,356,"3,5 a 4,0",Média
559,6969,Emma,Jane Austen,https://www.goodreads.com/book/show/6969.Emma,https://i.gr-assets.com/images/S/compressed.photo.goodreads.com/books/1373627931i/6969._SY75_.jpg,4.05,1022233,4.0616506783423,26520,350,"4,0 a 4,25",Muito alta
561,17675462,"The Raven Boys (The Raven Cycle, #1)",Maggie Stiefvater,https://www.goodreads.com/book/show/17675462-the-raven-boys,https://i.gr-assets.com/images/S/compressed.photo.goodreads.com/books/1573508485i/17675462._SY75_.jpg,4.05,411027,4.070528493706737,26426,304,"4,0 a 4,25",Muito alta
562,26032912,"The Queen of Nothing (The Folk of the Air, #3)",Holly Black,https://www.goodreads.com/book/show/26032912-the-queen-of-nothing,https://i.gr-assets.com/images/S/compressed.photo.goodreads.com/books/1553624975i/26032912._SX50_.jpg,4.33,1043501,4.265147267764977,26406,304,"4,25 a 4,5",Muito alta
563,17716,Waiting for Godot,Samuel Beckett,https://www.goodreads.com/book/show/17716.Waiting_for_Godot,https://i.gr-assets.com/images/S/compressed.photo.goodreads.com/books/1327910301i/17716._SY75_.jpg,3.84,228649,3.999090347684615,26313,349,"3,5 a 4,0",Alta
564,7735333,"Matched (Matched, #1)",Ally Condie,https://www.goodreads.com/book/show/7735333-matched,https://i.gr-assets.com/images/S/compressed.photo.goodreads.com/books/1367706191i/7735333._SY75_.jpg,3.62,821432,3.7722712123216846,26091,325,"3,5 a 4,0",Muito alta
565,33124137,Pet Sematary,Stephen  King,https://www.goodreads.com/book/show/33124137-pet-sematary,https://i.gr-assets.com/images/S/compressed.photo.goodreads.com/books/1480069533i/33124137._SY75_.jpg,4.09,732339,4.090732436738805,26082,351,"4,0 a 4,25",Muito alta
566,59716,To the Lighthouse,Virginia Woolf,https://www.goodreads.com/book/show/59716.To_the_Lighthouse,https://i.gr-assets.com/images/S/compressed.photo.goodreads.com/books/1639106809i/59716._SY75_.jpg,3.81,225872,3.988823165790249,25888,346,"3,5 a 4,0",Alta
567,13152,"The Angel Experiment (Maximum Ride, #1)",James  Patterson,https://www.goodreads.com/book/show/13152.The_Angel_Experiment,https://i.gr-assets.com/images/S/compressed.photo.goodreads.com/books/1339277875i/13152._SY75_.jpg,4.07,235069,4.083805721232022,25882,318,"4,0 a 4,25",Alta
568,18045891,Sharp Objects,Gillian Flynn,https://www.goodreads.com/book/show/18045891-sharp-objects,https://i.gr-assets.com/images/S/compressed.photo.goodreads.com/books/1475695315i/18045891._SY75_.jpg,4.0,1280025,4.021554651103319,25815,297,"3,5 a 4,0",Muito alta
569,6936382,"Anna and the French Kiss (Anna and the French Kiss, #1)",Stephanie Perkins,https://www.goodreads.com/book/show/6936382-anna-and-the-french-kiss,https://i.gr-assets.com/images/S/compressed.photo.goodreads.com/books/1358271931i/6936382._SY75_.jpg,3.95,467398,4.014735602247581,25731,302,"3,5 a 4,0",Muito alta
570,838729,"The Return of the King (The Lord of the Rings, #3)",J.R.R. Tolkien,https://www.goodreads.com/book/show/838729.The_Return_of_the_King,https://i.gr-assets.com/images/S/compressed.photo.goodreads.com/books/1574117762i/838729._SY75_.jpg,4.59,1088469,4.458394056298546,25571,350,"Acima de 4,5",Muito alta
571,33600,Shantaram,Gregory David Roberts,https://www.goodreads.com/book/show/33600.Shantaram,https://i.gr-assets.com/images/S/compressed.photo.goodreads.com/books/1333482282i/33600._SY75_.jpg,4.28,248060,4.16502922305924,25532,291,"4,25 a 4,5",Alta
572,5326,A Christmas Carol,Charles Dickens,https://www.goodreads.com/book/show/5326.A_Christmas_Carol,https://i.gr-assets.com/images/S/compressed.photo.goodreads.com/books/1406512317i/5326._SY75_.jpg,4.09,962946,4.090607693975027,25476,366,"4,0 a 4,25",Muito alta
573,140225,"The Voyage of the Dawn Treader (Chronicles of Narnia, #3)",C.S. Lewis,https://www.goodreads.com/book/show/140225.The_Voyage_of_the_Dawn_Treader,https://i.gr-assets.com/images/S/compressed.photo.goodreads.com/books/1661032500i/140225._SX50_.jpg,4.09,519938,4.0909032019351965,25467,367,"4,0 a 4,25",Muito alta
574,77197,"Assassin's Apprentice (Farseer Trilogy, #1)",Robin Hobb,https://www.goodreads.com/book/show/77197.Assassin_s_Apprentice,https://i.gr-assets.com/images/S/compressed.photo.goodreads.com/books/1673728072i/77197._SY75_.jpg,4.2,445008,4.149531615391308,25408,295,"4,0 a 4,25",Muito alta
575,7354,The Shipping News,Annie Proulx,https://www.goodreads.com/book/show/7354.The_Shipping_News,https://i.gr-assets.com/images/S/compressed.photo.goodreads.com/books/1554192241i/7354._SY75_.jpg,3.88,155413,4.031785434687953,25292,346,"3,5 a 4,0",Alta
576,57361474,Local Woman Missing,Mary Kubica,https://www.goodreads.com/book/show/57361474-local-woman-missing,https://i.gr-assets.com/images/S/compressed.photo.goodreads.com/books/1629480107i/57361474._SX50_.jpg,4.11,846017,4.104342580364406,25281,269,"4,0 a 4,25",Muito alta
577,3950967,"The Tales of Beedle the Bard (Hogwarts Library, #3)",J.K. Rowling,https://www.goodreads.com/book/show/3950967-the-tales-of-beedle-the-bard,https://i.gr-assets.com/images/S/compressed.photo.goodreads.com/books/1630876355i/3950967._SX50_.jpg,4.03,517636,4.056727447136856,25237,363,"4,0 a 4,25",Muito alta
578,14866,Nineteen Minutes,Jodi Picoult,https://www.goodreads.com/book/show/14866.Nineteen_Minutes,https://i.gr-assets.com/images/S/compressed.photo.goodreads.com/books/1348577596i/14866._SY75_.jpg,4.18,437413,4.138509724904985,25202,315,"4,0 a 4,25",Muito alta
579,285092,High Fidelity,Nick Hornby,https://www.goodreads.com/book/show/285092.High_Fidelity,https://i.gr-assets.com/images/S/compressed.photo.goodreads.com/books/1327928082i/285092._SY75_.jpg,3.89,219637,4.019419824293628,25181,315,"3,5 a 4,0",Alta
580,10664113,"A Dance with Dragons (A Song of Ice and Fire, #5)",George R.R. Martin,https://www.goodreads.com/book/show/10664113-a-dance-with-dragons,https://i.gr-assets.com/images/S/compressed.photo.goodreads.com/books/1753059444i/10664113._SY75_.jpg,4.35,755653,4.26204744684457,25031,330,"4,25 a 4,5",Muito alta
581,6088007,"Neuromancer (Sprawl, #1)",William Gibson,https://www.goodreads.com/book/show/6088007-neuromancer,https://i.gr-assets.com/images/S/compressed.photo.goodreads.com/books/1752514552i/6088007._SY75_.jpg,3.89,379235,3.9926059559317073,25020,311,"3,5 a 4,0",Alta
582,11422,Redeeming Love,Francine Rivers,https://www.goodreads.com/book/show/11422.Redeeming_Love,https://i.gr-assets.com/images/S/compressed.photo.goodreads.com/books/1550053167i/11422._SX50_.jpg,4.51,387911,4.30020178185199,24953,283,"Acima de 4,5",Alta
583,187181,"The Chosen (Reuven Malter, #1)",Chaim Potok,https://www.goodreads.com/book/show/187181.The_Chosen,https://i.gr-assets.com/images/S/compressed.photo.goodreads.com/books/1403191327i/187181._SY75_.jpg,4.08,100122,4.089636838144737,24858,337,"4,0 a 4,25",Média
584,101299,The Reader,Bernhard Schlink,https://www.goodreads.com/book/show/101299.The_Reader,https://i.gr-assets.com/images/S/compressed.photo.goodreads.com/books/1735039201i/101299._SY75_.jpg,3.79,237936,3.9778281602167196,24667,346,"3,5 a 4,0",Alta
585,41804,"I, Robot (Robot, #0.1)",Isaac Asimov,https://www.goodreads.com/book/show/41804.I_Robot,https://i.gr-assets.com/images/S/compressed.photo.goodreads.com/books/1609035271i/41804._SY75_.jpg,4.21,390106,4.150978445804412,24627,341,"4,0 a 4,25",Alta
586,6411961,"The Lost Symbol (Robert Langdon, #3)",Dan    Brown,https://www.goodreads.com/book/show/6411961-the-lost-symbol,https://i.gr-assets.com/images/S/compressed.photo.goodreads.com/books/1534070883i/6411961._SY75_.jpg,3.77,673522,3.8883245805987254,24581,319,"3,5 a 4,0",Muito alta
587,11324204,Houdini Heart,Ki Longfellow,https://www.goodreads.com/book/show/11324204-houdini-heart,https://i.gr-assets.com/images/S/compressed.photo.goodreads.com/books/1510418043i/11324204._SY75_.jpg,3.84,5455,4.0886358957496265,24357,253,"3,5 a 4,0",Baixa
588,8667848,"A Discovery of Witches (All Souls, #1)",Deborah Harkness,https://www.goodreads.com/book/show/8667848-a-discovery-of-witches,https://i.gr-assets.com/images/S/compressed.photo.goodreads.com/books/1525097370i/8667848._SY75_.jpg,4.02,570299,4.049331267272896,23984,284,"4,0 a 4,25",Muito alta
589,54493401,Project Hail Mary,Andy Weir,https://www.goodreads.com/book/show/54493401-project-hail-mary,https://i.gr-assets.com/images/S/compressed.photo.goodreads.com/books/1764703833i/54493401._SY75_.jpg,4.51,1859541,4.437384030167664,23801,263,"Acima de 4,5",Muito alta
590,78411,"The Bad Beginning (A Series of Unfortunate Events, #1)",Lemony Snicket,https://www.goodreads.com/book/show/78411.The_Bad_Beginning,https://i.gr-assets.com/images/S/compressed.photo.goodreads.com/books/1436737029i/78411._SX50_.jpg,4.03,586191,4.0548525334923475,23710,314,"4,0 a 4,25",Muito alta
591,960,"Angels & Demons (Robert Langdon, #1)",Dan    Brown,https://www.goodreads.com/book/show/960.Angels_Demons,https://i.gr-assets.com/images/S/compressed.photo.goodreads.com/books/1696691404i/960._SY75_.jpg,3.96,3459032,3.973418654141492,23646,309,"3,5 a 4,0",Muito alta
592,53835,The Age of Innocence,Edith Wharton,https://www.goodreads.com/book/show/53835.The_Age_of_Innocence,https://i.gr-assets.com/images/S/compressed.photo.goodreads.com/books/1388248423i/53835._SY75_.jpg,3.98,204041,4.053668482790286,23402,327,"3,5 a 4,0",Alta
593,11012,Dubliners,James Joyce,https://www.goodreads.com/book/show/11012.Dubliners,https://i.gr-assets.com/images/S/compressed.photo.goodreads.com/books/1756682305i/11012._SY75_.jpg,3.83,185542,4.007765842395223,23274,326,"3,5 a 4,0",Alta
594,14935,Sense and Sensibility,Jane Austen,https://www.goodreads.com/book/show/14935.Sense_and_Sensibility,https://i.gr-assets.com/images/S/compressed.photo.goodreads.com/books/1397245675i/14935._SY75_.jpg,4.09,1337772,4.090475942151811,23220,325,"4,0 a 4,25",Muito alta
595,30289,The Republic,Plato,https://www.goodreads.com/book/show/30289.The_Republic,https://i.gr-assets.com/images/S/compressed.photo.goodreads.com/books/1386925655i/30289._SY75_.jpg,3.97,232821,4.0465385317447815,23128,340,"3,5 a 4,0",Alta
596,34080,The Waste Land,T.S. Eliot,https://www.goodreads.com/book/show/34080.The_Waste_Land,https://i.gr-assets.com/images/S/compressed.photo.goodreads.com/books/1597549396i/34080._SY75_.jpg,4.11,60983,4.094518154570014,23027,324,"4,0 a 4,25",Média
597,35068705,"The Poppy War (The Poppy War, #1)",R.F. Kuang,https://www.goodreads.com/book/show/35068705-the-poppy-war,https://i.gr-assets.com/images/S/compressed.photo.goodreads.com/books/1515691735i/35068705._SY75_.jpg,4.15,548975,4.125914182640764,22921,252,"4,0 a 4,25",Muito alta
598,222910,"The Two Towers (The Lord of the Rings, #2)",J.R.R. Tolkien,https://www.goodreads.com/book/show/222910.The_Two_Towers,https://i.gr-assets.com/images/S/compressed.photo.goodreads.com/books/1486871714i/222910._SY75_.jpg,4.51,1178986,4.405908195557927,22875,322,"Acima de 4,5",Muito alta
599,53138095,"A ​Court of Silver Flames (A Court of Thorns and Roses, #5)",Sarah J. Maas,https://www.goodreads.com/book/show/53138095-a-court-of-silver-flames,https://i.gr-assets.com/images/S/compressed.photo.goodreads.com/books/1734440950i/53138095._SY75_.jpg,4.45,2288762,4.3977707279272265,22843,259,"4,25 a 4,5",Muito alta
600,3777732,"City of Glass (The Mortal Instruments, #3)",Cassandra Clare,https://www.goodreads.com/book/show/3777732-city-of-glass,https://i.gr-assets.com/images/S/compressed.photo.goodreads.com/books/1369452339i/3777732._SY75_.jpg,4.27,1029126,4.221012976735957,22683,302,"4,25 a 4,5",Muito alta
601,10987,"Voyager (Outlander, #3)",Diana Gabaldon,https://www.goodreads.com/book/show/10987.Voyager,https://i.gr-assets.com/images/S/compressed.photo.goodreads.com/books/1483278195i/10987._SY75_.jpg,4.39,337860,4.230177145944989,22522,290,"4,25 a 4,5",Alta
602,17332218,"Words of Radiance (The Stormlight Archive, #2)",Brandon Sanderson,https://www.goodreads.com/book/show/17332218-words-of-radiance,https://i.gr-assets.com/images/S/compressed.photo.goodreads.com/books/1728768241i/17332218._SY75_.jpg,4.76,530916,4.476700445416972,22515,243,"Acima de 4,5",Muito alta
603,52578297,"The Midnight Library (The Midnight World, #1)",Matt Haig,https://www.goodreads.com/book/show/52578297-the-midnight-library,https://i.gr-assets.com/images/S/compressed.photo.goodreads.com/books/1602190253i/52578297._SY75_.jpg,3.97,2670256,3.9855985857805423,22479,256,"3,5 a 4,0",Muito alta
604,16248068,"The Elite (The Selection, #2)",Kiera Cass,https://www.goodreads.com/book/show/16248068-the-elite,https://i.gr-assets.com/images/S/compressed.photo.goodreads.com/books/1391454595i/16248068._SY75_.jpg,3.94,896662,3.9861931906803596,22472,282,"3,5 a 4,0",Muito alta
605,13104080,"Unravel Me (Shatter Me, #2)",Tahereh Mafi,https://www.goodreads.com/book/show/13104080-unravel-me,https://i.gr-assets.com/images/S/compressed.photo.goodreads.com/books/1340287622i/13104080._SY75_.jpg,4.09,820070,4.09067938190023,22334,266,"4,0 a 4,25",Muito alta
606,690926,The Twilight Collection,Stephenie Meyer,https://www.goodreads.com/book/show/690926.The_Twilight_Collection,https://i.gr-assets.com/images/S/compressed.photo.goodreads.com/books/1388187657i/690926._SX50_.jpg,3.82,47641,4.062556099391015,22295,287,"3,5 a 4,0",Baixa
607,41681,The Jungle,Upton Sinclair,https://www.goodreads.com/book/show/41681.The_Jungle,https://i.gr-assets.com/images/S/compressed.photo.goodreads.com/books/1332140681i/41681._SY75_.jpg,3.79,157919,4.005204212566582,22216,309,"3,5 a 4,0",Alta
608,8852,Macbeth,William Shakespeare,https://www.goodreads.com/book/show/8852.Macbeth,https://i.gr-assets.com/images/S/compressed.photo.goodreads.com/books/1459795224i/8852._SY75_.jpg,3.89,1054755,3.9446666410053837,22204,302,"3,5 a 4,0",Muito alta
609,75513900,"Powerless (The Powerless Trilogy, #1)",Lauren  Roberts,https://www.goodreads.com/book/show/75513900-powerless,https://i.gr-assets.com/images/S/compressed.photo.goodreads.com/books/1672676191i/75513900._SX50_.jpg,4.13,1095981,4.120033772234407,22098,236,"4,0 a 4,25",Muito alta
610,4137,Me Talk Pretty One Day,David Sedaris,https://www.goodreads.com/book/show/4137.Me_Talk_Pretty_One_Day,https://i.gr-assets.com/images/S/compressed.photo.goodreads.com/books/1431013639i/4137._SY75_.jpg,4.01,730190,4.038636521462813,22089,299,"4,0 a 4,25",Muito alta
611,5308,The Pearl,John Steinbeck,https://www.goodreads.com/book/show/5308.The_Pearl,https://i.gr-assets.com/images/S/compressed.photo.goodreads.com/books/1437234939i/5308._SY75_.jpg,3.59,290478,3.878108998524338,21992,344,"3,5 a 4,0",Alta
612,137791,Divine Secrets of the Ya-Ya Sisterhood,Rebecca Wells,https://www.goodreads.com/book/show/137791.Divine_Secrets_of_the_Ya_Ya_Sisterhood,https://i.gr-assets.com/images/S/compressed.photo.goodreads.com/books/1408313524i/137791._SY75_.jpg,3.86,571594,3.954290835402092,21950,323,"3,5 a 4,0",Muito alta
613,84369,"The Last Battle (Chronicles of Narnia, #7)",C.S. Lewis,https://www.goodreads.com/book/show/84369.The_Last_Battle,https://i.gr-assets.com/images/S/compressed.photo.goodreads.com/books/1308814830i/84369._SY75_.jpg,4.01,315076,4.0554704906495616,21907,322,"4,0 a 4,25",Alta
614,55710822,"Better Than the Movies (Better Than the Movies, #1)",Lynn Painter,https://www.goodreads.com/book/show/55710822-better-than-the-movies,https://i.gr-assets.com/images/S/compressed.photo.goodreads.com/books/1618150545i/55710822._SY75_.jpg,4.25,903081,4.202285650459071,21853,235,"4,0 a 4,25",Muito alta
615,11901,"The Witching Hour (Lives of the Mayfair Witches, #1)",Anne Rice,https://www.goodreads.com/book/show/11901.The_Witching_Hour,https://i.gr-assets.com/images/S/compressed.photo.goodreads.com/books/1327289387i/11901._SY75_.jpg,4.1,127089,4.0940406139069285,21840,289,"4,0 a 4,25",Média
616,676924,"Betrayed (House of Night, #2)",P.C. Cast,https://www.goodreads.com/book/show/676924.Betrayed,https://i.gr-assets.com/images/S/compressed.photo.goodreads.com/books/1406941788i/676924._SX50_.jpg,3.92,282365,4.019943553579482,21785,285,"3,5 a 4,0",Alta
617,77142,Snow Falling on Cedars,David Guterson,https://www.goodreads.com/book/show/77142.Snow_Falling_on_Cedars,https://i.gr-assets.com/images/S/compressed.photo.goodreads.com/books/1479863528i/77142._SY75_.jpg,3.86,197130,4.014317829788048,21783,321,"3,5 a 4,0",Alta
618,27883214,"Caraval (Caraval, #1)",Stephanie Garber,https://www.goodreads.com/book/show/27883214-caraval,https://i.gr-assets.com/images/S/compressed.photo.goodreads.com/books/1465563623i/27883214._SY75_.jpg,3.97,976626,4.0049143000851615,21629,237,"3,5 a 4,0",Muito alta
619,179780,"The Exorcist (The Exorcist, #1)",William Peter Blatty,https://www.goodreads.com/book/show/179780.The_Exorcist,https://i.gr-assets.com/images/S/compressed.photo.goodreads.com/books/1731395907i/179780._SY75_.jpg,4.21,282494,4.141549013525225,21601,316,"4,0 a 4,25",Alta
620,8908,World War Z: An Oral History of the Zombie War,Max Brooks,https://www.goodreads.com/book/show/8908.World_War_Z,https://i.gr-assets.com/images/S/compressed.photo.goodreads.com/books/1528312647i/8908._SX50_.jpg,4.02,580794,4.049014527229975,21557,275,"4,0 a 4,25",Muito alta
621,42900,"Lover Awakened (Black Dagger Brotherhood, #3)",J.R. Ward,https://www.goodreads.com/book/show/42900.Lover_Awakened,https://i.gr-assets.com/images/S/compressed.photo.goodreads.com/books/1388773547i/42900._SY75_.jpg,4.43,191160,4.203041270124085,21500,262,"4,25 a 4,5",Alta
622,2866718,"Untamed (House of Night, #4)",P.C. Cast,https://www.goodreads.com/book/show/2866718-untamed,https://i.gr-assets.com/images/S/compressed.photo.goodreads.com/books/1438037020i/2866718._SY75_.jpg,3.94,246955,4.033231368928778,21481,280,"3,5 a 4,0",Alta
623,18765,"I, Claudius (Claudius, #1)",Robert Graves,https://www.goodreads.com/book/show/18765.I_Claudius,https://i.gr-assets.com/images/S/compressed.photo.goodreads.com/books/1657550972i/18765._SY75_.jpg,4.24,75359,4.115998392928562,21388,291,"4,0 a 4,25",Média
624,256566,Everything is Illuminated,Jonathan Safran Foer,https://www.goodreads.com/book/show/256566.Everything_is_Illuminated,https://i.gr-assets.com/images/S/compressed.photo.goodreads.com/books/1479774440i/256566._SY75_.jpg,3.89,185288,4.027132667060801,21350,264,"3,5 a 4,0",Alta
625,3087,A Room with a View,E.M. Forster,https://www.goodreads.com/book/show/3087.A_Room_with_a_View,https://i.gr-assets.com/images/S/compressed.photo.goodreads.com/books/1388781285i/3087._SY75_.jpg,3.89,208638,4.021793417994685,21135,321,"3,5 a 4,0",Alta
626,8909,The War of the Worlds,H.G. Wells,https://www.goodreads.com/book/show/8909.The_War_of_the_Worlds,https://i.gr-assets.com/images/S/compressed.photo.goodreads.com/books/1320391644i/8909._SY75_.jpg,3.83,361523,3.9661989345628426,21108,319,"3,5 a 4,0",Alta
627,16101128,"The 5th Wave (The 5th Wave, #1)",Rick Yancey,https://www.goodreads.com/book/show/16101128-the-5th-wave,https://i.gr-assets.com/images/S/compressed.photo.goodreads.com/books/1359853842i/16101128._SX50_.jpg,4.0,485423,4.041095205123765,20924,254,"3,5 a 4,0",Muito alta
628,40597810,Daisy Jones & The Six,Taylor Jenkins Reid,https://www.goodreads.com/book/show/40597810-daisy-jones-the-six,https://i.gr-assets.com/images/S/compressed.photo.goodreads.com/books/1580255154i/40597810._SY75_.jpg,4.19,1948552,4.173636217649117,20870,233,"4,0 a 4,25",Muito alta
629,15839976,"Red Rising (Red Rising Saga, #1)",Pierce Brown,https://www.goodreads.com/book/show/15839976-red-rising,https://i.gr-assets.com/images/S/compressed.photo.goodreads.com/books/1461354651i/15839976._SY75_.jpg,4.27,975705,4.2190983125175245,20762,235,"4,25 a 4,5",Muito alta
630,28260587,"Empire of Storms (Throne of Glass, #5)",Sarah J. Maas,https://www.goodreads.com/book/show/28260587-empire-of-storms,https://i.gr-assets.com/images/S/compressed.photo.goodreads.com/books/1463107108i/28260587._SY75_.jpg,4.63,1399344,4.512507895904589,20736,244,"Acima de 4,5",Muito alta
631,31242,Bleak House,Charles Dickens,https://www.goodreads.com/book/show/31242.Bleak_House,https://i.gr-assets.com/images/S/compressed.photo.goodreads.com/books/1280113147i/31242._SY75_.jpg,4.02,116756,4.07552667544836,20669,288,"4,0 a 4,25",Média
632,59344312,Verity,Colleen Hoover,https://www.goodreads.com/book/show/59344312-verity,https://i.gr-assets.com/images/S/compressed.photo.goodreads.com/books/1634158558i/59344312._SY75_.jpg,4.29,4156445,4.272981225317525,20645,232,"4,25 a 4,5",Muito alta
633,17788401,Ugly Love,Colleen Hoover,https://www.goodreads.com/book/show/17788401-ugly-love,https://i.gr-assets.com/images/S/compressed.photo.goodreads.com/books/1632597571i/17788401._SY75_.jpg,3.98,2407766,3.995664207551914,20636,231,"3,5 a 4,0",Muito alta
634,56732449,The Love Hypothesis,Ali Hazelwood,https://www.goodreads.com/book/show/56732449-the-love-hypothesis,https://i.gr-assets.com/images/S/compressed.photo.goodreads.com/books/1747519081i/56732449._SY75_.jpg,4.09,2109613,4.090329042249976,20602,229,"4,0 a 4,25",Muito alta
635,41057294,Normal People,Sally Rooney,https://www.goodreads.com/book/show/41057294-normal-people,https://i.gr-assets.com/images/S/compressed.photo.goodreads.com/books/1571423190i/41057294._SY75_.jpg,3.81,1996134,3.856215131629025,20559,224,"3,5 a 4,0",Muito alta
636,10194157,"Shadow and Bone (Shadow and Bone, #1)",Leigh Bardugo,https://www.goodreads.com/book/show/10194157-shadow-and-bone,https://i.gr-assets.com/images/S/compressed.photo.goodreads.com/books/1339533695i/10194157._SX50_.jpg,3.91,1151990,3.956153015924902,20542,250,"3,5 a 4,0",Muito alta
637,5890,The Woman in White,Wilkie Collins,https://www.goodreads.com/book/show/5890.The_Woman_in_White,https://i.gr-assets.com/images/S/compressed.photo.goodreads.com/books/1295661017i/5890._SY75_.jpg,4.02,171293,4.070141896555449,20523,295,"4,0 a 4,25",Alta
638,764347,"Unwind (Unwind, #1)",Neal Shusterman,https://www.goodreads.com/book/show/764347.Unwind,https://i.gr-assets.com/images/S/compressed.photo.goodreads.com/books/1297677706i/764347._SX50_.jpg,4.17,255322,4.122872066057887,20472,241,"4,0 a 4,25",Alta
639,18774964,A Man Called Ove,Fredrik Backman,https://www.goodreads.com/book/show/18774964-a-man-called-ove,https://i.gr-assets.com/images/S/compressed.photo.goodreads.com/books/1405259930i/18774964._SY75_.jpg,4.38,1279395,4.312599689877569,20412,239,"4,25 a 4,5",Muito alta
640,156538,North and South,Elizabeth Gaskell,https://www.goodreads.com/book/show/156538.North_and_South,https://i.gr-assets.com/images/S/compressed.photo.goodreads.com/books/1699604581i/156538._SY75_.jpg,4.15,189595,4.1110074794719775,20319,266,"4,0 a 4,25",Alta
641,1326258,"Chosen (House of Night, #3)",P.C. Cast,https://www.goodreads.com/book/show/1326258.Chosen,https://i.gr-assets.com/images/S/compressed.photo.goodreads.com/books/1393192825i/1326258._SX50_.jpg,3.91,257705,4.01977024217625,20217,268,"3,5 a 4,0",Alta
642,14743,The God Delusion: A Study of Religious Belief and Skepticism,Richard Dawkins,https://www.goodreads.com/book/show/14743.The_God_Delusion,https://i.gr-assets.com/images/S/compressed.photo.goodreads.com/books/1347220693i/14743._SY75_.jpg,3.9,288141,4.010609202956177,20193,257,"3,5 a 4,0",Alta
643,36336078,"Call Me By Your Name (Call Me By Your Name, #1)",André Aciman,https://www.goodreads.com/book/show/36336078-call-me-by-your-name,https://i.gr-assets.com/images/S/compressed.photo.goodreads.com/books/1519203520i/36336078._SY75_.jpg,4.1,627909,4.096969573440753,20152,220,"4,0 a 4,25",Muito alta
644,51335759,"Good Girl, Bad Blood (A Good Girl's Guide to Murder, #2)",Holly  Jackson,https://www.goodreads.com/book/show/51335759-good-girl-bad-blood,https://i.gr-assets.com/images/S/compressed.photo.goodreads.com/books/1588319723i/51335759._SY75_.jpg,4.25,846073,4.2000869749600644,20095,222,"4,0 a 4,25",Muito alta
645,112204,The Complete Poems of Emily Dickinson,Emily Dickinson,https://www.goodreads.com/book/show/112204.The_Complete_Poems_of_Emily_Dickinson,https://i.gr-assets.com/images/S/compressed.photo.goodreads.com/books/1549999503i/112204._SY75_.jpg,4.29,107735,4.134845885275274,20090,314,"4,25 a 4,5",Média
646,30933,Brideshead Revisited,Evelyn Waugh,https://www.goodreads.com/book/show/30933.Brideshead_Revisited,https://i.gr-assets.com/images/S/compressed.photo.goodreads.com/books/1753925707i/30933._SY75_.jpg,4.0,131548,4.068921010177875,20074,272,"3,5 a 4,0",Média
647,40495957,"Heartstopper: Volume One (Heartstopper, #1)",Alice Oseman,https://www.goodreads.com/book/show/40495957-heartstopper,https://i.gr-assets.com/images/S/compressed.photo.goodreads.com/books/1712679126i/40495957._SY75_.jpg,4.4,929750,4.308836012031065,20064,229,"4,25 a 4,5",Muito alta
648,18423,The Left Hand of Darkness,Ursula K. Le Guin,https://www.goodreads.com/book/show/18423.The_Left_Hand_of_Darkness,https://i.gr-assets.com/images/S/compressed.photo.goodreads.com/books/1488213612i/18423._SY75_.jpg,4.09,237038,4.091309997350024,19999,252,"4,0 a 4,25",Alta
649,30528535,انتحار فاشل,أحمد جمال الدين رمضان,https://www.goodreads.com/book/show/30528535,https://i.gr-assets.com/images/S/compressed.photo.goodreads.com/books/1465754541i/30528535._SX50_.jpg,4.53,3361,4.095835269461207,19943,203,"Acima de 4,5",Baixa
650,70535,"2001: A Space Odyssey (Space Odyssey, #1)",Arthur C. Clarke,https://www.goodreads.com/book/show/70535.2001,https://i.gr-assets.com/images/S/compressed.photo.goodreads.com/books/1432468943i/70535._SY75_.jpg,4.18,343904,4.133231092751244,19923,269,"4,0 a 4,25",Alta
651,12957,Much Ado About Nothing,William Shakespeare,https://www.goodreads.com/book/show/12957.Much_Ado_About_Nothing,https://i.gr-assets.com/images/S/compressed.photo.goodreads.com/books/1327885569i/12957._SY75_.jpg,4.06,263310,4.079186176451913,19612,290,"4,0 a 4,25",Alta
652,31548,Of Human Bondage,W. Somerset Maugham,https://www.goodreads.com/book/show/31548.Of_Human_Bondage,https://i.gr-assets.com/images/S/compressed.photo.goodreads.com/books/1386924695i/31548._SY75_.jpg,4.16,63244,4.101555421310417,19583,274,"4,0 a 4,25",Média
652,25480342,A Monster Calls,Patrick Ness,https://www.goodreads.com/book/show/25480342-a-monster-calls,https://i.gr-assets.com/images/S/compressed.photo.goodreads.com/books/1430763000i/25480342._SY75_.jpg,4.34,297068,4.199118608292175,19583,225,"4,25 a 4,5",Alta
654,30528544,العصبي,أحمد جمال الدين رمضان,https://www.goodreads.com/book/show/30528544,https://i.gr-assets.com/images/S/compressed.photo.goodreads.com/books/1465754782i/30528544._SX50_.jpg,4.59,2915,4.095787711918212,19551,199,"Acima de 4,5",Baixa
655,5797,Vanity Fair,William Makepeace Thackeray,https://www.goodreads.com/book/show/5797.Vanity_Fair,https://i.gr-assets.com/images/S/compressed.photo.goodreads.com/books/1344386439i/5797._SY75_.jpg,3.81,135200,4.019632299676551,19405,280,"3,5 a 4,0",Média
656,8709527,"Bloodlines (Bloodlines, #1)",Richelle Mead,https://www.goodreads.com/book/show/8709527-bloodlines,https://i.gr-assets.com/images/S/compressed.photo.goodreads.com/books/1297199431i/8709527._SY75_.jpg,4.2,192271,4.127666200363675,19402,248,"4,0 a 4,25",Alta
657,33385229,"They Both Die at the End (They Both Die at the End, #1)",Adam Silvera,https://www.goodreads.com/book/show/33385229-they-both-die-at-the-end,https://i.gr-assets.com/images/S/compressed.photo.goodreads.com/books/1494333138i/33385229._SY75_.jpg,3.75,907373,3.8530381628132693,19364,217,"3,5 a 4,0",Muito alta
658,31463,Far From the Madding Crowd,Thomas Hardy,https://www.goodreads.com/book/show/31463.Far_From_the_Madding_Crowd,https://i.gr-assets.com/images/S/compressed.photo.goodreads.com/books/1631259654i/31463._SY75_.jpg,3.97,170886,4.054973931105354,19341,276,"3,5 a 4,0",Alta
659,6644117,"The Iron King (The Iron Fey, #1)",Julie Kagawa,https://www.goodreads.com/book/show/6644117-the-iron-king,https://i.gr-assets.com/images/S/compressed.photo.goodreads.com/books/1327877670i/6644117._SY75_.jpg,3.87,219550,4.0122473383431805,19322,236,"3,5 a 4,0",Alta
660,77566,"Hyperion (Hyperion Cantos, #1)",Dan Simmons,https://www.goodreads.com/book/show/77566.Hyperion,https://i.gr-assets.com/images/S/compressed.photo.goodreads.com/books/1746983261i/77566._SY75_.jpg,4.28,318309,4.176414476524365,19261,227,"4,25 a 4,5",Alta
661,208430658,Blood Over Bright Haven,M.L. Wang,https://www.goodreads.com/book/show/208430658-blood-over-bright-haven,https://i.gr-assets.com/images/S/compressed.photo.goodreads.com/books/1717354584i/208430658._SY75_.jpg,4.3,180871,4.157847932798527,19251,210,"4,25 a 4,5",Alta
662,40651883,Snow Crash,Neal Stephenson,https://www.goodreads.com/book/show/40651883-snow-crash,https://i.gr-assets.com/images/S/compressed.photo.goodreads.com/books/1589842551i/40651883._SX50_.jpg,4.01,303463,4.056230772212693,19116,226,"4,0 a 4,25",Alta
663,23692271,Sapiens: A Brief History of Humankind,Yuval Noah Harari,https://www.goodreads.com/book/show/23692271-sapiens,https://i.gr-assets.com/images/S/compressed.photo.goodreads.com/books/1703329310i/23692271._SY75_.jpg,4.32,1327583,4.268142422505857,19051,213,"4,25 a 4,5",Muito alta
664,43889,"Wizard's First Rule (Sword of Truth, #1)",Terry Goodkind,https://www.goodreads.com/book/show/43889.Wizard_s_First_Rule,https://i.gr-assets.com/images/S/compressed.photo.goodreads.com/books/1385248539i/43889._SY75_.jpg,4.12,255496,4.1031271560537865,19007,228,"4,0 a 4,25",Alta
665,62984900,Those Empty Eyes,Charlie Donlea,https://www.goodreads.com/book/show/62984900-those-empty-eyes,https://i.gr-assets.com/images/S/compressed.photo.goodreads.com/books/1679436159i/62984900._SX50_.jpg,4.13,117186,4.100841303111014,18991,200,"4,0 a 4,25",Média
666,13206828,"Cress (The Lunar Chronicles, #3)",Marissa Meyer,https://www.goodreads.com/book/show/13206828-cress,https://i.gr-assets.com/images/S/compressed.photo.goodreads.com/books/1470057005i/13206828._SY75_.jpg,4.4,414465,4.250520968421719,18890,232,"4,25 a 4,5",Muito alta
667,7090447,"The Red Pyramid (The Kane Chronicles, #1)",Rick Riordan,https://www.goodreads.com/book/show/7090447-the-red-pyramid,https://i.gr-assets.com/images/S/compressed.photo.goodreads.com/books/1661018382i/7090447._SY75_.jpg,4.1,434141,4.096258007496773,18834,253,"4,0 a 4,25",Muito alta
668,51606,Johnny Got His Gun,Dalton Trumbo,https://www.goodreads.com/book/show/51606.Johnny_Got_His_Gun,https://i.gr-assets.com/images/S/compressed.photo.goodreads.com/books/1386925458i/51606._SY75_.jpg,4.22,50842,4.106818083925301,18706,232,"4,0 a 4,25",Média
669,77390,"Anne of Avonlea (Anne of Green Gables, #2)",L.M. Montgomery,https://www.goodreads.com/book/show/77390.Anne_of_Avonlea,https://i.gr-assets.com/images/S/compressed.photo.goodreads.com/books/1764879073i/77390._SY75_.jpg,4.23,235468,4.1439277333136495,18684,291,"4,0 a 4,25",Alta
670,3591262,Cutting for Stone,Abraham   Verghese,https://www.goodreads.com/book/show/3591262-cutting-for-stone,https://i.gr-assets.com/images/S/compressed.photo.goodreads.com/books/1553715166i/3591262._SX50_.jpg,4.34,438930,4.223197472319486,18574,232,"4,25 a 4,5",Muito alta
671,4799,"Cannery Row (Cannery Row, #1)",John Steinbeck,https://www.goodreads.com/book/show/4799.Cannery_Row,https://i.gr-assets.com/images/S/compressed.photo.goodreads.com/books/1388188936i/4799._SX50_.jpg,4.06,161725,4.082711877360176,18544,271,"4,0 a 4,25",Alta
672,13206760,"Scarlet (The Lunar Chronicles, #2)",Marissa Meyer,https://www.goodreads.com/book/show/13206760-scarlet,https://i.gr-assets.com/images/S/compressed.photo.goodreads.com/books/1470056982i/13206760._SY75_.jpg,4.23,472273,4.167536066644756,18520,235,"4,0 a 4,25",Muito alta
673,50202953,Piranesi,Susanna Clarke,https://www.goodreads.com/book/show/50202953-piranesi,https://i.gr-assets.com/images/S/compressed.photo.goodreads.com/books/1773750050i/50202953._SY75_.jpg,4.2,574725,4.156310004778911,18500,209,"4,0 a 4,25",Muito alta
674,197084,Are You My Mother?,P.D. Eastman,https://www.goodreads.com/book/show/197084.Are_You_My_Mother_,https://i.gr-assets.com/images/S/compressed.photo.goodreads.com/books/1389098758i/197084._SX50_.jpg,4.22,255307,4.142619722292077,18421,278,"4,0 a 4,25",Alta
675,20820994,I'll Give You the Sun,Jandy Nelson,https://www.goodreads.com/book/show/20820994-i-ll-give-you-the-sun,https://i.gr-assets.com/images/S/compressed.photo.goodreads.com/books/1608612077i/20820994._SX50_.jpg,4.15,362924,4.119970996731785,18413,204,"4,0 a 4,25",Alta
676,77767,"Little House on the Prairie (Little House, #3)",Laura Ingalls Wilder,https://www.goodreads.com/book/show/77767.Little_House_on_the_Prairie,https://i.gr-assets.com/images/S/compressed.photo.goodreads.com/books/1559209202i/77767._SX50_.jpg,4.21,306461,4.143900936966139,18397,292,"4,0 a 4,25",Alta
677,33590260,"Kingdom of Ash (Throne of Glass, #7)",Sarah J. Maas,https://www.goodreads.com/book/show/33590260-kingdom-of-ash,https://i.gr-assets.com/images/S/compressed.photo.goodreads.com/books/1531922609i/33590260._SY75_.jpg,4.71,1248342,4.562602246063744,18373,210,"Acima de 4,5",Muito alta
678,3682,"A Great and Terrible Beauty (Gemma Doyle, #1)",Libba Bray,https://www.goodreads.com/book/show/3682.A_Great_and_Terrible_Beauty,https://i.gr-assets.com/images/S/compressed.photo.goodreads.com/books/1284558475i/3682._SY75_.jpg,3.8,226331,3.9850244207338132,18245,225,"3,5 a 4,0",Alta
679,420282,The Polar Express,Chris Van Allsburg,https://www.goodreads.com/book/show/420282.The_Polar_Express,https://i.gr-assets.com/images/S/compressed.photo.goodreads.com/books/1638557399i/420282._SX50_.jpg,4.32,250338,4.181049059445176,18242,291,"4,25 a 4,5",Alta
680,10576365,"The Darkest Minds (The Darkest Minds, #1)",Alexandra Bracken,https://www.goodreads.com/book/show/10576365-the-darkest-minds,https://i.gr-assets.com/images/S/compressed.photo.goodreads.com/books/1343178841i/10576365._SY75_.jpg,4.15,210890,4.112386858328249,18175,210,"4,0 a 4,25",Alta
681,4268157,"Perfect Chemistry (Perfect Chemistry, #1)",Simone Elkeles,https://www.goodreads.com/book/show/4268157-perfect-chemistry,https://i.gr-assets.com/images/S/compressed.photo.goodreads.com/books/1439792475i/4268157._SX50_.jpg,4.04,264287,4.071092270558019,18130,215,"4,0 a 4,25",Alta
682,556602,Sarah's Key,Tatiana de Rosnay,https://www.goodreads.com/book/show/556602.Sarah_s_Key,https://i.gr-assets.com/images/S/compressed.photo.goodreads.com/books/1438863728i/556602._SX50_.jpg,4.18,502114,4.141515186243538,18127,239,"4,0 a 4,25",Muito alta
683,50659467,"A Court of Thorns and Roses (A Court of Thorns and Roses, #1)",Sarah J. Maas,https://www.goodreads.com/book/show/50659467-a-court-of-thorns-and-roses,https://i.gr-assets.com/images/S/compressed.photo.goodreads.com/books/1620324329i/50659467._SY75_.jpg,4.15,4581796,4.145446898799171,18110,207,"4,0 a 4,25",Muito alta
684,20448515,"Bared to You (Crossfire, #1)",Sylvia Day,https://www.goodreads.com/book/show/20448515-bared-to-you,https://i.gr-assets.com/images/S/compressed.photo.goodreads.com/books/1433411511i/20448515._SY75_.jpg,4.12,556411,4.108485822064414,18103,213,"4,0 a 4,25",Muito alta
685,1898,Into Thin Air: A Personal Account of the Mt. Everest Disaster,Jon Krakauer,https://www.goodreads.com/book/show/1898.Into_Thin_Air,https://i.gr-assets.com/images/S/compressed.photo.goodreads.com/books/1631501298i/1898._SY75_.jpg,4.27,590266,4.19910589340414,18068,253,"4,25 a 4,5",Muito alta
686,10534,The Art of War,Sun Tzu,https://www.goodreads.com/book/show/10534.The_Art_of_War,https://i.gr-assets.com/images/S/compressed.photo.goodreads.com/books/1630683326i/10534._SY75_.jpg,3.94,597131,4.000194534620743,18050,250,"3,5 a 4,0",Muito alta
687,7740152,"Torment (Fallen, #2)",Lauren Kate,https://www.goodreads.com/book/show/7740152-torment,https://i.gr-assets.com/images/S/compressed.photo.goodreads.com/books/1362339749i/7740152._SY75_.jpg,3.84,247205,3.99446533374433,17980,233,"3,5 a 4,0",Alta
688,6150,"Cry, the Beloved Country",Alan Paton,https://www.goodreads.com/book/show/6150.Cry_the_Beloved_Country,https://i.gr-assets.com/images/S/compressed.photo.goodreads.com/books/1344182368i/6150._SY75_.jpg,3.93,81107,4.06425963273719,17967,248,"3,5 a 4,0",Média
689,84119,"The Horse and His Boy (Chronicles of Narnia, #5)",C.S. Lewis,https://www.goodreads.com/book/show/84119.The_Horse_and_His_Boy,https://i.gr-assets.com/images/S/compressed.photo.goodreads.com/books/1703358949i/84119._SX50_.jpg,3.91,405089,3.999449980858981,17963,274,"3,5 a 4,0",Muito alta
690,15863832,"Angelfall (Penryn & the End of Days, #1)",Susan Ee,https://www.goodreads.com/book/show/15863832-angelfall,https://i.gr-assets.com/images/S/compressed.photo.goodreads.com/books/1464206558i/15863832._SY75_.jpg,4.09,200810,4.09139017867402,17951,206,"4,0 a 4,25",Alta
690,944073,"The Blade Itself (The First Law, #1)",Joe Abercrombie,https://www.goodreads.com/book/show/944073.The_Blade_Itself,https://i.gr-assets.com/images/S/compressed.photo.goodreads.com/books/1747782133i/944073._SY75_.jpg,4.22,336036,4.151210959447709,17951,205,"4,0 a 4,25",Alta
692,8337,"Little House in the Big Woods (Little House, #1)",Laura Ingalls Wilder,https://www.goodreads.com/book/show/8337.Little_House_in_the_Big_Woods,https://i.gr-assets.com/images/S/compressed.photo.goodreads.com/books/1743630755i/8337._SY75_.jpg,4.21,292595,4.14256034589204,17945,283,"4,0 a 4,25",Alta
693,12497,No Country for Old Men,Cormac McCarthy,https://www.goodreads.com/book/show/12497.No_Country_for_Old_Men,https://i.gr-assets.com/images/S/compressed.photo.goodreads.com/books/1443231179i/12497._SY75_.jpg,4.17,268357,4.123803636352331,17899,240,"4,0 a 4,25",Alta
694,6485421,"The Mortal Instruments Boxed Set: City of Bones; City of Ashes; City of Glass (The Mortal Instruments, #1-3)",Cassandra Clare,https://www.goodreads.com/book/show/6485421-the-mortal-instruments-boxed-set,https://i.gr-assets.com/images/S/compressed.photo.goodreads.com/books/1312016549i/6485421._SX50_.jpg,4.55,69155,4.160907429285969,17876,231,"Acima de 4,5",Média
694,40611510,The Last Lecture,Randy Pausch,https://www.goodreads.com/book/show/40611510-the-last-lecture,https://i.gr-assets.com/images/S/compressed.photo.goodreads.com/books/1529682044i/40611510._SX50_.jpg,4.26,368808,4.1735914387441575,17876,222,"4,25 a 4,5",Alta
696,47401,"Chocolat (Chocolat, #1)",Joanne Harris,https://www.goodreads.com/book/show/47401.Chocolat,https://i.gr-assets.com/images/S/compressed.photo.goodreads.com/books/1388674628i/47401._SY75_.jpg,3.96,133366,4.058510156461071,17850,268,"3,5 a 4,0",Média
697,1923820,The Holy Bible: King James Version,Anonymous,https://www.goodreads.com/book/show/1923820.The_Holy_Bible,https://i.gr-assets.com/images/S/compressed.photo.goodreads.com/books/1631816305i/1923820._SY75_.jpg,4.45,328747,4.255555931815632,17833,217,"4,25 a 4,5",Alta
698,518848,"Sabriel (Abhorsen, #1)",Garth Nix,https://www.goodreads.com/book/show/518848.Sabriel,https://i.gr-assets.com/images/S/compressed.photo.goodreads.com/books/1293655399i/518848._SY75_.jpg,4.16,221835,4.116677865429303,17798,220,"4,0 a 4,25",Alta
699,7747374,"I Am Number Four (Lorien Legacies, #1)",Pittacus Lore,https://www.goodreads.com/book/show/7747374-i-am-number-four,https://i.gr-assets.com/images/S/compressed.photo.goodreads.com/books/1305807140i/7747374._SY75_.jpg,3.93,354967,4.014975464235365,17757,227,"3,5 a 4,0",Alta
700,7445,The Glass Castle,Jeannette Walls,https://www.goodreads.com/book/show/7445.The_Glass_Castle,https://i.gr-assets.com/images/S/compressed.photo.goodreads.com/books/1523542886i/7445._SY75_.jpg,4.33,1409647,4.278333918826985,17504,215,"4,25 a 4,5",Muito alta
701,12749,"Swann’s Way (In Search of Lost Time, #1)",Marcel Proust,https://www.goodreads.com/book/show/12749.Swann_s_Way,https://i.gr-assets.com/images/S/compressed.photo.goodreads.com/books/1735845760i/12749._SX50_.jpg,4.16,71508,4.102599515007661,17496,223,"4,0 a 4,25",Média
701,902,The Westing Game,Ellen Raskin,https://www.goodreads.com/book/show/902.The_Westing_Game,https://i.gr-assets.com/images/S/compressed.photo.goodreads.com/books/1356850909i/902._SX50_.jpg,3.98,241334,4.049324310348549,17496,228,"3,5 a 4,0",Alta
703,2800905,"The Summoning (Darkest Powers, #1)",Kelley Armstrong,https://www.goodreads.com/book/show/2800905-the-summoning,https://i.gr-assets.com/images/S/compressed.photo.goodreads.com/books/1478986944i/2800905._SY75_.jpg,4.02,177822,4.0695664441734545,17466,218,"4,0 a 4,25",Alta
704,51738,Just Listen,Sarah Dessen,https://www.goodreads.com/book/show/51738.Just_Listen,https://i.gr-assets.com/images/S/compressed.photo.goodreads.com/books/1358270741i/51738._SY75_.jpg,4.05,251469,4.075626130736181,17451,214,"4,0 a 4,25",Alta
705,11408650,"The Unbecoming of Mara Dyer (Mara Dyer, #1)",Michelle Hodkin,https://www.goodreads.com/book/show/11408650-the-unbecoming-of-mara-dyer,https://i.gr-assets.com/images/S/compressed.photo.goodreads.com/books/1336655755i/11408650._SX50_.jpg,4.01,192480,4.065023052695027,17436,201,"4,0 a 4,25",Alta
706,1625,Twelfth Night,William Shakespeare,https://www.goodreads.com/book/show/1625.Twelfth_Night,https://i.gr-assets.com/images/S/compressed.photo.goodreads.com/books/1561384026i/1625._SY75_.jpg,3.96,198325,4.047653253124864,17388,266,"3,5 a 4,0",Alta
707,60784373,What Lies in the Woods,Kate Alice Marshall,https://www.goodreads.com/book/show/60784373-what-lies-in-the-woods,https://i.gr-assets.com/images/S/compressed.photo.goodreads.com/books/1652628677i/60784373._SY75_.jpg,3.94,217872,4.03768400979879,17363,184,"3,5 a 4,0",Alta
708,7967,"Speaker for the Dead (Ender's Saga, #2)",Orson Scott Card,https://www.goodreads.com/book/show/7967.Speaker_for_the_Dead,https://i.gr-assets.com/images/S/compressed.photo.goodreads.com/books/1295660894i/7967._SY75_.jpg,4.12,277760,4.1036888099267275,17314,219,"4,0 a 4,25",Alta
709,179064,"The Goose Girl (The Books of Bayern, #1)",Shannon Hale,https://www.goodreads.com/book/show/179064.The_Goose_Girl,https://i.gr-assets.com/images/S/compressed.photo.goodreads.com/books/1617553319i/179064._SY75_.jpg,4.15,149844,4.108142031582027,17180,213,"4,0 a 4,25",Alta
710,29127,"The Last Unicorn (The Last Unicorn, #1)",Peter S. Beagle,https://www.goodreads.com/book/show/29127.The_Last_Unicorn,https://i.gr-assets.com/images/S/compressed.photo.goodreads.com/books/1524764327i/29127._SY75_.jpg,4.16,127586,4.10880562788727,17160,218,"4,0 a 4,25",Média
711,10637766,"Silence (Hush, Hush, #3)",Becca Fitzpatrick,https://www.goodreads.com/book/show/10637766-silence,https://i.gr-assets.com/images/S/compressed.photo.goodreads.com/books/1362408152i/10637766._SY75_.jpg,4.06,298310,4.078212104525626,17125,220,"4,0 a 4,25",Alta
712,1421990,"Halfway to the Grave (Night Huntress, #1)",Jeaniene Frost,https://www.goodreads.com/book/show/1421990.Halfway_to_the_Grave,https://i.gr-assets.com/images/S/compressed.photo.goodreads.com/books/1373855613i/1421990._SY75_.jpg,4.12,166840,4.100445988786042,17120,205,"4,0 a 4,25",Alta
713,13642,A Wizard of Earthsea,Ursula K. Le Guin,https://www.goodreads.com/book/show/13642.A_Wizard_of_Earthsea,https://i.gr-assets.com/images/S/compressed.photo.goodreads.com/books/1353424536i/13642._SY75_.jpg,4.01,376494,4.05183213934278,17042,225,"4,0 a 4,25",Alta
714,135836,"Trainspotting (Mark Renton, #2)",Irvine Welsh,https://www.goodreads.com/book/show/135836.Trainspotting,https://i.gr-assets.com/images/S/compressed.photo.goodreads.com/books/1353033083i/135836._SY75_.jpg,4.12,186161,4.101100485884814,17031,212,"4,0 a 4,25",Alta
715,32049,Lady Chatterley’s Lover,D.H. Lawrence,https://www.goodreads.com/book/show/32049.Lady_Chatterley_s_Lover,https://i.gr-assets.com/images/S/compressed.photo.goodreads.com/books/1215571713i/32049._SY75_.jpg,3.5,142140,3.934267564414926,17015,264,"Até 3,5",Média
716,49436,Three Cups of Tea: One Man's Mission to Promote Peace ... One School at a Time,Greg Mortenson,https://www.goodreads.com/book/show/49436.Three_Cups_of_Tea,https://i.gr-assets.com/images/S/compressed.photo.goodreads.com/books/1395407074i/49436._SY75_.jpg,3.66,359457,3.885155305509949,17005,232,"3,5 a 4,0",Alta
717,56905097,"As Good As Dead (A Good Girl's Guide to Murder, #3)",Holly  Jackson,https://www.goodreads.com/book/show/56905097-as-good-as-dead,https://i.gr-assets.com/images/S/compressed.photo.goodreads.com/books/1623112782i/56905097._SY75_.jpg,4.19,621993,4.152208831191214,16945,184,"4,0 a 4,25",Muito alta
718,4009,Nine Stories,J.D. Salinger,https://www.goodreads.com/book/show/4009.Nine_Stories,https://i.gr-assets.com/images/S/compressed.photo.goodreads.com/books/1554892563i/4009._SY75_.jpg,4.18,150448,4.116523345063397,16929,226,"4,0 a 4,25",Alta
719,51737,The Truth About Forever,Sarah Dessen,https://www.goodreads.com/book/show/51737.The_Truth_About_Forever,https://i.gr-assets.com/images/S/compressed.photo.goodreads.com/books/1362767907i/51737._SY75_.jpg,4.12,227159,4.1023537897684506,16922,208,"4,0 a 4,25",Alta
720,35133922,Educated,Tara Westover,https://www.goodreads.com/book/show/35133922-educated,https://i.gr-assets.com/images/S/compressed.photo.goodreads.com/books/1774287363i/35133922._SY75_.jpg,4.46,1971182,4.399093547658066,16777,194,"4,25 a 4,5",Muito alta
721,40611328,"Ishmael (Ishmael, #1)",Daniel Quinn,https://www.goodreads.com/book/show/40611328-ishmael,https://i.gr-assets.com/images/S/compressed.photo.goodreads.com/books/1529680413i/40611328._SY75_.jpg,4.01,106595,4.0745185020527925,16771,202,"4,0 a 4,25",Média
722,31122,I Capture the Castle,Dodie Smith,https://www.goodreads.com/book/show/31122.I_Capture_the_Castle,https://i.gr-assets.com/images/S/compressed.photo.goodreads.com/books/1385316083i/31122._SX50_.jpg,3.98,118832,4.065978858928316,16739,215,"3,5 a 4,0",Média
723,140077,"Dead to the World (Sookie Stackhouse, #4)",Charlaine Harris,https://www.goodreads.com/book/show/140077.Dead_to_the_World,https://i.gr-assets.com/images/S/compressed.photo.goodreads.com/books/1468561630i/140077._SY75_.jpg,4.12,269129,4.103475571813352,16735,227,"4,0 a 4,25",Alta
724,15749186,"To All the Boys I've Loved Before (To All the Boys I've Loved Before, #1)",Jenny Han,https://www.goodreads.com/book/show/15749186-to-all-the-boys-i-ve-loved-before,https://i.gr-assets.com/images/S/compressed.photo.goodreads.com/books/1372086100i/15749186._SY75_.jpg,4.04,1101278,4.053654137383521,16680,196,"4,0 a 4,25",Muito alta
725,11899,The Hours,Michael Cunningham,https://www.goodreads.com/book/show/11899.The_Hours,https://i.gr-assets.com/images/S/compressed.photo.goodreads.com/books/1479663379i/11899._SY75_.jpg,3.96,151713,4.055180409498083,16619,236,"3,5 a 4,0",Alta
726,101265124,The Polymorph,Max Nowaz,https://www.goodreads.com/book/show/101265124-the-polymorph,https://i.gr-assets.com/images/S/compressed.photo.goodreads.com/books/1675618392i/101265124._SY75_.jpg,4.28,21701,4.101982176775015,16563,178,"4,25 a 4,5",Baixa
727,24861,Demian: Die Geschichte von Emil Sinclairs Jugend,Hermann Hesse,https://www.goodreads.com/book/show/24861.Demian,https://i.gr-assets.com/images/S/compressed.photo.goodreads.com/books/1421510580i/24861._SY75_.jpg,4.14,145223,4.10507351738264,16547,203,"4,0 a 4,25",Média
728,83144,"The Bronze Horseman (The Bronze Horseman, #1)",Paullina Simons,https://www.goodreads.com/book/show/83144.The_Bronze_Horseman,https://i.gr-assets.com/images/S/compressed.photo.goodreads.com/books/1327921996i/83144._SY75_.jpg,4.28,100607,4.130550458899982,16541,182,"4,25 a 4,5",Média
729,13006,Julius Caesar,William Shakespeare,https://www.goodreads.com/book/show/13006.Julius_Caesar,https://i.gr-assets.com/images/S/compressed.photo.goodreads.com/books/1631505382i/13006._SX50_.jpg,3.72,225790,3.9559047035347357,16480,261,"3,5 a 4,0",Alta
730,15638,Cyrano de Bergerac,Edmond Rostand,https://www.goodreads.com/book/show/15638.Cyrano_de_Bergerac,https://i.gr-assets.com/images/S/compressed.photo.goodreads.com/books/1386920459i/15638._SY75_.jpg,4.06,92972,4.085937785495486,16467,236,"4,0 a 4,25",Média
731,30319086,If We Were Villains,M.L. Rio,https://www.goodreads.com/book/show/30319086-if-we-were-villains,https://i.gr-assets.com/images/S/compressed.photo.goodreads.com/books/1480717682i/30319086._SY75_.jpg,4.07,441806,4.080378900730501,16457,183,"4,0 a 4,25",Muito alta
732,55987278,"Once Upon a Broken Heart (Once Upon a Broken Heart, #1)",Stephanie Garber,https://www.goodreads.com/book/show/55987278-once-upon-a-broken-heart,https://i.gr-assets.com/images/S/compressed.photo.goodreads.com/books/1615486938i/55987278._SY75_.jpg,4.06,769879,4.070814549253753,16402,183,"4,0 a 4,25",Muito alta
733,5064,"World Without End (Kingsbridge, #2)",Ken Follett,https://www.goodreads.com/book/show/5064.World_Without_End,https://i.gr-assets.com/images/S/compressed.photo.goodreads.com/books/1509545511i/5064._SY75_.jpg,4.33,284351,4.192256184874341,16380,220,"4,25 a 4,5",Alta
734,30333938,"Slammed (Slammed, #1)",Colleen Hoover,https://www.goodreads.com/book/show/30333938-slammed,https://i.gr-assets.com/images/S/compressed.photo.goodreads.com/books/1761077859i/30333938._SY75_.jpg,4.13,463945,4.112666725414995,16324,186,"4,0 a 4,25",Muito alta
735,92517,The Glass Menagerie,Tennessee Williams,https://www.goodreads.com/book/show/92517.The_Glass_Menagerie,https://i.gr-assets.com/images/S/compressed.photo.goodreads.com/books/1391591003i/92517._SY75_.jpg,3.74,145860,3.996454918718685,16319,269,"3,5 a 4,0",Média
736,59808071,"The Ballad of Never After (Once Upon a Broken Heart, #2)",Stephanie Garber,https://www.goodreads.com/book/show/59808071-the-ballad-of-never-after,https://i.gr-assets.com/images/S/compressed.photo.goodreads.com/books/1716011416i/59808071._SY75_.jpg,4.48,553954,4.319478221724651,16312,176,"4,25 a 4,5",Muito alta
737,154462576,The Warm Hands of Ghosts,Katherine Arden,https://www.goodreads.com/book/show/154462576-the-warm-hands-of-ghosts,https://i.gr-assets.com/images/S/compressed.photo.goodreads.com/books/1692543384i/154462576._SY75_.jpg,3.96,34333,4.081442551863921,16291,176,"3,5 a 4,0",Baixa
738,56728,"You Are Special (Wemmicksville, #1)",Max Lucado,https://www.goodreads.com/book/show/56728.You_Are_Special,https://i.gr-assets.com/images/S/compressed.photo.goodreads.com/books/1348346102i/56728._SX50_.jpg,4.46,54048,4.136774318437081,16265,196,"4,25 a 4,5",Média
739,40909452,"Drums of Autumn (Outlander, #4)",Diana Gabaldon,https://www.goodreads.com/book/show/40909452-drums-of-autumn,https://i.gr-assets.com/images/S/compressed.photo.goodreads.com/books/1536699977i/40909452._SY75_.jpg,4.36,274824,4.202666734841582,16255,208,"4,25 a 4,5",Alta
740,2299110,"Acheron (Dark-Hunter, #14)",Sherrilyn Kenyon,https://www.goodreads.com/book/show/2299110.Acheron,https://i.gr-assets.com/images/S/compressed.photo.goodreads.com/books/1437687512i/2299110._SY75_.jpg,4.56,62104,4.1562240154771315,16200,187,"Acima de 4,5",Média
741,24800,House of Leaves,Mark Z. Danielewski,https://www.goodreads.com/book/show/24800.House_of_Leaves,https://i.gr-assets.com/images/S/compressed.photo.goodreads.com/books/1403889034i/24800._SX50_.jpg,4.09,212888,4.091362378265432,16182,184,"4,0 a 4,25",Alta
742,93101,The Arabian Nights,Anonymous,https://www.goodreads.com/book/show/93101.The_Arabian_Nights,https://i.gr-assets.com/images/S/compressed.photo.goodreads.com/books/1657544409i/93101._SY75_.jpg,4.02,83679,4.0793952760275065,16176,242,"4,0 a 4,25",Média
743,45047384,"The House in the Cerulean Sea (Cerulean Chronicles, #1)",T.J. Klune,https://www.goodreads.com/book/show/45047384-the-house-in-the-cerulean-sea,https://i.gr-assets.com/images/S/compressed.photo.goodreads.com/books/1569514209i/45047384._SY75_.jpg,4.35,1101057,4.282406936891718,16117,183,"4,25 a 4,5",Muito alta
744,34186576,"Being a Witch, and Other Things I Didn't Ask For",Sara Pascoe,https://www.goodreads.com/book/show/34186576-being-a-witch-and-other-things-i-didn-t-ask-for,https://i.gr-assets.com/images/S/compressed.photo.goodreads.com/books/1486484628i/34186576._SX50_.jpg,4.27,27015,4.103598640737199,16057,169,"4,25 a 4,5",Baixa
745,80660,We Need to Talk About Kevin,Lionel Shriver,https://www.goodreads.com/book/show/80660.We_Need_to_Talk_About_Kevin,https://i.gr-assets.com/images/S/compressed.photo.goodreads.com/books/1327865017i/80660._SY75_.jpg,4.08,223058,4.087707771896823,16030,200,"4,0 a 4,25",Alta
746,32768522,"Carry On (Simon Snow, #1)",Rainbow Rowell,https://www.goodreads.com/book/show/32768522-carry-on,https://i.gr-assets.com/images/S/compressed.photo.goodreads.com/books/1481729252i/32768522._SX50_.jpg,4.15,339035,4.1189884636757945,16022,184,"4,0 a 4,25",Alta
747,10357575,"1Q84 (1Q84, #1-3)",Haruki Murakami,https://www.goodreads.com/book/show/10357575-1q84,https://i.gr-assets.com/images/S/compressed.photo.goodreads.com/books/1483103331i/10357575._SX50_.jpg,3.95,349250,4.02506663595697,15964,190,"3,5 a 4,0",Alta
748,20758104,"The Knife of Never Letting Go (Chaos Walking, #1)",Patrick Ness,https://www.goodreads.com/book/show/20758104-the-knife-of-never-letting-go,https://i.gr-assets.com/images/S/compressed.photo.goodreads.com/books/1776786403i/20758104._SY75_.jpg,3.97,207060,4.049834928314114,15957,182,"3,5 a 4,0",Alta
749,7664041,"Inheritance (The Inheritance Cycle, #4)",Christopher Paolini,https://www.goodreads.com/book/show/7664041-inheritance,https://i.gr-assets.com/images/S/compressed.photo.goodreads.com/books/1390886502i/7664041._SX50_.jpg,4.17,320761,4.127204496502207,15953,205,"4,0 a 4,25",Alta
750,11337,The Bluest Eye,Toni Morrison,https://www.goodreads.com/book/show/11337.The_Bluest_Eye,https://i.gr-assets.com/images/S/compressed.photo.goodreads.com/books/1388208495i/11337._SX50_.jpg,4.14,322725,4.11375868210364,15930,204,"4,0 a 4,25",Alta
751,6482837,Before I Fall,Lauren Oliver,https://www.goodreads.com/book/show/6482837-before-i-fall,https://i.gr-assets.com/images/S/compressed.photo.goodreads.com/books/1361044695i/6482837._SY75_.jpg,3.88,348698,3.992127837408144,15847,192,"3,5 a 4,0",Alta
752,57945316,Babel,R.F. Kuang,https://www.goodreads.com/book/show/57945316-babel,https://i.gr-assets.com/images/S/compressed.photo.goodreads.com/books/1677361825i/57945316._SY75_.jpg,4.13,541529,4.114108684150042,15796,169,"4,0 a 4,25",Muito alta
753,7631105,"The Scorch Trials (The Maze Runner, #2)",James Dashner,https://www.goodreads.com/book/show/7631105-the-scorch-trials,https://i.gr-assets.com/images/S/compressed.photo.goodreads.com/books/1388240248i/7631105._SY75_.jpg,3.9,667735,3.9709549101418258,15794,207,"3,5 a 4,0",Muito alta
754,4134071,"Hunted (House of Night, #5)",P.C. Cast,https://www.goodreads.com/book/show/4134071-hunted,https://i.gr-assets.com/images/S/compressed.photo.goodreads.com/books/1438042897i/4134071._SY75_.jpg,3.93,192959,4.038546984855055,15760,213,"3,5 a 4,0",Alta
755,153008,"Kushiel's Dart (Phèdre's Trilogy, #1)",Jacqueline Carey,https://www.goodreads.com/book/show/153008.Kushiel_s_Dart,https://i.gr-assets.com/images/S/compressed.photo.goodreads.com/books/1328168291i/153008._SY75_.jpg,4.02,86447,4.07905099001681,15758,181,"4,0 a 4,25",Média
756,62986809,Pericles and Aspasia: A Story of Ancient Greece,Yvonne Korshak,https://www.goodreads.com/book/show/62986809-pericles-and-aspasia,https://i.gr-assets.com/images/S/compressed.photo.goodreads.com/books/1665706704i/62986809._SY75_.jpg,4.28,15762,4.099383512175159,15728,165,"4,25 a 4,5",Baixa
757,65641,"The Silver Chair (Chronicles of Narnia, #4)",C.S. Lewis,https://www.goodreads.com/book/show/65641.The_Silver_Chair,https://i.gr-assets.com/images/S/compressed.photo.goodreads.com/books/1661032839i/65641._SY75_.jpg,3.95,341003,4.0259122694609735,15664,247,"3,5 a 4,0",Alta
758,24128,The Merchant of Venice,William Shakespeare,https://www.goodreads.com/book/show/24128.The_Merchant_of_Venice,https://i.gr-assets.com/images/S/compressed.photo.goodreads.com/books/1327871054i/24128._SY75_.jpg,3.77,207264,3.9805285855654287,15541,250,"3,5 a 4,0",Alta
758,18705209,"The Blood of Olympus (The Heroes of Olympus, #5)",Rick Riordan,https://www.goodreads.com/book/show/18705209-the-blood-of-olympus,https://i.gr-assets.com/images/S/compressed.photo.goodreads.com/books/1464201441i/18705209._SY75_.jpg,4.43,408468,4.264725998756173,15541,203,"4,25 a 4,5",Muito alta
760,7723542,"A Dog's Purpose (A Dog's Purpose, #1)",W. Bruce Cameron,https://www.goodreads.com/book/show/7723542-a-dog-s-purpose,https://i.gr-assets.com/images/S/compressed.photo.goodreads.com/books/1564936796i/7723542._SY75_.jpg,4.36,142066,4.163489435878583,15500,182,"4,25 a 4,5",Média
761,242834294,Eden 2:b (The Star Dreamers #1),Joseph A. Anderson,https://www.goodreads.com/book/show/242834294-eden-2,https://i.gr-assets.com/images/S/compressed.photo.goodreads.com/books/1765794074i/242834294._SX50_.jpg,4.35,5617,4.095755651243296,15494,174,"4,25 a 4,5",Baixa
762,44778083,"House of Earth and Blood (Crescent City, #1)",Sarah J. Maas,https://www.goodreads.com/book/show/44778083-house-of-earth-and-blood,https://i.gr-assets.com/images/S/compressed.photo.goodreads.com/books/1559142847i/44778083._SY75_.jpg,4.45,1315585,4.3679884894848335,15485,176,"4,25 a 4,5",Muito alta
763,121749,"Prince Caspian (Chronicles of Narnia, #2)",C.S. Lewis,https://www.goodreads.com/book/show/121749.Prince_Caspian,https://i.gr-assets.com/images/S/compressed.photo.goodreads.com/books/1308814880i/121749._SY75_.jpg,3.98,499655,4.02921966632416,15448,263,"3,5 a 4,0",Muito alta
764,17212231,"Inferno (Robert Langdon, #4)",Dan    Brown,https://www.goodreads.com/book/show/17212231-inferno,https://i.gr-assets.com/images/S/compressed.photo.goodreads.com/books/1534070896i/17212231._SY75_.jpg,3.91,609905,3.9811472355105955,15399,195,"3,5 a 4,0",Muito alta
765,5439,Interpreter of Maladies,Jhumpa Lahiri,https://www.goodreads.com/book/show/5439.Interpreter_of_Maladies,https://i.gr-assets.com/images/S/compressed.photo.goodreads.com/books/1442586143i/5439._SY75_.jpg,4.18,211448,4.122949720487197,15336,205,"4,0 a 4,25",Alta
766,30868,"The Bean Trees (Greer Family, #1)",Barbara Kingsolver,https://www.goodreads.com/book/show/30868.The_Bean_Trees,https://i.gr-assets.com/images/S/compressed.photo.goodreads.com/books/1443483961i/30868._SY75_.jpg,4.02,181241,4.0692703385779065,15290,223,"4,0 a 4,25",Alta
767,415,Gravity’s Rainbow,Thomas Pynchon,https://www.goodreads.com/book/show/415.Gravity_s_Rainbow,https://i.gr-assets.com/images/S/compressed.photo.goodreads.com/books/1657594227i/415._SY75_.jpg,4.02,50176,4.083904940599775,15281,177,"4,0 a 4,25",Média
768,216505858,The Pythagorean,Alexander Morpheigh,https://www.goodreads.com/book/show/216505858-the-pythagorean,https://i.gr-assets.com/images/S/compressed.photo.goodreads.com/books/1721049574i/216505858._SY75_.jpg,4.32,7490,4.096386655061868,15228,168,"4,25 a 4,5",Baixa
769,12513614,"Captive in the Dark (The Dark Duet, #1)",C.J. Roberts,https://www.goodreads.com/book/show/12513614-captive-in-the-dark,https://i.gr-assets.com/images/S/compressed.photo.goodreads.com/books/1315343569i/12513614._SX50_.jpg,3.93,75512,4.065869564835716,15227,165,"3,5 a 4,0",Média
770,44421460,"Before the Coffee Gets Cold (Before the Coffee Gets Cold, #1)",Toshikazu Kawaguchi,https://www.goodreads.com/book/show/44421460-before-the-coffee-gets-cold,https://i.gr-assets.com/images/S/compressed.photo.goodreads.com/books/1704153539i/44421460._SY75_.jpg,3.64,772269,3.791982816343924,15205,166,"3,5 a 4,0",Muito alta
771,366522,"P.S. I Love You (P.S. I Love You, #1)",Cecelia Ahern,https://www.goodreads.com/book/show/366522.P_S_I_Love_You,https://i.gr-assets.com/images/S/compressed.photo.goodreads.com/books/1392344536i/366522._SX50_.jpg,4.04,402056,4.065691498216418,15146,197,"4,0 a 4,25",Muito alta
772,52529,"The Secret (The Secret, #1)",Rhonda Byrne,https://www.goodreads.com/book/show/52529.The_Secret,https://i.gr-assets.com/images/S/compressed.photo.goodreads.com/books/1659289885i/52529._SX50_.jpg,3.74,547867,3.886654695533378,15096,198,"3,5 a 4,0",Muito alta
773,43758,"The Queen of the Damned (The Vampire Chronicles, #3)",Anne Rice,https://www.goodreads.com/book/show/43758.The_Queen_of_the_Damned,https://i.gr-assets.com/images/S/compressed.photo.goodreads.com/books/1327871992i/43758._SY75_.jpg,3.93,165480,4.04390626072356,15076,217,"3,5 a 4,0",Alta
774,27003,"The Eyre Affair (Thursday Next, #1)",Jasper Fforde,https://www.goodreads.com/book/show/27003.The_Eyre_Affair,https://i.gr-assets.com/images/S/compressed.photo.goodreads.com/books/1445540555i/27003._SY75_.jpg,3.88,139188,4.036429718700187,15072,193,"3,5 a 4,0",Média
775,37190,The Tale of Despereaux,Kate DiCamillo,https://www.goodreads.com/book/show/37190.The_Tale_of_Despereaux,https://i.gr-assets.com/images/S/compressed.photo.goodreads.com/books/1412211823i/37190._SX50_.jpg,4.08,218922,4.087760032881819,15068,186,"4,0 a 4,25",Alta
776,1371,The Iliad,Homer,https://www.goodreads.com/book/show/1371.The_Iliad,https://i.gr-assets.com/images/S/compressed.photo.goodreads.com/books/1625333695i/1371._SX50_.jpg,3.94,536254,4.0041461418306605,15014,195,"3,5 a 4,0",Muito alta
777,305234,"Wicked Lovely (Wicked Lovely, #1)",Melissa Marr,https://www.goodreads.com/book/show/305234.Wicked_Lovely,https://i.gr-assets.com/images/S/compressed.photo.goodreads.com/books/1327814035i/305234._SX50_.jpg,3.7,167014,3.974763965075822,15005,192,"3,5 a 4,0",Alta
778,17125,One Day in the Life of Ivan Denisovich,Aleksandr Solzhenitsyn,https://www.goodreads.com/book/show/17125.One_Day_in_the_Life_of_Ivan_Denisovich,https://i.gr-assets.com/images/S/compressed.photo.goodreads.com/books/1574794164i/17125._SY75_.jpg,3.98,128923,4.064310385065492,14961,217,"3,5 a 4,0",Média
779,3869,A Brief History of Time,Stephen W. Hawking,https://www.goodreads.com/book/show/3869.A_Brief_History_of_Time,https://i.gr-assets.com/images/S/compressed.photo.goodreads.com/books/1333578746i/3869._SX50_.jpg,4.21,493357,4.15786873796149,14943,216,"4,0 a 4,25",Muito alta
780,47212,"Storm Front (The Dresden Files, #1)",Jim  Butcher,https://www.goodreads.com/book/show/47212.Storm_Front,https://i.gr-assets.com/images/S/compressed.photo.goodreads.com/books/1572991273i/47212._SY75_.jpg,3.96,391083,4.026051809992473,14893,179,"3,5 a 4,0",Muito alta
781,58679358,"One of Us Is Lying (One of Us is Lying, #1)",Karen M. McManus,https://www.goodreads.com/book/show/58679358-one-of-us-is-lying,https://i.gr-assets.com/images/S/compressed.photo.goodreads.com/books/1632078539i/58679358._SY75_.jpg,3.9,1110925,3.950018567770463,14744,167,"3,5 a 4,0",Muito alta
782,5527,All the King's Men,Robert Penn Warren,https://www.goodreads.com/book/show/5527.All_the_King_s_Men,https://i.gr-assets.com/images/S/compressed.photo.goodreads.com/books/1342193852i/5527._SY75_.jpg,4.09,67861,4.091792893974017,14713,203,"4,0 a 4,25",Média
783,127305892,No One Can Know,Kate Alice Marshall,https://www.goodreads.com/book/show/127305892-no-one-can-know,https://i.gr-assets.com/images/S/compressed.photo.goodreads.com/books/1684451250i/127305892._SY75_.jpg,3.64,91389,4.006466853928148,14646,156,"3,5 a 4,0",Média
784,36236125,Invisible Monsters,Chuck Palahniuk,https://www.goodreads.com/book/show/36236125-invisible-monsters,https://i.gr-assets.com/images/S/compressed.photo.goodreads.com/books/1508534066i/36236125._SX50_.jpg,3.99,154318,4.063214155510991,14625,179,"3,5 a 4,0",Alta
785,15783514,The Ocean at the End of the Lane,Neil Gaiman,https://www.goodreads.com/book/show/15783514-the-ocean-at-the-end-of-the-lane,https://i.gr-assets.com/images/S/compressed.photo.goodreads.com/books/1497098563i/15783514._SY75_.jpg,4.01,666313,4.040366449487714,14618,175,"4,0 a 4,25",Muito alta
786,33507,Twenty Thousand Leagues Under the Sea,Jules Verne,https://www.goodreads.com/book/show/33507.Twenty_Thousand_Leagues_Under_the_Sea,https://i.gr-assets.com/images/S/compressed.photo.goodreads.com/books/1494979127i/33507._SX50_.jpg,3.89,284502,4.006993786324474,14508,215,"3,5 a 4,0",Alta
787,60510,"Poison Study (Study, #1)",Maria V. Snyder,https://www.goodreads.com/book/show/60510.Poison_Study,https://i.gr-assets.com/images/S/compressed.photo.goodreads.com/books/1388519019i/60510._SY75_.jpg,4.08,178937,4.088304375430415,14500,175,"4,0 a 4,25",Alta
788,2767793,"The Hero of Ages (Mistborn, #3)",Brandon Sanderson,https://www.goodreads.com/book/show/2767793-the-hero-of-ages,https://i.gr-assets.com/images/S/compressed.photo.goodreads.com/books/1628563911i/2767793._SY75_.jpg,4.56,653445,4.3848151195870475,14493,168,"Acima de 4,5",Muito alta
789,10441,The Memory Keeper's Daughter,Kim Edwards,https://www.goodreads.com/book/show/10441.The_Memory_Keeper_s_Daughter,https://i.gr-assets.com/images/S/compressed.photo.goodreads.com/books/1631287935i/10441._SY75_.jpg,3.7,614980,3.8524205435884458,14481,202,"3,5 a 4,0",Muito alta
790,205404157,"Viciously Yours (Fae Kings of Eden, #1)",Jamie Applegate Hunter,https://www.goodreads.com/book/show/205404157-viciously-yours,https://i.gr-assets.com/images/S/compressed.photo.goodreads.com/books/1753442907i/205404157._SY75_.jpg,3.58,49055,4.035027832658447,14460,153,"3,5 a 4,0",Baixa
791,19547856,"Simon vs. the Homo Sapiens Agenda (Simonverse, #1)",Becky Albertalli,https://www.goodreads.com/book/show/19547856-simon-vs-the-homo-sapiens-agenda,https://i.gr-assets.com/images/S/compressed.photo.goodreads.com/books/1402915678i/19547856._SY75_.jpg,4.12,473679,4.107384254873102,14421,165,"4,0 a 4,25",Muito alta
792,17841,Foucault’s Pendulum,Umberto Eco,https://www.goodreads.com/book/show/17841.Foucault_s_Pendulum,https://i.gr-assets.com/images/S/compressed.photo.goodreads.com/books/1396645125i/17841._SY75_.jpg,3.91,76529,4.062300863910558,14399,190,"3,5 a 4,0",Média
793,1582996,"City of Ashes (The Mortal Instruments, #2)",Cassandra Clare,https://www.goodreads.com/book/show/1582996.City_of_Ashes,https://i.gr-assets.com/images/S/compressed.photo.goodreads.com/books/1432730356i/1582996._SY75_.jpg,4.1,1011256,4.097797979977349,14396,206,"4,0 a 4,25",Muito alta
794,35729,"Lover Eternal (Black Dagger Brotherhood, #2)",J.R. Ward,https://www.goodreads.com/book/show/35729.Lover_Eternal,https://i.gr-assets.com/images/S/compressed.photo.goodreads.com/books/1300845974i/35729._SY75_.jpg,4.32,204515,4.170358672636599,14382,183,"4,25 a 4,5",Alta
795,64216,"Guards! Guards! (Discworld, #8; City Watch, #1)",Terry Pratchett,https://www.goodreads.com/book/show/64216.Guards_Guards_,https://i.gr-assets.com/images/S/compressed.photo.goodreads.com/books/1431127356i/64216._SY75_.jpg,4.34,245230,4.187641496545516,14377,173,"4,25 a 4,5",Alta
796,61608233,Taming Flame,Therisa Peimer,https://www.goodreads.com/book/show/61608233-taming-flame,https://i.gr-assets.com/images/S/compressed.photo.goodreads.com/books/1658244114i/61608233._SX50_.jpg,4.28,16645,4.099774668139061,14313,150,"4,25 a 4,5",Baixa
797,7869,"The Bourne Identity (Jason Bourne, #1)",Robert Ludlum,https://www.goodreads.com/book/show/7869.The_Bourne_Identity,https://i.gr-assets.com/images/S/compressed.photo.goodreads.com/books/1335860740i/7869._SY75_.jpg,4.05,444160,4.069714152952906,14266,210,"4,0 a 4,25",Muito alta
798,196970,The Night Before Christmas,Clement Clarke Moore,https://www.goodreads.com/book/show/196970.The_Night_Before_Christmas,https://i.gr-assets.com/images/S/compressed.photo.goodreads.com/books/1388370094i/196970._SX50_.jpg,4.4,129043,4.168493173784124,14264,234,"4,25 a 4,5",Média
799,204787816,Gray After Dark,Noelle W. Ihli,https://www.goodreads.com/book/show/204787816-gray-after-dark,https://i.gr-assets.com/images/S/compressed.photo.goodreads.com/books/1708240567i/204787816._SY75_.jpg,4.17,138917,4.112521216171201,14242,150,"4,0 a 4,25",Média
800,50659472,"A Court of Wings and Ruin (A Court of Thorns and Roses, #3)",Sarah J. Maas,https://www.goodreads.com/book/show/50659472-a-court-of-wings-and-ruin,https://i.gr-assets.com/images/S/compressed.photo.goodreads.com/books/1585623092i/50659472._SX50_.jpg,4.46,2940655,4.416816189998862,14174,164,"4,25 a 4,5",Muito alta
801,2767,A People’s History of the United States: 1492 - Present,Howard Zinn,https://www.goodreads.com/book/show/2767.A_People_s_History_of_the_United_States,https://i.gr-assets.com/images/S/compressed.photo.goodreads.com/books/1494279423i/2767._SY75_.jpg,4.09,273870,4.091237435852204,14173,192,"4,0 a 4,25",Alta
802,19351490,Grimm's Fairy Tales,Jacob Grimm,https://www.goodreads.com/book/show/19351490-grimm-s-fairy-tales,https://i.gr-assets.com/images/S/compressed.photo.goodreads.com/books/1386705031i/19351490._SX50_.jpg,4.23,223595,4.1422651721627215,14163,234,"4,0 a 4,25",Alta
803,357664,Because of Winn-Dixie,Kate DiCamillo,https://www.goodreads.com/book/show/357664.Because_of_Winn_Dixie,https://i.gr-assets.com/images/S/compressed.photo.goodreads.com/books/1456871914i/357664._SX50_.jpg,4.11,286055,4.099664138834791,14153,193,"4,0 a 4,25",Alta
804,12842828,"Keeper of the Lost Cities (Keeper of the Lost Cities, #1)",Shannon Messenger,https://www.goodreads.com/book/show/12842828-keeper-of-the-lost-cities,https://i.gr-assets.com/images/S/compressed.photo.goodreads.com/books/1326469854i/12842828._SX50_.jpg,4.38,122061,4.160585805770043,14146,156,"4,25 a 4,5",Média
805,110737,Seabiscuit: An American Legend,Laura Hillenbrand,https://www.goodreads.com/book/show/110737.Seabiscuit,https://i.gr-assets.com/images/S/compressed.photo.goodreads.com/books/1171644213i/110737._SY75_.jpg,4.23,170892,4.134037213366662,14142,206,"4,0 a 4,25",Alta
806,28954189,"Scythe (Arc of a Scythe, #1)",Neal Shusterman,https://www.goodreads.com/book/show/28954189-scythe,https://i.gr-assets.com/images/S/compressed.photo.goodreads.com/books/1456172676i/28954189._SY75_.jpg,4.32,443581,4.21321933273928,14127,156,"4,25 a 4,5",Muito alta
807,8492825,"Where She Went (If I Stay, #2)",Gayle Forman,https://www.goodreads.com/book/show/8492825-where-she-went,https://i.gr-assets.com/images/S/compressed.photo.goodreads.com/books/1347810457i/8492825._SX50_.jpg,3.96,307811,4.033921793178987,14063,179,"3,5 a 4,0",Alta
808,16328,"The Murder of Roger Ackroyd (Hercule Poirot, #4)",Agatha Christie,https://www.goodreads.com/book/show/16328.The_Murder_of_Roger_Ackroyd,https://i.gr-assets.com/images/S/compressed.photo.goodreads.com/books/1389734015i/16328._SY75_.jpg,4.26,373203,4.174088329626268,14045,194,"4,25 a 4,5",Alta
809,58536005,The Club,Ellery Lloyd,https://www.goodreads.com/book/show/58536005-the-club,https://i.gr-assets.com/images/S/compressed.photo.goodreads.com/books/1644230879i/58536005._SY75_.jpg,3.28,131440,3.8878193859248658,14043,149,"Até 3,5",Média
810,198494009,"Think Twice (Myron Bolitar, #12)",Harlan Coben,https://www.goodreads.com/book/show/198494009-think-twice,https://i.gr-assets.com/images/S/compressed.photo.goodreads.com/books/1697047908i/198494009._SY75_.jpg,4.22,55076,4.10789217331801,14035,148,"4,0 a 4,25",Média
811,3867,The History of Love,Nicole Krauss,https://www.goodreads.com/book/show/3867.The_History_of_Love,https://i.gr-assets.com/images/S/compressed.photo.goodreads.com/books/1327911009i/3867._SY75_.jpg,3.92,142723,4.046088588545884,13983,169,"3,5 a 4,0",Média
812,227571,Peace Like a River,Leif Enger,https://www.goodreads.com/book/show/227571.Peace_Like_a_River,https://i.gr-assets.com/images/S/compressed.photo.goodreads.com/books/1436139976i/227571._SY75_.jpg,4.03,105517,4.078908153325302,13974,170,"4,0 a 4,25",Média
813,23522,Mythology,Edith Hamilton,https://www.goodreads.com/book/show/23522.Mythology,https://i.gr-assets.com/images/S/compressed.photo.goodreads.com/books/1305000423i/23522._SY75_.jpg,4.04,61397,4.085033974373325,13942,210,"4,0 a 4,25",Média
814,15622,Native Son,Richard Wright,https://www.goodreads.com/book/show/15622.Native_Son,https://i.gr-assets.com/images/S/compressed.photo.goodreads.com/books/1627788308i/15622._SX50_.jpg,4.05,107738,4.083010114190776,13932,200,"4,0 a 4,25",Média
815,59219,"The Talisman (The Talisman, #1)",Stephen  King,https://www.goodreads.com/book/show/59219.The_Talisman,https://i.gr-assets.com/images/S/compressed.photo.goodreads.com/books/1170530286i/59219._SX50_.jpg,4.1,148112,4.094272968985581,13922,191,"4,0 a 4,25",Média
816,1554,"Oedipus Rex  (The Theban Plays, #1)",Sophocles,https://www.goodreads.com/book/show/1554.Oedipus_Rex,https://i.gr-assets.com/images/S/compressed.photo.goodreads.com/books/1388182316i/1554._SY75_.jpg,3.73,243650,3.9531054725141326,13909,208,"3,5 a 4,0",Alta
817,166997,Stoner,John  Williams,https://www.goodreads.com/book/show/166997.Stoner,https://i.gr-assets.com/images/S/compressed.photo.goodreads.com/books/1742326950i/166997._SY75_.jpg,4.36,301890,4.208811845807345,13871,153,"4,25 a 4,5",Alta
818,60168787,Ask for Andrea,Noelle W. Ihli,https://www.goodreads.com/book/show/60168787-ask-for-andrea,https://i.gr-assets.com/images/S/compressed.photo.goodreads.com/books/1642696843i/60168787._SX50_.jpg,4.07,300226,4.082504505269188,13867,147,"4,0 a 4,25",Alta
819,99300,The Yellow Wallpaper and Other Stories,Charlotte Perkins Gilman,https://www.goodreads.com/book/show/99300.The_Yellow_Wallpaper_and_Other_Stories,https://i.gr-assets.com/images/S/compressed.photo.goodreads.com/books/1327909237i/99300._SY75_.jpg,4.06,386446,4.076147684176782,13852,201,"4,0 a 4,25",Alta
820,32822135,"Archer's Voice (Pelion Lake, #1)",Mia Sheridan,https://www.goodreads.com/book/show/32822135-archer-s-voice,https://i.gr-assets.com/images/S/compressed.photo.goodreads.com/books/1656593818i/32822135._SY75_.jpg,4.16,717330,4.1360442429830275,13809,157,"4,0 a 4,25",Muito alta
821,46756,"Oryx and Crake (MaddAddam, #1)",Margaret Atwood,https://www.goodreads.com/book/show/46756.Oryx_and_Crake,https://i.gr-assets.com/images/S/compressed.photo.goodreads.com/books/1668379066i/46756._SY75_.jpg,4.0,295093,4.05249414073039,13802,179,"3,5 a 4,0",Alta
822,14290364,"Champion (Legend, #3)",Marie Lu,https://www.goodreads.com/book/show/14290364-champion,https://i.gr-assets.com/images/S/compressed.photo.goodreads.com/books/1382652310i/14290364._SY75_.jpg,4.3,237952,4.1707473917661675,13764,166,"4,25 a 4,5",Alta
823,374233,If on a Winter's Night a Traveler,Italo Calvino,https://www.goodreads.com/book/show/374233.If_on_a_Winter_s_Night_a_Traveler,https://i.gr-assets.com/images/S/compressed.photo.goodreads.com/books/1763828460i/374233._SY75_.jpg,4.01,117006,4.073196479534253,13679,169,"4,0 a 4,25",Média
824,127281143,The Butcher of the Forest,Premee Mohamed,https://www.goodreads.com/book/show/127281143-the-butcher-of-the-forest,https://i.gr-assets.com/images/S/compressed.photo.goodreads.com/books/1685624911i/127281143._SY75_.jpg,3.83,12961,4.083696131397312,13658,148,"3,5 a 4,0",Baixa
825,61800582,Head Like a Hole,Andrew Van Wey,https://www.goodreads.com/book/show/61800582-head-like-a-hole,https://i.gr-assets.com/images/S/compressed.photo.goodreads.com/books/1659300362i/61800582._SY75_.jpg,3.83,6075,4.088094787493319,13641,145,"3,5 a 4,0",Baixa
826,2536134,"Gone (Gone, #1)",Michael  Grant,https://www.goodreads.com/book/show/2536134.Gone,https://i.gr-assets.com/images/S/compressed.photo.goodreads.com/books/1357796831i/2536134._SY75_.jpg,3.87,213598,4.013647513490428,13638,164,"3,5 a 4,0",Alta
827,10967,"The Fiery Cross (Outlander, #5)",Diana Gabaldon,https://www.goodreads.com/book/show/10967.The_Fiery_Cross,https://i.gr-assets.com/images/S/compressed.photo.goodreads.com/books/1407366842i/10967._SY75_.jpg,4.26,231626,4.154555673915531,13587,178,"4,25 a 4,5",Alta
828,17214,Starship Troopers,Robert A. Heinlein,https://www.goodreads.com/book/show/17214.Starship_Troopers,https://i.gr-assets.com/images/S/compressed.photo.goodreads.com/books/1614054412i/17214._SY75_.jpg,4.0,251938,4.0560171867429995,13557,170,"3,5 a 4,0",Alta
829,55030,Cosmos,Carl Sagan,https://www.goodreads.com/book/show/55030.Cosmos,https://i.gr-assets.com/images/S/compressed.photo.goodreads.com/books/1388620656i/55030._SX50_.jpg,4.4,163563,4.182901729980731,13555,180,"4,25 a 4,5",Alta
830,32423,Watchers,Dean Koontz,https://www.goodreads.com/book/show/32423.Watchers,https://i.gr-assets.com/images/S/compressed.photo.goodreads.com/books/1532695250i/32423._SY75_.jpg,4.19,174603,4.122320415599706,13549,172,"4,0 a 4,25",Alta
831,50531218,"The Hawthorne Legacy (The Inheritance Games, #2)",Jennifer Lynn Barnes,https://www.goodreads.com/book/show/50531218-the-hawthorne-legacy,https://i.gr-assets.com/images/S/compressed.photo.goodreads.com/books/1610493390i/50531218._SY75_.jpg,4.18,669211,4.147580212142554,13541,153,"4,0 a 4,25",Muito alta
832,131359,"Death on the Nile (Hercule Poirot, #18)",Agatha Christie,https://www.goodreads.com/book/show/131359.Death_on_the_Nile,https://i.gr-assets.com/images/S/compressed.photo.goodreads.com/books/1486837149i/131359._SY75_.jpg,4.12,323194,4.1047263415065425,13462,212,"4,0 a 4,25",Alta
833,57040367,The Roommate,Kiersten Modglin,https://www.goodreads.com/book/show/57040367-the-roommate,https://i.gr-assets.com/images/S/compressed.photo.goodreads.com/books/1613149059i/57040367._SY75_.jpg,3.76,14640,4.08012038180941,13457,142,"3,5 a 4,0",Baixa
834,682804,"The Killer Angels (The Civil War Trilogy, #2)",Michael Shaara,https://www.goodreads.com/book/show/682804.The_Killer_Angels,https://i.gr-assets.com/images/S/compressed.photo.goodreads.com/books/1355371689i/682804._SX50_.jpg,4.34,94335,4.140279752764512,13440,175,"4,25 a 4,5",Média
835,18545,Rosencrantz and Guildenstern Are Dead,Tom Stoppard,https://www.goodreads.com/book/show/18545.Rosencrantz_and_Guildenstern_Are_Dead,https://i.gr-assets.com/images/S/compressed.photo.goodreads.com/books/1338735611i/18545._SY75_.jpg,4.04,94301,4.081981123925653,13439,188,"4,0 a 4,25",Média
836,7304203,"Shadowfever (Fever, #5)",Karen Marie Moning,https://www.goodreads.com/book/show/7304203-shadowfever,https://i.gr-assets.com/images/S/compressed.photo.goodreads.com/books/1439940228i/7304203._SY75_.jpg,4.39,113774,4.159237803344427,13434,156,"4,25 a 4,5",Média
837,47989,"Night Watch (Discworld, #29; City Watch, #6)",Terry Pratchett,https://www.goodreads.com/book/show/47989.Night_Watch,https://i.gr-assets.com/images/S/compressed.photo.goodreads.com/books/1320518310i/47989._SY75_.jpg,4.5,121335,4.188689753189671,13414,167,"4,25 a 4,5",Média
838,334176,"The Sparrow (The Sparrow, #1)",Mary Doria Russell,https://www.goodreads.com/book/show/334176.The_Sparrow,https://i.gr-assets.com/images/S/compressed.photo.goodreads.com/books/1230829367i/334176._SY75_.jpg,4.13,84937,4.098865875060331,13406,158,"4,0 a 4,25",Média
839,59316367,Look Closer,David  Ellis,https://www.goodreads.com/book/show/59316367-look-closer,https://i.gr-assets.com/images/S/compressed.photo.goodreads.com/books/1650843418i/59316367._SY75_.jpg,4.13,186249,4.104329408623061,13382,142,"4,0 a 4,25",Alta
840,10965,"A Breath of Snow and Ashes (Outlander, #6)",Diana Gabaldon,https://www.goodreads.com/book/show/10965.A_Breath_of_Snow_and_Ashes,https://i.gr-assets.com/images/S/compressed.photo.goodreads.com/books/1734099153i/10965._SY75_.jpg,4.44,195784,4.208165614646305,13379,173,"4,25 a 4,5",Alta
841,547094,I Am Legend and Other Stories,Richard Matheson,https://www.goodreads.com/book/show/547094.I_Am_Legend_and_Other_Stories,https://i.gr-assets.com/images/S/compressed.photo.goodreads.com/books/1317791583i/547094._SY75_.jpg,4.0,138043,4.068075004000482,13353,185,"3,5 a 4,0",Média
842,3980,From the Mixed-up Files of Mrs. Basil E. Frankweiler,E.L. Konigsburg,https://www.goodreads.com/book/show/3980.From_the_Mixed_up_Files_of_Mrs_Basil_E_Frankweiler,https://i.gr-assets.com/images/S/compressed.photo.goodreads.com/books/1327784751i/3980._SY75_.jpg,4.16,222203,4.116703860811573,13345,187,"4,0 a 4,25",Alta
843,6320534,Under the Dome,Stephen  King,https://www.goodreads.com/book/show/6320534-under-the-dome,https://i.gr-assets.com/images/S/compressed.photo.goodreads.com/books/1511289992i/6320534._SY75_.jpg,3.93,331619,4.0177207358906655,13343,184,"3,5 a 4,0",Alta
844,6853,"One for the Money (Stephanie Plum, #1)",Janet Evanovich,https://www.goodreads.com/book/show/6853.One_for_the_Money,https://i.gr-assets.com/images/S/compressed.photo.goodreads.com/books/1316730230i/6853._SY75_.jpg,4.04,586784,4.060838128583733,13319,180,"4,0 a 4,25",Muito alta
845,56495,The Purpose Driven Life: What on Earth Am I Here for?,Rick Warren,https://www.goodreads.com/book/show/56495.The_Purpose_Driven_Life,https://i.gr-assets.com/images/S/compressed.photo.goodreads.com/books/1440111652i/56495._SY75_.jpg,3.99,298048,4.047944047317718,13290,157,"3,5 a 4,0",Alta
846,112750,"Darkfever (Fever, #1)",Karen Marie Moning,https://www.goodreads.com/book/show/112750.Darkfever,https://i.gr-assets.com/images/S/compressed.photo.goodreads.com/books/1726371112i/112750._SY75_.jpg,4.05,192422,4.078219342407555,13263,171,"4,0 a 4,25",Alta
847,101145468,"Not Forever, But For Now",Chuck Palahniuk,https://www.goodreads.com/book/show/101145468-not-forever-but-for-now,https://i.gr-assets.com/images/S/compressed.photo.goodreads.com/books/1687711848i/101145468._SY75_.jpg,3.01,5372,4.077441312736512,13262,140,"Até 3,5",Baixa
848,27523,"Left Behind (Left Behind, #1)",Tim LaHaye,https://www.goodreads.com/book/show/27523.Left_Behind,https://i.gr-assets.com/images/S/compressed.photo.goodreads.com/books/1406505054i/27523._SY75_.jpg,3.87,250687,4.005345845748716,13233,181,"3,5 a 4,0",Alta
849,39657755,The Girl Who Was Taken,Charlie Donlea,https://www.goodreads.com/book/show/39657755-the-girl-who-was-taken,https://i.gr-assets.com/images/S/compressed.photo.goodreads.com/books/1522156793i/39657755._SY75_.jpg,4.15,203039,4.111889819178709,13212,140,"4,0 a 4,25",Alta
850,58124274,"Corrupt (Devil's Night, #1)",Penelope Douglas,https://www.goodreads.com/book/show/58124274-corrupt,https://i.gr-assets.com/images/S/compressed.photo.goodreads.com/books/1621729447i/58124274._SY75_.jpg,3.77,455959,3.9187163664963776,13169,141,"3,5 a 4,0",Muito alta
851,7864437,"The Death Cure (The Maze Runner, #3)",James Dashner,https://www.goodreads.com/book/show/7864437-the-death-cure,https://i.gr-assets.com/images/S/compressed.photo.goodreads.com/books/1303997647i/7864437._SY75_.jpg,3.78,516314,3.914514627066114,13165,171,"3,5 a 4,0",Muito alta
852,24768,"Pretties (Uglies, #2)",Scott Westerfeld,https://www.goodreads.com/book/show/24768.Pretties,https://i.gr-assets.com/images/S/compressed.photo.goodreads.com/books/1388314207i/24768._SX50_.jpg,3.83,283463,3.981960238158014,13131,178,"3,5 a 4,0",Alta
853,78433,The Blind Assassin,Margaret Atwood,https://www.goodreads.com/book/show/78433.The_Blind_Assassin,https://i.gr-assets.com/images/S/compressed.photo.goodreads.com/books/1451445426i/78433._SY75_.jpg,3.96,167239,4.052533591007662,13121,182,"3,5 a 4,0",Alta
854,16286,The Magus,John Fowles,https://www.goodreads.com/book/show/16286.The_Magus,https://i.gr-assets.com/images/S/compressed.photo.goodreads.com/books/1441323311i/16286._SY75_.jpg,4.05,66337,4.085997868246259,13075,168,"4,0 a 4,25",Média
855,2967752,The Elegance of the Hedgehog,Muriel Barbery,https://www.goodreads.com/book/show/2967752-the-elegance-of-the-hedgehog,https://i.gr-assets.com/images/S/compressed.photo.goodreads.com/books/1347755370i/2967752._SY75_.jpg,3.81,206048,3.994759892900819,13066,166,"3,5 a 4,0",Alta
856,50919253,The Arnolfini Art Mysteries,Rich DiSilvio,https://www.goodreads.com/book/show/50919253-the-arnolfini-art-mysteries,https://i.gr-assets.com/images/S/compressed.photo.goodreads.com/books/1679082803i/50919253._SY75_.jpg,4.34,6610,4.096224268223488,13064,146,"4,25 a 4,5",Baixa
857,323355,The Book of Mormon: Another Testament of Jesus Christ,Joseph Smith Jr.,https://www.goodreads.com/book/show/323355.The_Book_of_Mormon,https://i.gr-assets.com/images/S/compressed.photo.goodreads.com/books/1327389004i/323355._SX50_.jpg,4.22,92514,4.116571119512773,13031,143,"4,0 a 4,25",Média
858,2203,John Adams,David McCullough,https://www.goodreads.com/book/show/2203.John_Adams,https://i.gr-assets.com/images/S/compressed.photo.goodreads.com/books/1478144278i/2203._SX50_.jpg,4.09,384224,4.091061303826656,12978,181,"4,0 a 4,25",Alta
859,13831,"Alanna: The First Adventure (Song of the Lioness, #1)",Tamora Pierce,https://www.goodreads.com/book/show/13831.Alanna,https://i.gr-assets.com/images/S/compressed.photo.goodreads.com/books/1388206270i/13831._SY75_.jpg,4.27,138481,4.138624006356199,12891,161,"4,25 a 4,5",Média
860,58524608,"Why They Stay: Sex Scandals, Deals, and Hidden Agendas of Eight Political Wives",Anne  Michaud,https://www.goodreads.com/book/show/58524608-why-they-stay,https://i.gr-assets.com/images/S/compressed.photo.goodreads.com/books/1625880812i/58524608._SY75_.jpg,4.29,13508,4.098711151503842,12890,142,"4,25 a 4,5",Baixa
861,6882,Papillon,Henri Charrière,https://www.goodreads.com/book/show/6882.Papillon,https://i.gr-assets.com/images/S/compressed.photo.goodreads.com/books/1327865561i/6882._SY75_.jpg,4.23,77499,4.114910794582993,12874,179,"4,0 a 4,25",Média
862,1431,Veronika Decides to Die,Paulo Coelho,https://www.goodreads.com/book/show/1431.Veronika_Decides_to_Die,https://i.gr-assets.com/images/S/compressed.photo.goodreads.com/books/1348139939i/1431._SY75_.jpg,3.74,249334,3.9550186209764844,12867,160,"3,5 a 4,0",Alta
863,41219,Possession,A.S. Byatt,https://www.goodreads.com/book/show/41219.Possession,https://i.gr-assets.com/images/S/compressed.photo.goodreads.com/books/1391124124i/41219._SY75_.jpg,3.9,86546,4.057294741967446,12860,178,"3,5 a 4,0",Média
864,2666,The Bonfire of the Vanities,Tom Wolfe,https://www.goodreads.com/book/show/2666.The_Bonfire_of_the_Vanities,https://i.gr-assets.com/images/S/compressed.photo.goodreads.com/books/1542903489i/2666._SY75_.jpg,3.93,89452,4.061928060882427,12849,178,"3,5 a 4,0",Média
865,214331246,"Sunrise on the Reaping (The Hunger Games, #0.5)",Suzanne Collins,https://www.goodreads.com/book/show/214331246-sunrise-on-the-reaping,https://i.gr-assets.com/images/S/compressed.photo.goodreads.com/books/1729085500i/214331246._SX50_.jpg,4.49,1304110,4.39820533553407,12835,142,"4,25 a 4,5",Muito alta
866,452306,"The Sisterhood of the Traveling Pants (Sisterhood, #1)",Ann Brashares,https://www.goodreads.com/book/show/452306.The_Sisterhood_of_the_Traveling_Pants,https://i.gr-assets.com/images/S/compressed.photo.goodreads.com/books/1461611233i/452306._SY75_.jpg,3.85,741355,3.9336093472834994,12804,182,"3,5 a 4,0",Muito alta
867,27833670,Dark Matter,Blake Crouch,https://www.goodreads.com/book/show/27833670-dark-matter,https://i.gr-assets.com/images/S/compressed.photo.goodreads.com/books/1472119680i/27833670._SY75_.jpg,4.13,808221,4.11764247938269,12802,145,"4,0 a 4,25",Muito alta
868,321552,The Agony and the Ecstasy,Irving Stone,https://www.goodreads.com/book/show/321552.The_Agony_and_the_Ecstasy,https://i.gr-assets.com/images/S/compressed.photo.goodreads.com/books/1327879079i/321552._SY75_.jpg,4.09,99549,4.091677097440585,12762,170,"4,0 a 4,25",Média
869,4982,The Sirens of Titan,Kurt Vonnegut Jr.,https://www.goodreads.com/book/show/4982.The_Sirens_of_Titan,https://i.gr-assets.com/images/S/compressed.photo.goodreads.com/books/1419363185i/4982._SY75_.jpg,4.15,163918,4.109203491715973,12746,157,"4,0 a 4,25",Alta
870,60880820,The Shards,Bret Easton Ellis,https://www.goodreads.com/book/show/60880820-the-shards,https://i.gr-assets.com/images/S/compressed.photo.goodreads.com/books/1658241203i/60880820._SX50_.jpg,4.0,52761,4.081155279777083,12742,134,"3,5 a 4,0",Média
871,43352954,This Is How You Lose the Time War,Amal El-Mohtar,https://www.goodreads.com/book/show/43352954-this-is-how-you-lose-the-time-war,https://i.gr-assets.com/images/S/compressed.photo.goodreads.com/books/1759084233i/43352954._SY75_.jpg,3.82,373426,3.959193848056933,12696,138,"3,5 a 4,0",Alta
872,14995,"Odd Thomas (Odd Thomas, #1)",Dean Koontz,https://www.goodreads.com/book/show/14995.Odd_Thomas,https://i.gr-assets.com/images/S/compressed.photo.goodreads.com/books/1388245669i/14995._SY75_.jpg,4.0,278820,4.053769310450839,12689,173,"3,5 a 4,0",Alta
873,58388343,Some Desperate Glory,Emily  Tesh,https://www.goodreads.com/book/show/58388343-some-desperate-glory,https://i.gr-assets.com/images/S/compressed.photo.goodreads.com/books/1668621616i/58388343._SY75_.jpg,4.04,22061,4.089321743440356,12660,134,"4,0 a 4,25",Baixa
874,10569,On Writing: A Memoir of the Craft,Stephen  King,https://www.goodreads.com/book/show/10569.On_Writing,https://i.gr-assets.com/images/S/compressed.photo.goodreads.com/books/1436735207i/10569._SY75_.jpg,4.34,327659,4.205114801843087,12601,169,"4,25 a 4,5",Alta
875,38311414,House of Sand and Fog,Andre Dubus III,https://www.goodreads.com/book/show/38311414-house-of-sand-and-fog,https://i.gr-assets.com/images/S/compressed.photo.goodreads.com/books/1519083021i/38311414._SX50_.jpg,3.86,137465,4.031738030999208,12595,180,"3,5 a 4,0",Média
876,76401,Bury My Heart at Wounded Knee: An Indian History of the American West,Dee Brown,https://www.goodreads.com/book/show/76401.Bury_My_Heart_at_Wounded_Knee,https://i.gr-assets.com/images/S/compressed.photo.goodreads.com/books/1604058784i/76401._SX50_.jpg,4.26,106160,4.127949492067977,12590,198,"4,25 a 4,5",Média
877,30474,The Communist Manifesto,Karl Marx,https://www.goodreads.com/book/show/30474.The_Communist_Manifesto,https://i.gr-assets.com/images/S/compressed.photo.goodreads.com/books/1740105815i/30474._SY75_.jpg,3.7,209497,3.9553280177262646,12572,156,"3,5 a 4,0",Alta
878,1202,Freakonomics: A Rogue Economist Explores the Hidden Side of Everything,Steven D. Levitt,https://www.goodreads.com/book/show/1202.Freakonomics,https://i.gr-assets.com/images/S/compressed.photo.goodreads.com/books/1550917827i/1202._SX50_.jpg,4.01,911125,4.034657619502909,12555,167,"4,0 a 4,25",Muito alta
879,304027,"Lover Unbound (Black Dagger Brotherhood, #5)",J.R. Ward,https://www.goodreads.com/book/show/304027.Lover_Unbound,https://i.gr-assets.com/images/S/compressed.photo.goodreads.com/books/1351276662i/304027._SY75_.jpg,4.31,142633,4.150335889599996,12537,165,"4,25 a 4,5",Média
880,11334,Song of Solomon,Toni Morrison,https://www.goodreads.com/book/show/11334.Song_of_Solomon,https://i.gr-assets.com/images/S/compressed.photo.goodreads.com/books/1632283992i/11334._SY75_.jpg,4.17,134864,4.112078277039556,12535,175,"4,0 a 4,25",Média
881,30659,Meditations,Marcus Aurelius,https://www.goodreads.com/book/show/30659.Meditations,https://i.gr-assets.com/images/S/compressed.photo.goodreads.com/books/1421618636i/30659._SY75_.jpg,4.27,381365,4.179933220420981,12522,157,"4,25 a 4,5",Alta
882,76715522,"Kingdom of Ash (Throne of Glass, #7)",Sarah J. Maas,https://www.goodreads.com/book/show/76715522-kingdom-of-ash,https://i.gr-assets.com/images/S/compressed.photo.goodreads.com/books/1673567331i/76715522._SY75_.jpg,4.71,1248342,4.562602246063744,12505,137,"Acima de 4,5",Muito alta
883,133286777,The Familiar,Leigh Bardugo,https://www.goodreads.com/book/show/133286777-the-familiar,https://i.gr-assets.com/images/S/compressed.photo.goodreads.com/books/1695054790i/133286777._SY75_.jpg,3.74,149955,3.9945138586461244,12468,136,"3,5 a 4,0",Alta
884,4865,How to Win Friends & Influence People,Dale Carnegie,https://www.goodreads.com/book/show/4865.How_to_Win_Friends_Influence_People,https://i.gr-assets.com/images/S/compressed.photo.goodreads.com/books/1442726934i/4865._SX50_.jpg,4.21,1193051,4.18089455715915,12389,173,"4,0 a 4,25",Muito alta
885,13414446,"Prodigy (Legend, #2)",Marie Lu,https://www.goodreads.com/book/show/13414446-prodigy,https://i.gr-assets.com/images/S/compressed.photo.goodreads.com/books/1336254717i/13414446._SY75_.jpg,4.22,286942,4.146230110122411,12387,154,"4,0 a 4,25",Alta
885,280111,Holy Bible: New International Version,Anonymous,https://www.goodreads.com/book/show/280111.Holy_Bible,https://i.gr-assets.com/images/S/compressed.photo.goodreads.com/books/1631965680i/280111._SY75_.jpg,4.63,100137,4.201756576178283,12387,156,"Acima de 4,5",Média
887,703292,The Witch of Blackbird Pond,Elizabeth George Speare,https://www.goodreads.com/book/show/703292.The_Witch_of_Blackbird_Pond,https://i.gr-assets.com/images/S/compressed.photo.goodreads.com/books/1345499790i/703292._SY75_.jpg,4.03,162621,4.073864190239601,12323,176,"4,0 a 4,25",Alta
888,12368985,"Consequences (Consequences, #1) A Dark Wealth and Power Romance",Aleatha Romig,https://www.goodreads.com/book/show/12368985-consequences-consequences-1-a-dark-wealth-and-power-romance,https://i.gr-assets.com/images/S/compressed.photo.goodreads.com/books/1350233855i/12368985._SY75_.jpg,3.91,43590,4.07384210094192,12289,132,"3,5 a 4,0",Baixa
889,33917,The Namesake,Jhumpa Lahiri,https://www.goodreads.com/book/show/33917.The_Namesake,https://i.gr-assets.com/images/S/compressed.photo.goodreads.com/books/1480106986i/33917._SY75_.jpg,4.02,289274,4.0614467399514735,12284,168,"4,0 a 4,25",Alta
890,248596,Something Wicked This Way Comes,Ray Bradbury,https://www.goodreads.com/book/show/248596.Something_Wicked_This_Way_Comes,https://i.gr-assets.com/images/S/compressed.photo.goodreads.com/books/1409596011i/248596._SY75_.jpg,3.89,159146,4.033648021289404,12238,178,"3,5 a 4,0",Alta
891,4953,A Heartbreaking Work of Staggering Genius,Dave Eggers,https://www.goodreads.com/book/show/4953.A_Heartbreaking_Work_of_Staggering_Genius,https://i.gr-assets.com/images/S/compressed.photo.goodreads.com/books/1327714834i/4953._SY75_.jpg,3.69,185023,3.962963218687606,12232,157,"3,5 a 4,0",Alta
892,90202302,"Iron Flame (The Empyrean, #2)",Rebecca Yarros,https://www.goodreads.com/book/show/90202302-iron-flame,https://i.gr-assets.com/images/S/compressed.photo.goodreads.com/books/1706724269i/90202302._SY75_.jpg,4.36,2885779,4.328027631148388,12218,138,"4,25 a 4,5",Muito alta
893,51901147,"The Ballad of Songbirds and Snakes (The Hunger Games, #0)",Suzanne Collins,https://www.goodreads.com/book/show/51901147-the-ballad-of-songbirds-and-snakes,https://i.gr-assets.com/images/S/compressed.photo.goodreads.com/books/1593892032i/51901147._SY75_.jpg,3.99,1300008,4.013612544816469,12203,142,"3,5 a 4,0",Muito alta
894,16070018,"Truth (Consequences, #2)",Aleatha Romig,https://www.goodreads.com/book/show/16070018-truth,https://i.gr-assets.com/images/S/compressed.photo.goodreads.com/books/1398768721i/16070018._SY75_.jpg,4.34,32672,4.111217169441378,12156,129,"4,25 a 4,5",Baixa
895,40024,"The Alienist (Dr. Laszlo Kreizler, #1)",Caleb Carr,https://www.goodreads.com/book/show/40024.The_Alienist,https://i.gr-assets.com/images/S/compressed.photo.goodreads.com/books/1388256626i/40024._SY75_.jpg,4.06,184950,4.081796156538518,12133,172,"4,0 a 4,25",Alta
896,54479,Around the World in Eighty Days,Jules Verne,https://www.goodreads.com/book/show/54479.Around_the_World_in_Eighty_Days,https://i.gr-assets.com/images/S/compressed.photo.goodreads.com/books/1684014860i/54479._SY75_.jpg,3.95,292236,4.03132998188322,12127,193,"3,5 a 4,0",Alta
896,6280118,One Day,David Nicholls,https://www.goodreads.com/book/show/6280118-one-day,https://i.gr-assets.com/images/S/compressed.photo.goodreads.com/books/1327873020i/6280118._SY75_.jpg,3.88,422070,3.9820103485091787,12127,148,"3,5 a 4,0",Muito alta
898,164154,"A Canticle for Leibowitz (St. Leibowitz, #1)",Walter M. Miller Jr.,https://www.goodreads.com/book/show/164154.A_Canticle_for_Leibowitz,https://i.gr-assets.com/images/S/compressed.photo.goodreads.com/books/1450516880i/164154._SY75_.jpg,3.99,123878,4.067541956317861,12115,162,"3,5 a 4,0",Média
899,9416,"Confessions of a Shopaholic (Shopaholic, #1)",Sophie Kinsella,https://www.goodreads.com/book/show/9416.Confessions_of_a_Shopaholic,https://i.gr-assets.com/images/S/compressed.photo.goodreads.com/books/1546503932i/9416._SX50_.jpg,3.72,823549,3.839808288408875,12098,160,"3,5 a 4,0",Muito alta
900,217306484,Stoneslayer: Book One Scandal,Candace L. Talmadge,https://www.goodreads.com/book/show/217306484-stoneslayer,https://i.gr-assets.com/images/S/compressed.photo.goodreads.com/books/1723149238i/217306484._SX50_.jpg,4.38,2346,4.0938207211329685,12097,143,"4,25 a 4,5",Baixa
901,12914,The Aeneid,Virgil,https://www.goodreads.com/book/show/12914.The_Aeneid,https://i.gr-assets.com/images/S/compressed.photo.goodreads.com/books/1386923968i/12914._SY75_.jpg,3.88,148744,4.033660593364791,12065,176,"3,5 a 4,0",Média
902,3388,Corelli’s Mandolin,Louis de Bernières,https://www.goodreads.com/book/show/3388.Corelli_s_Mandolin,https://i.gr-assets.com/images/S/compressed.photo.goodreads.com/books/1479680795i/3388._SY75_.jpg,4.04,94307,4.081980604986425,12058,162,"4,0 a 4,25",Média
903,57891,Battle Royale,Koushun Takami,https://www.goodreads.com/book/show/57891.Battle_Royale,https://i.gr-assets.com/images/S/compressed.photo.goodreads.com/books/1331235272i/57891._SY75_.jpg,4.26,88871,4.123192719680676,12051,142,"4,25 a 4,5",Média
904,7061,"The No. 1 Ladies' Detective Agency (No. 1 Ladies' Detective Agency, #1)",Alexander McCall Smith,https://www.goodreads.com/book/show/7061.The_No_1_Ladies_Detective_Agency,https://i.gr-assets.com/images/S/compressed.photo.goodreads.com/books/1459953654i/7061._SY75_.jpg,3.81,279719,3.9744685226820673,12030,184,"3,5 a 4,0",Alta
905,6325285,"Rubinrot (Edelstein-Trilogie, #1)",Kerstin Gier,https://www.goodreads.com/book/show/6325285-rubinrot,https://i.gr-assets.com/images/S/compressed.photo.goodreads.com/books/1327918185i/6325285._SX50_.jpg,4.14,175413,4.106934845085228,11987,140,"4,0 a 4,25",Alta
906,11125,Digital Fortress,Dan    Brown,https://www.goodreads.com/book/show/11125.Digital_Fortress,https://i.gr-assets.com/images/S/compressed.photo.goodreads.com/books/1360095966i/11125._SY75_.jpg,3.71,673522,3.8503655202825655,11925,156,"3,5 a 4,0",Muito alta
907,22055262,"A Darker Shade of Magic (Shades of Magic, #1)",V.E. Schwab,https://www.goodreads.com/book/show/22055262-a-darker-shade-of-magic,https://i.gr-assets.com/images/S/compressed.photo.goodreads.com/books/1758833715i/22055262._SY75_.jpg,4.03,446290,4.059004689855718,11909,137,"4,0 a 4,25",Muito alta
908,18243700,"The Assassin's Blade (Throne of Glass, #0.1-0.5)",Sarah J. Maas,https://www.goodreads.com/book/show/18243700-the-assassin-s-blade,https://i.gr-assets.com/images/S/compressed.photo.goodreads.com/books/1384362444i/18243700._SX50_.jpg,4.2,1354084,4.175821166109389,11901,146,"4,0 a 4,25",Muito alta
909,62874245,The Drowning Woman,Robyn Harding,https://www.goodreads.com/book/show/62874245-the-drowning-woman,https://i.gr-assets.com/images/S/compressed.photo.goodreads.com/books/1681110477i/62874245._SY75_.jpg,4.02,181238,4.069270596844853,11899,126,"4,0 a 4,25",Alta
910,20559676,"Killing Sarai (In the Company of Killers, #1)",J.A. Redmerski,https://www.goodreads.com/book/show/20559676-killing-sarai,https://i.gr-assets.com/images/S/compressed.photo.goodreads.com/books/1389883928i/20559676._SY75_.jpg,4.08,32899,4.0911647818038475,11871,127,"4,0 a 4,25",Baixa
911,426504,Ficciones,Jorge Luis Borges,https://www.goodreads.com/book/show/426504.Ficciones,https://i.gr-assets.com/images/S/compressed.photo.goodreads.com/books/1621713120i/426504._SY75_.jpg,4.39,83607,4.144572577232085,11861,142,"4,25 a 4,5",Média
912,34497,"The Color of Magic (Discworld, #1; Rincewind, #1)",Terry Pratchett,https://www.goodreads.com/book/show/34497.The_Color_of_Magic,https://i.gr-assets.com/images/S/compressed.photo.goodreads.com/books/1407111017i/34497._SY75_.jpg,3.99,433000,4.038455092414184,11860,165,"3,5 a 4,0",Muito alta
913,852470,"I'd Tell You I Love You, But Then I'd Have to Kill You (Gallagher Girls, #1)",Ally Carter,https://www.goodreads.com/book/show/852470.I_d_Tell_You_I_Love_You_But_Then_I_d_Have_to_Kill_You,https://i.gr-assets.com/images/S/compressed.photo.goodreads.com/books/1334491180i/852470._SX50_.jpg,3.84,194777,4.00828832834933,11847,149,"3,5 a 4,0",Alta
914,14249,Prodigal Summer,Barbara Kingsolver,https://www.goodreads.com/book/show/14249.Prodigal_Summer,https://i.gr-assets.com/images/S/compressed.photo.goodreads.com/books/1426308771i/14249._SY75_.jpg,4.06,135804,4.083829227165903,11844,164,"4,0 a 4,25",Média
915,8682,Jitterbug Perfume,Tom Robbins,https://www.goodreads.com/book/show/8682.Jitterbug_Perfume,https://i.gr-assets.com/images/S/compressed.photo.goodreads.com/books/1388607752i/8682._SY75_.jpg,4.23,82290,4.116075615990215,11811,149,"4,0 a 4,25",Média
916,6262365,"Tempted (House of Night, #6)",P.C. Cast,https://www.goodreads.com/book/show/6262365-tempted,https://i.gr-assets.com/images/S/compressed.photo.goodreads.com/books/1408633041i/6262365._SY75_.jpg,3.95,175713,4.048050020660955,11809,167,"3,5 a 4,0",Alta
917,9532,"Ender's Shadow (The Shadow Series, #1)",Orson Scott Card,https://www.goodreads.com/book/show/9532.Ender_s_Shadow,https://i.gr-assets.com/images/S/compressed.photo.goodreads.com/books/1424904668i/9532._SY75_.jpg,4.32,182378,4.164582128004848,11798,151,"4,25 a 4,5",Alta
918,73968,"Love Story (Love Story, #1)",Erich Segal,https://www.goodreads.com/book/show/73968.Love_Story,https://i.gr-assets.com/images/S/compressed.photo.goodreads.com/books/1388812297i/73968._SY75_.jpg,3.66,65474,4.03013645438581,11797,184,"3,5 a 4,0",Média
919,9822,"Mrs. Frisby and the Rats of NIMH (Rats of NIMH, #1)",Robert C. O'Brien,https://www.goodreads.com/book/show/9822.Mrs_Frisby_and_the_Rats_of_NIMH,https://i.gr-assets.com/images/S/compressed.photo.goodreads.com/books/1351191064i/9822._SY75_.jpg,4.17,187769,4.117372135684605,11796,153,"4,0 a 4,25",Alta
920,27774758,"An Ember in the Ashes (An Ember in the Ashes, #1)",Sabaa Tahir,https://www.goodreads.com/book/show/27774758-an-ember-in-the-ashes,https://i.gr-assets.com/images/S/compressed.photo.goodreads.com/books/1787853834i/27774758._SY75_.jpg,4.23,363226,4.158505914732965,11794,135,"4,0 a 4,25",Alta
921,18839,Orlando,Virginia Woolf,https://www.goodreads.com/book/show/18839.Orlando,https://i.gr-assets.com/images/S/compressed.photo.goodreads.com/books/1443118010i/18839._SY75_.jpg,3.87,122748,4.039045813216952,11761,159,"3,5 a 4,0",Média
922,88077,The Magic Mountain,Thomas Mann,https://www.goodreads.com/book/show/88077.The_Magic_Mountain,https://i.gr-assets.com/images/S/compressed.photo.goodreads.com/books/1645738968i/88077._SY75_.jpg,4.13,65914,4.097569876673638,11727,151,"4,0 a 4,25",Média
923,18300212,The Trigger: Hunting the Assassin Who Brought the World to War,Tim Butcher,https://www.goodreads.com/book/show/18300212-the-trigger,https://i.gr-assets.com/images/S/compressed.photo.goodreads.com/books/1388535774i/18300212._SY75_.jpg,3.82,4145,4.089250261143158,11714,121,"3,5 a 4,0",Baixa
924,213317622,A Stone's Throw: A heartwarming story of a city girl and her rancher grandfather turning adversity into love and community,Wayne   Edwards,https://www.goodreads.com/book/show/213317622-a-stone-s-throw,https://i.gr-assets.com/images/S/compressed.photo.goodreads.com/books/1719008609i/213317622._SY75_.jpg,4.36,5698,4.095951160181839,11663,126,"4,25 a 4,5",Baixa
925,6295,Howl and Other Poems,Allen Ginsberg,https://www.goodreads.com/book/show/6295.Howl_and_Other_Poems,https://i.gr-assets.com/images/S/compressed.photo.goodreads.com/books/1668784961i/6295._SX50_.jpg,4.13,121102,4.10106424200737,11659,164,"4,0 a 4,25",Média
926,7770,"One Fish, Two Fish, Red Fish, Blue Fish",Dr. Seuss,https://www.goodreads.com/book/show/7770.One_Fish_Two_Fish_Red_Fish_Blue_Fish,https://i.gr-assets.com/images/S/compressed.photo.goodreads.com/books/1165640023i/7770._SX50_.jpg,4.19,219393,4.127286015816405,11651,195,"4,0 a 4,25",Alta
927,6440,Ivanhoe,Walter  Scott,https://www.goodreads.com/book/show/6440.Ivanhoe,https://i.gr-assets.com/images/S/compressed.photo.goodreads.com/books/1715643510i/6440._SY75_.jpg,3.77,100697,4.026149599891414,11621,178,"3,5 a 4,0",Média
928,667,Anthem,Ayn Rand,https://www.goodreads.com/book/show/667.Anthem,https://i.gr-assets.com/images/S/compressed.photo.goodreads.com/books/1388190459i/667._SY75_.jpg,3.61,170535,3.9457127963345044,11609,153,"3,5 a 4,0",Alta
929,7824322,Between Shades of Gray,Ruta Sepetys,https://www.goodreads.com/book/show/7824322-between-shades-of-gray,https://i.gr-assets.com/images/S/compressed.photo.goodreads.com/books/1327873479i/7824322._SX50_.jpg,4.36,287432,4.20559027284012,11599,140,"4,25 a 4,5",Alta
930,32905484,Oswald the Almost Famous Opossum,Sara Pascoe,https://www.goodreads.com/book/show/32905484-oswald-the-almost-famous-opossum,https://i.gr-assets.com/images/S/compressed.photo.goodreads.com/books/1478552737i/32905484._SY75_.jpg,4.33,6097,4.095755896190056,11567,126,"4,25 a 4,5",Baixa
931,22020052,"It Ain't Me, Babe (Hades Hangmen, #1)",Tillie Cole,https://www.goodreads.com/book/show/22020052-it-ain-t-me-babe,https://i.gr-assets.com/images/S/compressed.photo.goodreads.com/books/1398707039i/22020052._SY75_.jpg,4.04,56404,4.085536459953104,11566,124,"4,0 a 4,25",Média
932,821611,The Story of My Life,Helen Keller,https://www.goodreads.com/book/show/821611.The_Story_of_My_Life,https://i.gr-assets.com/images/S/compressed.photo.goodreads.com/books/1320429331i/821611._SY75_.jpg,4.07,152246,4.085910221423848,11548,194,"4,0 a 4,25",Alta
933,18134894,"Tears of Tess (Monsters in the Dark, #1)",Pepper Winters,https://www.goodreads.com/book/show/18134894-tears-of-tess,https://i.gr-assets.com/images/S/compressed.photo.goodreads.com/books/1372821993i/18134894._SY75_.jpg,3.97,44260,4.079689993178906,11520,123,"3,5 a 4,0",Baixa
934,35519,The Power of Myth,Joseph Campbell,https://www.goodreads.com/book/show/35519.The_Power_of_Myth,https://i.gr-assets.com/images/S/compressed.photo.goodreads.com/books/1327878742i/35519._SY75_.jpg,4.26,54651,4.1126896645751625,11514,163,"4,25 a 4,5",Média
935,2052,"The Big Sleep (Philip Marlowe, #1)",Raymond Chandler,https://www.goodreads.com/book/show/2052.The_Big_Sleep,https://i.gr-assets.com/images/S/compressed.photo.goodreads.com/books/1371584712i/2052._SY75_.jpg,3.94,173538,4.045354181734135,11470,158,"3,5 a 4,0",Alta
936,205840559,"Magical Midlife Awakening (Leveling Up, #10)",K.F. Breene,https://www.goodreads.com/book/show/205840559-magical-midlife-awakening,https://i.gr-assets.com/images/S/compressed.photo.goodreads.com/books/1706048401i/205840559._SY75_.jpg,4.62,13451,4.109656958688657,11445,120,"Acima de 4,5",Baixa
937,7728,"Antigone (Theban Plays, #3)",Sophocles,https://www.goodreads.com/book/show/7728.Antigone,https://i.gr-assets.com/images/S/compressed.photo.goodreads.com/books/1486701308i/7728._SY75_.jpg,3.69,183782,3.9635524851766792,11443,176,"3,5 a 4,0",Alta
938,85990,"Princess Academy (Princess Academy, #1)",Shannon Hale,https://www.goodreads.com/book/show/85990.Princess_Academy,https://i.gr-assets.com/images/S/compressed.photo.goodreads.com/books/1349410861i/85990._SY75_.jpg,4.04,123475,4.079600901161827,11426,157,"4,0 a 4,25",Média
939,111332,"Into the Wild (Warriors, #1)",Erin Hunter,https://www.goodreads.com/book/show/111332.Into_the_Wild,https://i.gr-assets.com/images/S/compressed.photo.goodreads.com/books/1327994729i/111332._SX50_.jpg,4.32,127432,4.148112734736031,11417,136,"4,25 a 4,5",Média
940,53496,Walk Two Moons,Sharon Creech,https://www.goodreads.com/book/show/53496.Walk_Two_Moons,https://i.gr-assets.com/images/S/compressed.photo.goodreads.com/books/1389035862i/53496._SY75_.jpg,4.0,175751,4.063546372266551,11413,147,"3,5 a 4,0",Alta
941,247942305,"Stranger to the Beautiful: A Journey of Faith, Hope, and Transformation",Don Hynes,https://www.goodreads.com/book/show/247942305-stranger-to-the-beautiful,https://i.gr-assets.com/images/S/compressed.photo.goodreads.com/books/1770941025i/247942305._SY75_.jpg,4.36,4486,4.095142125565407,11412,125,"4,25 a 4,5",Baixa
942,205338104,Murder on Family Grounds (Mary Wandwalker #3),Susan  Rowland,https://www.goodreads.com/book/show/205338104-murder-on-family-grounds,https://i.gr-assets.com/images/S/compressed.photo.goodreads.com/books/1705391004i/205338104._SX50_.jpg,4.29,16686,4.100201993904603,11357,120,"4,25 a 4,5",Baixa
943,140082,"Club Dead (Sookie Stackhouse, #3)",Charlaine Harris,https://www.goodreads.com/book/show/140082.Club_Dead,https://i.gr-assets.com/images/S/compressed.photo.goodreads.com/books/1329501590i/140082._SY75_.jpg,4.02,247014,4.064191691591256,11339,164,"4,0 a 4,25",Alta
944,9673436,The Invention of Hugo Cabret,Brian Selznick,https://www.goodreads.com/book/show/9673436-the-invention-of-hugo-cabret,https://i.gr-assets.com/images/S/compressed.photo.goodreads.com/books/1422312376i/9673436._SY75_.jpg,4.22,191560,4.134153509513366,11304,150,"4,0 a 4,25",Alta
945,3805,The Corrections,Jonathan Franzen,https://www.goodreads.com/book/show/3805.The_Corrections,https://i.gr-assets.com/images/S/compressed.photo.goodreads.com/books/1355011305i/3805._SY75_.jpg,3.85,203710,4.009185753810058,11289,153,"3,5 a 4,0",Alta
946,34521870,Mistress Suffragette,Diana   Forbes,https://www.goodreads.com/book/show/34521870-mistress-suffragette,https://i.gr-assets.com/images/S/compressed.photo.goodreads.com/books/1489112488i/34521870._SX50_.jpg,4.29,4552,4.094380916134976,11287,126,"4,25 a 4,5",Baixa
947,23444482,"The Traitor Baru Cormorant (The Masquerade, #1)",Seth Dickinson,https://www.goodreads.com/book/show/23444482-the-traitor-baru-cormorant,https://i.gr-assets.com/images/S/compressed.photo.goodreads.com/books/1755005480i/23444482._SY75_.jpg,4.04,27251,4.088709837104164,11286,124,"4,0 a 4,25",Baixa
948,3478,Message in a Bottle,Nicholas Sparks,https://www.goodreads.com/book/show/3478.Message_in_a_Bottle,https://i.gr-assets.com/images/S/compressed.photo.goodreads.com/books/1163789140i/3478._SY75_.jpg,3.98,251045,4.048275904521817,11281,164,"3,5 a 4,0",Alta
949,248704,It's Kind of a Funny Story,Ned Vizzini,https://www.goodreads.com/book/show/248704.It_s_Kind_of_a_Funny_Story,https://i.gr-assets.com/images/S/compressed.photo.goodreads.com/books/1420629730i/248704._SX50_.jpg,4.07,264651,4.0831829042867,11262,131,"4,0 a 4,25",Alta
950,9014,The Long Walk,Richard  Bachman,https://www.goodreads.com/book/show/9014.The_Long_Walk,https://i.gr-assets.com/images/S/compressed.photo.goodreads.com/books/1309212400i/9014._SY75_.jpg,3.98,310998,4.042445582348134,11204,140,"3,5 a 4,0",Alta
951,194746,No Longer Human,Osamu Dazai,https://www.goodreads.com/book/show/194746.No_Longer_Human,https://i.gr-assets.com/images/S/compressed.photo.goodreads.com/books/1422638843i/194746._SY75_.jpg,3.92,287549,4.0191800925291,11195,119,"3,5 a 4,0",Alta
952,232101884,The Swan Lake Murders (Mary Wandwalker #4),Susan  Rowland,https://www.goodreads.com/book/show/232101884-the-swan-lake-murders,https://i.gr-assets.com/images/S/compressed.photo.goodreads.com/books/1745703709i/232101884._SY75_.jpg,4.32,16581,4.10137331107959,11193,122,"4,25 a 4,5",Baixa
953,220768368,Mademoiselle le Sleuth,Theasa Tuohy,https://www.goodreads.com/book/show/220768368-mademoiselle-le-sleuth,https://i.gr-assets.com/images/S/compressed.photo.goodreads.com/books/1729722536i/220768368._SX50_.jpg,4.31,6402,4.095613511273131,11166,125,"4,25 a 4,5",Baixa
954,68429,"The Well of Ascension (Mistborn, #2)",Brandon Sanderson,https://www.goodreads.com/book/show/68429.The_Well_of_Ascension,https://i.gr-assets.com/images/S/compressed.photo.goodreads.com/books/1619538925i/68429._SY75_.jpg,4.37,724835,4.272609335783637,11151,132,"4,25 a 4,5",Muito alta
955,50798,Jude the Obscure,Thomas Hardy,https://www.goodreads.com/book/show/50798.Jude_the_Obscure,https://i.gr-assets.com/images/S/compressed.photo.goodreads.com/books/1389403264i/50798._SY75_.jpg,3.84,77675,4.050329198944226,11137,165,"3,5 a 4,0",Média
956,34484,"Small Gods (Discworld, #13)",Terry Pratchett,https://www.goodreads.com/book/show/34484.Small_Gods,https://i.gr-assets.com/images/S/compressed.photo.goodreads.com/books/1390899426i/34484._SY75_.jpg,4.32,137436,4.151366293306692,11125,141,"4,25 a 4,5",Média
957,10374,Hard-Boiled Wonderland and the End of the World,Haruki Murakami,https://www.goodreads.com/book/show/10374.Hard_Boiled_Wonderland_and_the_End_of_the_World,https://i.gr-assets.com/images/S/compressed.photo.goodreads.com/books/1399844477i/10374._SY75_.jpg,4.11,157783,4.097248600218178,11110,136,"4,0 a 4,25",Alta
958,110494,"Living Dead in Dallas (Sookie Stackhouse, #2)",Charlaine Harris,https://www.goodreads.com/book/show/110494.Living_Dead_in_Dallas,https://i.gr-assets.com/images/S/compressed.photo.goodreads.com/books/1329501808i/110494._SY75_.jpg,3.96,265357,4.038702559988361,11071,155,"3,5 a 4,0",Alta
959,22107214,"Souls Unfractured (Hades Hangmen, #3)",Tillie Cole,https://www.goodreads.com/book/show/22107214-souls-unfractured,https://i.gr-assets.com/images/S/compressed.photo.goodreads.com/books/1429054401i/22107214._SY75_.jpg,4.41,28328,4.113575554630179,11070,118,"4,25 a 4,5",Baixa
960,41684,The Jungle Books,Rudyard Kipling,https://www.goodreads.com/book/show/41684.The_Jungle_Books,https://i.gr-assets.com/images/S/compressed.photo.goodreads.com/books/1349066474i/41684._SY75_.jpg,4.01,89613,4.076797818565355,11059,188,"4,0 a 4,25",Média
961,37095,The Shell Seekers,Rosamunde Pilcher,https://www.goodreads.com/book/show/37095.The_Shell_Seekers,https://i.gr-assets.com/images/S/compressed.photo.goodreads.com/books/1385213408i/37095._SY75_.jpg,4.21,127036,4.12101068224102,11056,169,"4,0 a 4,25",Média
962,13206900,"Winter (The Lunar Chronicles, #4)",Marissa Meyer,https://www.goodreads.com/book/show/13206900-winter,https://i.gr-assets.com/images/S/compressed.photo.goodreads.com/books/1470057036i/13206900._SX50_.jpg,4.41,320447,4.235273144860479,11055,134,"4,25 a 4,5",Alta
963,27266,"Glass Houses (The Morganville Vampires, #1)",Rachel Caine,https://www.goodreads.com/book/show/27266.Glass_Houses,https://i.gr-assets.com/images/S/compressed.photo.goodreads.com/books/1428057864i/27266._SY75_.jpg,3.92,104146,4.055910593274697,11038,144,"3,5 a 4,0",Média
964,2153405,Still Alice,Lisa Genova,https://www.goodreads.com/book/show/2153405.Still_Alice,https://i.gr-assets.com/images/S/compressed.photo.goodreads.com/books/1236089972i/2153405._SY75_.jpg,4.33,366461,4.207186246035945,11029,140,"4,25 a 4,5",Alta
965,16081272,"The Edge of Never (The Edge of Never, #1)",J.A. Redmerski,https://www.goodreads.com/book/show/16081272-the-edge-of-never,https://i.gr-assets.com/images/S/compressed.photo.goodreads.com/books/1358810128i/16081272._SY75_.jpg,4.21,150405,4.124851210577564,11009,129,"4,0 a 4,25",Alta
966,18584855,Heartless,Marissa Meyer,https://www.goodreads.com/book/show/18584855-heartless,https://i.gr-assets.com/images/S/compressed.photo.goodreads.com/books/1477740245i/18584855._SY75_.jpg,4.08,281431,4.087038748985426,11004,122,"4,0 a 4,25",Alta
967,58763686,"Haunting Adeline (Cat and Mouse, #1)",H.D. Carlton,https://www.goodreads.com/book/show/58763686-haunting-adeline,https://i.gr-assets.com/images/S/compressed.photo.goodreads.com/books/1628900532i/58763686._SX50_.jpg,3.94,974361,3.983564616650985,10998,118,"3,5 a 4,0",Muito alta
968,44652,"Fablehaven (Fablehaven, #1)",Brandon Mull,https://www.goodreads.com/book/show/44652.Fablehaven,https://i.gr-assets.com/images/S/compressed.photo.goodreads.com/books/1460309528i/44652._SX50_.jpg,4.14,181803,4.107303656977528,10996,138,"4,0 a 4,25",Alta
969,292408,Angle of Repose,Wallace Stegner,https://www.goodreads.com/book/show/292408.Angle_of_Repose,https://i.gr-assets.com/images/S/compressed.photo.goodreads.com/books/1329151576i/292408._SY75_.jpg,4.24,63236,4.112689530813029,10982,142,"4,0 a 4,25",Média
970,197891975,I'm Glad You're Dead: Preternatural Chronicles Book 1,Hunter Blain,https://www.goodreads.com/book/show/197891975-i-m-glad-you-re-dead,https://i.gr-assets.com/images/S/compressed.photo.goodreads.com/books/1694922052i/197891975._SX50_.jpg,4.11,4622,4.092313033957939,10976,118,"4,0 a 4,25",Baixa
971,19057,I Am the Messenger,Markus Zusak,https://www.goodreads.com/book/show/19057.I_Am_the_Messenger,https://i.gr-assets.com/images/S/compressed.photo.goodreads.com/books/1398483261i/19057._SY75_.jpg,4.02,172540,4.07003095857986,10975,131,"4,0 a 4,25",Alta
972,67998095,A Winter Grave,Peter  May,https://www.goodreads.com/book/show/67998095-a-winter-grave,https://i.gr-assets.com/images/S/compressed.photo.goodreads.com/books/1671083731i/67998095._SY75_.jpg,4.05,10086,4.09104543534079,10959,116,"4,0 a 4,25",Baixa
973,34640476,Socialism Is Dead! Long Live Socialism!: The Marx Code—Socialism with a Human Face: A New World Order,Todor Bombov,https://www.goodreads.com/book/show/34640476-socialism-is-dead-long-live-socialism,https://i.gr-assets.com/images/S/compressed.photo.goodreads.com/books/1490032864i/34640476._SY75_.jpg,4.28,16675,4.099787927939705,10866,118,"4,25 a 4,5",Baixa
974,41880609,On Earth We're Briefly Gorgeous,Ocean Vuong,https://www.goodreads.com/book/show/41880609-on-earth-we-re-briefly-gorgeous,https://i.gr-assets.com/images/S/compressed.photo.goodreads.com/books/1615580168i/41880609._SX50_.jpg,3.99,442770,4.03788735741738,10838,118,"3,5 a 4,0",Muito alta
975,60353768,The Marriage Portrait,Maggie O'Farrell,https://www.goodreads.com/book/show/60353768-the-marriage-portrait,https://i.gr-assets.com/images/S/compressed.photo.goodreads.com/books/1655741851i/60353768._SX50_.jpg,4.01,221508,4.062415742042275,10807,114,"4,0 a 4,25",Alta
976,816,Cryptonomicon,Neal Stephenson,https://www.goodreads.com/book/show/816.Cryptonomicon,https://i.gr-assets.com/images/S/compressed.photo.goodreads.com/books/1327931476i/816._SY75_.jpg,4.23,118539,4.12417900090803,10795,130,"4,0 a 4,25",Média
977,13872,Geek Love,Katherine Dunn,https://www.goodreads.com/book/show/13872.Geek_Love,https://i.gr-assets.com/images/S/compressed.photo.goodreads.com/books/1636594691i/13872._SY75_.jpg,3.95,75202,4.069185491845881,10789,136,"3,5 a 4,0",Média
978,152380,"Mary Poppins (Mary Poppins, #1)",P.L. Travers,https://www.goodreads.com/book/show/152380.Mary_Poppins,https://i.gr-assets.com/images/S/compressed.photo.goodreads.com/books/1704135408i/152380._SX50_.jpg,4.0,142983,4.0674453216455895,10779,196,"3,5 a 4,0",Média
979,8695,"The Restaurant at the End of the Universe (The Hitchhiker's Guide to the Galaxy, #2)",Douglas Adams,https://www.goodreads.com/book/show/8695.The_Restaurant_at_the_End_of_the_Universe,https://i.gr-assets.com/images/S/compressed.photo.goodreads.com/books/1521213881i/8695._SY75_.jpg,4.19,324938,4.136530393090963,10775,154,"4,0 a 4,25",Alta
979,89724,We Have Always Lived in the Castle,Shirley Jackson,https://www.goodreads.com/book/show/89724.We_Have_Always_Lived_in_the_Castle,https://i.gr-assets.com/images/S/compressed.photo.goodreads.com/books/1746532708i/89724._SY75_.jpg,3.9,318219,4.005918797233469,10775,135,"3,5 a 4,0",Alta
981,42898,"Lover Revealed (Black Dagger Brotherhood, #4)",J.R. Ward,https://www.goodreads.com/book/show/42898.Lover_Revealed,https://i.gr-assets.com/images/S/compressed.photo.goodreads.com/books/1389646548i/42898._SY75_.jpg,4.28,145991,4.143179345027923,10751,144,"4,25 a 4,5",Média
982,49750,An Abundance of Katherines,John  Green,https://www.goodreads.com/book/show/49750.An_Abundance_of_Katherines,https://i.gr-assets.com/images/S/compressed.photo.goodreads.com/books/1360206426i/49750._SY75_.jpg,3.5,555542,3.7446174850519913,10741,132,"Até 3,5",Muito alta
983,75523433,"The Girl in the Eagle's Talons (Millennium, #7)",Karin Smirnoff,https://www.goodreads.com/book/show/75523433-the-girl-in-the-eagle-s-talons,https://i.gr-assets.com/images/S/compressed.photo.goodreads.com/books/1698252152i/75523433._SX50_.jpg,3.41,21249,4.05695245467493,10737,114,"Até 3,5",Baixa
984,6690798,"The Passage (The Passage, #1)",Justin Cronin,https://www.goodreads.com/book/show/6690798-the-passage,https://i.gr-assets.com/images/S/compressed.photo.goodreads.com/books/1327874267i/6690798._SY75_.jpg,4.05,227006,4.076640376772355,10730,134,"4,0 a 4,25",Alta
985,37794149,"A Memory Called Empire (Teixcalaan, #1)",Arkady Martine,https://www.goodreads.com/book/show/37794149-a-memory-called-empire,https://i.gr-assets.com/images/S/compressed.photo.goodreads.com/books/1526486698i/37794149._SY75_.jpg,4.1,77230,4.0934061440998315,10709,115,"4,0 a 4,25",Média
986,36072,The 7 Habits of Highly Effective People: Powerful Lessons in Personal Change,Stephen R. Covey,https://www.goodreads.com/book/show/36072.The_7_Habits_of_Highly_Effective_People,https://i.gr-assets.com/images/S/compressed.photo.goodreads.com/books/1421842784i/36072._SY75_.jpg,4.16,843254,4.138488154366552,10679,154,"4,0 a 4,25",Muito alta
987,6137154,"Fire (Graceling Realm, #2)",Kristin Cashore,https://www.goodreads.com/book/show/6137154-fire,https://i.gr-assets.com/images/S/compressed.photo.goodreads.com/books/1331535456i/6137154._SY75_.jpg,4.09,195777,4.0914021011020125,10669,144,"4,0 a 4,25",Alta
988,386372,"Mort (Discworld, #4; Death, #1)",Terry Pratchett,https://www.goodreads.com/book/show/386372.Mort,https://i.gr-assets.com/images/S/compressed.photo.goodreads.com/books/1388181166i/386372._SY75_.jpg,4.24,280506,4.1538766829423,10627,142,"4,0 a 4,25",Alta
989,29059,Choke,Chuck Palahniuk,https://www.goodreads.com/book/show/29059.Choke,https://i.gr-assets.com/images/S/compressed.photo.goodreads.com/books/1624579622i/29059._SY75_.jpg,3.71,224606,3.9527103050341754,10611,139,"3,5 a 4,0",Alta
990,5098079,"Lover Avenged (Black Dagger Brotherhood, #7)",J.R. Ward,https://www.goodreads.com/book/show/5098079-lover-avenged,https://i.gr-assets.com/images/S/compressed.photo.goodreads.com/books/1321039998i/5098079._SY75_.jpg,4.36,121495,4.155602955071519,10549,141,"4,25 a 4,5",Média
991,228086938,Banker's Holiday: A Novel of Fiscal Irregularity,Gary Clemenceau,https://www.goodreads.com/book/show/228086938-banker-s-holiday,https://i.gr-assets.com/images/S/compressed.photo.goodreads.com/books/1739789614i/228086938._SY75_.jpg,4.34,6269,4.096015063298769,10546,114,"4,25 a 4,5",Baixa
992,52831200,"From Blood and Ash (Blood and Ash, #1)",Jennifer L. Armentrout,https://www.goodreads.com/book/show/52831200-from-blood-and-ash,https://i.gr-assets.com/images/S/compressed.photo.goodreads.com/books/1734440654i/52831200._SY75_.jpg,4.21,905666,4.174444209247488,10523,116,"4,0 a 4,25",Muito alta
993,201930181,"The Mercy of Gods (The Captive's War, #1)",James S.A. Corey,https://www.goodreads.com/book/show/201930181-the-mercy-of-gods,https://i.gr-assets.com/images/S/compressed.photo.goodreads.com/books/1725128722i/201930181._SY75_.jpg,4.15,45449,4.098131802925231,10515,111,"4,0 a 4,25",Baixa
994,50033,Dandelion Wine,Ray Bradbury,https://www.goodreads.com/book/show/50033.Dandelion_Wine,https://i.gr-assets.com/images/S/compressed.photo.goodreads.com/books/1374049845i/50033._SY75_.jpg,4.09,82011,4.091739269175588,10499,140,"4,0 a 4,25",Média
995,42046112,Recursion,Blake Crouch,https://www.goodreads.com/book/show/42046112-recursion,https://i.gr-assets.com/images/S/compressed.photo.goodreads.com/books/1750526564i/42046112._SX50_.jpg,4.16,351861,4.124259891704835,10498,114,"4,0 a 4,25",Alta
996,60109530,Keep It in the Family,John Marrs,https://www.goodreads.com/book/show/60109530-keep-it-in-the-family,https://i.gr-assets.com/images/S/compressed.photo.goodreads.com/books/1755098318i/60109530._SY75_.jpg,4.06,270118,4.078988626941596,10491,111,"4,0 a 4,25",Alta
997,25499718,"Children of Time (Children of Time, #1)",Adrian Tchaikovsky,https://www.goodreads.com/book/show/25499718-children-of-time,https://i.gr-assets.com/images/S/compressed.photo.goodreads.com/books/1431014197i/25499718._SY75_.jpg,4.3,196219,4.161562815918106,10478,111,"4,25 a 4,5",Alta
998,18521,A Room of One’s Own,Virginia Woolf,https://www.goodreads.com/book/show/18521.A_Room_of_One_s_Own,https://i.gr-assets.com/images/S/compressed.photo.goodreads.com/books/1327883012i/18521._SY75_.jpg,4.22,280890,4.145565713087958,10448,148,"4,0 a 4,25",Alta
999,16690,The Moon Is a Harsh Mistress,Robert A. Heinlein,https://www.goodreads.com/book/show/16690.The_Moon_Is_a_Harsh_Mistress,https://i.gr-assets.com/images/S/compressed.photo.goodreads.com/books/1348768309i/16690._SY75_.jpg,4.15,141719,4.107503712976592,10396,134,"4,0 a 4,25",Média
1000,11507,My Name Is Asher Lev,Chaim Potok,https://www.goodreads.com/book/show/11507.My_Name_Is_Asher_Lev,https://i.gr-assets.com/images/S/compressed.photo.goodreads.com/books/1385056726i/11507._SY75_.jpg,4.24,44158,4.1071090784035205,10376,141,"4,0 a 4,25",Baixa
1001,157981682,The Book of Love,Kelly Link,https://www.goodreads.com/book/show/157981682-the-book-of-love,https://i.gr-assets.com/images/S/compressed.photo.goodreads.com/books/1695356776i/157981682._SY75_.jpg,3.52,12128,4.074895848361426,10329,113,"3,5 a 4,0",Baixa
1002,3109,The Omnivore's Dilemma: A Natural History of Four Meals,Michael Pollan,https://www.goodreads.com/book/show/3109.The_Omnivore_s_Dilemma,https://i.gr-assets.com/images/S/compressed.photo.goodreads.com/books/1393804353i/3109._SY75_.jpg,4.19,212332,4.126552150908313,10326,136,"4,0 a 4,25",Alta
1003,1848,Wild Swans: Three Daughters of China,Jung Chang,https://www.goodreads.com/book/show/1848.Wild_Swans,https://i.gr-assets.com/images/S/compressed.photo.goodreads.com/books/1440643710i/1848._SX50_.jpg,4.31,129023,4.1461578221614435,10319,139,"4,25 a 4,5",Média
1004,60215314,"The High Auction (Wisdom Revolution, #1)",Misba,https://www.goodreads.com/book/show/60215314-the-high-auction,https://i.gr-assets.com/images/S/compressed.photo.goodreads.com/books/1643167769i/60215314._SY75_.jpg,4.67,13995,4.112069782992441,10312,106,"Acima de 4,5",Baixa
1005,3698,The Quiet American,Graham Greene,https://www.goodreads.com/book/show/3698.The_Quiet_American,https://i.gr-assets.com/images/S/compressed.photo.goodreads.com/books/1753926448i/3698._SX50_.jpg,3.98,75323,4.073999493781943,10298,140,"3,5 a 4,0",Média
1006,7940583,Chasing the Devil: The Search for Africa's Fighting Spirit,Tim Butcher,https://www.goodreads.com/book/show/7940583-chasing-the-devil,https://i.gr-assets.com/images/S/compressed.photo.goodreads.com/books/1310975260i/7940583._SY75_.jpg,4.12,1995,4.092245582175954,10287,105,"4,0 a 4,25",Baixa
1007,264,The Portrait of a Lady,Henry James,https://www.goodreads.com/book/show/264.The_Portrait_of_a_Lady,https://i.gr-assets.com/images/S/compressed.photo.goodreads.com/books/1502148606i/264._SY75_.jpg,3.8,86817,4.039039107001446,10280,152,"3,5 a 4,0",Média
1008,1768603,The White Tiger,Aravind Adiga,https://www.goodreads.com/book/show/1768603.The_White_Tiger,https://i.gr-assets.com/images/S/compressed.photo.goodreads.com/books/1710937569i/1768603._SY75_.jpg,3.77,206698,3.980727922158491,10276,120,"3,5 a 4,0",Alta
1008,60215458,"The Oldest Dance (Wisdom Revolution, #2)",Misba,https://www.goodreads.com/book/show/60215458-the-oldest-dance,https://i.gr-assets.com/images/S/compressed.photo.goodreads.com/books/1643167654i/60215458._SY75_.jpg,4.7,11274,4.109137275993387,10276,106,"Acima de 4,5",Baixa
1010,16640,The Sorrows of Young Werther,Johann Wolfgang von Goethe,https://www.goodreads.com/book/show/16640.The_Sorrows_of_Young_Werther,https://i.gr-assets.com/images/S/compressed.photo.goodreads.com/books/1758424070i/16640._SY75_.jpg,3.7,163335,3.9765872477432325,10246,130,"3,5 a 4,0",Alta
1011,3407877,The Forgotten Garden,Kate Morton,https://www.goodreads.com/book/show/3407877-the-forgotten-garden,https://i.gr-assets.com/images/S/compressed.photo.goodreads.com/books/1547843777i/3407877._SY75_.jpg,4.16,244606,4.118229712036628,10216,131,"4,0 a 4,25",Alta
1012,38374795,Howards End,E.M. Forster,https://www.goodreads.com/book/show/38374795-howards-end,https://i.gr-assets.com/images/S/compressed.photo.goodreads.com/books/1518837828i/38374795._SX50_.jpg,3.96,96681,4.065919193946635,10213,156,"3,5 a 4,0",Média
1013,19691,"The Hunt for Red October (Jack Ryan, #3)",Tom Clancy,https://www.goodreads.com/book/show/19691.The_Hunt_for_Red_October,https://i.gr-assets.com/images/S/compressed.photo.goodreads.com/books/1281995542i/19691._SX50_.jpg,4.12,393118,4.106088235154672,10212,153,"4,0 a 4,25",Muito alta
1014,199798179,The Ministry of Time,Kaliane Bradley,https://www.goodreads.com/book/show/199798179-the-ministry-of-time,https://i.gr-assets.com/images/S/compressed.photo.goodreads.com/books/1716480921i/199798179._SY75_.jpg,3.55,267258,3.8720324474261916,10193,108,"3,5 a 4,0",Alta
1015,78983,"Kane & Abel (Kane & Abel, #1)",Jeffrey Archer,https://www.goodreads.com/book/show/78983.Kane_Abel,https://i.gr-assets.com/images/S/compressed.photo.goodreads.com/books/1388965561i/78983._SY75_.jpg,4.35,134223,4.158000302487846,10163,125,"4,25 a 4,5",Média
1016,7805,Pale Fire,Vladimir Nabokov,https://www.goodreads.com/book/show/7805.Pale_Fire,https://i.gr-assets.com/images/S/compressed.photo.goodreads.com/books/1388155863i/7805._SY75_.jpg,4.17,60354,4.102518207554913,10156,129,"4,0 a 4,25",Média
1017,102868,"A Study in Scarlet (Sherlock Holmes, #1)",Arthur Conan Doyle,https://www.goodreads.com/book/show/102868.A_Study_in_Scarlet,https://i.gr-assets.com/images/S/compressed.photo.goodreads.com/books/1519031842i/102868._SX50_.jpg,4.13,510591,4.113563424159623,10147,155,"4,0 a 4,25",Muito alta
1017,58446227,Sea of Tranquility,Emily St. John Mandel,https://www.goodreads.com/book/show/58446227-sea-of-tranquility,https://i.gr-assets.com/images/S/compressed.photo.goodreads.com/books/1626710416i/58446227._SX50_.jpg,4.04,314943,4.068861453170662,10147,108,"4,0 a 4,25",Alta
1019,24335,The Trumpet of the Swan,E.B. White,https://www.goodreads.com/book/show/24335.The_Trumpet_of_the_Swan,https://i.gr-assets.com/images/S/compressed.photo.goodreads.com/books/1631119077i/24335._SY75_.jpg,4.11,84344,4.095278887769306,10101,120,"4,0 a 4,25",Média
1020,15790842,"Life After Life (Todd Family, #1)",Kate Atkinson,https://www.goodreads.com/book/show/15790842-life-after-life,https://i.gr-assets.com/images/S/compressed.photo.goodreads.com/books/1358173808i/15790842._SY75_.jpg,3.78,248265,3.9709105775677713,10081,113,"3,5 a 4,0",Alta
1021,59317244,Living Fearless: Exchanging the Lies of the World for the Liberating Truth of God,Jamie Winship,https://www.goodreads.com/book/show/59317244-living-fearless,https://i.gr-assets.com/images/S/compressed.photo.goodreads.com/books/1646026780i/59317244._SY75_.jpg,4.44,5100,4.09658243465388,10075,107,"4,25 a 4,5",Baixa
1022,83674,The Bridges of Madison County,Robert James Waller,https://www.goodreads.com/book/show/83674.The_Bridges_of_Madison_County,https://i.gr-assets.com/images/S/compressed.photo.goodreads.com/books/1344267141i/83674._SY75_.jpg,3.73,110173,4.0125154004294235,10025,159,"3,5 a 4,0",Média
1023,5091,"The Dark Tower (Dark Tower, #7)",Stephen  King,https://www.goodreads.com/book/show/5091.The_Dark_Tower,https://i.gr-assets.com/images/S/compressed.photo.goodreads.com/books/1372296329i/5091._SY75_.jpg,4.29,195367,4.1580303298938395,10023,136,"4,25 a 4,5",Alta
1024,169485073,"The Strength of the Few (Hierarchy, #2)",James Islington,https://www.goodreads.com/book/show/169485073-the-strength-of-the-few,https://i.gr-assets.com/images/S/compressed.photo.goodreads.com/books/1742965949i/169485073._SY75_.jpg,4.29,129828,4.14142634654918,10015,109,"4,25 a 4,5",Média
1025,43594238,"A Dead and Stormy Night (Nevermore Bookshop Mysteries, #1)",Steffanie Holmes,https://www.goodreads.com/book/show/43594238-a-dead-and-stormy-night,https://i.gr-assets.com/images/S/compressed.photo.goodreads.com/books/1764083110i/43594238._SY75_.jpg,3.9,15035,4.084992028499264,10005,106,"3,5 a 4,0",Baixa
1026,46164,Tender Is the Night,F. Scott Fitzgerald,https://www.goodreads.com/book/show/46164.Tender_Is_the_Night,https://i.gr-assets.com/images/S/compressed.photo.goodreads.com/books/1559763775i/46164._SY75_.jpg,3.76,153976,3.9982861626757216,10000,146,"3,5 a 4,0",Alta
1027,34384161,"Worm Holes (Quantum Roots, #2)",Kyle Keyes,https://www.goodreads.com/book/show/34384161-worm-holes,https://i.gr-assets.com/images/S/compressed.photo.goodreads.com/books/1487896475i/34384161._SX50_.jpg,4.34,2089,4.093421127637617,9987,111,"4,25 a 4,5",Baixa
1028,241800575,Poinsettia Girl: The Story of Agata della Pieta,Jennifer Wizbowski,https://www.goodreads.com/book/show/241800575-poinsettia-girl,https://i.gr-assets.com/images/S/compressed.photo.goodreads.com/books/1758238420i/241800575._SY75_.jpg,4.34,5440,4.095504967641668,9983,108,"4,25 a 4,5",Baixa
1029,12751687,"Finale (Hush, Hush, #4)",Becca Fitzpatrick,https://www.goodreads.com/book/show/12751687-finale,https://i.gr-assets.com/images/S/compressed.photo.goodreads.com/books/1362408156i/12751687._SY75_.jpg,4.11,189526,4.097945746235297,9975,130,"4,0 a 4,25",Alta
1030,6654313,"Linger (The Wolves of Mercy Falls, #2)",Maggie Stiefvater,https://www.goodreads.com/book/show/6654313-linger,https://i.gr-assets.com/images/S/compressed.photo.goodreads.com/books/1292482391i/6654313._SY75_.jpg,3.88,176506,4.026144693120479,9973,136,"3,5 a 4,0",Alta
1031,61755703,"The Fury of the Gods (The Bloodsworn Saga, #3)",John Gwynne,https://www.goodreads.com/book/show/61755703-the-fury-of-the-gods,https://i.gr-assets.com/images/S/compressed.photo.goodreads.com/books/1711655158i/61755703._SX50_.jpg,4.46,48476,4.1326769783378365,9961,109,"4,25 a 4,5",Baixa
1032,58340706,"One Dark Window (The Shepherd King, #1)",Rachel Gillig,https://www.goodreads.com/book/show/58340706-one-dark-window,https://i.gr-assets.com/images/S/compressed.photo.goodreads.com/books/1734440714i/58340706._SY75_.jpg,4.25,765741,4.196620915364013,9955,110,"4,0 a 4,25",Muito alta
1033,215186841,"Inara (Godfrey Davis, #3)",A.R. Merrydew,https://www.goodreads.com/book/show/215186841-inara,https://i.gr-assets.com/images/S/compressed.photo.goodreads.com/books/1719253079i/215186841._SY75_.jpg,4.35,5994,4.095997041861765,9943,109,"4,25 a 4,5",Baixa
1033,225578897,The Doomsday Butcher (Cole Chambers FBI Profiler Thrillers #1),S.E. Stitcher,https://www.goodreads.com/book/show/225578897-the-doomsday-butcher,https://i.gr-assets.com/images/S/compressed.photo.goodreads.com/books/1738484593i/225578897._SY75_.jpg,4.32,4700,4.094810324650706,9943,108,"4,25 a 4,5",Baixa
1035,40605329,"The Mysterious Benedict Society (The Mysterious Benedict Society, #1)",Trenton Lee Stewart,https://www.goodreads.com/book/show/40605329-the-mysterious-benedict-society,https://i.gr-assets.com/images/S/compressed.photo.goodreads.com/books/1776240113i/40605329._SX50_.jpg,4.2,179718,4.126075436216355,9940,122,"4,0 a 4,25",Alta
1036,307791,"The City of Ember (Book of Ember, #1)",Jeanne DuPrau,https://www.goodreads.com/book/show/307791.The_City_of_Ember,https://i.gr-assets.com/images/S/compressed.photo.goodreads.com/books/1591616783i/307791._SX50_.jpg,3.9,304113,4.008067968674919,9923,140,"3,5 a 4,0",Alta
1037,52867387,Beach Read,Emily Henry,https://www.goodreads.com/book/show/52867387-beach-read,https://i.gr-assets.com/images/S/compressed.photo.goodreads.com/books/1589881197i/52867387._SX50_.jpg,3.95,1786712,3.9755185618089692,9921,114,"3,5 a 4,0",Muito alta
1038,976,Deception Point,Dan    Brown,https://www.goodreads.com/book/show/976.Deception_Point,https://i.gr-assets.com/images/S/compressed.photo.goodreads.com/books/1551277487i/976._SY75_.jpg,3.77,710181,3.8843857705926865,9910,133,"3,5 a 4,0",Muito alta
1038,43722869,"The Eden Paradox (Eden Paradox, #1)",Barry Kirwan,https://www.goodreads.com/book/show/43722869-the-eden-paradox,https://i.gr-assets.com/images/S/compressed.photo.goodreads.com/books/1548629676i/43722869._SY75_.jpg,4.21,16449,4.096862600578239,9910,109,"4,0 a 4,25",Baixa
1040,49041,"New Moon (The Twilight Saga, #2)",Stephenie Meyer,https://www.goodreads.com/book/show/49041.New_Moon,https://i.gr-assets.com/images/S/compressed.photo.goodreads.com/books/1630592760i/49041._SX50_.jpg,3.62,2179835,3.6918151835189468,9899,132,"3,5 a 4,0",Muito alta
1041,43301353,"The Space Between Worlds (The Space Between Worlds, #1)",Micaiah Johnson,https://www.goodreads.com/book/show/43301353-the-space-between-worlds,https://i.gr-assets.com/images/S/compressed.photo.goodreads.com/books/1585293595l/43301353._SX50_SY75_.jpg,3.92,47159,4.073583880508329,9880,104,"3,5 a 4,0",Baixa
1042,16151178,The Sea of Tranquility,Katja Millay,https://www.goodreads.com/book/show/16151178-the-sea-of-tranquility,https://i.gr-assets.com/images/S/compressed.photo.goodreads.com/books/1465919812i/16151178._SY75_.jpg,4.28,89177,4.126993601660774,9877,115,"4,25 a 4,5",Média
1043,126918599,"Empire of the Damned (Empire of the Vampire, #2)",Jay Kristoff,https://www.goodreads.com/book/show/126918599-empire-of-the-damned,https://i.gr-assets.com/images/S/compressed.photo.goodreads.com/books/1687870963i/126918599._SX50_.jpg,4.55,43739,4.138164265533017,9862,107,"Acima de 4,5",Baixa
1044,51340378,"The Mask of Mirrors (Rook & Rose, #1)",M.A. Carrick,https://www.goodreads.com/book/show/51340378-the-mask-of-mirrors,https://i.gr-assets.com/images/S/compressed.photo.goodreads.com/books/1590151669i/51340378._SY75_.jpg,4.01,15569,4.088960564707097,9853,109,"4,0 a 4,25",Baixa
1045,373755,"Absalom, Absalom!",William Faulkner,https://www.goodreads.com/book/show/373755.Absalom_Absalom_,https://i.gr-assets.com/images/S/compressed.photo.goodreads.com/books/1781818184i/373755._SY75_.jpg,4.0,49637,4.081730543863958,9849,128,"3,5 a 4,0",Baixa
1046,182484360,The Reappearance of Rachel Price,Holly  Jackson,https://www.goodreads.com/book/show/182484360-the-reappearance-of-rachel-price,https://i.gr-assets.com/images/S/compressed.photo.goodreads.com/books/1692547104i/182484360._SY75_.jpg,4.07,254533,4.083389505564279,9845,107,"4,0 a 4,25",Alta
1047,202901080,"The Lies of Vampires and Slayers (Magic on Main Street, #1)",K.M. Shea,https://www.goodreads.com/book/show/202901080-the-lies-of-vampires-and-slayers,https://i.gr-assets.com/images/S/compressed.photo.goodreads.com/books/1701218507i/202901080._SY75_.jpg,4.35,9101,4.097969113778927,9844,105,"4,25 a 4,5",Baixa
1048,60400,"The Ruins of Gorlan (Ranger's Apprentice, #1)",John Flanagan,https://www.goodreads.com/book/show/60400.The_Ruins_of_Gorlan,https://i.gr-assets.com/images/S/compressed.photo.goodreads.com/books/1293952830i/60400._SY75_.jpg,4.26,180588,4.145141712570435,9837,119,"4,25 a 4,5",Alta
1049,186190,"Forrest Gump (Forrest Gump, #1)",Winston Groom,https://www.goodreads.com/book/show/186190.Forrest_Gump,https://i.gr-assets.com/images/S/compressed.photo.goodreads.com/books/1385313197i/186190._SY75_.jpg,4.0,73869,4.0774709555129345,9822,160,"3,5 a 4,0",Média
1050,22896,"Practical Magic (Practical Magic, #1)",Alice Hoffman,https://www.goodreads.com/book/show/22896.Practical_Magic,https://i.gr-assets.com/images/S/compressed.photo.goodreads.com/books/1490354120i/22896._SY75_.jpg,3.71,177968,3.9726023146487885,9794,134,"3,5 a 4,0",Alta
1051,368916,"84, Charing Cross Road",Helene Hanff,https://www.goodreads.com/book/show/368916.84_Charing_Cross_Road,https://i.gr-assets.com/images/S/compressed.photo.goodreads.com/books/1662637640i/368916._SY75_.jpg,4.17,101489,4.108153680566051,9771,143,"4,0 a 4,25",Média
1052,13651,The Dispossessed: An Ambiguous Utopia,Ursula K. Le Guin,https://www.goodreads.com/book/show/13651.The_Dispossessed,https://i.gr-assets.com/images/S/compressed.photo.goodreads.com/books/1353467455i/13651._SY75_.jpg,4.26,162762,4.141444880154159,9754,122,"4,25 a 4,5",Alta
1053,106264,"Sarah, Plain and Tall (Sarah, Plain and Tall, #1)",Patricia MacLachlan,https://www.goodreads.com/book/show/106264.Sarah_Plain_and_Tall,https://i.gr-assets.com/images/S/compressed.photo.goodreads.com/books/1327254558i/106264._SY75_.jpg,3.85,92376,4.045844227840442,9750,127,"3,5 a 4,0",Média
1054,9791,A Walk in the Woods: Rediscovering America on the Appalachian Trail,Bill  Bryson,https://www.goodreads.com/book/show/9791.A_Walk_in_the_Woods,https://i.gr-assets.com/images/S/compressed.photo.goodreads.com/books/1388189974i/9791._SY75_.jpg,4.07,458395,4.080176216210998,9731,136,"4,0 a 4,25",Muito alta
1055,195790847,A Sorceress Comes to Call,T. Kingfisher,https://www.goodreads.com/book/show/195790847-a-sorceress-comes-to-call,https://i.gr-assets.com/images/S/compressed.photo.goodreads.com/books/1697733485i/195790847._SY75_.jpg,4.03,65894,4.08314884224566,9726,105,"4,0 a 4,25",Média
1056,57645345,Twenty Years Later,Charlie Donlea,https://www.goodreads.com/book/show/57645345-twenty-years-later,https://i.gr-assets.com/images/S/compressed.photo.goodreads.com/books/1632079606i/57645345._SY75_.jpg,4.16,212855,4.116033702919557,9723,102,"4,0 a 4,25",Alta
1057,11991,The Fall,Albert Camus,https://www.goodreads.com/book/show/11991.The_Fall,https://i.gr-assets.com/images/S/compressed.photo.goodreads.com/books/1738704293i/11991._SY75_.jpg,4.02,145768,4.072525942172725,9708,126,"4,0 a 4,25",Média
1058,6468666,"The Reckoning (Darkest Powers, #3)",Kelley Armstrong,https://www.goodreads.com/book/show/6468666-the-reckoning,https://i.gr-assets.com/images/S/compressed.photo.goodreads.com/books/1327154591i/6468666._SY75_.jpg,4.18,119464,4.112671066342372,9693,128,"4,0 a 4,25",Média
1059,298275,Nausea,Jean-Paul Sartre,https://www.goodreads.com/book/show/298275.Nausea,https://i.gr-assets.com/images/S/compressed.photo.goodreads.com/books/1738688084i/298275._SY75_.jpg,3.93,146990,4.047820479738027,9680,126,"3,5 a 4,0",Média
1060,42697,Exodus,Leon Uris,https://www.goodreads.com/book/show/42697.Exodus,https://i.gr-assets.com/images/S/compressed.photo.goodreads.com/books/1750535523i/42697._SY75_.jpg,4.34,101998,4.143383630704021,9653,154,"4,25 a 4,5",Média
1061,428263,"Eclipse (The Twilight Saga, #3)",Stephenie Meyer,https://www.goodreads.com/book/show/428263.Eclipse,https://i.gr-assets.com/images/S/compressed.photo.goodreads.com/books/1361038355i/428263._SY75_.jpg,3.75,2038520,3.8050667795513315,9648,131,"3,5 a 4,0",Muito alta
1062,40275288,"The Priory of the Orange Tree (The Roots of Chaos, #1)",Samantha Shannon,https://www.goodreads.com/book/show/40275288-the-priory-of-the-orange-tree,https://i.gr-assets.com/images/S/compressed.photo.goodreads.com/books/1700221964i/40275288._SY75_.jpg,4.16,300491,4.121605113855503,9640,105,"4,0 a 4,25",Alta
1062,202102011,"The Ending Fire (The Ending Fire Trilogy, #3)",Saara El-Arifi,https://www.goodreads.com/book/show/202102011-the-ending-fire,https://i.gr-assets.com/images/S/compressed.photo.goodreads.com/books/1699934840i/202102011._SY75_.jpg,4.05,3440,4.091736876699135,9640,107,"4,0 a 4,25",Baixa
1064,195790571,"The Daughters' War (Blacktongue, #0)",Christopher Buehlman,https://www.goodreads.com/book/show/195790571-the-daughters-war,https://i.gr-assets.com/images/S/compressed.photo.goodreads.com/books/1722012743i/195790571._SY75_.jpg,4.22,15440,4.096961597650305,9632,106,"4,0 a 4,25",Baixa
1065,55073379,The Venice Sketchbook,Rhys Bowen,https://www.goodreads.com/book/show/55073379-the-venice-sketchbook,https://i.gr-assets.com/images/S/compressed.photo.goodreads.com/books/1598152224i/55073379._SY75_.jpg,4.25,85595,4.120456833388315,9631,102,"4,0 a 4,25",Média
1066,15745950,"Walking Disaster (Beautiful, #2)",Jamie McGuire,https://www.goodreads.com/book/show/15745950-walking-disaster,https://i.gr-assets.com/images/S/compressed.photo.goodreads.com/books/1352338368i/15745950._SY75_.jpg,4.14,206121,4.10863504903996,9601,118,"4,0 a 4,25",Alta
1067,991197,The Complete Persepolis,Marjane Satrapi,https://www.goodreads.com/book/show/991197.The_Complete_Persepolis,https://i.gr-assets.com/images/S/compressed.photo.goodreads.com/books/1327876995i/991197._SX50_.jpg,4.41,216559,4.205400142762221,9586,131,"4,25 a 4,5",Alta
1068,5246,Ethan Frome,Edith Wharton,https://www.goodreads.com/book/show/5246.Ethan_Frome,https://i.gr-assets.com/images/S/compressed.photo.goodreads.com/books/1701588541i/5246._SY75_.jpg,3.47,142079,3.9263227042138875,9583,141,"Até 3,5",Média
1069,77295,Gift from the Sea,Anne Morrow Lindbergh,https://www.goodreads.com/book/show/77295.Gift_from_the_Sea,https://i.gr-assets.com/images/S/compressed.photo.goodreads.com/books/1328312670i/77295._SY75_.jpg,4.13,58458,4.09703199423409,9580,137,"4,0 a 4,25",Média
1070,35504431,Turtles All the Way Down,John  Green,https://www.goodreads.com/book/show/35504431-turtles-all-the-way-down,https://i.gr-assets.com/images/S/compressed.photo.goodreads.com/books/1503002776i/35504431._SY75_.jpg,3.87,660433,3.9526052906088958,9577,111,"3,5 a 4,0",Muito alta
1071,51893,Thus Spoke Zarathustra,Friedrich Nietzsche,https://www.goodreads.com/book/show/51893.Thus_Spoke_Zarathustra,https://i.gr-assets.com/images/S/compressed.photo.goodreads.com/books/1650680683i/51893._SY75_.jpg,4.07,183844,4.085035791897983,9571,117,"4,0 a 4,25",Alta
1072,5168,Where the Heart Is,Billie Letts,https://www.goodreads.com/book/show/5168.Where_the_Heart_Is,https://i.gr-assets.com/images/S/compressed.photo.goodreads.com/books/1327959469i/5168._SY75_.jpg,4.04,254148,4.071580848494429,9566,146,"4,0 a 4,25",Alta
1073,29946,Illusions: The Adventures of a Reluctant Messiah,Richard Bach,https://www.goodreads.com/book/show/29946.Illusions,https://i.gr-assets.com/images/S/compressed.photo.goodreads.com/books/1353964306i/29946._SY75_.jpg,4.15,67549,4.100631176669198,9559,124,"4,0 a 4,25",Média
1074,334123,"The Amulet of Samarkand (Bartimaeus, #1)",Jonathan Stroud,https://www.goodreads.com/book/show/334123.The_Amulet_of_Samarkand,https://i.gr-assets.com/images/S/compressed.photo.goodreads.com/books/1528705815i/334123._SX50_.jpg,4.04,136603,4.078615688654426,9555,116,"4,0 a 4,25",Média
1075,1162543,"Breaking Dawn (The Twilight Saga, #4)",Stephenie Meyer,https://www.goodreads.com/book/show/1162543.Breaking_Dawn,https://i.gr-assets.com/images/S/compressed.photo.goodreads.com/books/1361039438i/1162543._SY75_.jpg,3.76,1915470,3.816308963242192,9526,131,"3,5 a 4,0",Muito alta
1076,42038,Shakespeare's Sonnets,William Shakespeare,https://www.goodreads.com/book/show/42038.Shakespeare_s_Sonnets,https://i.gr-assets.com/images/S/compressed.photo.goodreads.com/books/1660269733i/42038._SY75_.jpg,4.25,114592,4.127885280347814,9510,154,"4,0 a 4,25",Média
1077,60018635,The Very Secret Society of Irregular Witches,Sangu Mandanna,https://www.goodreads.com/book/show/60018635-the-very-secret-society-of-irregular-witches,https://i.gr-assets.com/images/S/compressed.photo.goodreads.com/books/1643062993i/60018635._SX50_.jpg,4.02,413214,4.055059891163035,9499,102,"4,0 a 4,25",Muito alta
1078,50,"Hatchet (Brian's Saga, #1)",Gary Paulsen,https://www.goodreads.com/book/show/50.Hatchet,https://i.gr-assets.com/images/S/compressed.photo.goodreads.com/books/1385297074i/50._SX50_.jpg,3.8,465655,3.9333389570798225,9497,136,"3,5 a 4,0",Muito alta
1079,297673,The Brief Wondrous Life of Oscar Wao,Junot Díaz,https://www.goodreads.com/book/show/297673.The_Brief_Wondrous_Life_of_Oscar_Wao,https://i.gr-assets.com/images/S/compressed.photo.goodreads.com/books/1391409748i/297673._SY75_.jpg,3.89,283375,4.007189280242625,9486,126,"3,5 a 4,0",Alta
1080,23878688,The 5 Love Languages: The Secret to Love That Lasts,Gary Chapman,https://www.goodreads.com/book/show/23878688-the-5-love-languages,https://i.gr-assets.com/images/S/compressed.photo.goodreads.com/books/1432487272i/23878688._SY75_.jpg,4.27,492464,4.19125842963585,9480,131,"4,25 a 4,5",Muito alta
1081,170210,"Dead as a Doornail (Sookie Stackhouse, #5)",Charlaine Harris,https://www.goodreads.com/book/show/170210.Dead_as_a_Doornail,https://i.gr-assets.com/images/S/compressed.photo.goodreads.com/books/1468562419i/170210._SY75_.jpg,4.01,226625,4.061981536351248,9476,138,"4,0 a 4,25",Alta
1082,140079,"Definitely Dead (Sookie Stackhouse, #6)",Charlaine Harris,https://www.goodreads.com/book/show/140079.Definitely_Dead,https://i.gr-assets.com/images/S/compressed.photo.goodreads.com/books/1468562748i/140079._SY75_.jpg,4.02,212955,4.066683472622274,9436,139,"4,0 a 4,25",Alta
1083,61374793,I Am Not Jessica Chen,Ann Liang,https://www.goodreads.com/book/show/61374793-i-am-not-jessica-chen,https://i.gr-assets.com/images/S/compressed.photo.goodreads.com/books/1721069346i/61374793._SY75_.jpg,4.03,23799,4.088541490390891,9425,101,"4,0 a 4,25",Baixa
1084,13928,"Daughter of the Forest  (Sevenwaters, #1)",Juliet Marillier,https://www.goodreads.com/book/show/13928.Daughter_of_the_Forest,https://i.gr-assets.com/images/S/compressed.photo.goodreads.com/books/1343589988i/13928._SY75_.jpg,4.29,73304,4.1233422531596915,9422,114,"4,25 a 4,5",Média
1085,43982455,The Ruthless Elimination of Hurry: How to Stay Emotionally Healthy and Spiritually Alive in the Chaos of the Modern World,John Mark Comer,https://www.goodreads.com/book/show/43982455-the-ruthless-elimination-of-hurry,https://i.gr-assets.com/images/S/compressed.photo.goodreads.com/books/1550193763i/43982455._SY75_.jpg,4.49,106654,4.177364673449061,9390,101,"4,25 a 4,5",Média
1086,150247395,"The Tainted Cup (Ana and Din Mysteries, #1)",Robert Jackson Bennett,https://www.goodreads.com/book/show/150247395-the-tainted-cup,https://i.gr-assets.com/images/S/compressed.photo.goodreads.com/books/1735662086i/150247395._SY75_.jpg,4.29,109245,4.135314145630122,9383,103,"4,25 a 4,5",Média
1087,36236123,Survivor,Chuck Palahniuk,https://www.goodreads.com/book/show/36236123-survivor,https://i.gr-assets.com/images/S/compressed.photo.goodreads.com/books/1523531504i/36236123._SY75_.jpg,3.93,125866,4.05263497913083,9376,119,"3,5 a 4,0",Média
1088,5391115,"The Awakening (Darkest Powers, #2)",Kelley Armstrong,https://www.goodreads.com/book/show/5391115-the-awakening,https://i.gr-assets.com/images/S/compressed.photo.goodreads.com/books/1478986806i/5391115._SY75_.jpg,4.14,118594,4.103248711846133,9366,125,"4,0 a 4,25",Média
1089,195790755,"The Silverblood Promise (The Last Legacy, #1)",James   Logan,https://www.goodreads.com/book/show/195790755-the-silverblood-promise,https://i.gr-assets.com/images/S/compressed.photo.goodreads.com/books/1706280435i/195790755._SY75_.jpg,3.97,8816,4.089412133001831,9351,103,"3,5 a 4,0",Baixa
1090,6493208,The Immortal Life of Henrietta Lacks,Rebecca Skloot,https://www.goodreads.com/book/show/6493208-the-immortal-life-of-henrietta-lacks,https://i.gr-assets.com/images/S/compressed.photo.goodreads.com/books/1327878144i/6493208._SY75_.jpg,4.13,828023,4.1178432035813195,9332,126,"4,0 a 4,25",Muito alta
1091,11594337,"The One and Only Ivan (The One and Only, #1)",Katherine Applegate,https://www.goodreads.com/book/show/11594337-the-one-and-only-ivan,https://i.gr-assets.com/images/S/compressed.photo.goodreads.com/books/1424981397i/11594337._SX50_.jpg,4.27,217604,4.155701586737634,9323,106,"4,25 a 4,5",Alta
1092,48328,Revolutionary Road,Richard Yates,https://www.goodreads.com/book/show/48328.Revolutionary_Road,https://i.gr-assets.com/images/S/compressed.photo.goodreads.com/books/1759183553i/48328._SY75_.jpg,3.94,95699,4.062200946933392,9298,122,"3,5 a 4,0",Média
1093,8709523,"The Golden Lily (Bloodlines, #2)",Richelle Mead,https://www.goodreads.com/book/show/8709523-the-golden-lily,https://i.gr-assets.com/images/S/compressed.photo.goodreads.com/books/1360599818i/8709523._SY75_.jpg,4.31,122938,4.144218243785854,9290,125,"4,25 a 4,5",Média
1094,156150514,The Three Witches and the Master,Max Nowaz,https://www.goodreads.com/book/show/156150514-the-three-witches-and-the-master,https://i.gr-assets.com/images/S/compressed.photo.goodreads.com/books/1684157728i/156150514._SY75_.jpg,4.3,17784,4.101146653992549,9281,98,"4,25 a 4,5",Baixa
1095,24765,"Specials (Uglies, #3)",Scott Westerfeld,https://www.goodreads.com/book/show/24765.Specials,https://i.gr-assets.com/images/S/compressed.photo.goodreads.com/books/1390340887i/24765._SX50_.jpg,3.74,206857,3.970293364815986,9272,132,"3,5 a 4,0",Alta
1096,40389231,Cold Sassy Tree,Olive Ann Burns,https://www.goodreads.com/book/show/40389231-cold-sassy-tree,https://i.gr-assets.com/images/S/compressed.photo.goodreads.com/books/1722549809i/40389231._SX50_.jpg,4.02,106309,4.076692938280292,9270,132,"4,0 a 4,25",Média
1097,156480764,The Book of Doors,Gareth  Brown,https://www.goodreads.com/book/show/156480764-the-book-of-doors,https://i.gr-assets.com/images/S/compressed.photo.goodreads.com/books/1685909433i/156480764._SY75_.jpg,4.02,120104,4.075163003978503,9266,99,"4,0 a 4,25",Média
1098,7437,Naked Lunch: The Restored Text,William S. Burroughs,https://www.goodreads.com/book/show/7437.Naked_Lunch,https://i.gr-assets.com/images/S/compressed.photo.goodreads.com/books/1746119646i/7437._SY75_.jpg,3.46,100769,3.962600044826697,9261,119,"Até 3,5",Média
1099,7822895,"The Millennium Trilogy (Millennium Trilogy, #1-3)",Stieg Larsson,https://www.goodreads.com/book/show/7822895-the-millennium-trilogy,https://i.gr-assets.com/images/S/compressed.photo.goodreads.com/books/1275608877i/7822895._SX50_.jpg,4.48,58182,4.142338667957671,9258,124,"4,25 a 4,5",Média
1100,198821102,The Wings Upon Her Back,Samantha Mills,https://www.goodreads.com/book/show/198821102-the-wings-upon-her-back,https://i.gr-assets.com/images/S/compressed.photo.goodreads.com/books/1697566335i/198821102._SY75_.jpg,4.03,1856,4.091810657562572,9232,101,"4,0 a 4,25",Baixa
1101,138959,Stuart Little,E.B. White,https://www.goodreads.com/book/show/138959.Stuart_Little,https://i.gr-assets.com/images/S/compressed.photo.goodreads.com/books/1692299661i/138959._SX50_.jpg,3.89,135296,4.040156677509027,9224,119,"3,5 a 4,0",Média
1102,2122,The Fountainhead,Ayn Rand,https://www.goodreads.com/book/show/2122.The_Fountainhead,https://i.gr-assets.com/images/S/compressed.photo.goodreads.com/books/1491163636i/2122._SY75_.jpg,3.89,341644,3.997869952390717,9220,114,"3,5 a 4,0",Alta
1103,270730,"Crank (Crank, #1)",Ellen Hopkins,https://www.goodreads.com/book/show/270730.Crank,https://i.gr-assets.com/images/S/compressed.photo.goodreads.com/books/1388192181i/270730._SX50_.jpg,4.16,157744,4.111618766096099,9207,116,"4,0 a 4,25",Alta
1104,24192,The Runaway Jury,John Grisham,https://www.goodreads.com/book/show/24192.The_Runaway_Jury,https://i.gr-assets.com/images/S/compressed.photo.goodreads.com/books/1388444668i/24192._SY75_.jpg,4.03,318442,4.064231007952881,9198,141,"4,0 a 4,25",Alta
1105,40874032,"Vicious (Villains, #1)",V.E. Schwab,https://www.goodreads.com/book/show/40874032-vicious,https://i.gr-assets.com/images/S/compressed.photo.goodreads.com/books/1670752670i/40874032._SY75_.jpg,4.17,343852,4.128549097040512,9192,105,"4,0 a 4,25",Alta
1106,10916,The Pact,Jodi Picoult,https://www.goodreads.com/book/show/10916.The_Pact,https://i.gr-assets.com/images/S/compressed.photo.goodreads.com/books/1410754561i/10916._SY75_.jpg,4.03,332377,4.063571661783981,9173,122,"4,0 a 4,25",Alta
1107,5821978,"The Summer I Turned Pretty (Summer, #1)",Jenny Han,https://www.goodreads.com/book/show/5821978-the-summer-i-turned-pretty,https://i.gr-assets.com/images/S/compressed.photo.goodreads.com/books/1361666855i/5821978._SY75_.jpg,3.73,1200994,3.8189480245183214,9163,110,"3,5 a 4,0",Muito alta
1108,13596809,"Reflected in You (Crossfire, #2)",Sylvia Day,https://www.goodreads.com/book/show/13596809-reflected-in-you,https://i.gr-assets.com/images/S/compressed.photo.goodreads.com/books/1477802540i/13596809._SX50_.jpg,4.29,368588,4.188122285401366,9134,112,"4,25 a 4,5",Alta
1109,29227774,"Light Bringer (Red Rising Saga, #6)",Pierce Brown,https://www.goodreads.com/book/show/29227774-light-bringer,https://i.gr-assets.com/images/S/compressed.photo.goodreads.com/books/1667655583i/29227774._SY75_.jpg,4.78,140318,4.2737457350021995,9133,95,"Acima de 4,5",Média
1110,30281,"Guilty Pleasures (Anita Blake, Vampire Hunter, #1)",Laurell K. Hamilton,https://www.goodreads.com/book/show/30281.Guilty_Pleasures,https://i.gr-assets.com/images/S/compressed.photo.goodreads.com/books/1388207930i/30281._SY75_.jpg,4.02,154955,4.071642198149114,9118,123,"4,0 a 4,25",Alta
1111,11768,The Hotel New Hampshire,John Irving,https://www.goodreads.com/book/show/11768.The_Hotel_New_Hampshire,https://i.gr-assets.com/images/S/compressed.photo.goodreads.com/books/1318013543i/11768._SY75_.jpg,3.93,70106,4.067462218717255,9112,131,"3,5 a 4,0",Média
1112,76171,We,Yevgeny Zamyatin,https://www.goodreads.com/book/show/76171.We,https://i.gr-assets.com/images/S/compressed.photo.goodreads.com/books/1765882854i/76171._SY75_.jpg,3.87,119443,4.040140172514991,9106,116,"3,5 a 4,0",Média
1113,6050298,"Dreamfever (Fever, #4)",Karen Marie Moning,https://www.goodreads.com/book/show/6050298-dreamfever,https://i.gr-assets.com/images/S/compressed.photo.goodreads.com/books/1429621657i/6050298._SY75_.jpg,4.37,107243,4.151909298719959,9100,115,"4,25 a 4,5",Média
1114,61771675,Hello Beautiful,Ann Napolitano,https://www.goodreads.com/book/show/61771675-hello-beautiful,https://i.gr-assets.com/images/S/compressed.photo.goodreads.com/books/1687803098i/61771675._SY75_.jpg,4.12,585096,4.108824166728003,9098,95,"4,0 a 4,25",Muito alta
1115,1241,A Million Little Pieces,James Frey,https://www.goodreads.com/book/show/1241.A_Million_Little_Pieces,https://i.gr-assets.com/images/S/compressed.photo.goodreads.com/books/1483206985i/1241._SY75_.jpg,3.7,266557,3.93317445873203,9076,119,"3,5 a 4,0",Alta
1116,208099994,"Heretical Fishing (Heretical Fishing, #1)",Haylock Jobson,https://www.goodreads.com/book/show/208099994-heretical-fishing,https://i.gr-assets.com/images/S/compressed.photo.goodreads.com/books/1707524477i/208099994._SY75_.jpg,4.17,12002,4.0944233941988335,9063,96,"4,0 a 4,25",Baixa
1117,10140661,"Gabriel's Inferno (Gabriel's Inferno, #1)",Sylvain Reynard,https://www.goodreads.com/book/show/10140661-gabriel-s-inferno,https://i.gr-assets.com/images/S/compressed.photo.goodreads.com/books/1301789770i/10140661._SY75_.jpg,3.97,161924,4.0563510194044445,9053,106,"3,5 a 4,0",Alta
1118,9593911,"Pandemonium (Delirium, #2)",Lauren Oliver,https://www.goodreads.com/book/show/9593911-pandemonium,https://i.gr-assets.com/images/S/compressed.photo.goodreads.com/books/1310371414i/9593911._SY75_.jpg,4.02,247400,4.064164975056804,9017,108,"4,0 a 4,25",Alta
1119,162898,A Connecticut Yankee in King Arthur's Court,Mark Twain,https://www.goodreads.com/book/show/162898.A_Connecticut_Yankee_in_King_Arthur_s_Court,https://i.gr-assets.com/images/S/compressed.photo.goodreads.com/books/1348239402i/162898._SY75_.jpg,3.78,109661,4.023754123553708,9013,141,"3,5 a 4,0",Média
1120,13362536,"Opal (Lux, #3)",Jennifer L. Armentrout,https://www.goodreads.com/book/show/13362536-opal,https://i.gr-assets.com/images/S/compressed.photo.goodreads.com/books/1553011318i/13362536._SY75_.jpg,4.23,160527,4.132234022089066,8997,116,"4,0 a 4,25",Alta
1121,2731276,The Story of Edgar Sawtelle,David Wroblewski,https://www.goodreads.com/book/show/2731276-the-story-of-edgar-sawtelle,https://i.gr-assets.com/images/S/compressed.photo.goodreads.com/books/1310466361i/2731276._SX50_.jpg,3.66,107428,3.998986138955434,8970,120,"3,5 a 4,0",Média
1122,38746485,Becoming,Michelle Obama,https://www.goodreads.com/book/show/38746485-becoming,https://i.gr-assets.com/images/S/compressed.photo.goodreads.com/books/1528206996i/38746485._SY75_.jpg,4.43,1242197,4.349092376601591,8965,105,"4,25 a 4,5",Muito alta
1123,233800039,The Devils (The Devils #1),Joe Abercrombie,https://www.goodreads.com/book/show/233800039-the-devils,https://i.gr-assets.com/images/S/compressed.photo.goodreads.com/books/1747022269i/233800039._SY75_.jpg,4.2,85813,4.11151897335203,8956,99,"4,0 a 4,25",Média
1124,2595138,The Gargoyle,Andrew  Davidson,https://www.goodreads.com/book/show/2595138-the-gargoyle,https://i.gr-assets.com/images/S/compressed.photo.goodreads.com/books/1368598513i/2595138._SY75_.jpg,3.98,51400,4.079081635524258,8954,109,"3,5 a 4,0",Média
1125,13047090,"Onyx (Lux, #2)",Jennifer L. Armentrout,https://www.goodreads.com/book/show/13047090-onyx,https://i.gr-assets.com/images/S/compressed.photo.goodreads.com/books/1329408511i/13047090._SY75_.jpg,4.22,192670,4.134316746313388,8933,116,"4,0 a 4,25",Alta
1126,12395,Journey to the End of the Night,Louis-Ferdinand Céline,https://www.goodreads.com/book/show/12395.Journey_to_the_End_of_the_Night,https://i.gr-assets.com/images/S/compressed.photo.goodreads.com/books/1585118052i/12395._SY75_.jpg,4.18,49977,4.1020636444955345,8907,105,"4,0 a 4,25",Média
1127,16729,Beach Music,Pat Conroy,https://www.goodreads.com/book/show/16729.Beach_Music,https://i.gr-assets.com/images/S/compressed.photo.goodreads.com/books/1426903848i/16729._SY75_.jpg,4.19,56743,4.104508238783673,8893,124,"4,0 a 4,25",Média
1128,21484,"The Winds of War (The Henry Family, #1)",Herman Wouk,https://www.goodreads.com/book/show/21484.The_Winds_of_War,https://i.gr-assets.com/images/S/compressed.photo.goodreads.com/books/1442187661i/21484._SY75_.jpg,4.38,60401,4.130619856501398,8885,122,"4,25 a 4,5",Média
1129,37909928,Seed of the Defiled,John  Edgell,https://www.goodreads.com/book/show/37909928-seed-of-the-defiled,https://i.gr-assets.com/images/S/compressed.photo.goodreads.com/books/1515666953i/37909928._SY75_.jpg,4.36,2181,4.093589731007402,8866,97,"4,25 a 4,5",Baixa
1130,7996,"Redwall (Redwall, #1)",Brian Jacques,https://www.goodreads.com/book/show/7996.Redwall,https://i.gr-assets.com/images/S/compressed.photo.goodreads.com/books/1327877368i/7996._SY75_.jpg,4.15,132453,4.1067515731278075,8854,126,"4,0 a 4,25",Média
1131,2233407,"From Dead to Worse (Sookie Stackhouse, #8)",Charlaine Harris,https://www.goodreads.com/book/show/2233407.From_Dead_to_Worse,https://i.gr-assets.com/images/S/compressed.photo.goodreads.com/books/1525214511i/2233407._SY75_.jpg,4.01,196695,4.064628476758355,8842,131,"4,0 a 4,25",Alta
1132,6917952,"Burned (House of Night, #7)",P.C. Cast,https://www.goodreads.com/book/show/6917952-burned,https://i.gr-assets.com/images/S/compressed.photo.goodreads.com/books/1327944437i/6917952._SY75_.jpg,3.97,167677,4.055461944640589,8835,132,"3,5 a 4,0",Alta
1133,5472,Animal Farm / 1984,George Orwell,https://www.goodreads.com/book/show/5472.Animal_Farm_1984,https://i.gr-assets.com/images/S/compressed.photo.goodreads.com/books/1327959366i/5472._SY75_.jpg,4.3,222379,4.167466245989243,8828,141,"4,25 a 4,5",Alta
1134,13262783,"Every Day (Every Day, #1)",David Levithan,https://www.goodreads.com/book/show/13262783-every-day,https://i.gr-assets.com/images/S/compressed.photo.goodreads.com/books/1356993940i/13262783._SY75_.jpg,3.89,246434,4.013979851286578,8809,103,"3,5 a 4,0",Alta
1135,4631,A Moveable Feast,Ernest Hemingway,https://www.goodreads.com/book/show/4631.A_Moveable_Feast,https://i.gr-assets.com/images/S/compressed.photo.goodreads.com/books/1427463201i/4631._SX50_.jpg,4.01,173024,4.066920800432898,8798,125,"4,0 a 4,25",Alta
1136,35879889,"Christy: A Historical Novel of Faith, Love, and Courage in the Smoky Mountains",Catherine Marshall,https://www.goodreads.com/book/show/35879889-christy,https://i.gr-assets.com/images/S/compressed.photo.goodreads.com/books/1507060335i/35879889._SY75_.jpg,4.26,59116,4.114150671674107,8791,133,"4,25 a 4,5",Média
1137,414999,Childhood’s End,Arthur C. Clarke,https://www.goodreads.com/book/show/414999.Childhood_s_End,https://i.gr-assets.com/images/S/compressed.photo.goodreads.com/books/1320552628i/414999._SY75_.jpg,4.12,178601,4.100849678610908,8789,119,"4,0 a 4,25",Alta
1138,173663896,Blessing,Brian J. Twiddy,https://www.goodreads.com/book/show/173663896-blessing,https://i.gr-assets.com/images/S/compressed.photo.goodreads.com/books/1685968721i/173663896._SY75_.jpg,4.42,1456,4.093320234087636,8788,101,"4,25 a 4,5",Baixa
1139,99944,The Bhagavad Gita,Krishna-Dwaipayana Vyasa,https://www.goodreads.com/book/show/99944.The_Bhagavad_Gita,https://i.gr-assets.com/images/S/compressed.photo.goodreads.com/books/1769077152i/99944._SY75_.jpg,4.19,84506,4.109498932419795,8760,128,"4,0 a 4,25",Média
1140,76703559,"Throne of Glass (Throne of Glass, #1)",Sarah J. Maas,https://www.goodreads.com/book/show/76703559-throne-of-glass,https://i.gr-assets.com/images/S/compressed.photo.goodreads.com/books/1673566495i/76703559._SY75_.jpg,4.18,2686326,4.168830064923331,8750,97,"4,0 a 4,25",Muito alta
1141,3063499,The Lucky One,Nicholas Sparks,https://www.goodreads.com/book/show/3063499-the-lucky-one,https://i.gr-assets.com/images/S/compressed.photo.goodreads.com/books/1420816338i/3063499._SY75_.jpg,4.13,378664,4.110746349875072,8714,119,"4,0 a 4,25",Alta
1142,40496,How Green Was My Valley,Richard Llewellyn,https://www.goodreads.com/book/show/40496.How_Green_Was_My_Valley,https://i.gr-assets.com/images/S/compressed.photo.goodreads.com/books/1440708862i/40496._SY75_.jpg,4.21,19422,4.097681979957503,8709,127,"4,0 a 4,25",Baixa
1143,38462,Giovanni’s Room,James Baldwin,https://www.goodreads.com/book/show/38462.Giovanni_s_Room,https://i.gr-assets.com/images/S/compressed.photo.goodreads.com/books/1501485157i/38462._SY75_.jpg,4.34,299568,4.199628568643613,8707,103,"4,25 a 4,5",Alta
1144,140075,"All Together Dead (Sookie Stackhouse, #7)",Charlaine Harris,https://www.goodreads.com/book/show/140075.All_Together_Dead,https://i.gr-assets.com/images/S/compressed.photo.goodreads.com/books/1417964062i/140075._SY75_.jpg,4.05,209460,4.077418728700758,8679,128,"4,0 a 4,25",Alta
1144,18692431,"Everything, Everything",Nicola Yoon,https://www.goodreads.com/book/show/18692431-everything-everything,https://i.gr-assets.com/images/S/compressed.photo.goodreads.com/books/1450515891i/18692431._SY75_.jpg,3.96,691189,4.007736094811852,8679,101,"3,5 a 4,0",Muito alta
1146,42933,"Tai-Pan (Asian Saga, #2)",James Clavell,https://www.goodreads.com/book/show/42933.Tai_Pan,https://i.gr-assets.com/images/S/compressed.photo.goodreads.com/books/1577989362i/42933._SY75_.jpg,4.31,60885,4.121457104654501,8662,119,"4,25 a 4,5",Média
1147,197697866,"A Game of Love and Betrayal (The Choosing Chronicles, #1)",Elayna R. Gallea,https://www.goodreads.com/book/show/197697866-a-game-of-love-and-betrayal,https://i.gr-assets.com/images/S/compressed.photo.goodreads.com/books/1708971521i/197697866._SY75_.jpg,3.77,17167,4.078559383114787,8661,92,"3,5 a 4,0",Baixa
1148,3099787,"Night World, No. 1 (Night World, #1-3)",L.J. Smith,https://www.goodreads.com/book/show/3099787-night-world-no-1,https://i.gr-assets.com/images/S/compressed.photo.goodreads.com/books/1434962482i/3099787._SY75_.jpg,4.06,66910,4.087413777238951,8659,114,"4,0 a 4,25",Média
1149,217217019,The Pink Cadillac,Rebecca Harlem,https://www.goodreads.com/book/show/217217019-the-pink-cadillac,https://i.gr-assets.com/images/S/compressed.photo.goodreads.com/books/1722922930i/217217019._SY75_.jpg,4.31,6356,4.095588697819212,8636,95,"4,25 a 4,5",Baixa
1150,2168860,"One Foot in the Grave (Night Huntress, #2)",Jeaniene Frost,https://www.goodreads.com/book/show/2168860.One_Foot_in_the_Grave,https://i.gr-assets.com/images/S/compressed.photo.goodreads.com/books/1373857981i/2168860._SY75_.jpg,4.28,109680,4.1332582503680655,8624,110,"4,25 a 4,5",Média
1151,38180,On the Beach,Nevil Shute,https://www.goodreads.com/book/show/38180.On_the_Beach,https://i.gr-assets.com/images/S/compressed.photo.goodreads.com/books/1327943327i/38180._SY75_.jpg,3.99,51621,4.080198217870158,8604,129,"3,5 a 4,0",Média
1152,529626,Sometimes a Great Notion,Ken Kesey,https://www.goodreads.com/book/show/529626.Sometimes_a_Great_Notion,https://i.gr-assets.com/images/S/compressed.photo.goodreads.com/books/1364846481i/529626._SY75_.jpg,4.26,24453,4.101984210423341,8598,108,"4,25 a 4,5",Baixa
1153,43263680,"Ninth House (Ninth House Trilogy, #1)",Leigh Bardugo,https://www.goodreads.com/book/show/43263680-ninth-house,https://i.gr-assets.com/images/S/compressed.photo.goodreads.com/books/1553102141i/43263680._SY75_.jpg,4.0,422473,4.044275011206082,8580,99,"3,5 a 4,0",Muito alta
1154,7046495,"Lover Mine (Black Dagger Brotherhood, #8)",J.R. Ward,https://www.goodreads.com/book/show/7046495-lover-mine,https://i.gr-assets.com/images/S/compressed.photo.goodreads.com/books/1391511285i/7046495._SX50_.jpg,4.39,118517,4.161385585784082,8553,118,"4,25 a 4,5",Média
1155,20518872,"The Three-Body Problem (Remembrance of Earth’s Past, #1)",Liu Cixin,https://www.goodreads.com/book/show/20518872-the-three-body-problem,https://i.gr-assets.com/images/S/compressed.photo.goodreads.com/books/1415428227i/20518872._SY75_.jpg,4.08,536278,4.085104433853673,8552,95,"4,0 a 4,25",Muito alta
1155,25494343,"Lady Midnight (The Dark Artifices, #1)",Cassandra Clare,https://www.goodreads.com/book/show/25494343-lady-midnight,https://i.gr-assets.com/images/S/compressed.photo.goodreads.com/books/1460477682i/25494343._SY75_.jpg,4.35,249166,4.1924698585318865,8552,105,"4,25 a 4,5",Alta
1157,5306,Travels with Charley: In Search of America,John Steinbeck,https://www.goodreads.com/book/show/5306.Travels_with_Charley,https://i.gr-assets.com/images/S/compressed.photo.goodreads.com/books/1386924381i/5306._SY75_.jpg,4.09,112370,4.091634388066757,8530,96,"4,0 a 4,25",Média
1158,6192,Disgrace,J.M. Coetzee,https://www.goodreads.com/book/show/6192.Disgrace,https://i.gr-assets.com/images/S/compressed.photo.goodreads.com/books/1385161943i/6192._SY75_.jpg,3.86,121598,4.037053186616375,8529,120,"3,5 a 4,0",Média
1159,58303345,"Mother of Death & Dawn (The War of Lost Hearts, #3)",Carissa Broadbent,https://www.goodreads.com/book/show/58303345-mother-of-death-dawn,https://i.gr-assets.com/images/S/compressed.photo.goodreads.com/books/1638162097i/58303345._SY75_.jpg,4.34,98564,4.142004711370846,8526,93,"4,25 a 4,5",Média
1160,34912895,The Great Alone,Kristin Hannah,https://www.goodreads.com/book/show/34912895-the-great-alone,https://i.gr-assets.com/images/S/compressed.photo.goodreads.com/books/1501852423i/34912895._SY75_.jpg,4.46,1349601,4.377344429214588,8513,97,"4,25 a 4,5",Muito alta
1161,16056408,"Easy (Contours of the Heart, #1)",Tammara Webber,https://www.goodreads.com/book/show/16056408-easy,https://i.gr-assets.com/images/S/compressed.photo.goodreads.com/books/1349370267i/16056408._SY75_.jpg,4.07,229786,4.083923195110706,8488,105,"4,0 a 4,25",Alta
1162,9566,Still Life with Woodpecker,Tom Robbins,https://www.goodreads.com/book/show/9566.Still_Life_with_Woodpecker,https://i.gr-assets.com/images/S/compressed.photo.goodreads.com/books/1308749778i/9566._SY75_.jpg,4.04,84729,4.0828256701297105,8472,114,"4,0 a 4,25",Média
1163,41424,Beauty: A Retelling of the Story of Beauty and the Beast,Robin McKinley,https://www.goodreads.com/book/show/41424.Beauty,https://i.gr-assets.com/images/S/compressed.photo.goodreads.com/books/1294192311i/41424._SY75_.jpg,4.05,83762,4.084676877551568,8458,108,"4,0 a 4,25",Média
1164,95819,The Poetry of Robert Frost,Robert Frost,https://www.goodreads.com/book/show/95819.The_Poetry_of_Robert_Frost,https://i.gr-assets.com/images/S/compressed.photo.goodreads.com/books/1388204422i/95819._SY75_.jpg,4.24,49647,4.108764155191045,8443,149,"4,0 a 4,25",Baixa
1165,43449920,"Heartstopper: Volume Three (Heartstopper, #3)",Alice Oseman,https://www.goodreads.com/book/show/43449920-heartstopper,https://i.gr-assets.com/images/S/compressed.photo.goodreads.com/books/1572608363i/43449920._SY75_.jpg,4.53,512703,4.340515849502716,8418,100,"Acima de 4,5",Muito alta
1166,29999,The Maltese Falcon,Dashiell Hammett,https://www.goodreads.com/book/show/29999.The_Maltese_Falcon,https://i.gr-assets.com/images/S/compressed.photo.goodreads.com/books/1689040081i/29999._SY75_.jpg,3.86,119021,4.037947647499739,8411,133,"3,5 a 4,0",Média
1167,199532055,The In-Between Bookstore,Edward  Underhill,https://www.goodreads.com/book/show/199532055-the-in-between-bookstore,https://i.gr-assets.com/images/S/compressed.photo.goodreads.com/books/1718060820i/199532055._SY75_.jpg,3.54,7716,4.08142178038813,8409,90,"3,5 a 4,0",Baixa
1168,183086339,"Reckless (The Powerless Trilogy, #2)",Lauren  Roberts,https://www.goodreads.com/book/show/183086339-reckless,https://i.gr-assets.com/images/S/compressed.photo.goodreads.com/books/1784518859i/183086339._SY75_.jpg,4.06,693258,4.071578721500084,8408,91,"4,0 a 4,25",Muito alta
1168,61884842,The Deep Sky,Yume Kitasei,https://www.goodreads.com/book/show/61884842-the-deep-sky,https://i.gr-assets.com/images/S/compressed.photo.goodreads.com/books/1675082851i/61884842._SY75_.jpg,3.69,14276,4.077942556520892,8408,90,"3,5 a 4,0",Baixa
1170,17728,The House of Mirth,Edith Wharton,https://www.goodreads.com/book/show/17728.The_House_of_Mirth,https://i.gr-assets.com/images/S/compressed.photo.goodreads.com/books/1328729186i/17728._SY75_.jpg,3.98,109214,4.0676317738653065,8403,121,"3,5 a 4,0",Média
1171,732562,The Rime of the Ancient Mariner,Samuel Taylor Coleridge,https://www.goodreads.com/book/show/732562.The_Rime_of_the_Ancient_Mariner,https://i.gr-assets.com/images/S/compressed.photo.goodreads.com/books/1436976206i/732562._SX50_.jpg,3.97,63879,4.074959886886697,8402,134,"3,5 a 4,0",Média
1172,25845273,The Great Divorce,C.S. Lewis,https://www.goodreads.com/book/show/25845273-the-great-divorce,https://i.gr-assets.com/images/S/compressed.photo.goodreads.com/books/1435968645i/25845273._SX50_.jpg,4.32,194783,4.167872925058087,8401,107,"4,25 a 4,5",Alta
1173,5161066,"Dead and Gone (Sookie Stackhouse, #9)",Charlaine Harris,https://www.goodreads.com/book/show/5161066-dead-and-gone,https://i.gr-assets.com/images/S/compressed.photo.goodreads.com/books/1388186195i/5161066._SY75_.jpg,4.02,196683,4.0679758855458505,8395,128,"4,0 a 4,25",Alta
1174,43521657,The Ten Thousand Doors of January,Alix E. Harrow,https://www.goodreads.com/book/show/43521657-the-ten-thousand-doors-of-january,https://i.gr-assets.com/images/S/compressed.photo.goodreads.com/books/1548174710i/43521657._SY75_.jpg,4.01,178178,4.066405446377416,8361,91,"4,0 a 4,25",Alta
1175,214283593,Death of the Author,Nnedi Okorafor,https://www.goodreads.com/book/show/214283593-death-of-the-author,https://i.gr-assets.com/images/S/compressed.photo.goodreads.com/books/1736814296i/214283593._SX50_.jpg,3.93,27038,4.081621408745721,8336,89,"3,5 a 4,0",Baixa
1176,12985,The Tempest,William Shakespeare,https://www.goodreads.com/book/show/12985.The_Tempest,https://i.gr-assets.com/images/S/compressed.photo.goodreads.com/books/1546081115i/12985._SY75_.jpg,3.78,234510,3.975108169994521,8322,134,"3,5 a 4,0",Alta
1177,46114,The Waves,Virginia Woolf,https://www.goodreads.com/book/show/46114.The_Waves,https://i.gr-assets.com/images/S/compressed.photo.goodreads.com/books/1645526068i/46114._SY75_.jpg,4.14,56858,4.098183560582781,8320,102,"4,0 a 4,25",Média
1178,310459,"Roll of Thunder, Hear My Cry (Logans, #4)",Mildred D. Taylor,https://www.goodreads.com/book/show/310459.Roll_of_Thunder_Hear_My_Cry,https://i.gr-assets.com/images/S/compressed.photo.goodreads.com/books/1388345167i/310459._SY75_.jpg,3.91,132777,4.0459479150551845,8315,117,"3,5 a 4,0",Média
1179,13517535,"Thoughtless (Thoughtless, #1)",S.C. Stephens,https://www.goodreads.com/book/show/13517535-thoughtless,https://i.gr-assets.com/images/S/compressed.photo.goodreads.com/books/1331254339i/13517535._SY75_.jpg,4.08,142342,4.088874089824628,8304,94,"4,0 a 4,25",Média
1180,6567017,"Will Grayson, Will Grayson",John  Green,https://www.goodreads.com/book/show/6567017-will-grayson-will-grayson,https://i.gr-assets.com/images/S/compressed.photo.goodreads.com/books/1660273765i/6567017._SY75_.jpg,3.69,415710,3.8849143986814427,8280,101,"3,5 a 4,0",Muito alta
1181,8855321,Leviathan Wakes,James S.A. Corey,https://www.goodreads.com/book/show/8855321-leviathan-wakes,https://i.gr-assets.com/images/S/compressed.photo.goodreads.com/books/1411013134i/8855321._SY75_.jpg,4.31,338396,4.193183485831454,8276,92,"4,25 a 4,5",Alta
1182,62987104,"Lady of Darkness (Lady of Darkness, #1)",Melissa K. Roehrich,https://www.goodreads.com/book/show/62987104-lady-of-darkness,https://i.gr-assets.com/images/S/compressed.photo.goodreads.com/books/1665709613i/62987104._SY75_.jpg,4.16,63094,4.101536118857334,8275,89,"4,0 a 4,25",Média
1183,469571,"All the Pretty Horses (The Border Trilogy, #1)",Cormac McCarthy,https://www.goodreads.com/book/show/469571.All_the_Pretty_Horses,https://i.gr-assets.com/images/S/compressed.photo.goodreads.com/books/1706386113i/469571._SY75_.jpg,4.07,156029,4.085800209917663,8260,118,"4,0 a 4,25",Alta
1184,216151199,Unlock Your Deliverance: Keys to Freedom From Demonic Oppression,Kathryn Krick,https://www.goodreads.com/book/show/216151199-unlock-your-deliverance,https://i.gr-assets.com/images/S/compressed.photo.goodreads.com/books/1724248335i/216151199._SX50_.jpg,4.28,10111,4.096839432510763,8259,89,"4,25 a 4,5",Baixa
1185,30760409,The Arbitrator,Max Nowaz,https://www.goodreads.com/book/show/30760409-the-arbitrator,https://i.gr-assets.com/images/S/compressed.photo.goodreads.com/books/1467033320i/30760409._SY75_.jpg,4.23,19111,4.0985286305685085,8246,90,"4,0 a 4,25",Baixa
1186,105992,Helter Skelter: The True Story of the Manson Murders,Vincent Bugliosi,https://www.goodreads.com/book/show/105992.Helter_Skelter,https://i.gr-assets.com/images/S/compressed.photo.goodreads.com/books/1347694754i/105992._SY75_.jpg,4.06,156565,4.082925872058717,8243,122,"4,0 a 4,25",Alta
1187,3466,"The Wedding (The Notebook, #2)",Nicholas Sparks,https://www.goodreads.com/book/show/3466.The_Wedding,https://i.gr-assets.com/images/S/compressed.photo.goodreads.com/books/1385738787i/3466._SY75_.jpg,4.0,174640,4.063671168854952,8222,109,"3,5 a 4,0",Alta
1188,50892338,"Legendborn (The Legendborn Cycle, #1)",Tracy Deonn,https://www.goodreads.com/book/show/50892338-legendborn,https://i.gr-assets.com/images/S/compressed.photo.goodreads.com/books/1598382979i/50892338._SY75_.jpg,4.28,203270,4.156365078025055,8220,89,"4,25 a 4,5",Alta
1189,29981261,"The Butterfly Garden  (The Collector, #1)",Dot Hutchison,https://www.goodreads.com/book/show/29981261-the-butterfly-garden,https://i.gr-assets.com/images/S/compressed.photo.goodreads.com/books/1461392121i/29981261._SX50_.jpg,4.08,318628,4.086669836602691,8215,90,"4,0 a 4,25",Alta
1190,5096,"Wizard and Glass (The Dark Tower, #4)",Stephen  King,https://www.goodreads.com/book/show/5096.Wizard_and_Glass,https://i.gr-assets.com/images/S/compressed.photo.goodreads.com/books/1327946510i/5096._SY75_.jpg,4.27,227374,4.157507208729498,8200,111,"4,25 a 4,5",Alta
1191,58784475,"Tomorrow, and Tomorrow, and Tomorrow",Gabrielle Zevin,https://www.goodreads.com/book/show/58784475-tomorrow-and-tomorrow-and-tomorrow,https://i.gr-assets.com/images/S/compressed.photo.goodreads.com/books/1636978687i/58784475._SY75_.jpg,4.1,1465009,4.098336301570546,8198,90,"4,0 a 4,25",Muito alta
1192,212203126,Honeysuckle and Bone,Trisha Tobias,https://www.goodreads.com/book/show/212203126-honeysuckle-and-bone,https://i.gr-assets.com/images/S/compressed.photo.goodreads.com/books/1725158239i/212203126._SY75_.jpg,3.58,2489,4.088865369856296,8194,88,"3,5 a 4,0",Baixa
1193,202470606,Playing Ball: Life Lessons from My Journey to the Super Bowl and Beyond,Vernon Davis,https://www.goodreads.com/book/show/202470606-playing-ball,https://i.gr-assets.com/images/S/compressed.photo.goodreads.com/books/1700543097i/202470606._SY75_.jpg,4.27,10143,4.096601239079192,8188,87,"4,25 a 4,5",Baixa
1194,943402,Let the Right One In,John Ajvide Lindqvist,https://www.goodreads.com/book/show/943402.Let_the_Right_One_In,https://i.gr-assets.com/images/S/compressed.photo.goodreads.com/books/1327893384i/943402._SY75_.jpg,4.03,123867,4.07716532676956,8181,107,"4,0 a 4,25",Média
1195,9369720,"Passion (Fallen, #3)",Lauren Kate,https://www.goodreads.com/book/show/9369720-passion,https://i.gr-assets.com/images/S/compressed.photo.goodreads.com/books/1362339802i/9369720._SY75_.jpg,3.85,178534,4.016221492505242,8180,114,"3,5 a 4,0",Alta
1196,63910262,"Two Twisted Crowns (The Shepherd King, #2)",Rachel Gillig,https://www.goodreads.com/book/show/63910262-two-twisted-crowns,https://i.gr-assets.com/images/S/compressed.photo.goodreads.com/books/1670090073i/63910262._SY75_.jpg,4.37,587918,4.2589888510051725,8169,88,"4,25 a 4,5",Muito alta
1197,7494,Suzanne's Diary for Nicholas,James  Patterson,https://www.goodreads.com/book/show/7494.Suzanne_s_Diary_for_Nicholas,https://i.gr-assets.com/images/S/compressed.photo.goodreads.com/books/1404736778i/7494._SY75_.jpg,4.17,156690,4.114386175965036,8166,109,"4,0 a 4,25",Alta
1198,16115612,And the Mountains Echoed,Khaled Hosseini,https://www.goodreads.com/book/show/16115612-and-the-mountains-echoed,https://i.gr-assets.com/images/S/compressed.photo.goodreads.com/books/1358190204i/16115612._SY75_.jpg,4.08,416844,4.08585901273355,8162,95,"4,0 a 4,25",Muito alta
1199,22205,This Lullaby,Sarah Dessen,https://www.goodreads.com/book/show/22205.This_Lullaby,https://i.gr-assets.com/images/S/compressed.photo.goodreads.com/books/1397779294i/22205._SY75_.jpg,4.01,181349,4.066092985904383,8151,105,"4,0 a 4,25",Alta
1199,40603730,Safe Haven,Nicholas Sparks,https://www.goodreads.com/book/show/40603730-safe-haven,https://i.gr-assets.com/images/S/compressed.photo.goodreads.com/books/1529593553i/40603730._SY75_.jpg,4.22,406962,4.157324581168114,8151,106,"4,0 a 4,25",Muito alta
1201,5056084,"Wings (Wings, #1)",Aprilynne Pike,https://www.goodreads.com/book/show/5056084-wings,https://i.gr-assets.com/images/S/compressed.photo.goodreads.com/books/1327983077i/5056084._SX50_.jpg,3.76,83883,4.0334513558097855,8125,102,"3,5 a 4,0",Média
1202,34066798,A Gentleman in Moscow,Amor Towles,https://www.goodreads.com/book/show/34066798-a-gentleman-in-moscow,https://i.gr-assets.com/images/S/compressed.photo.goodreads.com/books/1718915012i/34066798._SY75_.jpg,4.31,706439,4.232356813076029,8116,98,"4,25 a 4,5",Muito alta
1203,49455,Notes from Underground,Fyodor Dostoevsky,https://www.goodreads.com/book/show/49455.Notes_from_Underground,https://i.gr-assets.com/images/S/compressed.photo.goodreads.com/books/1657562670i/49455._SY75_.jpg,4.16,259181,4.119165953399535,8082,93,"4,0 a 4,25",Alta
1204,5359,The Client,John Grisham,https://www.goodreads.com/book/show/5359.The_Client,https://i.gr-assets.com/images/S/compressed.photo.goodreads.com/books/1554192326i/5359._SY75_.jpg,4.06,468397,4.074608006313136,8063,131,"4,0 a 4,25",Muito alta
1205,2702704,"Faefever (Fever, #3)",Karen Marie Moning,https://www.goodreads.com/book/show/2702704-faefever,https://i.gr-assets.com/images/S/compressed.photo.goodreads.com/books/1437781062i/2702704._SY75_.jpg,4.28,108740,4.132982276942284,8053,104,"4,25 a 4,5",Média
1206,32829,Journey to the Center of the Earth,Jules Verne,https://www.goodreads.com/book/show/32829.Journey_to_the_Center_of_the_Earth,https://i.gr-assets.com/images/S/compressed.photo.goodreads.com/books/1389754903i/32829._SY75_.jpg,3.85,233094,4.001691836137236,8047,128,"3,5 a 4,0",Alta
1207,8913370,Fingersmith,Sarah Waters,https://www.goodreads.com/book/show/8913370-fingersmith,https://i.gr-assets.com/images/S/compressed.photo.goodreads.com/books/1545241494i/8913370._SY75_.jpg,4.02,123805,4.074766492174234,8037,105,"4,0 a 4,25",Média
1208,395871,"The Awakening / The Struggle (The Vampire Diaries, #1-2)",L.J. Smith,https://www.goodreads.com/book/show/395871.The_Awakening_The_Struggle,https://i.gr-assets.com/images/S/compressed.photo.goodreads.com/books/1393837129i/395871._SY75_.jpg,3.67,95394,4.009332614689663,8026,109,"3,5 a 4,0",Média
1209,54539,Silas Marner,George Eliot,https://www.goodreads.com/book/show/54539.Silas_Marner,https://i.gr-assets.com/images/S/compressed.photo.goodreads.com/books/1347323528i/54539._SY75_.jpg,3.7,96048,4.014792190766815,8003,129,"3,5 a 4,0",Média
1210,216363,The Man in the High Castle,Philip K. Dick,https://www.goodreads.com/book/show/216363.The_Man_in_the_High_Castle,https://i.gr-assets.com/images/S/compressed.photo.goodreads.com/books/1448756803i/216363._SY75_.jpg,3.59,244391,3.899003836752774,7981,111,"3,5 a 4,0",Alta
1211,9284655,"Tiger's Curse (The Tiger Saga, #1)",Colleen Houck,https://www.goodreads.com/book/show/9284655-tiger-s-curse,https://i.gr-assets.com/images/S/compressed.photo.goodreads.com/books/1327878915i/9284655._SY75_.jpg,4.05,67956,4.085870905538608,7964,94,"4,0 a 4,25",Média
1212,773951,The Story of Ferdinand,Munro Leaf,https://www.goodreads.com/book/show/773951.The_Story_of_Ferdinand,https://i.gr-assets.com/images/S/compressed.photo.goodreads.com/books/1348133512i/773951._SX50_.jpg,4.37,95160,4.146489781858061,7949,119,"4,25 a 4,5",Média
1213,242006,Running with Scissors,Augusten Burroughs,https://www.goodreads.com/book/show/242006.Running_with_Scissors,https://i.gr-assets.com/images/S/compressed.photo.goodreads.com/books/1690319656i/242006._SY75_.jpg,3.77,408196,3.927603325629077,7943,108,"3,5 a 4,0",Muito alta
1214,20734027,"Fenway and Hattie (Fenway and Hattie, #1)",Victoria J. Coe,https://www.goodreads.com/book/show/20734027-fenway-and-hattie,https://i.gr-assets.com/images/S/compressed.photo.goodreads.com/books/1437151430i/20734027._SY75_.jpg,3.84,1592,4.091081903182739,7935,86,"3,5 a 4,0",Baixa
1215,62816044,"A Curse for True Love (Once Upon a Broken Heart, #3)",Stephanie Garber,https://www.goodreads.com/book/show/62816044-a-curse-for-true-love,https://i.gr-assets.com/images/S/compressed.photo.goodreads.com/books/1674501506i/62816044._SY75_.jpg,4.17,484778,4.135218562808215,7931,88,"4,0 a 4,25",Muito alta
1216,43307358,"Heartstopper: Volume Two (Heartstopper, #2)",Alice Oseman,https://www.goodreads.com/book/show/43307358-heartstopper,https://i.gr-assets.com/images/S/compressed.photo.goodreads.com/books/1564967250i/43307358._SY75_.jpg,4.5,584922,4.33655755723844,7917,93,"4,25 a 4,5",Muito alta
1217,59986018,"The Book of Azrael (Gods & Monsters, #1)",Amber V. Nicole,https://www.goodreads.com/book/show/59986018-the-book-of-azrael,https://i.gr-assets.com/images/S/compressed.photo.goodreads.com/books/1640967740i/59986018._SY75_.jpg,4.12,236076,4.102604685986399,7914,85,"4,0 a 4,25",Alta
1218,9317452,"Rivers of London (Rivers of London, #1)",Ben Aaronovitch,https://www.goodreads.com/book/show/9317452-rivers-of-london,https://i.gr-assets.com/images/S/compressed.photo.goodreads.com/books/1401385034i/9317452._SY75_.jpg,3.84,155752,4.020298311317308,7911,89,"3,5 a 4,0",Alta
1219,11918,"Bitten (Women of the Otherworld, #1)",Kelley Armstrong,https://www.goodreads.com/book/show/11918.Bitten,https://i.gr-assets.com/images/S/compressed.photo.goodreads.com/books/1306101770i/11918._SY75_.jpg,4.02,106709,4.076647382550565,7895,98,"4,0 a 4,25",Média
1220,5094,"The Drawing of the Three (Dark Tower, #2)",Stephen  King,https://www.goodreads.com/book/show/5094.The_Drawing_of_the_Three,https://i.gr-assets.com/images/S/compressed.photo.goodreads.com/books/1370918050i/5094._SY75_.jpg,4.24,300284,4.156340428692669,7893,110,"4,0 a 4,25",Alta
1221,211479192,Water Moon,Samantha Sotto Yambao,https://www.goodreads.com/book/show/211479192-water-moon,https://i.gr-assets.com/images/S/compressed.photo.goodreads.com/books/1713235038i/211479192._SY75_.jpg,3.76,63854,4.045490350864602,7887,85,"3,5 a 4,0",Média
1222,84136,"Fantasy Lover (Hunter Legends, #1)",Sherrilyn Kenyon,https://www.goodreads.com/book/show/84136.Fantasy_Lover,https://i.gr-assets.com/images/S/compressed.photo.goodreads.com/books/1348332807i/84136._SY75_.jpg,4.15,96100,4.103524413470771,7878,103,"4,0 a 4,25",Média
1223,41154336,The Chestnut Man,Søren Sveistrup,https://www.goodreads.com/book/show/41154336-the-chestnut-man,https://i.gr-assets.com/images/S/compressed.photo.goodreads.com/books/1550429584i/41154336._SY75_.jpg,4.21,92292,4.114614283486192,7868,84,"4,0 a 4,25",Média
1224,10979,Light in August,William Faulkner,https://www.goodreads.com/book/show/10979.Light_in_August,https://i.gr-assets.com/images/S/compressed.photo.goodreads.com/books/1757102411i/10979._SY75_.jpg,3.95,68541,4.070912769898292,7864,113,"3,5 a 4,0",Média
1225,58355261,On Destiny,Aileen Erin,https://www.goodreads.com/book/show/58355261-on-destiny,https://i.gr-assets.com/images/S/compressed.photo.goodreads.com/books/1629311978i/58355261._SY75_.jpg,4.17,1015,4.092305645745968,7860,83,"4,0 a 4,25",Baixa
1226,28251250,White Noise,Don DeLillo,https://www.goodreads.com/book/show/28251250-white-noise,https://i.gr-assets.com/images/S/compressed.photo.goodreads.com/books/1476807953i/28251250._SY75_.jpg,3.86,131686,4.0336365336892595,7857,105,"3,5 a 4,0",Média
1227,59364173,I'm Glad My Mom Died,Jennette McCurdy,https://www.goodreads.com/book/show/59364173-i-m-glad-my-mom-died,https://i.gr-assets.com/images/S/compressed.photo.goodreads.com/books/1649286799i/59364173._SY75_.jpg,4.42,1619686,4.3562264103471975,7838,89,"4,25 a 4,5",Muito alta
1228,22098550,"Pax (Pax, #1)",Sara Pennypacker,https://www.goodreads.com/book/show/22098550-pax,https://i.gr-assets.com/images/S/compressed.photo.goodreads.com/books/1434493048i/22098550._SX50_.jpg,3.99,67151,4.0771412967303124,7821,85,"3,5 a 4,0",Média
1229,53205888,Under the Whispering Door,T.J. Klune,https://www.goodreads.com/book/show/53205888-under-the-whispering-door,https://i.gr-assets.com/images/S/compressed.photo.goodreads.com/books/1652374208i/53205888._SY75_.jpg,4.1,341565,4.095785175028995,7804,85,"4,0 a 4,25",Alta
1230,30264,"Dead Witch Walking (The Hollows, #1)",Kim Harrison,https://www.goodreads.com/book/show/30264.Dead_Witch_Walking,https://i.gr-assets.com/images/S/compressed.photo.goodreads.com/books/1391713381i/30264._SY75_.jpg,4.04,130407,4.07907449676047,7801,98,"4,0 a 4,25",Média
1231,37793,A Doll's House,Henrik Ibsen,https://www.goodreads.com/book/show/37793.A_Doll_s_House,https://i.gr-assets.com/images/S/compressed.photo.goodreads.com/books/1660268136i/37793._SY75_.jpg,3.77,170130,3.994458768649745,7798,132,"3,5 a 4,0",Alta
1232,7488244,"Unearthly (Unearthly, #1)",Cynthia Hand,https://www.goodreads.com/book/show/7488244-unearthly,https://i.gr-assets.com/images/S/compressed.photo.goodreads.com/books/1324782984i/7488244._SY75_.jpg,4.01,130180,4.071599293439991,7792,101,"4,0 a 4,25",Média
1233,544891,"Beastly (Beastly, #1)",Alex Flinn,https://www.goodreads.com/book/show/544891.Beastly,https://i.gr-assets.com/images/S/compressed.photo.goodreads.com/books/1334260193i/544891._SX50_.jpg,3.82,178794,4.00673337676042,7772,109,"3,5 a 4,0",Alta
1234,31434883,Eleanor Oliphant Is Completely Fine,Gail Honeyman,https://www.goodreads.com/book/show/31434883-eleanor-oliphant-is-completely-fine,https://i.gr-assets.com/images/S/compressed.photo.goodreads.com/books/1493724347i/31434883._SY75_.jpg,4.22,1492594,4.193446762185457,7771,97,"4,0 a 4,25",Muito alta
1235,195790861,Service Model,Adrian Tchaikovsky,https://www.goodreads.com/book/show/195790861-service-model,https://i.gr-assets.com/images/S/compressed.photo.goodreads.com/books/1698554344i/195790861._SY75_.jpg,4.03,24756,4.088406763947631,7770,84,"4,0 a 4,25",Baixa
1236,29797,The Pilgrim's Progress,John Bunyan,https://www.goodreads.com/book/show/29797.The_Pilgrim_s_Progress,https://i.gr-assets.com/images/S/compressed.photo.goodreads.com/books/1405982367i/29797._SY75_.jpg,4.08,164178,4.088525109055913,7740,116,"4,0 a 4,25",Alta
1237,199515825,All This & More,Peng Shepherd,https://www.goodreads.com/book/show/199515825-all-this-more,https://i.gr-assets.com/images/S/compressed.photo.goodreads.com/books/1705105878i/199515825._SY75_.jpg,3.37,6325,4.080611192460099,7733,82,"Até 3,5",Baixa
1238,59595988,The Voyeur's Yacht,Amanda       Adams,https://www.goodreads.com/book/show/59595988-the-voyeur-s-yacht,https://i.gr-assets.com/images/S/compressed.photo.goodreads.com/books/1636692139i/59595988._SY75_.jpg,4.39,1940,4.093574452234392,7725,91,"4,25 a 4,5",Baixa
1239,76713323,"Empire of Storms (Throne of Glass, #5)",Sarah J. Maas,https://www.goodreads.com/book/show/76713323-empire-of-storms,https://i.gr-assets.com/images/S/compressed.photo.goodreads.com/books/1676979605i/76713323._SY75_.jpg,4.63,1399344,4.512507895904589,7713,86,"Acima de 4,5",Muito alta
1240,171547,Songs of Innocence and of Experience,William Blake,https://www.goodreads.com/book/show/171547.Songs_of_Innocence_and_of_Experience,https://i.gr-assets.com/images/S/compressed.photo.goodreads.com/books/1348408738i/171547._SY75_.jpg,4.09,53358,4.091851399991562,7701,120,"4,0 a 4,25",Média
1241,201272400,Marked by Magic (Tracking Trouble #1),Lindsay Buroker,https://www.goodreads.com/book/show/201272400-marked-by-magic,https://i.gr-assets.com/images/S/compressed.photo.goodreads.com/books/1698869205i/201272400._SY75_.jpg,4.3,5083,4.094771420651183,7698,81,"4,25 a 4,5",Baixa
1242,203362689,"The Aspect of Essence (The Aelfyn Archives, #1)",Samantha Amstutz,https://www.goodreads.com/book/show/203362689-the-aspect-of-essence,https://i.gr-assets.com/images/S/compressed.photo.goodreads.com/books/1701893531i/203362689._SX50_.jpg,3.95,11742,4.087961768291389,7690,83,"3,5 a 4,0",Baixa
1243,872333,"Blue Bloods (Blue Bloods, #1)",Melissa de la Cruz,https://www.goodreads.com/book/show/872333.Blue_Bloods,https://i.gr-assets.com/images/S/compressed.photo.goodreads.com/books/1322281515i/872333._SY75_.jpg,3.7,144596,3.9862628000897926,7667,109,"3,5 a 4,0",Média
1244,49084724,Credence,Penelope Douglas,https://www.goodreads.com/book/show/49084724-credence,https://i.gr-assets.com/images/S/compressed.photo.goodreads.com/books/1576590268i/49084724._SX50_.jpg,3.67,644786,3.8293609881753614,7651,82,"3,5 a 4,0",Muito alta
1245,212294435,At the Bottom of the Garden,Camilla  Bruce,https://www.goodreads.com/book/show/212294435-at-the-bottom-of-the-garden,https://i.gr-assets.com/images/S/compressed.photo.goodreads.com/books/1718740475i/212294435._SX50_.jpg,3.51,3528,4.0868996984937604,7637,82,"3,5 a 4,0",Baixa
1246,34532,"Hogfather (Discworld, #20; Death, #4)",Terry Pratchett,https://www.goodreads.com/book/show/34532.Hogfather,https://i.gr-assets.com/images/S/compressed.photo.goodreads.com/books/1416342611i/34532._SY75_.jpg,4.26,107029,4.128179866782371,7621,104,"4,25 a 4,5",Média
1247,124509,Smilla's Sense of Snow,Peter Høeg,https://www.goodreads.com/book/show/124509.Smilla_s_Sense_of_Snow,https://i.gr-assets.com/images/S/compressed.photo.goodreads.com/books/1485595488i/124509._SY75_.jpg,3.73,53434,4.0485763889679705,7607,114,"3,5 a 4,0",Média
1248,17961,Collected Fictions,Jorge Luis Borges,https://www.goodreads.com/book/show/17961.Collected_Fictions,https://i.gr-assets.com/images/S/compressed.photo.goodreads.com/books/1756677161i/17961._SY75_.jpg,4.55,26236,4.120891148984554,7602,106,"Acima de 4,5",Baixa
1249,40941582,گم شده ای در مه,سید مرتضی مصطفوی,https://www.goodreads.com/book/show/40941582,https://i.gr-assets.com/images/S/compressed.photo.goodreads.com/books/1532496795i/40941582._SX50_.jpg,3.8,715,4.091570930511624,7587,77,"3,5 a 4,0",Baixa
1250,20912424,"The War That Saved My Life (The War That Saved My Life, #1)",Kimberly Brubaker Bradley,https://www.goodreads.com/book/show/20912424-the-war-that-saved-my-life,https://i.gr-assets.com/images/S/compressed.photo.goodreads.com/books/1453342842i/20912424._SY75_.jpg,4.49,120769,4.185986046487274,7584,85,"4,25 a 4,5",Média
1251,1430,Eleven Minutes,Paulo Coelho,https://www.goodreads.com/book/show/1430.Eleven_Minutes,https://i.gr-assets.com/images/S/compressed.photo.goodreads.com/books/1358266987i/1430._SY75_.jpg,3.72,195141,3.968238335404649,7583,92,"3,5 a 4,0",Alta
1252,47021,The Taming of the Shrew,William Shakespeare,https://www.goodreads.com/book/show/47021.The_Taming_of_the_Shrew,https://i.gr-assets.com/images/S/compressed.photo.goodreads.com/books/1327935253i/47021._SY75_.jpg,3.73,183840,3.976315520700897,7568,133,"3,5 a 4,0",Alta
1253,5287473,"Hex Hall (Hex Hall, #1)",Rachel Hawkins,https://www.goodreads.com/book/show/5287473-hex-hall,https://i.gr-assets.com/images/S/compressed.photo.goodreads.com/books/1368393885i/5287473._SY75_.jpg,3.92,144241,4.045731041935061,7567,100,"3,5 a 4,0",Média
1254,68811,Momo,Michael Ende,https://www.goodreads.com/book/show/68811.Momo,https://i.gr-assets.com/images/S/compressed.photo.goodreads.com/books/1420905611i/68811._SY75_.jpg,4.34,101892,4.143341353853737,7557,93,"4,25 a 4,5",Média
1255,10222,The Far Pavilions,M.M. Kaye,https://www.goodreads.com/book/show/10222.The_Far_Pavilions,https://i.gr-assets.com/images/S/compressed.photo.goodreads.com/books/1403391799i/10222._SX50_.jpg,4.2,45556,4.10336120676512,7552,106,"4,0 a 4,25",Baixa
1256,9809,Invisible Cities,Italo Calvino,https://www.goodreads.com/book/show/9809.Invisible_Cities,https://i.gr-assets.com/images/S/compressed.photo.goodreads.com/books/1763827551i/9809._SY75_.jpg,4.09,102388,4.091667448846558,7546,88,"4,0 a 4,25",Média
1257,38296,"The Last of the Mohicans (The Leatherstocking Tales, #2)",James Fenimore Cooper,https://www.goodreads.com/book/show/38296.The_Last_of_the_Mohicans,https://i.gr-assets.com/images/S/compressed.photo.goodreads.com/books/1388199654i/38296._SY75_.jpg,3.7,104236,4.00958841266321,7543,123,"3,5 a 4,0",Média
1258,23395680,"Illuminae (The Illuminae Files, #1)",Amie Kaufman,https://www.goodreads.com/book/show/23395680-illuminae,https://i.gr-assets.com/images/S/compressed.photo.goodreads.com/books/1443433956i/23395680._SY75_.jpg,4.23,164516,4.132935949315758,7535,87,"4,0 a 4,25",Alta
1259,693208,The Absolutely True Diary of a Part-Time Indian,Sherman Alexie,https://www.goodreads.com/book/show/693208.The_Absolutely_True_Diary_of_a_Part_Time_Indian,https://i.gr-assets.com/images/S/compressed.photo.goodreads.com/books/1327908992i/693208._SY75_.jpg,4.05,288762,4.074220400817689,7515,99,"4,0 a 4,25",Alta
1260,5139,"The Devil Wears Prada (The Devil Wears Prada, #1)",Lauren Weisberger,https://www.goodreads.com/book/show/5139.The_Devil_Wears_Prada,https://i.gr-assets.com/images/S/compressed.photo.goodreads.com/books/1388179604i/5139._SY75_.jpg,3.82,951965,3.8992338134408304,7514,113,"3,5 a 4,0",Muito alta
1261,58341222,Reminders of Him,Colleen Hoover,https://www.goodreads.com/book/show/58341222-reminders-of-him,https://i.gr-assets.com/images/S/compressed.photo.goodreads.com/books/1627673942i/58341222._SX50_.jpg,4.32,1852158,4.280269169475607,7510,84,"4,25 a 4,5",Muito alta
1262,57693457,"Mickey7 (Mickey7, #1)",Edward Ashton,https://www.goodreads.com/book/show/57693457-mickey7,https://i.gr-assets.com/images/S/compressed.photo.goodreads.com/books/1636369192i/57693457._SY75_.jpg,3.78,64267,4.048054177050397,7505,80,"3,5 a 4,0",Média
1263,15925,The Guardian,Nicholas Sparks,https://www.goodreads.com/book/show/15925.The_Guardian,https://i.gr-assets.com/images/S/compressed.photo.goodreads.com/books/1388195339i/15925._SY75_.jpg,4.16,196768,4.1148305263862515,7498,104,"4,0 a 4,25",Alta
1264,5664985,Along for the Ride,Sarah Dessen,https://www.goodreads.com/book/show/5664985-along-for-the-ride,https://i.gr-assets.com/images/S/compressed.photo.goodreads.com/books/1479692098i/5664985._SX50_.jpg,4.03,213847,4.070149718537461,7492,95,"4,0 a 4,25",Alta
1264,32499,The Pelican Brief,John Grisham,https://www.goodreads.com/book/show/32499.The_Pelican_Brief,https://i.gr-assets.com/images/S/compressed.photo.goodreads.com/books/1389486877i/32499._SY75_.jpg,4.06,454396,4.074849913256633,7492,113,"4,0 a 4,25",Muito alta
1266,12432220,"The False Prince (Ascendance, #1)",Jennifer A. Nielsen,https://www.goodreads.com/book/show/12432220-the-false-prince,https://i.gr-assets.com/images/S/compressed.photo.goodreads.com/books/1585683740i/12432220._SX50_.jpg,4.24,113988,4.125482365317593,7487,83,"4,0 a 4,25",Média
1267,45195,A Passage to India,E.M. Forster,https://www.goodreads.com/book/show/45195.A_Passage_to_India,https://i.gr-assets.com/images/S/compressed.photo.goodreads.com/books/1421883612i/45195._SY75_.jpg,3.68,87734,4.016593518470348,7479,132,"3,5 a 4,0",Média
1268,60784546,"Divine Rivals (Letters of Enchantment, #1)",Rebecca   Ross,https://www.goodreads.com/book/show/60784546-divine-rivals,https://i.gr-assets.com/images/S/compressed.photo.goodreads.com/books/1655928079i/60784546._SY75_.jpg,4.14,800123,4.124275399064182,7474,82,"4,0 a 4,25",Muito alta
1269,479415,The Horse Whisperer,Nicholas Evans,https://www.goodreads.com/book/show/479415.The_Horse_Whisperer,https://i.gr-assets.com/images/S/compressed.photo.goodreads.com/books/1320410310i/479415._SY75_.jpg,3.87,62836,4.061357994385535,7459,118,"3,5 a 4,0",Média
1270,60743324,"The Cheat Code (Wisdom Revolution, #3)",Misba,https://www.goodreads.com/book/show/60743324-the-cheat-code,https://i.gr-assets.com/images/S/compressed.photo.goodreads.com/books/1691643058i/60743324._SY75_.jpg,4.72,3446,4.097588367323635,7448,76,"Acima de 4,5",Baixa
1271,159116833,"Not Till We Are Lost (Bobiverse, #5)",Dennis E. Taylor,https://www.goodreads.com/book/show/159116833-not-till-we-are-lost,https://i.gr-assets.com/images/S/compressed.photo.goodreads.com/books/1712930306i/159116833._SX50_.jpg,4.31,23503,4.104456654169392,7446,79,"4,25 a 4,5",Baixa
1272,43916,"Magician (The Riftwar Saga, #1-2)",Raymond E. Feist,https://www.goodreads.com/book/show/43916.Magician,https://i.gr-assets.com/images/S/compressed.photo.goodreads.com/books/1391464462i/43916._SY75_.jpg,4.32,73388,4.128112518652762,7445,91,"4,25 a 4,5",Média
1273,24300,Poppy,Avi,https://www.goodreads.com/book/show/24300.Poppy,https://i.gr-assets.com/images/S/compressed.photo.goodreads.com/books/1638685972i/24300._SY75_.jpg,3.99,11221,4.089256115336312,7441,81,"3,5 a 4,0",Baixa
1274,203805180,"A Cursed Son (Remnants of the Fallen Kingdom, #1)",Day Leitao,https://www.goodreads.com/book/show/203805180-a-cursed-son,https://i.gr-assets.com/images/S/compressed.photo.goodreads.com/books/1702582874i/203805180._SY75_.jpg,3.96,4037,4.090754266033354,7427,78,"3,5 a 4,0",Baixa
1275,33413128,"Beartown (Beartown, #1)",Fredrik Backman,https://www.goodreads.com/book/show/33413128-beartown,https://i.gr-assets.com/images/S/compressed.photo.goodreads.com/books/1482108618i/33413128._SY75_.jpg,4.28,655742,4.209804249475854,7422,83,"4,25 a 4,5",Muito alta
1276,7937462,"The Short Second Life of Bree Tanner (The Twilight Saga, #3.5)",Stephenie Meyer,https://www.goodreads.com/book/show/7937462-the-short-second-life-of-bree-tanner,https://i.gr-assets.com/images/S/compressed.photo.goodreads.com/books/1274335680i/7937462._SY75_.jpg,3.52,248725,3.869698109774725,7415,110,"3,5 a 4,0",Alta
1277,36329818,"Legendary (Caraval, #2)",Stephanie Garber,https://www.goodreads.com/book/show/36329818-legendary,https://i.gr-assets.com/images/S/compressed.photo.goodreads.com/books/1506803153i/36329818._SY75_.jpg,4.08,512942,4.085236197206321,7404,84,"4,0 a 4,25",Muito alta
1278,73186,The Case for Christ,Lee Strobel,https://www.goodreads.com/book/show/73186.The_Case_for_Christ,https://i.gr-assets.com/images/S/compressed.photo.goodreads.com/books/1448776489i/73186._SY75_.jpg,4.25,163101,4.138574305988965,7397,87,"4,0 a 4,25",Alta
1279,31196,The Razor’s Edge,W. Somerset Maugham,https://www.goodreads.com/book/show/31196.The_Razor_s_Edge,https://i.gr-assets.com/images/S/compressed.photo.goodreads.com/books/1386925123i/31196._SY75_.jpg,4.19,56001,4.104366352234239,7395,109,"4,0 a 4,25",Média
1280,72579,Alias Grace,Margaret Atwood,https://www.goodreads.com/book/show/72579.Alias_Grace,https://i.gr-assets.com/images/S/compressed.photo.goodreads.com/books/1298545436i/72579._SY75_.jpg,4.04,161822,4.076854349879794,7394,111,"4,0 a 4,25",Alta
1281,28407,Germinal,Émile Zola,https://www.goodreads.com/book/show/28407.Germinal,https://i.gr-assets.com/images/S/compressed.photo.goodreads.com/books/1628462562i/28407._SY75_.jpg,4.21,45080,4.104289304798747,7392,98,"4,0 a 4,25",Baixa
1282,3463,A Bend in the Road,Nicholas Sparks,https://www.goodreads.com/book/show/3463.A_Bend_in_the_Road,https://i.gr-assets.com/images/S/compressed.photo.goodreads.com/books/1388453919i/3463._SY75_.jpg,4.06,171848,4.0823034556291535,7389,100,"4,0 a 4,25",Alta
1283,365,"Dirk Gently's Holistic Detective Agency (Dirk Gently, #1)",Douglas Adams,https://www.goodreads.com/book/show/365.Dirk_Gently_s_Holistic_Detective_Agency,https://i.gr-assets.com/images/S/compressed.photo.goodreads.com/books/1554401296i/365._SY75_.jpg,3.97,150958,4.058097989116092,7386,100,"3,5 a 4,0",Alta
1284,348225,"These Is My Words: The Diary of Sarah Agnes Prine, 1881-1901, Arizona Territories (Sarah Agnes Prine, #1)",Nancy E. Turner,https://www.goodreads.com/book/show/348225.These_Is_My_Words,https://i.gr-assets.com/images/S/compressed.photo.goodreads.com/books/1388190502i/348225._SY75_.jpg,4.37,84878,4.141661354892625,7383,88,"4,25 a 4,5",Média
1285,581811,Valley of the Dolls,Jacqueline Susann,https://www.goodreads.com/book/show/581811.Valley_of_the_Dolls,https://i.gr-assets.com/images/S/compressed.photo.goodreads.com/books/1429239923i/581811._SX50_.jpg,3.87,80894,4.054036537755463,7379,117,"3,5 a 4,0",Média
1286,24113,"Gödel, Escher, Bach: An Eternal Golden Braid",Douglas R. Hofstadter,https://www.goodreads.com/book/show/24113.G_del_Escher_Bach,https://i.gr-assets.com/images/S/compressed.photo.goodreads.com/books/1547125681i/24113._SY75_.jpg,4.29,53966,4.1161007049214495,7366,89,"4,25 a 4,5",Média
1287,3165162,"Percy Jackson and the Olympians (Percy Jackson and the Olympians, #1-3)",Rick Riordan,https://www.goodreads.com/book/show/3165162-percy-jackson-and-the-olympians,https://i.gr-assets.com/images/S/compressed.photo.goodreads.com/books/1388181482i/3165162._SX50_.jpg,4.55,48070,4.1422258789219875,7354,100,"Acima de 4,5",Baixa
1288,27822,Eugene Onegin,Alexander Pushkin,https://www.goodreads.com/book/show/27822.Eugene_Onegin,https://i.gr-assets.com/images/S/compressed.photo.goodreads.com/books/1388373138i/27822._SY75_.jpg,4.11,73232,4.094926579978689,7352,104,"4,0 a 4,25",Média
1289,25899336,When Breath Becomes Air,Paul Kalanithi,https://www.goodreads.com/book/show/25899336-when-breath-becomes-air,https://i.gr-assets.com/images/S/compressed.photo.goodreads.com/books/1492677644i/25899336._SX50_.jpg,4.41,852147,4.309999814111292,7345,81,"4,25 a 4,5",Muito alta
1290,39939417,Five Feet Apart,Rachael Lippincott,https://www.goodreads.com/book/show/39939417-five-feet-apart,https://i.gr-assets.com/images/S/compressed.photo.goodreads.com/books/1529358577i/39939417._SY75_.jpg,4.17,265885,4.123629810835649,7327,83,"4,0 a 4,25",Alta
1291,40593473,"Finding Hope in the Darkness of Grief: Spiritual Insights Expressed Through Art, Poetry and Prose",Diamante Lavendar,https://www.goodreads.com/book/show/40593473-finding-hope-in-the-darkness-of-grief,https://i.gr-assets.com/images/S/compressed.photo.goodreads.com/books/1529574245i/40593473._SX50_.jpg,4.29,1539,4.092879717329554,7319,82,"4,25 a 4,5",Baixa
1292,530965,The Day of the Triffids,John Wyndham,https://www.goodreads.com/book/show/530965.The_Day_of_the_Triffids,https://i.gr-assets.com/images/S/compressed.photo.goodreads.com/books/1320530145i/530965._SY75_.jpg,4.01,120570,4.07275627251206,7306,104,"4,0 a 4,25",Média
1293,64653012,"God Is the Cure, Love Is the Answer: A Memoir",Aimee Cabo Nikolov,https://www.goodreads.com/book/show/64653012-god-is-the-cure-love-is-the-answer,https://i.gr-assets.com/images/S/compressed.photo.goodreads.com/books/1670532341i/64653012._SX50_.jpg,4.3,17056,4.10079195612255,7296,78,"4,25 a 4,5",Baixa
1294,13597723,"The Naturals (The Naturals, #1)",Jennifer Lynn Barnes,https://www.goodreads.com/book/show/13597723-the-naturals,https://i.gr-assets.com/images/S/compressed.photo.goodreads.com/books/1620015246i/13597723._SY75_.jpg,4.23,410362,4.162710763055752,7293,82,"4,0 a 4,25",Muito alta
1295,6609765,"Out of My Mind (Out of My Mind, #1)",Sharon M. Draper,https://www.goodreads.com/book/show/6609765-out-of-my-mind,https://i.gr-assets.com/images/S/compressed.photo.goodreads.com/books/1347602096i/6609765._SX50_.jpg,4.34,194482,4.1744372936939715,7271,84,"4,25 a 4,5",Alta
1295,232109,"The Mouse and the Motorcycle (Ralph S. Mouse, #1)",Beverly Cleary,https://www.goodreads.com/book/show/232109.The_Mouse_and_the_Motorcycle,https://i.gr-assets.com/images/S/compressed.photo.goodreads.com/books/1348990967i/232109._SX50_.jpg,3.97,91454,4.068961834143551,7271,79,"3,5 a 4,0",Média
1297,208567667,"The Art of Avoiding Your Alpha (Wildwood, #2)",Lola Glass,https://www.goodreads.com/book/show/208567667-the-art-of-avoiding-your-alpha,https://i.gr-assets.com/images/S/compressed.photo.goodreads.com/books/1708041056i/208567667._SY75_.jpg,3.83,6443,4.087855861185653,7262,77,"3,5 a 4,0",Baixa
1298,162017068,Isabella Warrior Queen,Michael G. Kramer,https://www.goodreads.com/book/show/162017068-isabella-warrior-queen,https://i.gr-assets.com/images/S/compressed.photo.goodreads.com/books/1684999620i/162017068._SY75_.jpg,4.3,5426,4.094948954584001,7256,80,"4,25 a 4,5",Baixa
1299,26030734,"The Wild Robot (The Wild Robot, #1)",Peter  Brown,https://www.goodreads.com/book/show/26030734-the-wild-robot,https://i.gr-assets.com/images/S/compressed.photo.goodreads.com/books/1441052184i/26030734._SX50_.jpg,4.22,131811,4.124344133174792,7252,79,"4,0 a 4,25",Média
1300,162085,"Pretty Little Liars (Pretty Little Liars, #1)",Sara Shepard,https://www.goodreads.com/book/show/162085.Pretty_Little_Liars,https://i.gr-assets.com/images/S/compressed.photo.goodreads.com/books/1377830522i/162085._SY75_.jpg,3.84,217017,4.002133507973019,7251,95,"3,5 a 4,0",Alta
1301,6259,Birdsong,Sebastian Faulks,https://www.goodreads.com/book/show/6259.Birdsong,https://i.gr-assets.com/images/S/compressed.photo.goodreads.com/books/1349952101i/6259._SY75_.jpg,4.11,85586,4.095317245010272,7243,98,"4,0 a 4,25",Média
1302,25346,Out of the Dust,Karen Hesse,https://www.goodreads.com/book/show/25346.Out_of_the_Dust,https://i.gr-assets.com/images/S/compressed.photo.goodreads.com/books/1328867076i/25346._SX50_.jpg,3.78,80813,4.038655399436843,7236,84,"3,5 a 4,0",Média
1303,23281716,Appleblossom the Possum,Holly Goldberg Sloan,https://www.goodreads.com/book/show/23281716-appleblossom-the-possum,https://i.gr-assets.com/images/S/compressed.photo.goodreads.com/books/1416179129i/23281716._SX50_.jpg,3.9,2112,4.091072130394062,7234,77,"3,5 a 4,0",Baixa
1304,126232,"Jaws (Jaws, #1)",Peter Benchley,https://www.goodreads.com/book/show/126232.Jaws,https://i.gr-assets.com/images/S/compressed.photo.goodreads.com/books/1654812454i/126232._SY75_.jpg,3.94,185314,4.043201749145008,7224,106,"3,5 a 4,0",Alta
1305,60931,Kindred,Octavia E. Butler,https://www.goodreads.com/book/show/60931.Kindred,https://i.gr-assets.com/images/S/compressed.photo.goodreads.com/books/1339423248i/60931._SY75_.jpg,4.31,294278,4.185663758430165,7221,92,"4,25 a 4,5",Alta
1306,7669,Timeline,Michael Crichton,https://www.goodreads.com/book/show/7669.Timeline,https://i.gr-assets.com/images/S/compressed.photo.goodreads.com/books/1405420745i/7669._SY75_.jpg,3.87,220683,4.01198389312541,7205,97,"3,5 a 4,0",Alta
1307,198190467,"Deeper Than the Dead (Vera Boyett, #1)",Debra Webb,https://www.goodreads.com/book/show/198190467-deeper-than-the-dead,https://i.gr-assets.com/images/S/compressed.photo.goodreads.com/books/1702516655i/198190467._SY75_.jpg,4.04,24726,4.089005629172687,7200,76,"4,0 a 4,25",Baixa
1308,176450755,The Other Valley,Scott Alexander Howard,https://www.goodreads.com/book/show/176450755-the-other-valley,https://i.gr-assets.com/images/S/compressed.photo.goodreads.com/books/1687105854i/176450755._SY75_.jpg,3.87,27923,4.077302676641915,7197,76,"3,5 a 4,0",Baixa
1309,497199,Factotum,Charles Bukowski,https://www.goodreads.com/book/show/497199.Factotum,https://i.gr-assets.com/images/S/compressed.photo.goodreads.com/books/1672739447i/497199._SY75_.jpg,3.92,77959,4.063498629696097,7181,85,"3,5 a 4,0",Média
1310,18373,Flowers for Algernon,Daniel Keyes,https://www.goodreads.com/book/show/18373.Flowers_for_Algernon,https://i.gr-assets.com/images/S/compressed.photo.goodreads.com/books/1689071681i/18373._SY75_.jpg,4.25,842562,4.19994492035721,7176,83,"4,0 a 4,25",Muito alta
1311,7600924,Forbidden,Tabitha Suzuma,https://www.goodreads.com/book/show/7600924-forbidden,https://i.gr-assets.com/images/S/compressed.photo.goodreads.com/books/1394239949i/7600924._SY75_.jpg,3.95,76882,4.068757612433895,7155,82,"3,5 a 4,0",Média
1312,4912857,"The Angel's Game (The Cemetery of Forgotten Books, #2)",Carlos Ruiz Zafón,https://www.goodreads.com/book/show/4912857-the-angel-s-game,https://i.gr-assets.com/images/S/compressed.photo.goodreads.com/books/1617606225i/4912857._SY75_.jpg,4.03,191606,4.0716822227346,7149,88,"4,0 a 4,25",Alta
1313,7315573,"Fall of Giants (The Century Trilogy, #1)",Ken Follett,https://www.goodreads.com/book/show/7315573-fall-of-giants,https://i.gr-assets.com/images/S/compressed.photo.goodreads.com/books/1470384630i/7315573._SY75_.jpg,4.33,355514,4.205385480406874,7145,94,"4,25 a 4,5",Alta
1314,218224452,Salvager,Scott Moon,https://www.goodreads.com/book/show/218224452-salvager,https://i.gr-assets.com/images/S/compressed.photo.goodreads.com/books/1724939731i/218224452._SY75_.jpg,4.13,1803,4.092277910190992,7137,75,"4,0 a 4,25",Baixa
1315,89763,Esperanza Rising,Pam Muñoz Ryan,https://www.goodreads.com/book/show/89763.Esperanza_Rising,https://i.gr-assets.com/images/S/compressed.photo.goodreads.com/books/1328869043i/89763._SX50_.jpg,4.05,118202,4.082331870455066,7127,78,"4,0 a 4,25",Média
1316,198132147,Saint Richard Parker,Merlin Franco,https://www.goodreads.com/book/show/198132147-saint-richard-parker,https://i.gr-assets.com/images/S/compressed.photo.goodreads.com/books/1693295267i/198132147._SY75_.jpg,4.28,5695,4.094800908064568,7122,75,"4,25 a 4,5",Baixa
1317,95558,Solaris,Stanisław Lem,https://www.goodreads.com/book/show/95558.Solaris,https://i.gr-assets.com/images/S/compressed.photo.goodreads.com/books/1498631519i/95558._SX50_.jpg,3.98,140474,4.062478270390773,7115,93,"3,5 a 4,0",Média
1318,23878,Chronicle of a Death Foretold,Gabriel García Márquez,https://www.goodreads.com/book/show/23878.Chronicle_of_a_Death_Foretold,https://i.gr-assets.com/images/S/compressed.photo.goodreads.com/books/1657558535i/23878._SY75_.jpg,3.97,251787,4.044280478213443,7095,101,"3,5 a 4,0",Alta
1319,6642715,The Forty Rules of Love,Elif Shafak,https://www.goodreads.com/book/show/6642715-the-forty-rules-of-love,https://i.gr-assets.com/images/S/compressed.photo.goodreads.com/books/1442161289i/6642715._SY75_.jpg,4.1,215855,4.094912190290323,7089,78,"4,0 a 4,25",Alta
1320,20170404,Station Eleven,Emily St. John Mandel,https://www.goodreads.com/book/show/20170404-station-eleven,https://i.gr-assets.com/images/S/compressed.photo.goodreads.com/books/1680459872i/20170404._SX50_.jpg,4.06,647293,4.072091269061838,7083,87,"4,0 a 4,25",Muito alta
1321,203552477,"Lucky Son of a Gun (The Demon Accords, #19)",John Conroe,https://www.goodreads.com/book/show/203552477-lucky-son-of-a-gun,https://i.gr-assets.com/images/S/compressed.photo.goodreads.com/books/1702264916i/203552477._SY75_.jpg,4.47,2428,4.094435667308542,7078,74,"4,25 a 4,5",Baixa
1322,40605285,"The Sweetness at the Bottom of the Pie (Flavia de Luce, #1)",Alan Bradley,https://www.goodreads.com/book/show/40605285-the-sweetness-at-the-bottom-of-the-pie,https://i.gr-assets.com/images/S/compressed.photo.goodreads.com/books/1529610868i/40605285._SY75_.jpg,3.82,182356,4.005573450599391,7076,85,"3,5 a 4,0",Alta
1323,19405702,Walks Away Woman,Ki Longfellow,https://www.goodreads.com/book/show/19405702-walks-away-woman,https://i.gr-assets.com/images/S/compressed.photo.goodreads.com/books/1386953097i/19405702._SY75_.jpg,4.37,1195,4.0929505619401665,7074,74,"4,25 a 4,5",Baixa
1324,76706470,"Heir of Fire (Throne of Glass, #3)",Sarah J. Maas,https://www.goodreads.com/book/show/76706470-heir-of-fire,https://i.gr-assets.com/images/S/compressed.photo.goodreads.com/books/1673566654i/76706470._SY75_.jpg,4.44,1763600,4.3768558759333605,7065,81,"4,25 a 4,5",Muito alta
1325,33623824,Get Rich or Get Lucky,Max Nowaz,https://www.goodreads.com/book/show/33623824-get-rich-or-get-lucky,https://i.gr-assets.com/images/S/compressed.photo.goodreads.com/books/1482926569i/33623824._SY75_.jpg,4.25,20277,4.099887145429982,7064,75,"4,0 a 4,25",Baixa
1326,18302455,"The Circle (The Circle, #1)",Dave Eggers,https://www.goodreads.com/book/show/18302455-the-circle,https://i.gr-assets.com/images/S/compressed.photo.goodreads.com/books/1376419833i/18302455._SX50_.jpg,3.43,235600,3.8431866646582007,7060,78,"Até 3,5",Alta
1327,3570231,"At Grave's End (Night Huntress, #3)",Jeaniene Frost,https://www.goodreads.com/book/show/3570231-at-grave-s-end,https://i.gr-assets.com/images/S/compressed.photo.goodreads.com/books/1448167943i/3570231._SY75_.jpg,4.28,93226,4.128272796937066,7050,95,"4,25 a 4,5",Média
1328,54017875,Pawcasso,Remy Lai,https://www.goodreads.com/book/show/54017875-pawcasso,https://i.gr-assets.com/images/S/compressed.photo.goodreads.com/books/1601339988i/54017875._SX50_.jpg,4.08,2311,4.0920328944315685,7043,76,"4,0 a 4,25",Baixa
1329,58922,The Runaway Bunny,Margaret Wise Brown,https://www.goodreads.com/book/show/58922.The_Runaway_Bunny,https://i.gr-assets.com/images/S/compressed.photo.goodreads.com/books/1763837010i/58922._SX50_.jpg,4.09,89113,4.091713545621949,7042,95,"4,0 a 4,25",Média
1330,76707900,"Queen of Shadows (Throne of Glass, #4)",Sarah J. Maas,https://www.goodreads.com/book/show/76707900-queen-of-shadows,https://i.gr-assets.com/images/S/compressed.photo.goodreads.com/books/1673566810i/76707900._SY75_.jpg,4.62,1593806,4.515989046426956,7026,78,"Acima de 4,5",Muito alta
1331,8685612,"The Iron Queen (The Iron Fey, #3)",Julie Kagawa,https://www.goodreads.com/book/show/8685612-the-iron-queen,https://i.gr-assets.com/images/S/compressed.photo.goodreads.com/books/1321070331i/8685612._SY75_.jpg,4.19,109849,4.113571636338229,7025,90,"4,0 a 4,25",Média
1332,63140926,Victor's Blessing,Barbara Sontheimer,https://www.goodreads.com/book/show/63140926-victor-s-blessing,https://i.gr-assets.com/images/S/compressed.photo.goodreads.com/books/1667204880i/63140926._SX50_.jpg,4.33,6153,4.095788918736135,7024,75,"4,25 a 4,5",Baixa
1333,205879799,"The Art of Avoiding Your Werewolf (Wildwood, #1)",Lola Glass,https://www.goodreads.com/book/show/205879799-the-art-of-avoiding-your-werewolf,https://i.gr-assets.com/images/S/compressed.photo.goodreads.com/books/1708530409i/205879799._SX50_.jpg,3.79,9775,4.084737094074365,7017,74,"3,5 a 4,0",Baixa
1334,3228917,Outliers: The Story of Success,Malcolm Gladwell,https://www.goodreads.com/book/show/3228917-outliers,https://i.gr-assets.com/images/S/compressed.photo.goodreads.com/books/1344266315i/3228917._SX50_.jpg,4.19,890005,4.160115005102508,7014,101,"4,0 a 4,25",Muito alta
1334,34051011,Pachinko,Min Jin Lee,https://www.goodreads.com/book/show/34051011-pachinko,https://i.gr-assets.com/images/S/compressed.photo.goodreads.com/books/1766879949i/34051011._SY75_.jpg,4.34,690436,4.250359822349492,7014,85,"4,25 a 4,5",Muito alta
1336,13821,Lord of Light,Roger Zelazny,https://www.goodreads.com/book/show/13821.Lord_of_Light,https://i.gr-assets.com/images/S/compressed.photo.goodreads.com/books/1330127327i/13821._SY75_.jpg,4.05,36703,4.088491560041726,7013,79,"4,0 a 4,25",Baixa
1337,45857086,"The Burning God (The Poppy War, #3)",R.F. Kuang,https://www.goodreads.com/book/show/45857086-the-burning-god,https://i.gr-assets.com/images/S/compressed.photo.goodreads.com/books/1584965579i/45857086._SY75_.jpg,4.26,195424,4.1480471239116135,7009,76,"4,25 a 4,5",Alta
1338,2744,Anansi Boys,Neil Gaiman,https://www.goodreads.com/book/show/2744.Anansi_Boys,https://i.gr-assets.com/images/S/compressed.photo.goodreads.com/books/1479778049i/2744._SY75_.jpg,4.04,231273,4.072741622265472,7007,96,"4,0 a 4,25",Alta
1339,8709526,"The Indigo Spell (Bloodlines, #3)",Richelle Mead,https://www.goodreads.com/book/show/8709526-the-indigo-spell,https://i.gr-assets.com/images/S/compressed.photo.goodreads.com/books/1588127441i/8709526._SY75_.jpg,4.35,107739,4.147806399802734,6999,96,"4,25 a 4,5",Média
1340,2794,The Crying of Lot 49,Thomas Pynchon,https://www.goodreads.com/book/show/2794.The_Crying_of_Lot_49,https://i.gr-assets.com/images/S/compressed.photo.goodreads.com/books/1657594162i/2794._SY75_.jpg,3.69,101931,4.008968328641254,6997,90,"3,5 a 4,0",Média
1341,19390926,"Point of Retreat (Slammed, #2)",Colleen Hoover,https://www.goodreads.com/book/show/19390926-point-of-retreat,https://i.gr-assets.com/images/S/compressed.photo.goodreads.com/books/1761078254i/19390926._SY75_.jpg,4.09,303105,4.091185322369409,6985,83,"4,0 a 4,25",Alta
1342,22590,Ubik,Philip K. Dick,https://www.goodreads.com/book/show/22590.Ubik,https://i.gr-assets.com/images/S/compressed.photo.goodreads.com/books/1327995569i/22590._SY75_.jpg,4.11,128897,4.096540229650211,6984,86,"4,0 a 4,25",Média
1343,40490167,Maus I: Un Survivant Raconte: Mon Père Saigne L'histoire,Art Spiegelman,https://www.goodreads.com/book/show/40490167-maus-i,https://i.gr-assets.com/images/S/compressed.photo.goodreads.com/books/1528405439i/40490167._SY75_.jpg,4.39,386135,4.240104181365341,6983,100,"4,25 a 4,5",Alta
1344,6668467,Winter Garden,Kristin Hannah,https://www.goodreads.com/book/show/6668467-winter-garden,https://i.gr-assets.com/images/S/compressed.photo.goodreads.com/books/1265932201i/6668467._SY75_.jpg,4.28,486953,4.196310154818081,6980,81,"4,25 a 4,5",Muito alta
1345,54183020,"Death Leaves a Shadow (Marlowe Black Mystery, #2)",Gabriel F.W. Koch,https://www.goodreads.com/book/show/54183020-death-leaves-a-shadow,https://i.gr-assets.com/images/S/compressed.photo.goodreads.com/books/1592631430i/54183020._SY75_.jpg,4.3,16015,4.100282553669499,6977,76,"4,25 a 4,5",Baixa
1346,1240662,"Lover Enshrined (Black Dagger Brotherhood, #6)",J.R. Ward,https://www.goodreads.com/book/show/1240662.Lover_Enshrined,https://i.gr-assets.com/images/S/compressed.photo.goodreads.com/books/1327896547i/1240662._SY75_.jpg,4.11,124068,4.096414057877458,6970,96,"4,0 a 4,25",Média
1347,46206745,Coo,Kaela Noel,https://www.goodreads.com/book/show/46206745-coo,https://i.gr-assets.com/images/S/compressed.photo.goodreads.com/books/1569109489i/46206745._SY75_.jpg,4.21,1315,4.0924990940854995,6968,75,"4,0 a 4,25",Baixa
1348,34196663,"Vow of Thieves (Dance of Thieves, #2)",Mary E. Pearson,https://www.goodreads.com/book/show/34196663-vow-of-thieves,https://i.gr-assets.com/images/S/compressed.photo.goodreads.com/books/1548909404i/34196663._SY75_.jpg,4.29,120826,4.138813644082638,6943,74,"4,25 a 4,5",Média
1349,11557,Swan Song,Robert McCammon,https://www.goodreads.com/book/show/11557.Swan_Song,https://i.gr-assets.com/images/S/compressed.photo.goodreads.com/books/1445981000i/11557._SY75_.jpg,4.3,78857,4.126989588297599,6922,85,"4,25 a 4,5",Média
1350,40493,"The Valley of Horses (Earth's Children, #2)",Jean M. Auel,https://www.goodreads.com/book/show/40493.The_Valley_of_Horses,https://i.gr-assets.com/images/S/compressed.photo.goodreads.com/books/1324059760i/40493._SY75_.jpg,4.05,98440,4.083637111190894,6909,105,"4,0 a 4,25",Média
1351,8694,"Life, the Universe and Everything (The Hitchhiker's Guide to the Galaxy, #3)",Douglas Adams,https://www.goodreads.com/book/show/8694.Life_the_Universe_and_Everything,https://i.gr-assets.com/images/S/compressed.photo.goodreads.com/books/1333577589i/8694._SX50_.jpg,4.16,256090,4.1189709228947695,6898,106,"4,0 a 4,25",Alta
1352,215598873,Steel Blood,Gabriel F.W. Koch,https://www.goodreads.com/book/show/215598873-steel-blood,https://i.gr-assets.com/images/S/compressed.photo.goodreads.com/books/1721732029i/215598873._SY75_.jpg,4.32,7241,4.096246869265864,6882,77,"4,25 a 4,5",Baixa
1353,337113,The Tenant of Wildfell Hall,Anne Brontë,https://www.goodreads.com/book/show/337113.The_Tenant_of_Wildfell_Hall,https://i.gr-assets.com/images/S/compressed.photo.goodreads.com/books/1479652419i/337113._SY75_.jpg,4.04,138194,4.078499609886925,6881,96,"4,0 a 4,25",Média
1354,211096516,A Language of Dragons (A Language of Dragons #1),S.F. Williamson,https://www.goodreads.com/book/show/211096516-a-language-of-dragons,https://i.gr-assets.com/images/S/compressed.photo.goodreads.com/books/1722517068i/211096516._SY75_.jpg,3.83,24096,4.076892025861275,6878,74,"3,5 a 4,0",Baixa
1355,7402393,"Nightshade (Nightshade, #1; Nightshade World, #4)",Andrea Cremer,https://www.goodreads.com/book/show/7402393-nightshade,https://i.gr-assets.com/images/S/compressed.photo.goodreads.com/books/1333400218i/7402393._SY75_.jpg,4.01,84776,4.077476806618798,6866,92,"4,0 a 4,25",Média
1356,9067850,"The Throne of Fire (The Kane Chronicles, #2)",Rick Riordan,https://www.goodreads.com/book/show/9067850-the-throne-of-fire,https://i.gr-assets.com/images/S/compressed.photo.goodreads.com/books/1661018148i/9067850._SY75_.jpg,4.18,233612,4.124973855384106,6845,99,"4,0 a 4,25",Alta
1357,31338,"Memnoch the Devil (The Vampire Chronicles, #5)",Anne Rice,https://www.goodreads.com/book/show/31338.Memnoch_the_Devil,https://i.gr-assets.com/images/S/compressed.photo.goodreads.com/books/1506208231i/31338._SX50_.jpg,3.76,88014,4.031093518344753,6810,97,"3,5 a 4,0",Média
1358,24384,"The Cricket in Times Square (Chester Cricket and His Friends, #1)",George Selden,https://www.goodreads.com/book/show/24384.The_Cricket_in_Times_Square,https://i.gr-assets.com/images/S/compressed.photo.goodreads.com/books/1387735970i/24384._SY75_.jpg,4.04,68237,4.084363344107647,6809,74,"4,0 a 4,25",Média
1359,67993636,The Forgotten Palace,Alexandra Walsh,https://www.goodreads.com/book/show/67993636-the-forgotten-palace,https://i.gr-assets.com/images/S/compressed.photo.goodreads.com/books/1673397536i/67993636._SY75_.jpg,4.17,3580,4.092810600998452,6801,71,"4,0 a 4,25",Baixa
1360,13644052,"Origin (Lux, #4)",Jennifer L. Armentrout,https://www.goodreads.com/book/show/13644052-origin,https://i.gr-assets.com/images/S/compressed.photo.goodreads.com/books/1398100888i/13644052._SX50_.jpg,4.31,120079,4.143290999336314,6784,87,"4,25 a 4,5",Média
1360,23513349,Milk and honey,Rupi Kaur,https://www.goodreads.com/book/show/23513349-milk-and-honey,https://i.gr-assets.com/images/S/compressed.photo.goodreads.com/books/1491595510i/23513349._SY75_.jpg,3.95,838957,3.995180840098607,6784,82,"3,5 a 4,0",Muito alta
1362,58690308,Book Lovers,Emily Henry,https://www.goodreads.com/book/show/58690308-book-lovers,https://i.gr-assets.com/images/S/compressed.photo.goodreads.com/books/1638867089i/58690308._SY75_.jpg,4.08,1687745,4.082277074640817,6772,79,"4,0 a 4,25",Muito alta
1363,29236380,Girl in Pieces,Kathleen Glasgow,https://www.goodreads.com/book/show/29236380-girl-in-pieces,https://i.gr-assets.com/images/S/compressed.photo.goodreads.com/books/1469509467i/29236380._SY75_.jpg,3.93,287954,4.0233615752330785,6769,72,"3,5 a 4,0",Alta
1364,40121378,Atomic Habits: An Easy & Proven Way to Build Good Habits & Break Bad Ones,James Clear,https://www.goodreads.com/book/show/40121378-atomic-habits,https://i.gr-assets.com/images/S/compressed.photo.goodreads.com/books/1655988385i/40121378._SY75_.jpg,4.31,1419333,4.26293068719678,6757,77,"4,25 a 4,5",Muito alta
1364,59961135,"Accidental Mystic (Midlife Melody, #1)",Phoebe Ravencraft,https://www.goodreads.com/book/show/59961135-accidental-mystic,https://i.gr-assets.com/images/S/compressed.photo.goodreads.com/books/1761521298i/59961135._SY75_.jpg,4.18,2175,4.092590130972019,6757,71,"4,0 a 4,25",Baixa
1366,22881898,Shot Down: The True Story of Pilot Howard Snyder and the Crew of the B-17 Susan Ruth,Steve Snyder,https://www.goodreads.com/book/show/22881898-shot-down,https://i.gr-assets.com/images/S/compressed.photo.goodreads.com/books/1416874318i/22881898._SX50_.jpg,4.21,8591,4.094638190960457,6755,74,"4,0 a 4,25",Baixa
1367,11573,The Dead Zone,Stephen  King,https://www.goodreads.com/book/show/11573.The_Dead_Zone,https://i.gr-assets.com/images/S/compressed.photo.goodreads.com/books/1283509622i/11573._SY75_.jpg,3.97,254189,4.0440039710493165,6738,106,"3,5 a 4,0",Alta
1368,61138863,"On Her Watch (Bree Taggert, #8)",Melinda Leigh,https://www.goodreads.com/book/show/61138863-on-her-watch,https://i.gr-assets.com/images/S/compressed.photo.goodreads.com/books/1653498055i/61138863._SY75_.jpg,4.49,22196,4.113473940641471,6735,71,"4,25 a 4,5",Baixa
1369,1772910,White Nights,Fyodor Dostoevsky,https://www.goodreads.com/book/show/1772910.White_Nights,https://i.gr-assets.com/images/S/compressed.photo.goodreads.com/books/1450699039i/1772910._SX50_.jpg,4.06,445990,4.074999038489876,6732,76,"4,0 a 4,25",Muito alta
1370,14817,A Scanner Darkly,Philip K. Dick,https://www.goodreads.com/book/show/14817.A_Scanner_Darkly,https://i.gr-assets.com/images/S/compressed.photo.goodreads.com/books/1388737865i/14817._SY75_.jpg,4.02,113316,4.075905368934277,6729,88,"4,0 a 4,25",Média
1371,123004948,The Ball at Versailles,Danielle Steel,https://www.goodreads.com/book/show/123004948-the-ball-at-versailles,https://i.gr-assets.com/images/S/compressed.photo.goodreads.com/books/1678487379i/123004948._SY75_.jpg,4.02,13540,4.089691152512569,6721,70,"4,0 a 4,25",Baixa
1372,29209,The Color of Water: A Black Man's Tribute to His White Mother,James   McBride,https://www.goodreads.com/book/show/29209.The_Color_of_Water,https://i.gr-assets.com/images/S/compressed.photo.goodreads.com/books/1401311300i/29209._SY75_.jpg,4.16,136510,4.1096715615237756,6720,92,"4,0 a 4,25",Média
1373,30043,A River Runs Through It and Other Stories,Norman Maclean,https://www.goodreads.com/book/show/30043.A_River_Runs_Through_It_and_Other_Stories,https://i.gr-assets.com/images/S/compressed.photo.goodreads.com/books/1386924914i/30043._SY75_.jpg,4.19,32026,4.099513991204347,6715,93,"4,0 a 4,25",Baixa
1374,19494,"The Spy Who Came In from the Cold (George Smiley, #3)",John le Carré,https://www.goodreads.com/book/show/19494.The_Spy_Who_Came_In_from_the_Cold,https://i.gr-assets.com/images/S/compressed.photo.goodreads.com/books/1327719782i/19494._SY75_.jpg,4.09,134192,4.09156648883461,6714,103,"4,0 a 4,25",Média
1375,18386,The Death of Ivan Ilych,Leo Tolstoy,https://www.goodreads.com/book/show/18386.The_Death_of_Ivan_Ilych,https://i.gr-assets.com/images/S/compressed.photo.goodreads.com/books/1663546974i/18386._SY75_.jpg,4.14,258465,4.111162610790695,6701,86,"4,0 a 4,25",Alta
1376,1295102,Lock and Key,Sarah Dessen,https://www.goodreads.com/book/show/1295102.Lock_and_Key,https://i.gr-assets.com/images/S/compressed.photo.goodreads.com/books/1479691949i/1295102._SY75_.jpg,3.99,153022,4.063388544531342,6700,89,"3,5 a 4,0",Alta
1377,175242,"Every Dead Thing (Charlie Parker, #1)",John Connolly,https://www.goodreads.com/book/show/175242.Every_Dead_Thing,https://i.gr-assets.com/images/S/compressed.photo.goodreads.com/books/1393929687i/175242._SY75_.jpg,3.95,34826,4.08048428769443,6699,74,"3,5 a 4,0",Baixa
1378,27414384,Wish,Barbara O'Connor,https://www.goodreads.com/book/show/27414384-wish,https://i.gr-assets.com/images/S/compressed.photo.goodreads.com/books/1472977810i/27414384._SX50_.jpg,4.32,24112,4.105338885127449,6697,72,"4,25 a 4,5",Baixa
1379,407429,The Stinky Cheese Man and Other Fairly Stupid Tales,Jon Scieszka,https://www.goodreads.com/book/show/407429.The_Stinky_Cheese_Man_and_Other_Fairly_Stupid_Tales,https://i.gr-assets.com/images/S/compressed.photo.goodreads.com/books/1488588399i/407429._SX50_.jpg,4.2,96390,4.113438809196244,6694,92,"4,0 a 4,25",Média
1380,8652190,"Awakened (House of Night, #8)",P.C. Cast,https://www.goodreads.com/book/show/8652190-awakened,https://i.gr-assets.com/images/S/compressed.photo.goodreads.com/books/1307744664i/8652190._SY75_.jpg,4.0,146113,4.067052346379682,6692,101,"3,5 a 4,0",Média
1381,5479,Brave New World and Brave New World Revisited,Aldous Huxley,https://www.goodreads.com/book/show/5479.Brave_New_World_and_Brave_New_World_Revisited,https://i.gr-assets.com/images/S/compressed.photo.goodreads.com/books/1331315450i/5479._SY75_.jpg,4.16,173655,4.112981870543878,6686,100,"4,0 a 4,25",Alta
1382,204593914,"Phantasma (Wicked Games, #1)",Kaylie Smith,https://www.goodreads.com/book/show/204593914-phantasma,https://i.gr-assets.com/images/S/compressed.photo.goodreads.com/books/1710664241i/204593914._SY75_.jpg,4.04,368259,4.0668349857860076,6684,73,"4,0 a 4,25",Alta
1383,460548,"Go, Dog. Go!",P.D. Eastman,https://www.goodreads.com/book/show/460548.Go_Dog_Go_,https://i.gr-assets.com/images/S/compressed.photo.goodreads.com/books/1333578440i/460548._SX50_.jpg,4.16,97513,4.10565460855363,6680,104,"4,0 a 4,25",Média
1384,12948,The Turn of the Screw,Henry James,https://www.goodreads.com/book/show/12948.The_Turn_of_the_Screw,https://i.gr-assets.com/images/S/compressed.photo.goodreads.com/books/1567172392i/12948._SY75_.jpg,3.38,187745,3.8611295392404363,6671,110,"Até 3,5",Alta
1384,2241348,Little Blue Truck,Alice Schertle,https://www.goodreads.com/book/show/2241348.Little_Blue_Truck,https://i.gr-assets.com/images/S/compressed.photo.goodreads.com/books/1388378346i/2241348._SX50_.jpg,4.5,21772,4.113614603264724,6671,71,"4,25 a 4,5",Baixa
1386,12557,The Kitchen God's Wife,Amy Tan,https://www.goodreads.com/book/show/12557.The_Kitchen_God_s_Wife,https://i.gr-assets.com/images/S/compressed.photo.goodreads.com/books/1434152599i/12557._SY75_.jpg,4.04,90240,4.082335327113988,6670,111,"4,0 a 4,25",Média
1387,304079,The Essential Rumi,Jalal ad-Din Muhammad ar-Rumi,https://www.goodreads.com/book/show/304079.The_Essential_Rumi,https://i.gr-assets.com/images/S/compressed.photo.goodreads.com/books/1391414844i/304079._SX50_.jpg,4.39,51766,4.1269261689241254,6662,73,"4,25 a 4,5",Média
1388,2722413,"Evernight (Evernight, #1)",Claudia Gray,https://www.goodreads.com/book/show/2722413-evernight,https://i.gr-assets.com/images/S/compressed.photo.goodreads.com/books/1306376600i/2722413._SY75_.jpg,3.65,82704,4.0149302006829055,6656,91,"3,5 a 4,0",Média
1389,479309,"Naked in Death (In Death, #1)",J.D. Robb,https://www.goodreads.com/book/show/479309.Naked_in_Death,https://i.gr-assets.com/images/S/compressed.photo.goodreads.com/books/1333326143i/479309._SY75_.jpg,4.13,207912,4.105257803868244,6648,88,"4,0 a 4,25",Alta
1390,10929,For One More Day,Mitch Albom,https://www.goodreads.com/book/show/10929.For_One_More_Day,https://i.gr-assets.com/images/S/compressed.photo.goodreads.com/books/1438705425i/10929._SX50_.jpg,4.14,167487,4.106465655057958,6636,96,"4,0 a 4,25",Alta
1391,33676,"Saving the World and Other Extreme Sports (Maximum Ride, #3)",James  Patterson,https://www.goodreads.com/book/show/33676.Saving_the_World_and_Other_Extreme_Sports,https://i.gr-assets.com/images/S/compressed.photo.goodreads.com/books/1442335715i/33676._SY75_.jpg,4.13,98269,4.099714103047973,6621,96,"4,0 a 4,25",Média
1392,7137775,"Rules of Attraction (Perfect Chemistry, #2)",Simone Elkeles,https://www.goodreads.com/book/show/7137775-rules-of-attraction,https://i.gr-assets.com/images/S/compressed.photo.goodreads.com/books/1439792205i/7137775._SX50_.jpg,4.17,89883,4.10666128455211,6616,80,"4,0 a 4,25",Média
1393,8235178,"Across the Universe (Across the Universe, #1)",Beth Revis,https://www.goodreads.com/book/show/8235178-across-the-universe,https://i.gr-assets.com/images/S/compressed.photo.goodreads.com/books/1401852218i/8235178._SY75_.jpg,3.77,119701,4.016619370989664,6615,85,"3,5 a 4,0",Média
1394,209441121,"Code Yellow in Gretna Green (Midlife Recorder, #5)",Linzi Day,https://www.goodreads.com/book/show/209441121-code-yellow-in-gretna-green,https://i.gr-assets.com/images/S/compressed.photo.goodreads.com/books/1709475621i/209441121._SY75_.jpg,4.65,4357,4.098250992471002,6607,70,"Acima de 4,5",Baixa
1395,35224992,Last Night at the Telegraph Club,Malinda Lo,https://www.goodreads.com/book/show/35224992-last-night-at-the-telegraph-club,https://i.gr-assets.com/images/S/compressed.photo.goodreads.com/books/1593457992i/35224992._SY75_.jpg,4.18,128999,4.113905456611222,6595,70,"4,0 a 4,25",Média
1396,4965,Year of Wonders,Geraldine Brooks,https://www.goodreads.com/book/show/4965.Year_of_Wonders,https://i.gr-assets.com/images/S/compressed.photo.goodreads.com/books/1678314640i/4965._SY75_.jpg,4.01,179837,4.066241540743828,6592,92,"4,0 a 4,25",Alta
1397,107291,Needful Things,Stephen  King,https://www.goodreads.com/book/show/107291.Needful_Things,https://i.gr-assets.com/images/S/compressed.photo.goodreads.com/books/1315767817i/107291._SY75_.jpg,3.99,287582,4.048837631648414,6587,95,"3,5 a 4,0",Alta
1398,2355575,"Cry Wolf (Alpha & Omega, #1)",Patricia Briggs,https://www.goodreads.com/book/show/2355575.Cry_Wolf,https://i.gr-assets.com/images/S/compressed.photo.goodreads.com/books/1310494063i/2355575._SY75_.jpg,4.12,110974,4.098270121730748,6573,88,"4,0 a 4,25",Média
1398,14662,The Red and the Black,Stendhal,https://www.goodreads.com/book/show/14662.The_Red_and_the_Black,https://i.gr-assets.com/images/S/compressed.photo.goodreads.com/books/1635011110i/14662._SY75_.jpg,3.86,87248,4.049767824739784,6573,91,"3,5 a 4,0",Média
1400,229109897,Escaping the Russian Onslaught: A Family’s Story of Fleeing the Russian Army after Hitler’s Nazi Regime,Dorlies von Kaphengst Meissner Rasmussen,https://www.goodreads.com/book/show/229109897-escaping-the-russian-onslaught,https://i.gr-assets.com/images/S/compressed.photo.goodreads.com/books/1741899573i/229109897._SX50_.jpg,4.38,878,4.092748896147873,6565,76,"4,25 a 4,5",Baixa
1401,2936415,Where Men Win Glory: The Odyssey of Pat Tillman,Jon Krakauer,https://www.goodreads.com/book/show/2936415-where-men-win-glory,https://i.gr-assets.com/images/S/compressed.photo.goodreads.com/books/1439088374i/2936415._SY75_.jpg,4.1,45130,4.092920913567582,6563,72,"4,0 a 4,25",Baixa
1402,68427,"Elantris (Elantris, #1)",Brandon Sanderson,https://www.goodreads.com/book/show/68427.Elantris,https://i.gr-assets.com/images/S/compressed.photo.goodreads.com/books/1475740953i/68427._SY75_.jpg,4.16,372679,4.125234069218756,6555,79,"4,0 a 4,25",Alta
1403,203220,Les Fleurs du Mal,Charles Baudelaire,https://www.goodreads.com/book/show/203220.Les_Fleurs_du_Mal,https://i.gr-assets.com/images/S/compressed.photo.goodreads.com/books/1388667125i/203220._SY75_.jpg,4.19,83598,4.109344944129056,6551,87,"4,0 a 4,25",Média
1404,15760001,"On Dublin Street (On Dublin Street, #1)",Samantha Young,https://www.goodreads.com/book/show/15760001-on-dublin-street,https://i.gr-assets.com/images/S/compressed.photo.goodreads.com/books/1490401910i/15760001._SX50_.jpg,4.14,206726,4.108666791397052,6549,83,"4,0 a 4,25",Alta
1405,4031,Lunar Park,Bret Easton Ellis,https://www.goodreads.com/book/show/4031.Lunar_Park,https://i.gr-assets.com/images/S/compressed.photo.goodreads.com/books/1385309748i/4031._SY75_.jpg,3.65,31505,4.059143857543706,6514,74,"3,5 a 4,0",Baixa
1406,51161357,Digging for God,Tom Hillman,https://www.goodreads.com/book/show/51161357-digging-for-god,https://i.gr-assets.com/images/S/compressed.photo.goodreads.com/books/1565525114l/51161357._SX50_SY75_.jpg,4.31,5607,4.095183860348599,6503,70,"4,25 a 4,5",Baixa
1407,17889664,"To Live and Die in Fantasyland (To Live, #3)",Ben Peller,https://www.goodreads.com/book/show/17889664-to-live-and-die-in-fantasyland,https://i.gr-assets.com/images/S/compressed.photo.goodreads.com/books/1371152045i/17889664._SY75_.jpg,4.37,106,4.092179301568879,6499,65,"4,25 a 4,5",Baixa
1408,17347389,"The Dream Thieves (The Raven Cycle, #2)",Maggie Stiefvater,https://www.goodreads.com/book/show/17347389-the-dream-thieves,https://i.gr-assets.com/images/S/compressed.photo.goodreads.com/books/1477103777i/17347389._SY75_.jpg,4.22,225240,4.13884475153238,6494,77,"4,0 a 4,25",Alta
1409,40603587,"The Last Wish (The Witcher, #0.5)",Andrzej Sapkowski,https://www.goodreads.com/book/show/40603587-the-last-wish,https://i.gr-assets.com/images/S/compressed.photo.goodreads.com/books/1529591917i/40603587._SX50_.jpg,4.14,435700,4.117344412527746,6471,75,"4,0 a 4,25",Muito alta
1410,125373512,"Boy of Chaotic Making (Whimbrel House, #3)",Charlie N. Holmberg,https://www.goodreads.com/book/show/125373512-boy-of-chaotic-making,https://i.gr-assets.com/images/S/compressed.photo.goodreads.com/books/1696009452i/125373512._SY75_.jpg,4.27,14107,4.098297619802178,6469,68,"4,25 a 4,5",Baixa
1411,18414,Utopia,Thomas More,https://www.goodreads.com/book/show/18414.Utopia,https://i.gr-assets.com/images/S/compressed.photo.goodreads.com/books/1388190168i/18414._SY75_.jpg,3.55,85806,3.9945634920617947,6466,82,"3,5 a 4,0",Média
1412,17343,Till We Have Faces,C.S. Lewis,https://www.goodreads.com/book/show/17343.Till_We_Have_Faces,https://i.gr-assets.com/images/S/compressed.photo.goodreads.com/books/1381692105i/17343._SY75_.jpg,4.2,85676,4.1114935475963375,6462,79,"4,0 a 4,25",Média
1413,216544518,Death of an Officer (The DCI Frank Merlin Series),Mark   Ellis,https://www.goodreads.com/book/show/216544518-death-of-an-officer,https://i.gr-assets.com/images/S/compressed.photo.goodreads.com/books/1741982549i/216544518._SY75_.jpg,4.32,6084,4.0955950431099435,6461,71,"4,25 a 4,5",Baixa
1414,77392,"Anne of the Island (Anne of Green Gables, #3)",L.M. Montgomery,https://www.goodreads.com/book/show/77392.Anne_of_the_Island,https://i.gr-assets.com/images/S/compressed.photo.goodreads.com/books/1435829564i/77392._SY75_.jpg,4.29,200851,4.159252973671373,6458,98,"4,25 a 4,5",Alta
1415,25437891,The V Girl: A Coming of Age Story,Mya Robarts,https://www.goodreads.com/book/show/25437891-the-v-girl,https://i.gr-assets.com/images/S/compressed.photo.goodreads.com/books/1688009281i/25437891._SY75_.jpg,3.95,17061,4.086163817835348,6451,68,"3,5 a 4,0",Baixa
1416,12180581,"Switched (Trylle, #1)",Amanda Hocking,https://www.goodreads.com/book/show/12180581-switched,https://i.gr-assets.com/images/S/compressed.photo.goodreads.com/books/1352379430i/12180581._SX50_.jpg,3.87,103325,4.045686870344854,6446,79,"3,5 a 4,0",Média
1417,13139,"School's Out—Forever (Maximum Ride, #2)",James  Patterson,https://www.goodreads.com/book/show/13139.School_s_Out_Forever,https://i.gr-assets.com/images/S/compressed.photo.goodreads.com/books/1346079917i/13139._SY75_.jpg,4.14,125662,4.103751395443864,6442,93,"4,0 a 4,25",Média
1418,35036409,"My Brilliant Friend (Neapolitan Novels, #1)",Elena Ferrante,https://www.goodreads.com/book/show/35036409-my-brilliant-friend,https://i.gr-assets.com/images/S/compressed.photo.goodreads.com/books/1493655783i/35036409._SY75_.jpg,4.06,513115,4.073885551218306,6440,76,"4,0 a 4,25",Muito alta
1419,40792344,Mere Christianity,C.S. Lewis,https://www.goodreads.com/book/show/40792344-mere-christianity,https://i.gr-assets.com/images/S/compressed.photo.goodreads.com/books/1531409863i/40792344._SX50_.jpg,4.37,473838,4.244346837663075,6433,86,"4,25 a 4,5",Muito alta
1420,36314,Tales of H.P. Lovecraft,H.P. Lovecraft,https://www.goodreads.com/book/show/36314.Tales_of_H_P_Lovecraft,https://i.gr-assets.com/images/S/compressed.photo.goodreads.com/books/1168709833i/36314._SX50_.jpg,4.18,6653,4.093574260162734,6428,99,"4,0 a 4,25",Baixa
1421,64222,"Going Postal (Discworld, #33; Moist von Lipwig, #1)",Terry Pratchett,https://www.goodreads.com/book/show/64222.Going_Postal,https://i.gr-assets.com/images/S/compressed.photo.goodreads.com/books/1388236899i/64222._SY75_.jpg,4.42,139367,4.178253638361177,6423,89,"4,25 a 4,5",Média
1422,107301,A Town Like Alice,Nevil Shute,https://www.goodreads.com/book/show/107301.A_Town_Like_Alice,https://i.gr-assets.com/images/S/compressed.photo.goodreads.com/books/1327957610i/107301._SY75_.jpg,4.16,63653,4.1016079879665845,6416,91,"4,0 a 4,25",Média
1422,5932,Twenty Love Poems and a Song of Despair,Pablo Neruda,https://www.goodreads.com/book/show/5932.Twenty_Love_Poems_and_a_Song_of_Despair,https://i.gr-assets.com/images/S/compressed.photo.goodreads.com/books/1447622711i/5932._SY75_.jpg,4.19,84540,4.109504687081041,6416,93,"4,0 a 4,25",Média
1424,187020,Empire Falls,Richard Russo,https://www.goodreads.com/book/show/187020.Empire_Falls,https://i.gr-assets.com/images/S/compressed.photo.goodreads.com/books/1403184884i/187020._SY75_.jpg,3.95,127890,4.057085300853661,6403,89,"3,5 a 4,0",Média
1425,7747064,"The Iron Daughter (The Iron Fey, #2)",Julie Kagawa,https://www.goodreads.com/book/show/7747064-the-iron-daughter,https://i.gr-assets.com/images/S/compressed.photo.goodreads.com/books/1271790654i/7747064._SY75_.jpg,4.07,130838,4.08656282495695,6397,85,"4,0 a 4,25",Média
1426,34002132,"Oathbringer (The Stormlight Archive, #3)",Brandon Sanderson,https://www.goodreads.com/book/show/34002132-oathbringer,https://i.gr-assets.com/images/S/compressed.photo.goodreads.com/books/1654573897i/34002132._SY75_.jpg,4.6,391843,4.346299242292752,6381,70,"Acima de 4,5",Muito alta
1427,26026063,"Wolf Hollow (Wolf Hollow, #1)",Lauren Wolk,https://www.goodreads.com/book/show/26026063-wolf-hollow,https://i.gr-assets.com/images/S/compressed.photo.goodreads.com/books/1485977210i/26026063._SY75_.jpg,4.17,30590,4.097754946004673,6380,69,"4,0 a 4,25",Baixa
1428,222611395,Chasing Headlines (Chasing Victory #1),J. Rose Black,https://www.goodreads.com/book/show/222611395-chasing-headlines,https://i.gr-assets.com/images/S/compressed.photo.goodreads.com/books/1751713957i/222611395._SX50_.jpg,4.22,9581,4.095162369250371,6376,68,"4,0 a 4,25",Baixa
1429,221850389,Shape Your Path at IE University : What to expect from Spain’s Instituto de Empresa University,Pilar Calvoz Cordón,https://www.goodreads.com/book/show/221850389-shape-your-path-at-ie-university,https://i.gr-assets.com/images/S/compressed.photo.goodreads.com/books/1732361644i/221850389._SY75_.jpg,4.42,970,4.092915270275595,6368,72,"4,25 a 4,5",Baixa
1430,9680718,"Half-Blood (Covenant, #1)",Jennifer L. Armentrout,https://www.goodreads.com/book/show/9680718-half-blood,https://i.gr-assets.com/images/S/compressed.photo.goodreads.com/books/1311865840i/9680718._SX50_.jpg,4.06,117159,4.084703412903064,6360,79,"4,0 a 4,25",Média
1431,52891090,Gentle and Lowly: The Heart of Christ for Sinners and Sufferers,Dane C. Ortlund,https://www.goodreads.com/book/show/52891090-gentle-and-lowly,https://i.gr-assets.com/images/S/compressed.photo.goodreads.com/books/1571689979l/52891090._SX50_SY75_.jpg,4.49,69520,4.152159763956094,6345,68,"4,25 a 4,5",Média
1432,22733729,"The Long Way to a Small, Angry Planet (Wayfarers, #1)",Becky Chambers,https://www.goodreads.com/book/show/22733729-the-long-way-to-a-small-angry-planet,https://i.gr-assets.com/images/S/compressed.photo.goodreads.com/books/1405532474i/22733729._SY75_.jpg,4.16,197274,4.114869373278622,6342,72,"4,0 a 4,25",Alta
1433,24920901,"The Deal (Off-Campus, #1)",Elle Kennedy,https://www.goodreads.com/book/show/24920901-the-deal,https://i.gr-assets.com/images/S/compressed.photo.goodreads.com/books/1431282052i/24920901._SX50_.jpg,4.18,1434396,4.161169613032869,6341,73,"4,0 a 4,25",Muito alta
1434,338691,"Still Life (Chief Inspector Armand Gamache, #1)",Louise Penny,https://www.goodreads.com/book/show/338691.Still_Life,https://i.gr-assets.com/images/S/compressed.photo.goodreads.com/books/1324373974i/338691._SY75_.jpg,3.89,296448,4.004960987301258,6340,70,"3,5 a 4,0",Alta
1434,58701949,"Heaven Official's Blessing: Tian Guan Ci Fu, Vol. 1",Mò Xiāng Tóng Xiù,https://www.goodreads.com/book/show/58701949-heaven-official-s-blessing,https://i.gr-assets.com/images/S/compressed.photo.goodreads.com/books/1633385145i/58701949._SX50_.jpg,4.57,50897,4.147137251587891,6340,67,"Acima de 4,5",Média
1436,18162954,Galatea,Madeline Miller,https://www.goodreads.com/book/show/18162954-galatea,https://i.gr-assets.com/images/S/compressed.photo.goodreads.com/books/1708135971i/18162954._SX50_.jpg,3.93,133690,4.050806569150434,6337,67,"3,5 a 4,0",Média
1437,58064046,Gallant,V.E. Schwab,https://www.goodreads.com/book/show/58064046-gallant,https://i.gr-assets.com/images/S/compressed.photo.goodreads.com/books/1635862579i/58064046._SX50_.jpg,3.7,155010,3.9808037425977276,6333,68,"3,5 a 4,0",Alta
1438,229111032,Rising Above Adversity: Healing and Nurturing your Inner Child,Arelis Calkins,https://www.goodreads.com/book/show/229111032-rising-above-adversity,https://i.gr-assets.com/images/S/compressed.photo.goodreads.com/books/1748100070i/229111032._SY75_.jpg,4.41,1383,4.093224231277411,6328,72,"4,25 a 4,5",Baixa
1439,130260,"Birdman (Jack Caffery, #1)",Mo Hayder,https://www.goodreads.com/book/show/130260.Birdman,https://i.gr-assets.com/images/S/compressed.photo.goodreads.com/books/1388725583i/130260._SY75_.jpg,3.89,27132,4.078992286576629,6319,69,"3,5 a 4,0",Baixa
1440,61884779,The Salt Grows Heavy,Cassandra Khaw,https://www.goodreads.com/book/show/61884779-the-salt-grows-heavy,https://i.gr-assets.com/images/S/compressed.photo.goodreads.com/books/1665333143i/61884779._SY75_.jpg,3.53,33265,4.048039956563722,6316,66,"3,5 a 4,0",Baixa
1441,3227063,"The Way of Shadows (Night Angel, #1)",Brent Weeks,https://www.goodreads.com/book/show/3227063-the-way-of-shadows,https://i.gr-assets.com/images/S/compressed.photo.goodreads.com/books/1672601160i/3227063._SY75_.jpg,4.15,179132,4.110291994344216,6314,76,"4,0 a 4,25",Alta
1442,79834,Lust for Life,Irving Stone,https://www.goodreads.com/book/show/79834.Lust_for_Life,https://i.gr-assets.com/images/S/compressed.photo.goodreads.com/books/1348532272i/79834._SY75_.jpg,4.28,32605,4.106563653363372,6301,73,"4,25 a 4,5",Baixa
1443,31125554,"The Fourth Monkey (4MK Thriller, #1)",J.D. Barker,https://www.goodreads.com/book/show/31125554-the-fourth-monkey,https://i.gr-assets.com/images/S/compressed.photo.goodreads.com/books/1474820373i/31125554._SY75_.jpg,4.25,101585,4.124661297031507,6299,67,"4,0 a 4,25",Média
1444,344262,"Bloodfever (Fever, #2)",Karen Marie Moning,https://www.goodreads.com/book/show/344262.Bloodfever,https://i.gr-assets.com/images/S/compressed.photo.goodreads.com/books/1302566396i/344262._SY75_.jpg,4.24,115079,4.125729201893275,6295,83,"4,0 a 4,25",Média
1445,62151,"The Higher Power of Lucky (The Hard Pan Trilogy, #1)",Susan Patron,https://www.goodreads.com/book/show/62151.The_Higher_Power_of_Lucky,https://i.gr-assets.com/images/S/compressed.photo.goodreads.com/books/1399772267i/62151._SX50_.jpg,3.6,14213,4.074846704144834,6278,67,"3,5 a 4,0",Baixa
1446,1971304,City of Thieves,David Benioff,https://www.goodreads.com/book/show/1971304.City_of_Thieves,https://i.gr-assets.com/images/S/compressed.photo.goodreads.com/books/1392015757i/1971304._SY75_.jpg,4.3,175606,4.156527219664126,6268,74,"4,25 a 4,5",Alta
1447,35743,The Tin Drum,Günter Grass,https://www.goodreads.com/book/show/35743.The_Tin_Drum,https://i.gr-assets.com/images/S/compressed.photo.goodreads.com/books/1327945103i/35743._SY75_.jpg,3.95,47650,4.0766702616536445,6258,90,"3,5 a 4,0",Baixa
1448,19353106,New Morning Mercies: A Daily Gospel Devotional,Paul David Tripp,https://www.goodreads.com/book/show/19353106-new-morning-mercies,https://i.gr-assets.com/images/S/compressed.photo.goodreads.com/books/1414015672i/19353106._SY75_.jpg,4.57,10576,4.104687451158234,6244,67,"Acima de 4,5",Baixa
1449,209741142,"Anathema (The Eating Woods, #1)",Keri Lake,https://www.goodreads.com/book/show/209741142-anathema,https://i.gr-assets.com/images/S/compressed.photo.goodreads.com/books/1712326978i/209741142._SX50_.jpg,4.17,140235,4.112663800005929,6226,67,"4,0 a 4,25",Média
1450,7042,The Tale of Genji,Murasaki Shikibu,https://www.goodreads.com/book/show/7042.The_Tale_of_Genji,https://i.gr-assets.com/images/S/compressed.photo.goodreads.com/books/1616514777i/7042._SX50_.jpg,3.71,15321,4.077699004490015,6223,83,"3,5 a 4,0",Baixa
1451,780889,The Sorrow of War,Bảo Ninh,https://www.goodreads.com/book/show/780889.The_Sorrow_of_War,https://i.gr-assets.com/images/S/compressed.photo.goodreads.com/books/1546101718i/780889._SY75_.jpg,4.08,12427,4.091731227957827,6220,66,"4,0 a 4,25",Baixa
1452,133206574,The Mayor of Maxwell Street,Avery Cunningham,https://www.goodreads.com/book/show/133206574-the-mayor-of-maxwell-street,https://i.gr-assets.com/images/S/compressed.photo.goodreads.com/books/1681770225i/133206574._SX50_.jpg,3.53,8390,4.080298248114537,6217,65,"3,5 a 4,0",Baixa
1453,9592,Mother Night,Kurt Vonnegut Jr.,https://www.goodreads.com/book/show/9592.Mother_Night,https://i.gr-assets.com/images/S/compressed.photo.goodreads.com/books/1344621657i/9592._SY75_.jpg,4.24,111456,4.12490537537404,6212,81,"4,0 a 4,25",Média
1453,45484397,"The Deal (Off-Campus, #1)",Elle Kennedy,https://www.goodreads.com/book/show/45484397-the-deal,https://i.gr-assets.com/images/S/compressed.photo.goodreads.com/books/1557156071i/45484397._SY75_.jpg,4.18,1434396,4.161169613032869,6212,67,"4,0 a 4,25",Muito alta
1455,33456,"A Dirty Job (Grim Reaper, #1)",Christopher Moore,https://www.goodreads.com/book/show/33456.A_Dirty_Job,https://i.gr-assets.com/images/S/compressed.photo.goodreads.com/books/1331323415i/33456._SY75_.jpg,4.03,125553,4.077011405851825,6200,80,"4,0 a 4,25",Média
1455,249,Tropic of Cancer,Henry Miller,https://www.goodreads.com/book/show/249.Tropic_of_Cancer,https://i.gr-assets.com/images/S/compressed.photo.goodreads.com/books/1745406985i/249._SY75_.jpg,3.65,80034,4.016998409406625,6200,88,"3,5 a 4,0",Média
1457,269322,The Raven and Other Poems,Edgar Allan Poe,https://www.goodreads.com/book/show/269322.The_Raven_and_Other_Poems,https://i.gr-assets.com/images/S/compressed.photo.goodreads.com/books/1632080446i/269322._SY75_.jpg,4.3,47085,4.114444365854702,6198,110,"4,25 a 4,5",Baixa
1458,91661,"The Beekeeper's Apprentice (Mary Russell and Sherlock Holmes, #1)",Laurie R. King,https://www.goodreads.com/book/show/91661.The_Beekeeper_s_Apprentice,https://i.gr-assets.com/images/S/compressed.photo.goodreads.com/books/1590945421i/91661._SY75_.jpg,4.04,89634,4.0823886959948705,6197,82,"4,0 a 4,25",Média
1459,6342995,The Score Takes Care of Itself: My Philosophy of Leadership,Bill   Walsh,https://www.goodreads.com/book/show/6342995-the-score-takes-care-of-itself,https://i.gr-assets.com/images/S/compressed.photo.goodreads.com/books/1441150227i/6342995._SY75_.jpg,4.21,7027,4.094184982327021,6196,66,"4,0 a 4,25",Baixa
1460,58438444,Just Once,Karen Kingsbury,https://www.goodreads.com/book/show/58438444-just-once,https://i.gr-assets.com/images/S/compressed.photo.goodreads.com/books/1624806234i/58438444._SY75_.jpg,4.4,10268,4.099981129623551,6193,65,"4,25 a 4,5",Baixa
1461,9670094,Through My Eyes,Tim Tebow,https://www.goodreads.com/book/show/9670094-through-my-eyes,https://i.gr-assets.com/images/S/compressed.photo.goodreads.com/books/1348661769i/9670094._SY75_.jpg,3.95,13329,4.087420373514734,6189,67,"3,5 a 4,0",Baixa
1461,54189398,"The Spanish Love Deception (Love Deception, #1)",Elena  Armas,https://www.goodreads.com/book/show/54189398-the-spanish-love-deception,https://i.gr-assets.com/images/S/compressed.photo.goodreads.com/books/1610900883i/54189398._SY75_.jpg,3.78,846641,3.8786149483096666,6189,68,"3,5 a 4,0",Muito alta
1463,70897,The Secret History,Donna Tartt,https://www.goodreads.com/book/show/70897.The_Secret_History,https://i.gr-assets.com/images/S/compressed.photo.goodreads.com/books/1430768634i/70897._SY75_.jpg,4.14,1121714,4.127618146082275,6188,66,"4,0 a 4,25",Muito alta
1463,63059298,The Awe of God: The Astounding Way a Healthy Fear of God Transforms Your Life,John Bevere,https://www.goodreads.com/book/show/63059298-the-awe-of-god,https://i.gr-assets.com/images/S/compressed.photo.goodreads.com/books/1670914370i/63059298._SX50_.jpg,4.51,6582,4.099020894961875,6188,67,"Acima de 4,5",Baixa
1465,137719687,Moon Over Manifest by Clare Vanderpool (2012-03-01),Clare Vanderpool,https://www.goodreads.com/book/show/137719687-moon-over-manifest-by-clare-vanderpool,https://i.gr-assets.com/images/S/compressed.photo.goodreads.com/books/1694861436i/137719687._SX50_.jpg,4.04,36925,4.087608873006963,6185,66,"4,0 a 4,25",Baixa
1466,16070903,"Fallen Too Far (Rosemary Beach, #1; Too Far, #1)",Abbi Glines,https://www.goodreads.com/book/show/16070903-fallen-too-far,https://i.gr-assets.com/images/S/compressed.photo.goodreads.com/books/1349565157i/16070903._SY75_.jpg,4.15,174748,4.109984339604519,6183,72,"4,0 a 4,25",Alta
1467,56179372,Slewfoot: A Tale of Bewitchery,Brom,https://www.goodreads.com/book/show/56179372-slewfoot,https://i.gr-assets.com/images/S/compressed.photo.goodreads.com/books/1636547755i/56179372._SX50_.jpg,4.2,126095,4.118410620370348,6182,65,"4,0 a 4,25",Média
1468,61341955,An American Beauty,Shana Abe,https://www.goodreads.com/book/show/61341955-an-american-beauty,https://i.gr-assets.com/images/S/compressed.photo.goodreads.com/books/1656001750i/61341955._SX50_.jpg,4.12,32545,4.094247107023121,6171,65,"4,0 a 4,25",Baixa
1469,5174,Fall on Your Knees,Ann-Marie MacDonald,https://www.goodreads.com/book/show/5174.Fall_on_Your_Knees,https://i.gr-assets.com/images/S/compressed.photo.goodreads.com/books/1481449709i/5174._SY75_.jpg,3.97,68812,4.073834043693883,6169,83,"3,5 a 4,0",Média
1470,17309,"This Present Darkness (Darkness, #1)",Frank E. Peretti,https://www.goodreads.com/book/show/17309.This_Present_Darkness,https://i.gr-assets.com/images/S/compressed.photo.goodreads.com/books/1388202265i/17309._SY75_.jpg,4.24,117243,4.126215667471764,6167,86,"4,0 a 4,25",Média
1471,34897,"The Dragon Reborn (The Wheel of Time, #3)",Robert Jordan,https://www.goodreads.com/book/show/34897.The_Dragon_Reborn,https://i.gr-assets.com/images/S/compressed.photo.goodreads.com/books/1659905781i/34897._SX50_.jpg,4.28,333966,4.178651350961852,6163,81,"4,25 a 4,5",Alta
1472,32310202,QB: My Life Behind the Spiral,Steve     Young,https://www.goodreads.com/book/show/32310202-qb,https://i.gr-assets.com/images/S/compressed.photo.goodreads.com/books/1475097284i/32310202._SY75_.jpg,4.27,3786,4.0938096747776305,6133,65,"4,25 a 4,5",Baixa
1473,76334,A New Earth: Awakening to Your Life's Purpose,Eckhart Tolle,https://www.goodreads.com/book/show/76334.A_New_Earth,https://i.gr-assets.com/images/S/compressed.photo.goodreads.com/books/1388206232i/76334._SY75_.jpg,4.17,225106,4.120561049710984,6121,78,"4,0 a 4,25",Alta
1474,6134826,"Blue Moon (The Immortals, #2)",Alyson Noel,https://www.goodreads.com/book/show/6134826-blue-moon,https://i.gr-assets.com/images/S/compressed.photo.goodreads.com/books/1362336365i/6134826._SY75_.jpg,3.61,100572,3.993485282850548,6118,91,"3,5 a 4,0",Média
1474,55404546,Malibu Rising,Taylor Jenkins Reid,https://www.goodreads.com/book/show/55404546-malibu-rising,https://i.gr-assets.com/images/S/compressed.photo.goodreads.com/books/1618293107i/55404546._SY75_.jpg,4.02,1372344,4.035990751177787,6118,69,"4,0 a 4,25",Muito alta
1476,37569325,Belichick: The Making of the Greatest Football Coach of All Time,Ian O'Connor,https://www.goodreads.com/book/show/37569325-belichick,https://i.gr-assets.com/images/S/compressed.photo.goodreads.com/books/1525582972i/37569325._SY75_.jpg,4.11,2236,4.092205738499568,6102,65,"4,0 a 4,25",Baixa
1477,61846256,Scavenger Hunt,Chad Boudreaux,https://www.goodreads.com/book/show/61846256-scavenger-hunt,https://i.gr-assets.com/images/S/compressed.photo.goodreads.com/books/1659542449i/61846256._SX50_.jpg,4.29,7090,4.095627821476088,6094,64,"4,25 a 4,5",Baixa
1478,197375895,House of Vampires and Flame (Shades of Ruin and Magic #1),Meg Xuemei X,https://www.goodreads.com/book/show/197375895-house-of-vampires-and-flame,https://i.gr-assets.com/images/S/compressed.photo.goodreads.com/books/1695846077i/197375895._SX50_.jpg,4.11,5994,4.092374147180097,6087,64,"4,0 a 4,25",Baixa
1479,17851885,I Am Malala: The Story of the Girl Who Stood Up for Education and Was Shot by the Taliban,Malala Yousafzai,https://www.goodreads.com/book/show/17851885-i-am-malala,https://i.gr-assets.com/images/S/compressed.photo.goodreads.com/books/1375414895i/17851885._SY75_.jpg,4.16,638963,4.1342216594178645,6080,81,"4,0 a 4,25",Muito alta
1479,208703615,The Little Bird,Ashby Jones,https://www.goodreads.com/book/show/208703615-the-little-bird,https://i.gr-assets.com/images/S/compressed.photo.goodreads.com/books/1718887394i/208703615._SY75_.jpg,4.47,1429,4.09347979610188,6080,71,"4,25 a 4,5",Baixa
1481,207611566,Witchcraft for Wayward Girls,Grady Hendrix,https://www.goodreads.com/book/show/207611566-witchcraft-for-wayward-girls,https://i.gr-assets.com/images/S/compressed.photo.goodreads.com/books/1728319448i/207611566._SX50_.jpg,3.89,148756,4.036412751443839,6077,65,"3,5 a 4,0",Média
1482,214269329,The Tears of Things: Prophetic Wisdom for an Age of Outrage,Richard Rohr,https://www.goodreads.com/book/show/214269329-the-tears-of-things,https://i.gr-assets.com/images/S/compressed.photo.goodreads.com/books/1734374653i/214269329._SY75_.jpg,4.31,3311,4.093933281814338,6075,65,"4,25 a 4,5",Baixa
1483,42080479,"The School for Good and Evil (The School for Good and Evil, #1)",Soman Chainani,https://www.goodreads.com/book/show/42080479-the-school-for-good-and-evil,https://i.gr-assets.com/images/S/compressed.photo.goodreads.com/books/1538034910i/42080479._SX50_.jpg,3.99,140280,4.065148397577352,6074,73,"3,5 a 4,0",Média
1484,59656358,"A Lady's Guide to Fortune-Hunting (A Lady's Guide, #1)",Sophie Irwin,https://www.goodreads.com/book/show/59656358-a-lady-s-guide-to-fortune-hunting,https://i.gr-assets.com/images/S/compressed.photo.goodreads.com/books/1637358784i/59656358._SY75_.jpg,3.91,54161,4.069952135885729,6071,64,"3,5 a 4,0",Média
1485,17314430,"Wait for You (Wait for You, #1)",J. Lynn,https://www.goodreads.com/book/show/17314430-wait-for-you,https://i.gr-assets.com/images/S/compressed.photo.goodreads.com/books/1363819713i/17314430._SY75_.jpg,4.12,171244,4.100599131370262,6067,78,"4,0 a 4,25",Alta
1486,28195,"Inkspell (Inkworld, #2)",Cornelia Funke,https://www.goodreads.com/book/show/28195.Inkspell,https://i.gr-assets.com/images/S/compressed.photo.goodreads.com/books/1395358683i/28195._SX50_.jpg,3.95,137416,4.0551551194931665,6062,88,"3,5 a 4,0",Média
1487,196924969,طفيليات,أحمد جمال الدين رمضان,https://www.goodreads.com/book/show/196924969,https://i.gr-assets.com/images/S/compressed.photo.goodreads.com/books/1748285673i/196924969._SX50_.jpg,4.41,1142,4.093029589431006,6061,64,"4,25 a 4,5",Baixa
1488,538845,Quo Vadis,Henryk Sienkiewicz,https://www.goodreads.com/book/show/538845.Quo_Vadis,https://i.gr-assets.com/images/S/compressed.photo.goodreads.com/books/1340709653i/538845._SY75_.jpg,4.02,43432,4.084896798535831,6060,81,"4,0 a 4,25",Baixa
1489,44443614,"The MacKinnon's Bride (The Highland Brides, #1)",Tanya Anne Crosby,https://www.goodreads.com/book/show/44443614-the-mackinnon-s-bride,https://i.gr-assets.com/images/S/compressed.photo.goodreads.com/books/1757996616i/44443614._SY75_.jpg,3.99,14238,4.088517300021279,6056,63,"3,5 a 4,0",Baixa
1490,216052988,"Experience Jesus. Really: Finding Refuge, Strength, and Wonder through Everyday Encounters with God",John Eldredge,https://www.goodreads.com/book/show/216052988-experience-jesus-really,https://i.gr-assets.com/images/S/compressed.photo.goodreads.com/books/1736345287i/216052988._SY75_.jpg,4.28,1871,4.092998647793273,6051,65,"4,25 a 4,5",Baixa
1491,211642122,Immortal,Sue Lynn Tan,https://www.goodreads.com/book/show/211642122-immortal,https://i.gr-assets.com/images/S/compressed.photo.goodreads.com/books/1723043112i/211642122._SY75_.jpg,3.77,19512,4.076797121717322,6038,66,"3,5 a 4,0",Baixa
1492,38619,"Magic Bites (Kate Daniels, #1)",Ilona Andrews,https://www.goodreads.com/book/show/38619.Magic_Bites,https://i.gr-assets.com/images/S/compressed.photo.goodreads.com/books/1331612872i/38619._SY75_.jpg,4.05,138534,4.081090644469399,6029,76,"4,0 a 4,25",Média
1493,3462,The Rescue,Nicholas Sparks,https://www.goodreads.com/book/show/3462.The_Rescue,https://i.gr-assets.com/images/S/compressed.photo.goodreads.com/books/1385055753i/3462._SY75_.jpg,4.13,217820,4.105660407542608,6027,83,"4,0 a 4,25",Alta
1494,25111004,November 9,Colleen Hoover,https://www.goodreads.com/book/show/25111004-november-9,https://i.gr-assets.com/images/S/compressed.photo.goodreads.com/books/1447138036i/25111004._SY75_.jpg,4.1,1375741,4.098252243837274,6021,69,"4,0 a 4,25",Muito alta
1495,58509546,A Kind of Hush,JoDee Neathery,https://www.goodreads.com/book/show/58509546-a-kind-of-hush,https://i.gr-assets.com/images/S/compressed.photo.goodreads.com/books/1625669367i/58509546._SX50_.jpg,4.33,1144,4.092797870093613,6020,69,"4,25 a 4,5",Baixa
1496,51969326,Echo Mountain,Lauren Wolk,https://www.goodreads.com/book/show/51969326-echo-mountain,https://i.gr-assets.com/images/S/compressed.photo.goodreads.com/books/1571686964i/51969326._SY75_.jpg,4.25,11522,4.096622791071347,6019,64,"4,0 a 4,25",Baixa
1497,5695,Demons,Fyodor Dostoevsky,https://www.goodreads.com/book/show/5695.Demons,https://i.gr-assets.com/images/S/compressed.photo.goodreads.com/books/1524586008i/5695._SY75_.jpg,4.31,67782,4.124291024708369,6017,73,"4,25 a 4,5",Média
1498,30119,Where the Sidewalk Ends,Shel Silverstein,https://www.goodreads.com/book/show/30119.Where_the_Sidewalk_Ends,https://i.gr-assets.com/images/S/compressed.photo.goodreads.com/books/1769901144i/30119._SX50_.jpg,4.35,1539780,4.297765181356553,6013,87,"4,25 a 4,5",Muito alta
1499,13539044,The Silver Linings Playbook,Matthew Quick,https://www.goodreads.com/book/show/13539044-the-silver-linings-playbook,https://i.gr-assets.com/images/S/compressed.photo.goodreads.com/books/1630676434i/13539044._SX50_.jpg,3.98,164151,4.05896111200053,6007,77,"3,5 a 4,0",Alta
1500,11607446,"The Wishing Spell (The Land of Stories, #1)",Chris Colfer,https://www.goodreads.com/book/show/11607446-the-wishing-spell,https://i.gr-assets.com/images/S/compressed.photo.goodreads.com/books/1326920505i/11607446._SX50_.jpg,4.26,165329,4.141991834970542,5998,70,"4,25 a 4,5",Alta
1500,7278752,Dolores Claiborne,Stephen  King,https://www.goodreads.com/book/show/7278752-dolores-claiborne,https://i.gr-assets.com/images/S/compressed.photo.goodreads.com/books/1722442797i/7278752._SY75_.jpg,3.95,176583,4.04789974945203,5998,90,"3,5 a 4,0",Alta
1500,197003394,مصرائيل,أحمد جمال الدين رمضان,https://www.goodreads.com/book/show/197003394,https://i.gr-assets.com/images/S/compressed.photo.goodreads.com/books/1693491779i/197003394._SX50_.jpg,4.61,1156,4.093630342893674,5998,63,"Acima de 4,5",Baixa
1503,12658,Hawaii,James A. Michener,https://www.goodreads.com/book/show/12658.Hawaii,https://i.gr-assets.com/images/S/compressed.photo.goodreads.com/books/1415585664i/12658._SX50_.jpg,4.22,82582,4.114402370458729,5991,99,"4,0 a 4,25",Média
1503,196930486,مشاغب,أحمد جمال الدين رمضان,https://www.goodreads.com/book/show/196930486,https://i.gr-assets.com/images/S/compressed.photo.goodreads.com/books/1748285772i/196930486._SX50_.jpg,4.41,1117,4.09300938467393,5991,63,"4,25 a 4,5",Baixa
1505,241580307,Debbie Wants No Words,Coco Calvoz Cordon,https://www.goodreads.com/book/show/241580307-debbie-wants-no-words,https://i.gr-assets.com/images/S/compressed.photo.goodreads.com/books/1757764979i/241580307._SX50_.jpg,4.41,969,4.0928897197307235,5989,70,"4,25 a 4,5",Baixa
1506,77163,"Stones from the River (Burgdorf Cycle, #1)",Ursula Hegi,https://www.goodreads.com/book/show/77163.Stones_from_the_River,https://i.gr-assets.com/images/S/compressed.photo.goodreads.com/books/1366513909i/77163._SY75_.jpg,4.09,96806,4.0916865264285205,5988,93,"4,0 a 4,25",Média
1507,61535,The Selfish Gene,Richard Dawkins,https://www.goodreads.com/book/show/61535.The_Selfish_Gene,https://i.gr-assets.com/images/S/compressed.photo.goodreads.com/books/1366758096i/61535._SY75_.jpg,4.16,197754,4.114906162379174,5983,74,"4,0 a 4,25",Alta
1507,30746871,CSB She Reads Truth Bible,Raechel Myers,https://www.goodreads.com/book/show/30746871-csb-she-reads-truth-bible,https://i.gr-assets.com/images/S/compressed.photo.goodreads.com/books/1490410819i/30746871._SX50_.jpg,4.74,2090,4.095548057422888,5983,65,"Acima de 4,5",Baixa
1509,19161852,"The Fifth Season (The Broken Earth, #1)",N.K. Jemisin,https://www.goodreads.com/book/show/19161852-the-fifth-season,https://i.gr-assets.com/images/S/compressed.photo.goodreads.com/books/1386803701i/19161852._SY75_.jpg,4.28,353930,4.181367183490977,5980,68,"4,25 a 4,5",Alta
1509,20958256,"You Can't Make This Up: Miracles, Memories, and the Perfect Marriage of Sports and Television",Al Michaels,https://www.goodreads.com/book/show/20958256-you-can-t-make-this-up,https://i.gr-assets.com/images/S/compressed.photo.goodreads.com/books/1410141185i/20958256._SY75_.jpg,3.97,3918,4.090892848136861,5980,64,"3,5 a 4,0",Baixa
1511,219849520,His Forefathers and Mick,Michael G. Kramer,https://www.goodreads.com/book/show/219849520-his-forefathers-and-mick,https://i.gr-assets.com/images/S/compressed.photo.goodreads.com/books/1727841621i/219849520._SY75_.jpg,4.31,8668,4.096828774068712,5978,66,"4,25 a 4,5",Baixa
1512,29056083,"Harry Potter and the Cursed Child: Parts One and Two (Harry Potter, #8)",J.K. Rowling,https://www.goodreads.com/book/show/29056083-harry-potter-and-the-cursed-child,https://i.gr-assets.com/images/S/compressed.photo.goodreads.com/books/1470082995i/29056083._SY75_.jpg,3.47,1171542,3.6256952238779325,5976,85,"Até 3,5",Muito alta
1512,28763485,The Sun Is Also a Star,Nicola Yoon,https://www.goodreads.com/book/show/28763485-the-sun-is-also-a-star,https://i.gr-assets.com/images/S/compressed.photo.goodreads.com/books/1459793538i/28763485._SY75_.jpg,3.95,364765,4.023525767523334,5976,66,"3,5 a 4,0",Alta
1514,7619,"Time Quartet (Time Quartet, #1-4)",Madeleine L'Engle,https://www.goodreads.com/book/show/7619.Time_Quartet,https://i.gr-assets.com/images/S/compressed.photo.goodreads.com/books/1165637344i/7619._SX50_.jpg,4.35,11225,4.099299727627557,5973,73,"4,25 a 4,5",Baixa
1515,6408862,"Stolen (Stolen, #1)",Lucy Christopher,https://www.goodreads.com/book/show/6408862-stolen,https://i.gr-assets.com/images/S/compressed.photo.goodreads.com/books/1311064295i/6408862._SY75_.jpg,3.89,87954,4.054996347129305,5966,70,"3,5 a 4,0",Média
1516,51799,The Decameron,Giovanni Boccaccio,https://www.goodreads.com/book/show/51799.The_Decameron,https://i.gr-assets.com/images/S/compressed.photo.goodreads.com/books/1472027832i/51799._SY75_.jpg,3.88,44667,4.070361949999741,5954,98,"3,5 a 4,0",Baixa
1517,39346652,"The Puppet Show (Washington Poe, #1)",M.W. Craven,https://www.goodreads.com/book/show/39346652-the-puppet-show,https://i.gr-assets.com/images/S/compressed.photo.goodreads.com/books/1521730075i/39346652._SY75_.jpg,4.3,27608,4.105812495315434,5953,65,"4,25 a 4,5",Baixa
1518,13103,"The Celestine Prophecy (Celestine Prophecy, #1)",James Redfield,https://www.goodreads.com/book/show/13103.The_Celestine_Prophecy,https://i.gr-assets.com/images/S/compressed.photo.goodreads.com/books/1166542346i/13103._SX50_.jpg,3.74,125577,4.006522850761456,5952,83,"3,5 a 4,0",Média
1518,59960,Batman: The Dark Knight Returns,Frank Miller,https://www.goodreads.com/book/show/59960.Batman,https://i.gr-assets.com/images/S/compressed.photo.goodreads.com/books/1327892039i/59960._SY75_.jpg,4.26,201569,4.149207928288167,5952,85,"4,25 a 4,5",Alta
1520,3579,"The Complete Anne of Green Gables (Anne of Green Gables, #1-8)",L.M. Montgomery,https://www.goodreads.com/book/show/3579.The_Complete_Anne_of_Green_Gables,https://i.gr-assets.com/images/S/compressed.photo.goodreads.com/books/1267721500i/3579._SX50_.jpg,4.46,107163,4.171231613839612,5950,92,"4,25 a 4,5",Média
1521,58658940,"The Final Gambit (The Inheritance Games, #3)",Jennifer Lynn Barnes,https://www.goodreads.com/book/show/58658940-the-final-gambit,https://i.gr-assets.com/images/S/compressed.photo.goodreads.com/books/1634068536i/58658940._SY75_.jpg,4.1,502837,4.096545573010491,5937,71,"4,0 a 4,25",Muito alta
1522,12926063,"Skagboys (Mark Renton, #1)",Irvine Welsh,https://www.goodreads.com/book/show/12926063-skagboys,https://i.gr-assets.com/images/S/compressed.photo.goodreads.com/books/1333576361i/12926063._SY75_.jpg,4.07,18444,4.0911084895308525,5935,67,"4,0 a 4,25",Baixa
1523,17402605,"The Alchemyst (The Secrets of the Immortal Nicholas Flamel, #1)",Michael  Scott,https://www.goodreads.com/book/show/17402605-the-alchemyst,https://i.gr-assets.com/images/S/compressed.photo.goodreads.com/books/1361310229i/17402605._SY75_.jpg,3.87,169483,4.024952222468898,5929,77,"3,5 a 4,0",Alta
1524,23174274,"Glass Sword (Red Queen, #2)",Victoria Aveyard,https://www.goodreads.com/book/show/23174274-glass-sword,https://i.gr-assets.com/images/S/compressed.photo.goodreads.com/books/1436460934i/23174274._SX50_.jpg,3.77,441797,3.9212450943706925,5923,73,"3,5 a 4,0",Muito alta
1525,9409458,"Forever (The Wolves of Mercy Falls, #3)",Maggie Stiefvater,https://www.goodreads.com/book/show/9409458-forever,https://i.gr-assets.com/images/S/compressed.photo.goodreads.com/books/1285771367i/9409458._SX50_.jpg,3.88,129627,4.039302010384904,5912,83,"3,5 a 4,0",Média
1526,247200188,The Gridd: Perils of the Lightholder,J.L. Marrain,https://www.goodreads.com/book/show/247200188-the-gridd,https://i.gr-assets.com/images/S/compressed.photo.goodreads.com/books/1769563545i/247200188._SY75_.jpg,4.39,997,4.092861508713514,5910,68,"4,25 a 4,5",Baixa
1527,25245760,"Fervent: A Woman's Battle Plan to Serious, Specific and Strategic Prayer",Priscilla Shirer,https://www.goodreads.com/book/show/25245760-fervent,https://i.gr-assets.com/images/S/compressed.photo.goodreads.com/books/1430943705i/25245760._SY75_.jpg,4.46,21752,4.111488299796952,5907,64,"4,25 a 4,5",Baixa
1528,540020,The Day of the Jackal,Frederick Forsyth,https://www.goodreads.com/book/show/540020.The_Day_of_the_Jackal,https://i.gr-assets.com/images/S/compressed.photo.goodreads.com/books/1405364996i/540020._SY75_.jpg,4.27,149435,4.141286449836105,5906,86,"4,25 a 4,5",Média
1529,61271862,I'm Just Saying: A Guide to Maintaining Civil Discourse in an Increasingly Divided World,Milan Kordestani,https://www.goodreads.com/book/show/61271862-i-m-just-saying,https://i.gr-assets.com/images/S/compressed.photo.goodreads.com/books/1668959822i/61271862._SY75_.jpg,4.25,7540,4.095090637900811,5904,64,"4,0 a 4,25",Baixa
1530,40399753,The Truth About Aaron: My Journey to Understand My Brother,Jonathan Hernández,https://www.goodreads.com/book/show/40399753-the-truth-about-aaron,https://i.gr-assets.com/images/S/compressed.photo.goodreads.com/books/1537424689i/40399753._SX50_.jpg,4.01,1877,4.091711822449105,5902,63,"4,0 a 4,25",Baixa
1531,207798,"Hattie Big Sky (Hattie, #1)",Kirby Larson,https://www.goodreads.com/book/show/207798.Hattie_Big_Sky,https://i.gr-assets.com/images/S/compressed.photo.goodreads.com/books/1442338149i/207798._SY75_.jpg,4.03,20248,4.089046878921058,5896,63,"4,0 a 4,25",Baixa
1531,54453439,Wild at Heart Expanded Edition: Discovering the Secret of a Man's Soul,John Eldredge,https://www.goodreads.com/book/show/54453439-wild-at-heart-expanded-edition,https://i.gr-assets.com/images/S/compressed.photo.goodreads.com/books/1594311107i/54453439._SY75_.jpg,3.95,91576,4.0651421561969245,5896,64,"3,5 a 4,0",Média
1533,134116829,"Always Remember: Ben's Story (Ravenswood, #3)",Mary Balogh,https://www.goodreads.com/book/show/134116829-always-remember,https://i.gr-assets.com/images/S/compressed.photo.goodreads.com/books/1682618889i/134116829._SY75_.jpg,4.14,4790,4.092683537235322,5890,62,"4,0 a 4,25",Baixa
1534,57789637,"Daughter of the Moon Goddess (The Celestial Kingdom, #1)",Sue Lynn Tan,https://www.goodreads.com/book/show/57789637-daughter-of-the-moon-goddess,https://i.gr-assets.com/images/S/compressed.photo.goodreads.com/books/1627686439i/57789637._SX50_.jpg,4.05,136829,4.0811910585057385,5884,62,"4,0 a 4,25",Média
1535,25614492,Salt to the Sea,Ruta Sepetys,https://www.goodreads.com/book/show/25614492-salt-to-the-sea,https://i.gr-assets.com/images/S/compressed.photo.goodreads.com/books/1437084512i/25614492._SY75_.jpg,4.35,270440,4.197535907071698,5882,66,"4,25 a 4,5",Alta
1536,216052740,"Seeing the Supernatural: Investigating Angels, Demons, Mystical Dreams, Near-Death Encounters, and Other Mysteries of the Unseen World",Lee Strobel,https://www.goodreads.com/book/show/216052740-seeing-the-supernatural,https://i.gr-assets.com/images/S/compressed.photo.goodreads.com/books/1721752376i/216052740._SY75_.jpg,4.3,2686,4.093522120387259,5881,63,"4,25 a 4,5",Baixa
1537,221546831,"SUGAR BEAR: Life Lessons, Leadership, and the Legacy of a High School Coach",Chris Heeb,https://www.goodreads.com/book/show/221546831-sugar-bear,https://i.gr-assets.com/images/S/compressed.photo.goodreads.com/books/1731680009i/221546831._SY75_.jpg,4.24,439,4.092269831593425,5875,63,"4,0 a 4,25",Baixa
1538,10603,Cujo,Stephen  King,https://www.goodreads.com/book/show/10603.Cujo,https://i.gr-assets.com/images/S/compressed.photo.goodreads.com/books/1394208144i/10603._SY75_.jpg,3.81,331859,3.9626066921870047,5865,97,"3,5 a 4,0",Alta
1539,46306,The Complete Fairy Tales,Hans Christian Andersen,https://www.goodreads.com/book/show/46306.The_Complete_Fairy_Tales,https://i.gr-assets.com/images/S/compressed.photo.goodreads.com/books/1385233181i/46306._SX50_.jpg,4.29,108966,4.135227838993054,5862,106,"4,25 a 4,5",Média
1540,52940539,Talking to GOATs: The Moments You Remember and the Stories You Never Heard,Jim       Gray,https://www.goodreads.com/book/show/52940539-talking-to-goats,https://i.gr-assets.com/images/S/compressed.photo.goodreads.com/books/1598877859i/52940539._SY75_.jpg,3.99,2074,4.091565373171759,5852,63,"3,5 a 4,0",Baixa
1541,15842441,"Effortless (Thoughtless, #2)",S.C. Stephens,https://www.goodreads.com/book/show/15842441-effortless,https://i.gr-assets.com/images/S/compressed.photo.goodreads.com/books/1364805648i/15842441._SY75_.jpg,4.34,116752,4.1490959009595185,5849,69,"4,25 a 4,5",Média
1542,10073506,"Tinker, Tailor, Soldier, Spy (George Smiley, #5; Karla Trilogy, #1)",John le Carré,https://www.goodreads.com/book/show/10073506-tinker-tailor-soldier-spy,https://i.gr-assets.com/images/S/compressed.photo.goodreads.com/books/1349070201i/10073506._SY75_.jpg,4.06,110163,4.085048205385105,5847,85,"4,0 a 4,25",Média
1543,50892212,"These Violent Delights (These Violent Delights, #1)",Chloe Gong,https://www.goodreads.com/book/show/50892212-these-violent-delights,https://i.gr-assets.com/images/S/compressed.photo.goodreads.com/books/1580958058i/50892212._SY75_.jpg,3.79,173586,3.9992332493422,5845,65,"3,5 a 4,0",Alta
1544,50892288,The Hollow Places,T. Kingfisher,https://www.goodreads.com/book/show/50892288-the-hollow-places,https://i.gr-assets.com/images/S/compressed.photo.goodreads.com/books/1600022295i/50892288._SY75_.jpg,3.77,61043,4.048615476178811,5843,62,"3,5 a 4,0",Média
1545,2612,The Tipping Point: How Little Things Can Make a Big Difference,Malcolm Gladwell,https://www.goodreads.com/book/show/2612.The_Tipping_Point,https://i.gr-assets.com/images/S/compressed.photo.goodreads.com/books/1473396980i/2612._SY75_.jpg,4.01,867547,4.035511350673779,5842,84,"4,0 a 4,25",Muito alta
1545,230183874,"Wild Side (Rose Hill, #3)",Elsie Silver,https://www.goodreads.com/book/show/230183874-wild-side,https://i.gr-assets.com/images/S/compressed.photo.goodreads.com/books/1742638343i/230183874._SY75_.jpg,4.16,285816,4.120772719617873,5842,62,"4,0 a 4,25",Alta
1547,18966819,"Golden Son (Red Rising Saga, #2)",Pierce Brown,https://www.goodreads.com/book/show/18966819-golden-son,https://i.gr-assets.com/images/S/compressed.photo.goodreads.com/books/1394684475i/18966819._SY75_.jpg,4.51,606107,4.346108013659414,5836,65,"Acima de 4,5",Muito alta
1548,232576,"Harriet the Spy (Harriet the Spy, #1)",Louise Fitzhugh,https://www.goodreads.com/book/show/232576.Harriet_the_Spy,https://i.gr-assets.com/images/S/compressed.photo.goodreads.com/books/1518446869i/232576._SX50_.jpg,3.95,101274,4.062874180452205,5833,92,"3,5 a 4,0",Média
1548,53413,Hopscotch,Julio Cortázar,https://www.goodreads.com/book/show/53413.Hopscotch,https://i.gr-assets.com/images/S/compressed.photo.goodreads.com/books/1730845475i/53413._SY75_.jpg,4.19,51423,4.103480414342251,5833,70,"4,0 a 4,25",Média
1550,1170636,Browns Town 1964: The Cleveland Browns and the 1964 Championship,Terry Pluto,https://www.goodreads.com/book/show/1170636.Browns_Town_1964,https://i.gr-assets.com/images/S/compressed.photo.goodreads.com/books/1348911510i/1170636._SY75_.jpg,4.18,510,4.092218474001237,5824,62,"4,0 a 4,25",Baixa
1551,12781,The Satanic Verses,Salman Rushdie,https://www.goodreads.com/book/show/12781.The_Satanic_Verses,https://i.gr-assets.com/images/S/compressed.photo.goodreads.com/books/1281988101i/12781._SX50_.jpg,3.71,73528,4.031633027569971,5820,86,"3,5 a 4,0",Média
1552,1162022,On the Jellicoe Road,Melina Marchetta,https://www.goodreads.com/book/show/1162022.On_the_Jellicoe_Road,https://i.gr-assets.com/images/S/compressed.photo.goodreads.com/books/1683765356i/1162022._SY75_.jpg,4.12,52001,4.095377932848734,5811,68,"4,0 a 4,25",Média
1553,5604848,"Destined for an Early Grave (Night Huntress, #4)",Jeaniene Frost,https://www.goodreads.com/book/show/5604848-destined-for-an-early-grave,https://i.gr-assets.com/images/S/compressed.photo.goodreads.com/books/1315175949i/5604848._SY75_.jpg,4.32,87932,4.133938692441903,5808,80,"4,25 a 4,5",Média
1554,61151402,Body of Proof: The 7 Best Reasons to Believe in the Resurrection of Jesus―and Why It Matters Today,Jeremiah J. Johnston,https://www.goodreads.com/book/show/61151402-body-of-proof,https://i.gr-assets.com/images/S/compressed.photo.goodreads.com/books/1671522785i/61151402._SY75_.jpg,4.19,1191,4.09240122797015,5806,62,"4,0 a 4,25",Baixa
1555,38359036,"The Tattooist of Auschwitz (The Tattooist of Auschwitz, #1)",Heather   Morris,https://www.goodreads.com/book/show/38359036-the-tattooist-of-auschwitz,https://i.gr-assets.com/images/S/compressed.photo.goodreads.com/books/1525962117i/38359036._SY75_.jpg,4.32,1217715,4.264600960934911,5799,72,"4,25 a 4,5",Muito alta
1556,6596,The Four Agreements: A Practical Guide to Personal Freedom,Miguel Ruiz,https://www.goodreads.com/book/show/6596.The_Four_Agreements,https://i.gr-assets.com/images/S/compressed.photo.goodreads.com/books/1630664059i/6596._SY75_.jpg,4.19,549854,4.149311481373178,5797,70,"4,0 a 4,25",Muito alta
1557,197514398,The Yankee Way: The Untold Inside Story of the Brian Cashman Era,Andy Martino,https://www.goodreads.com/book/show/197514398-the-yankee-way,https://i.gr-assets.com/images/S/compressed.photo.goodreads.com/books/1709274753i/197514398._SY75_.jpg,4.23,1024,4.092464121890898,5791,62,"4,0 a 4,25",Baixa
1558,37186,The Miraculous Journey of Edward Tulane,Kate DiCamillo,https://www.goodreads.com/book/show/37186.The_Miraculous_Journey_of_Edward_Tulane,https://i.gr-assets.com/images/S/compressed.photo.goodreads.com/books/1361121815i/37186._SX50_.jpg,4.4,126743,4.1674648978498965,5789,71,"4,25 a 4,5",Média
1559,23847960,Montana: The Biography of Football's Joe Cool,Keith Dunnavant,https://www.goodreads.com/book/show/23847960-montana,https://i.gr-assets.com/images/S/compressed.photo.goodreads.com/books/1437926483i/23847960._SY75_.jpg,4.06,719,4.092045085271239,5784,62,"4,0 a 4,25",Baixa
1560,32051912,The Alice Network,Kate Quinn,https://www.goodreads.com/book/show/32051912-the-alice-network,https://i.gr-assets.com/images/S/compressed.photo.goodreads.com/books/1492238040i/32051912._SX50_.jpg,4.32,676048,4.236480800838699,5783,63,"4,25 a 4,5",Muito alta
1560,202369408,The Erkeley Shadows,Michael Wyndham Thomas,https://www.goodreads.com/book/show/202369408-the-erkeley-shadows,https://i.gr-assets.com/images/S/compressed.photo.goodreads.com/books/1700318673i/202369408._SY75_.jpg,4.3,8035,4.096289363168454,5783,62,"4,25 a 4,5",Baixa
1562,89073278,Black Fire,William Kely McClung,https://www.goodreads.com/book/show/89073278-black-fire,https://i.gr-assets.com/images/S/compressed.photo.goodreads.com/books/1674923770i/89073278._SY75_.jpg,4.29,5452,4.094824907647603,5777,62,"4,25 a 4,5",Baixa
1563,173754979,James,Percival Everett,https://www.goodreads.com/book/show/173754979-james,https://i.gr-assets.com/images/S/compressed.photo.goodreads.com/books/1704107491i/173754979._SX50_.jpg,4.41,599825,4.284535992850985,5772,61,"4,25 a 4,5",Muito alta
1564,44790978,"Matching Configurations (Quantum Roots, #3)",Kyle Keyes,https://www.goodreads.com/book/show/44790978-matching-configurations,https://i.gr-assets.com/images/S/compressed.photo.goodreads.com/books/1554472896i/44790978._SX50_.jpg,4.3,6728,4.095620072203038,5771,64,"4,25 a 4,5",Baixa
1565,2832909,"An Echo in the Bone (Outlander, #7)",Diana Gabaldon,https://www.goodreads.com/book/show/2832909-an-echo-in-the-bone,https://i.gr-assets.com/images/S/compressed.photo.goodreads.com/books/1370918297i/2832909._SY75_.jpg,4.44,169452,4.1972747915228865,5763,73,"4,25 a 4,5",Alta
1566,17340050,"Losing Hope (Hopeless, #2)",Colleen Hoover,https://www.goodreads.com/book/show/17340050-losing-hope,https://i.gr-assets.com/images/S/compressed.photo.goodreads.com/books/1368348507i/17340050._SY75_.jpg,4.09,282738,4.0912211501950635,5761,68,"4,0 a 4,25",Alta
1567,459386,"The Mermaids Singing (Tony Hill & Carol Jordan, #1)",Val McDermid,https://www.goodreads.com/book/show/459386.The_Mermaids_Singing,https://i.gr-assets.com/images/S/compressed.photo.goodreads.com/books/1389270695i/459386._SY75_.jpg,3.95,28681,4.082394480673859,5757,62,"3,5 a 4,0",Baixa
1568,16138688,The Painted Girls,Cathy Marie Buchanan,https://www.goodreads.com/book/show/16138688-the-painted-girls,https://i.gr-assets.com/images/S/compressed.photo.goodreads.com/books/1352484200i/16138688._SY75_.jpg,3.62,37060,4.051238527045136,5755,63,"3,5 a 4,0",Baixa
1569,29780253,Born a Crime: Stories from a South African Childhood,Trevor Noah,https://www.goodreads.com/book/show/29780253-born-a-crime,https://i.gr-assets.com/images/S/compressed.photo.goodreads.com/books/1473867911i/29780253._SY75_.jpg,4.48,846634,4.357436494473384,5753,69,"4,25 a 4,5",Muito alta
1570,36578942,"The 100-Year-Old Man Who Climbed Out the Window and Disappeared (Hundred-Year-Old Man, #1)",Jonas Jonasson,https://www.goodreads.com/book/show/36578942-the-100-year-old-man-who-climbed-out-the-window-and-disappeared,https://i.gr-assets.com/images/S/compressed.photo.goodreads.com/books/1510447566i/36578942._SY75_.jpg,3.82,311878,3.9713810538641137,5752,73,"3,5 a 4,0",Alta
1571,41021967,Punk 57,Penelope Douglas,https://www.goodreads.com/book/show/41021967-punk-57,https://i.gr-assets.com/images/S/compressed.photo.goodreads.com/books/1689301728i/41021967._SY75_.jpg,3.76,521467,3.902326230488212,5747,63,"3,5 a 4,0",Muito alta
1572,86032590,A Storm of Infinite Beauty,Julianne MacLean,https://www.goodreads.com/book/show/86032590-a-storm-of-infinite-beauty,https://i.gr-assets.com/images/S/compressed.photo.goodreads.com/books/1681456964i/86032590._SY75_.jpg,4.3,22969,4.10363682479702,5746,60,"4,25 a 4,5",Baixa
1573,2985500,"Night World, No. 2 (Night World, #4-6)",L.J. Smith,https://www.goodreads.com/book/show/2985500-night-world-no-2,https://i.gr-assets.com/images/S/compressed.photo.goodreads.com/books/1399662376i/2985500._SX50_.jpg,4.2,60353,4.106528812695108,5745,80,"4,0 a 4,25",Média
1574,38980,"The Princess Diaries (The Princess Diaries, #1)",Meg Cabot,https://www.goodreads.com/book/show/38980.The_Princess_Diaries,https://i.gr-assets.com/images/S/compressed.photo.goodreads.com/books/1355011082i/38980._SY75_.jpg,3.81,264779,3.978214993980039,5743,76,"3,5 a 4,0",Alta
1575,3711,White Teeth,Zadie Smith,https://www.goodreads.com/book/show/3711.White_Teeth,https://i.gr-assets.com/images/S/compressed.photo.goodreads.com/books/1374739885i/3711._SY75_.jpg,3.79,180650,3.9966480749863464,5742,82,"3,5 a 4,0",Alta
1576,201335363,Relaxed: Walking with the One Who Is Not Worried about a Thing,Megan Fate Marshman,https://www.goodreads.com/book/show/201335363-relaxed,https://i.gr-assets.com/images/S/compressed.photo.goodreads.com/books/1713898334i/201335363._SY75_.jpg,4.53,3824,4.096344299221521,5736,62,"Acima de 4,5",Baixa
1577,27213208,The Muse,Jessie Burton,https://www.goodreads.com/book/show/27213208-the-muse,https://i.gr-assets.com/images/S/compressed.photo.goodreads.com/books/1457475767i/27213208._SY75_.jpg,3.85,63361,4.058348405264262,5717,61,"3,5 a 4,0",Média
1578,11602,Hearts in Atlantis,Stephen  King,https://www.goodreads.com/book/show/11602.Hearts_in_Atlantis,https://i.gr-assets.com/images/S/compressed.photo.goodreads.com/books/1374048926i/11602._SY75_.jpg,3.87,105228,4.045013232988538,5704,81,"3,5 a 4,0",Média
1578,28703,Cosmopolis,Don DeLillo,https://www.goodreads.com/book/show/28703.Cosmopolis,https://i.gr-assets.com/images/S/compressed.photo.goodreads.com/books/1328389098i/28703._SY75_.jpg,3.28,19569,4.05340420004639,5704,61,"Até 3,5",Baixa
1580,13588404,A Thousand Mornings: Poems,Mary Oliver,https://www.goodreads.com/book/show/13588404-a-thousand-mornings,https://i.gr-assets.com/images/S/compressed.photo.goodreads.com/books/1345433150i/13588404._SY75_.jpg,4.2,33655,4.100653409556412,5703,61,"4,0 a 4,25",Baixa
1581,245976401,Notes from the Brand Stand: Thoughts on Emotional Branding from Someone Who Has Fought for Consumer Attention and Won,Warren Kornblum,https://www.goodreads.com/book/show/245976401-notes-from-the-brand-stand,https://i.gr-assets.com/images/S/compressed.photo.goodreads.com/books/1767240975i/245976401._SY75_.jpg,4.41,1130,4.093019891469063,5697,65,"4,25 a 4,5",Baixa
1582,56236618,"The Archon of Peace (Sovereign, #1)",Juddy Anderson C. Punzalan,https://www.goodreads.com/book/show/56236618-the-archon-of-peace,https://i.gr-assets.com/images/S/compressed.photo.goodreads.com/books/1607574174i/56236618._SY75_.jpg,4.57,417,4.092613026251109,5695,57,"Acima de 4,5",Baixa
1583,123199043,Nineteen Steps,Millie Bobby Brown,https://www.goodreads.com/book/show/123199043-nineteen-steps,https://i.gr-assets.com/images/S/compressed.photo.goodreads.com/books/1686928235i/123199043._SY75_.jpg,3.76,22216,4.0742523656380065,5691,60,"3,5 a 4,0",Baixa
1584,15926,Nights in Rodanthe,Nicholas Sparks,https://www.goodreads.com/book/show/15926.Nights_in_Rodanthe,https://i.gr-assets.com/images/S/compressed.photo.goodreads.com/books/1328145638i/15926._SX50_.jpg,3.85,184724,4.014434582899846,5686,81,"3,5 a 4,0",Alta
1585,27323,Hiroshima,John Hersey,https://www.goodreads.com/book/show/27323.Hiroshima,https://i.gr-assets.com/images/S/compressed.photo.goodreads.com/books/1657555929i/27323._SY75_.jpg,4.06,93079,4.085932053207644,5679,87,"4,0 a 4,25",Média
1585,10215349,"The Immortal Rules (Blood of Eden, #1)",Julie Kagawa,https://www.goodreads.com/book/show/10215349-the-immortal-rules,https://i.gr-assets.com/images/S/compressed.photo.goodreads.com/books/1677007850i/10215349._SY75_.jpg,4.07,72706,4.088638844033384,5679,72,"4,0 a 4,25",Média
1585,25664459,The Last Painting of Sara de Vos,Dominic Smith,https://www.goodreads.com/book/show/25664459-the-last-painting-of-sara-de-vos,https://i.gr-assets.com/images/S/compressed.photo.goodreads.com/books/1546287269i/25664459._SX50_.jpg,3.88,31568,4.076261769135718,5679,61,"3,5 a 4,0",Baixa
1588,11808950,"Sweet Evil (Sweet, #1)",Wendy Higgins,https://www.goodreads.com/book/show/11808950-sweet-evil,https://i.gr-assets.com/images/S/compressed.photo.goodreads.com/books/1337613719i/11808950._SY75_.jpg,4.07,78117,4.088423892480303,5672,71,"4,0 a 4,25",Média
1588,28335698,"Tiamat's Wrath (The Expanse, #8)",James S.A. Corey,https://www.goodreads.com/book/show/28335698-tiamat-s-wrath,https://i.gr-assets.com/images/S/compressed.photo.goodreads.com/books/1522779721i/28335698._SY75_.jpg,4.57,87162,4.179202803174747,5672,62,"Acima de 4,5",Média
1590,13643567,"The Evolution of Mara Dyer (Mara Dyer, #2)",Michelle Hodkin,https://www.goodreads.com/book/show/13643567-the-evolution-of-mara-dyer,https://i.gr-assets.com/images/S/compressed.photo.goodreads.com/books/1336663149i/13643567._SY75_.jpg,4.24,103171,4.122976077268316,5670,66,"4,0 a 4,25",Média
1591,56060300,"Heartstopper: Volume Four (Heartstopper, #4)",Alice Oseman,https://www.goodreads.com/book/show/56060300-heartstopper,https://i.gr-assets.com/images/S/compressed.photo.goodreads.com/books/1640745736i/56060300._SX50_.jpg,4.57,454482,4.34896859091534,5665,68,"Acima de 4,5",Muito alta
1591,58293924,"Book of Night (Book of Night, #1)",Holly Black,https://www.goodreads.com/book/show/58293924-book-of-night,https://i.gr-assets.com/images/S/compressed.photo.goodreads.com/books/1639163872i/58293924._SY75_.jpg,3.54,91941,3.9870135069445634,5665,59,"3,5 a 4,0",Média
1593,83817455,"Practicing the Way: Be with Jesus, Become Like Him, Do As He Did",John Mark Comer,https://www.goodreads.com/book/show/83817455-practicing-the-way,https://i.gr-assets.com/images/S/compressed.photo.goodreads.com/books/1697658775i/83817455._SY75_.jpg,4.48,37043,4.125666332218196,5648,61,"4,25 a 4,5",Baixa
1594,29531,The Bait Of Satan: Living Free from the Deadly Trap of Offense,John Bevere,https://www.goodreads.com/book/show/29531.The_Bait_Of_Satan,https://i.gr-assets.com/images/S/compressed.photo.goodreads.com/books/1348116445i/29531._SX50_.jpg,4.41,15011,4.103854883528168,5637,61,"4,25 a 4,5",Baixa
1594,211423616,"Seeking Fairness at Work: Cracking the New Code of Greater Employee Engagement, Retention & Satisfaction",Hanna  Hasl-Kelchner,https://www.goodreads.com/book/show/211423616-seeking-fairness-at-work,https://i.gr-assets.com/images/S/compressed.photo.goodreads.com/books/1713189251i/211423616._SY75_.jpg,4.38,2050,4.09360524812165,5637,65,"4,25 a 4,5",Baixa
1594,17912498,The Queen of the Night,Alexander Chee,https://www.goodreads.com/book/show/17912498-the-queen-of-the-night,https://i.gr-assets.com/images/S/compressed.photo.goodreads.com/books/1460425080i/17912498._SX50_.jpg,3.45,12653,4.071980485649267,5637,61,"Até 3,5",Baixa
1597,29395568,Exotic Neurotic,Kenneth Jarrett Singleton,https://www.goodreads.com/book/show/29395568-exotic-neurotic,https://i.gr-assets.com/images/S/compressed.photo.goodreads.com/books/1462818814i/29395568._SX50_.jpg,3.71,2280,4.089889246443627,5628,57,"3,5 a 4,0",Baixa
1598,6708,The Power of Now: A Guide to Spiritual Enlightenment,Eckhart Tolle,https://www.goodreads.com/book/show/6708.The_Power_of_Now,https://i.gr-assets.com/images/S/compressed.photo.goodreads.com/books/1689947880i/6708._SY75_.jpg,4.15,474044,4.123828039133085,5627,69,"4,0 a 4,25",Muito alta
1598,12172,Memoirs of Hadrian,Marguerite Yourcenar,https://www.goodreads.com/book/show/12172.Memoirs_of_Hadrian,https://i.gr-assets.com/images/S/compressed.photo.goodreads.com/books/1416448158i/12172._SX50_.jpg,4.21,38398,4.102644616056091,5627,71,"4,0 a 4,25",Baixa
1600,31173,Villette,Charlotte Brontë,https://www.goodreads.com/book/show/31173.Villette,https://i.gr-assets.com/images/S/compressed.photo.goodreads.com/books/1320412741i/31173._SY75_.jpg,3.78,84265,4.036777022615643,5625,76,"3,5 a 4,0",Média
1601,929782,Martin Eden,Jack London,https://www.goodreads.com/book/show/929782.Martin_Eden,https://i.gr-assets.com/images/S/compressed.photo.goodreads.com/books/1661678127i/929782._SY75_.jpg,4.48,59564,4.143374179767988,5624,66,"4,25 a 4,5",Média
1602,60012371,The Last Folk Hero: The Life and Myth of Bo Jackson,Jeff Pearlman,https://www.goodreads.com/book/show/60012371-the-last-folk-hero,https://i.gr-assets.com/images/S/compressed.photo.goodreads.com/books/1649027645i/60012371._SY75_.jpg,4.18,4060,4.093007115560721,5623,60,"4,0 a 4,25",Baixa
1603,77565,"The Fall of Hyperion (Hyperion Cantos, #2)",Dan Simmons,https://www.goodreads.com/book/show/77565.The_Fall_of_Hyperion,https://i.gr-assets.com/images/S/compressed.photo.goodreads.com/books/1541174620i/77565._SY75_.jpg,4.25,157148,4.137364378278228,5622,68,"4,0 a 4,25",Alta
1604,6479723,"The Crucifix Killer (Robert Hunter, #1)",Chris   Carter,https://www.goodreads.com/book/show/6479723-the-crucifix-killer,https://i.gr-assets.com/images/S/compressed.photo.goodreads.com/books/1327581626i/6479723._SY75_.jpg,4.28,45408,4.111650853310652,5618,60,"4,25 a 4,5",Baixa
1605,60556912,"The Housemaid (The Housemaid, #1)",Freida McFadden,https://www.goodreads.com/book/show/60556912-the-housemaid,https://i.gr-assets.com/images/S/compressed.photo.goodreads.com/books/1646534743i/60556912._SY75_.jpg,4.26,3966199,4.244930760160166,5617,63,"4,25 a 4,5",Muito alta
1606,284440,"Skulduggery Pleasant (Skulduggery Pleasant, #1)",Derek Landy,https://www.goodreads.com/book/show/284440.Skulduggery_Pleasant,https://i.gr-assets.com/images/S/compressed.photo.goodreads.com/books/1334279051i/284440._SY75_.jpg,4.18,74541,4.106175197782321,5608,65,"4,0 a 4,25",Média
1607,9462795,"Starcrossed (Starcrossed, #1)",Josephine Angelini,https://www.goodreads.com/book/show/9462795-starcrossed,https://i.gr-assets.com/images/S/compressed.photo.goodreads.com/books/1358266716i/9462795._SY75_.jpg,4.05,76189,4.085238882675371,5607,68,"4,0 a 4,25",Média
1607,51031311,America's Game: The NFL at 100,Jerry Rice,https://www.goodreads.com/book/show/51031311-america-s-game,https://i.gr-assets.com/images/S/compressed.photo.goodreads.com/books/1561971337l/51031311._SX50_SY75_.jpg,4.01,571,4.09198429829051,5607,60,"4,0 a 4,25",Baixa
1609,46138193,The Mercies,Kiran Millwood Hargrave,https://www.goodreads.com/book/show/46138193-the-mercies,https://i.gr-assets.com/images/S/compressed.photo.goodreads.com/books/1559571087i/46138193._SY75_.jpg,4.01,56651,4.08171547226213,5605,61,"4,0 a 4,25",Média
1610,767680,If You Give a Mouse a Cookie,Laura Joffe Numeroff,https://www.goodreads.com/book/show/767680.If_You_Give_a_Mouse_a_Cookie,https://i.gr-assets.com/images/S/compressed.photo.goodreads.com/books/1276046901i/767680._SX50_.jpg,4.3,319491,4.185579290758463,5604,91,"4,25 a 4,5",Alta
1610,242528807,Thusnelda & Armin the Younger Years Book 1,Michael G. Kramer,https://www.goodreads.com/book/show/242528807-thusnelda-armin-the-younger-years-book-1,https://i.gr-assets.com/images/S/compressed.photo.goodreads.com/books/1759925140i/242528807._SY75_.jpg,4.4,953,4.0928524684367105,5604,64,"4,25 a 4,5",Baixa
1612,9639765,Life on Mars: Poems,Tracy K. Smith,https://www.goodreads.com/book/show/9639765-life-on-mars,https://i.gr-assets.com/images/S/compressed.photo.goodreads.com/books/1344317187i/9639765._SX50_.jpg,4.09,10947,4.092046709208506,5601,59,"4,0 a 4,25",Baixa
1613,43015,A Long Way Gone: Memoirs of a Boy Soldier,Ishmael Beah,https://www.goodreads.com/book/show/43015.A_Long_Way_Gone,https://i.gr-assets.com/images/S/compressed.photo.goodreads.com/books/1636774035i/43015._SY75_.jpg,4.16,196813,4.114833983858478,5596,75,"4,0 a 4,25",Alta
1613,42986,"War and Remembrance (The Henry Family, #2)",Herman Wouk,https://www.goodreads.com/book/show/42986.War_and_Remembrance,https://i.gr-assets.com/images/S/compressed.photo.goodreads.com/books/1422331351i/42986._SY75_.jpg,4.43,40026,4.123475870878848,5596,79,"4,25 a 4,5",Baixa
1613,29641,The End of the Affair,Graham Greene,https://www.goodreads.com/book/show/29641.The_End_of_the_Affair,https://i.gr-assets.com/images/S/compressed.photo.goodreads.com/books/1643250303i/29641._SY75_.jpg,3.9,74810,4.0612570680959,5596,80,"3,5 a 4,0",Média
1616,25912358,"A Thousand Boy Kisses (A Thousand Boy Kisses, #1)",Tillie Cole,https://www.goodreads.com/book/show/25912358-a-thousand-boy-kisses,https://i.gr-assets.com/images/S/compressed.photo.goodreads.com/books/1453299050i/25912358._SX50_.jpg,4.03,488693,4.057606732865126,5595,61,"4,0 a 4,25",Muito alta
1617,1715,Metamorphoses,Ovid,https://www.goodreads.com/book/show/1715.Metamorphoses,https://i.gr-assets.com/images/S/compressed.photo.goodreads.com/books/1622739150i/1715._SY75_.jpg,4.1,80916,4.093457637998567,5586,74,"4,0 a 4,25",Média
1618,15724396,"The Sword of Summer (Magnus Chase and the Gods of Asgard, #1)",Rick Riordan,https://www.goodreads.com/book/show/15724396-the-sword-of-summer,https://i.gr-assets.com/images/S/compressed.photo.goodreads.com/books/1434701340i/15724396._SY75_.jpg,4.23,247522,4.14555239763374,5584,71,"4,0 a 4,25",Alta
1618,42115981,Loveless,Alice Oseman,https://www.goodreads.com/book/show/42115981-loveless,https://i.gr-assets.com/images/S/compressed.photo.goodreads.com/books/1590592497i/42115981._SY75_.jpg,4.16,124468,4.108496008181573,5584,62,"4,0 a 4,25",Média
1620,68494,"Perdido Street Station (New Crobuzon, #1)",China Miéville,https://www.goodreads.com/book/show/68494.Perdido_Street_Station,https://i.gr-assets.com/images/S/compressed.photo.goodreads.com/books/1680461055i/68494._SY75_.jpg,3.98,77523,4.073558185136163,5578,66,"3,5 a 4,0",Média
1621,12262741,Wild: From Lost to Found on the Pacific Crest Trail,Cheryl Strayed,https://www.goodreads.com/book/show/12262741-wild,https://i.gr-assets.com/images/S/compressed.photo.goodreads.com/books/1453189881i/12262741._SY75_.jpg,4.07,888135,4.076757616061247,5566,65,"4,0 a 4,25",Muito alta
1621,55302933,All the Murmuring Bones,A.G. Slatter,https://www.goodreads.com/book/show/55302933-all-the-murmuring-bones,https://i.gr-assets.com/images/S/compressed.photo.goodreads.com/books/1603609587i/55302933._SY75_.jpg,3.9,13459,4.085712717719334,5566,58,"3,5 a 4,0",Baixa
1623,68210,"Gilead (Gilead, #1)",Marilynne Robinson,https://www.goodreads.com/book/show/68210.Gilead,https://i.gr-assets.com/images/S/compressed.photo.goodreads.com/books/1558681761i/68210._SY75_.jpg,3.85,130236,4.031621277079626,5563,78,"3,5 a 4,0",Média
1624,123471760,"Spark of the Everflame (Kindred's Curse, #1)",Penn Cole,https://www.goodreads.com/book/show/123471760-spark-of-the-everflame,https://i.gr-assets.com/images/S/compressed.photo.goodreads.com/books/1684550094i/123471760._SY75_.jpg,4.17,325550,4.127490484322644,5562,59,"4,0 a 4,25",Alta
1625,202644768,Kingdom of Fallen Ash (The Order #1),Katerina St. Clair,https://www.goodreads.com/book/show/202644768-kingdom-of-fallen-ash,https://i.gr-assets.com/images/S/compressed.photo.goodreads.com/books/1700863429i/202644768._SX50_.jpg,4.01,3977,4.091277468668821,5561,59,"4,0 a 4,25",Baixa
1626,6101138,"Wolf Hall (Thomas Cromwell, #1)",Hilary Mantel,https://www.goodreads.com/book/show/6101138-wolf-hall,https://i.gr-assets.com/images/S/compressed.photo.goodreads.com/books/1627203575i/6101138._SY75_.jpg,3.92,240699,4.0265348507893775,5560,77,"3,5 a 4,0",Alta
1627,25402194,The Choice,Nicholas Sparks,https://www.goodreads.com/book/show/25402194-the-choice,https://i.gr-assets.com/images/S/compressed.photo.goodreads.com/books/1448923617i/25402194._SY75_.jpg,4.01,200457,4.064281056277474,5557,79,"4,0 a 4,25",Alta
1628,38501,Ham on Rye,Charles Bukowski,https://www.goodreads.com/book/show/38501.Ham_on_Rye,https://i.gr-assets.com/images/S/compressed.photo.goodreads.com/books/1388195001i/38501._SY75_.jpg,4.13,123108,4.1011771288228305,5556,68,"4,0 a 4,25",Média
1629,33257757,"Iron Gold (Red Rising Saga, #4)",Pierce Brown,https://www.goodreads.com/book/show/33257757-iron-gold,https://i.gr-assets.com/images/S/compressed.photo.goodreads.com/books/1716325988i/33257757._SY75_.jpg,4.21,234270,4.136270407284233,5555,59,"4,0 a 4,25",Alta
1630,68520,"The Winter King (The Warlord Chronicles, #1)",Bernard Cornwell,https://www.goodreads.com/book/show/68520.The_Winter_King,https://i.gr-assets.com/images/S/compressed.photo.goodreads.com/books/1311987677i/68520._SY75_.jpg,4.25,57853,4.112451673321509,5553,63,"4,0 a 4,25",Média
1631,35220,The Red Badge of Courage,Stephen Crane,https://www.goodreads.com/book/show/35220.The_Red_Badge_of_Courage,https://i.gr-assets.com/images/S/compressed.photo.goodreads.com/books/1327936136i/35220._SY75_.jpg,3.3,111924,3.9158522884684492,5549,101,"Até 3,5",Média
1632,13584236,"Fifty Shades Trilogy (Fifty Shades, #1-3)",E.L. James,https://www.goodreads.com/book/show/13584236-fifty-shades-trilogy,https://i.gr-assets.com/images/S/compressed.photo.goodreads.com/books/1431573483l/13584236._SX50_SY75_.jpg,4.11,132960,4.0966445861280825,5542,69,"4,0 a 4,25",Média
1632,147865,"Love, Rosie",Cecelia Ahern,https://www.goodreads.com/book/show/147865.Love_Rosie,https://i.gr-assets.com/images/S/compressed.photo.goodreads.com/books/1420732457i/147865._SY75_.jpg,3.93,141869,4.048952591492913,5542,66,"3,5 a 4,0",Média
1634,61350389,"Counter Identity (Remmich/Miller, #2)",Karl Braungart,https://www.goodreads.com/book/show/61350389-counter-identity,https://i.gr-assets.com/images/S/compressed.photo.goodreads.com/books/1656171975i/61350389._SY75_.jpg,4.31,6056,4.095426729956369,5534,58,"4,25 a 4,5",Baixa
1635,60693459,Good Boundaries and Goodbyes: Loving Others Without Losing the Best of Who You Are,Lysa  TerKeurst,https://www.goodreads.com/book/show/60693459-good-boundaries-and-goodbyes,https://i.gr-assets.com/images/S/compressed.photo.goodreads.com/books/1661862539i/60693459._SX50_.jpg,4.33,17137,4.10209088506808,5522,60,"4,25 a 4,5",Baixa
1636,62212,In the Company of the Courtesan,Sarah Dunant,https://www.goodreads.com/book/show/62212.In_the_Company_of_the_Courtesan,https://i.gr-assets.com/images/S/compressed.photo.goodreads.com/books/1386924737i/62212._SY75_.jpg,3.8,26579,4.073515107448108,5521,59,"3,5 a 4,0",Baixa
1637,38591165,The Doll Factory,Elizabeth Macneal,https://www.goodreads.com/book/show/38591165-the-doll-factory,https://i.gr-assets.com/images/S/compressed.photo.goodreads.com/books/1539359836i/38591165._SY75_.jpg,3.77,27113,4.07122084296573,5520,59,"3,5 a 4,0",Baixa
1638,76546,The Wild Iris,Louise Glück,https://www.goodreads.com/book/show/76546.The_Wild_Iris,https://i.gr-assets.com/images/S/compressed.photo.goodreads.com/books/1388251429i/76546._SX50_.jpg,4.18,16604,4.095683788510608,5516,60,"4,0 a 4,25",Baixa
1639,163465,The Great Gilly Hopkins,Katherine Paterson,https://www.goodreads.com/book/show/163465.The_Great_Gilly_Hopkins,https://i.gr-assets.com/images/S/compressed.photo.goodreads.com/books/1443418961i/163465._SY75_.jpg,3.86,24095,4.078633690426283,5512,59,"3,5 a 4,0",Baixa
1640,197525278,Dogs vs Bears,Austin    Davis,https://www.goodreads.com/book/show/197525278-dogs-vs-bears,https://i.gr-assets.com/images/S/compressed.photo.goodreads.com/books/1716928961i/197525278._SX50_.jpg,4.3,7080,4.095800757352401,5505,57,"4,25 a 4,5",Baixa
1641,94399604,The Alchemy Fire Murder (Mary Wandwalker #2),Susan  Rowland,https://www.goodreads.com/book/show/94399604-the-alchemy-fire-murder,https://i.gr-assets.com/images/S/compressed.photo.goodreads.com/books/1675648462i/94399604._SY75_.jpg,4.3,8244,4.09639598196205,5501,58,"4,25 a 4,5",Baixa
1642,38402135,The Carrying,Ada Limon,https://www.goodreads.com/book/show/38402135-the-carrying,https://i.gr-assets.com/images/S/compressed.photo.goodreads.com/books/1519915438i/38402135._SY75_.jpg,4.36,10271,4.098959731452522,5497,58,"4,25 a 4,5",Baixa
1643,40132775,"House of Sky and Breath (Crescent City, #2)",Sarah J. Maas,https://www.goodreads.com/book/show/40132775-house-of-sky-and-breath,https://i.gr-assets.com/images/S/compressed.photo.goodreads.com/books/1633097753i/40132775._SY75_.jpg,4.41,955963,4.317706779306909,5489,63,"4,25 a 4,5",Muito alta
1644,288159,"And Only to Deceive (Lady Emily, #1)",Tasha Alexander,https://www.goodreads.com/book/show/288159.And_Only_to_Deceive,https://i.gr-assets.com/images/S/compressed.photo.goodreads.com/books/1442540514i/288159._SY75_.jpg,3.77,22495,4.074584284494437,5482,60,"3,5 a 4,0",Baixa
1645,12617,Manufacturing Consent: The Political Economy of the Mass Media,Edward S. Herman,https://www.goodreads.com/book/show/12617.Manufacturing_Consent,https://i.gr-assets.com/images/S/compressed.photo.goodreads.com/books/1525166345i/12617._SY75_.jpg,4.23,25624,4.1005834980234805,5479,60,"4,0 a 4,25",Baixa
1646,60792,The Accidental Tourist,Anne Tyler,https://www.goodreads.com/book/show/60792.The_Accidental_Tourist,https://i.gr-assets.com/images/S/compressed.photo.goodreads.com/books/1327936319i/60792._SY75_.jpg,3.89,110265,4.047653643015823,5470,95,"3,5 a 4,0",Média
1647,25526296,"Every Heart a Doorway (Wayward Children, #1)",Seanan McGuire,https://www.goodreads.com/book/show/25526296-every-heart-a-doorway,https://i.gr-assets.com/images/S/compressed.photo.goodreads.com/books/1431438555i/25526296._SX50_.jpg,3.8,126132,4.020868977800721,5468,63,"3,5 a 4,0",Média
1647,51343629,The Bible Recap: A One-Year Guide to Reading and Understanding the Entire Bible,Tara-Leigh Cobble,https://www.goodreads.com/book/show/51343629-the-bible-recap,https://i.gr-assets.com/images/S/compressed.photo.goodreads.com/books/1597698102i/51343629._SX50_.jpg,4.82,7173,4.105214229365072,5468,59,"Acima de 4,5",Baixa
1649,827,"The Diamond Age: Or, a Young Lady's Illustrated Primer",Neal Stephenson,https://www.goodreads.com/book/show/827.The_Diamond_Age,https://i.gr-assets.com/images/S/compressed.photo.goodreads.com/books/1388180931i/827._SY75_.jpg,4.16,94138,4.1052766023530625,5461,66,"4,0 a 4,25",Média
1650,389627,"Diary of a Wimpy Kid (Diary of a Wimpy Kid, #1)",Jeff Kinney,https://www.goodreads.com/book/show/389627.Diary_of_a_Wimpy_Kid,https://i.gr-assets.com/images/S/compressed.photo.goodreads.com/books/1388183826i/389627._SX50_.jpg,3.98,811555,4.016454692451974,5447,72,"3,5 a 4,0",Muito alta
1650,2325825,"Inkdeath (Inkworld, #3)",Cornelia Funke,https://www.goodreads.com/book/show/2325825.Inkdeath,https://i.gr-assets.com/images/S/compressed.photo.goodreads.com/books/1327341991i/2325825._SX50_.jpg,3.98,95327,4.070133671591376,5447,79,"3,5 a 4,0",Média
1652,53639,Zorba the Greek,Nikos Kazantzakis,https://www.goodreads.com/book/show/53639.Zorba_the_Greek,https://i.gr-assets.com/images/S/compressed.photo.goodreads.com/books/1542885673i/53639._SY75_.jpg,4.02,61531,4.082301710899021,5435,71,"4,0 a 4,25",Média
1653,46677,"Alexander and the Terrible, Horrible, No Good, Very Bad Day",Judith Viorst,https://www.goodreads.com/book/show/46677.Alexander_and_the_Terrible_Horrible_No_Good_Very_Bad_Day,https://i.gr-assets.com/images/S/compressed.photo.goodreads.com/books/1769900464i/46677._SX50_.jpg,4.24,188889,4.140271904522606,5429,93,"4,0 a 4,25",Alta
1654,341879,Just Kids,Patti Smith,https://www.goodreads.com/book/show/341879.Just_Kids,https://i.gr-assets.com/images/S/compressed.photo.goodreads.com/books/1259762407i/341879._SY75_.jpg,4.21,381282,4.150304143225447,5427,64,"4,0 a 4,25",Alta
1654,43933,Tell No One,Harlan Coben,https://www.goodreads.com/book/show/43933.Tell_No_One,https://i.gr-assets.com/images/S/compressed.photo.goodreads.com/books/1421365049i/43933._SY75_.jpg,4.05,200064,4.077854537992598,5427,71,"4,0 a 4,25",Alta
1656,15753740,The Storyteller,Jodi Picoult,https://www.goodreads.com/book/show/15753740-the-storyteller,https://i.gr-assets.com/images/S/compressed.photo.goodreads.com/books/1356328634i/15753740._SY75_.jpg,4.3,286913,4.180081308121203,5426,65,"4,25 a 4,5",Alta
1657,242322270,The Tao of Poison,Isham Cook,https://www.goodreads.com/book/show/242322270-the-tao-of-poison,https://i.gr-assets.com/images/S/compressed.photo.goodreads.com/books/1759415331i/242322270._SY75_.jpg,4.41,1002,4.092916409604861,5423,61,"4,25 a 4,5",Baixa
1658,1158967,"Garden Spells (Waverley Family, #1)",Sarah Addison Allen,https://www.goodreads.com/book/show/1158967.Garden_Spells,https://i.gr-assets.com/images/S/compressed.photo.goodreads.com/books/1347309330i/1158967._SY75_.jpg,4.07,110479,4.087235132799233,5421,70,"4,0 a 4,25",Média
1659,36739942,Lake Success,Gary Shteyngart,https://www.goodreads.com/book/show/36739942-lake-success,https://i.gr-assets.com/images/S/compressed.photo.goodreads.com/books/1516726955i/36739942._SY75_.jpg,3.64,12344,4.078270511162242,5419,57,"3,5 a 4,0",Baixa
1660,42603,Black Like Me,John Howard Griffin,https://www.goodreads.com/book/show/42603.Black_Like_Me,https://i.gr-assets.com/images/S/compressed.photo.goodreads.com/books/1311696842i/42603._SY75_.jpg,4.11,70345,4.094832270192983,5418,88,"4,0 a 4,25",Média
1660,568645,"Cross My Heart and Hope to Spy (Gallagher Girls, #2)",Ally Carter,https://www.goodreads.com/book/show/568645.Cross_My_Heart_and_Hope_to_Spy,https://i.gr-assets.com/images/S/compressed.photo.goodreads.com/books/1342448094i/568645._SY75_.jpg,4.14,94792,4.101448334770781,5418,70,"4,0 a 4,25",Média
1662,16634,The Glass Bead Game,Hermann Hesse,https://www.goodreads.com/book/show/16634.The_Glass_Bead_Game,https://i.gr-assets.com/images/S/compressed.photo.goodreads.com/books/1386922806i/16634._SX50_.jpg,4.1,43866,4.0929003410141584,5415,71,"4,0 a 4,25",Baixa
1663,4894,Who Moved My Cheese?,Spencer Johnson,https://www.goodreads.com/book/show/4894.Who_Moved_My_Cheese_,https://i.gr-assets.com/images/S/compressed.photo.goodreads.com/books/1388639717i/4894._SY75_.jpg,3.87,521532,3.965177937080103,5411,72,"3,5 a 4,0",Muito alta
1664,139069,Endurance: Shackleton's Incredible Voyage,Alfred Lansing,https://www.goodreads.com/book/show/139069.Endurance,https://i.gr-assets.com/images/S/compressed.photo.goodreads.com/books/1391329559i/139069._SY75_.jpg,4.47,179571,4.2110191923497995,5403,71,"4,25 a 4,5",Alta
1665,23168277,"The Sympathizer (The Sympathizer, #1)",Viet Thanh Nguyen,https://www.goodreads.com/book/show/23168277-the-sympathizer,https://i.gr-assets.com/images/S/compressed.photo.goodreads.com/books/1718982183i/23168277._SX50_.jpg,4.0,144518,4.067252026630009,5401,60,"3,5 a 4,0",Média
1666,11250317,The Song of Achilles,Madeline Miller,https://www.goodreads.com/book/show/11250317-the-song-of-achilles,https://i.gr-assets.com/images/S/compressed.photo.goodreads.com/books/1331154660i/11250317._SX50_.jpg,4.3,2175651,4.268323871942598,5398,65,"4,25 a 4,5",Muito alta
1667,130580,Old Yeller,Fred Gipson,https://www.goodreads.com/book/show/130580.Old_Yeller,https://i.gr-assets.com/images/S/compressed.photo.goodreads.com/books/1327940112i/130580._SY75_.jpg,4.11,105530,4.095906907770321,5397,90,"4,0 a 4,25",Média
1668,36118682,"Wicked Saints (Something Dark and Holy, #1)",Emily A. Duncan,https://www.goodreads.com/book/show/36118682-wicked-saints,https://i.gr-assets.com/images/S/compressed.photo.goodreads.com/books/1539378101i/36118682._SY75_.jpg,3.55,33296,4.049571286358171,5388,56,"3,5 a 4,0",Baixa
1668,51589631,Last Tang Standing,Lauren  Ho,https://www.goodreads.com/book/show/51589631-last-tang-standing,https://i.gr-assets.com/images/S/compressed.photo.goodreads.com/books/1637696559i/51589631._SX50_.jpg,3.5,18167,4.065819791062993,5388,56,"Até 3,5",Baixa
1670,5152478,Wintergirls,Laurie Halse Anderson,https://www.goodreads.com/book/show/5152478-wintergirls,https://i.gr-assets.com/images/S/compressed.photo.goodreads.com/books/1346343878i/5152478._SY75_.jpg,3.96,127618,4.059601804318981,5386,67,"3,5 a 4,0",Média
1671,68099,"Death at La Fenice (Commissario Brunetti, #1)",Donna Leon,https://www.goodreads.com/book/show/68099.Death_at_La_Fenice,https://i.gr-assets.com/images/S/compressed.photo.goodreads.com/books/1441466744i/68099._SY75_.jpg,3.89,44656,4.071391594576313,5382,59,"3,5 a 4,0",Baixa
1672,6604794,The Sky Is Everywhere,Jandy Nelson,https://www.goodreads.com/book/show/6604794-the-sky-is-everywhere,https://i.gr-assets.com/images/S/compressed.photo.goodreads.com/books/1496659743i/6604794._SY75_.jpg,3.95,111040,4.0606788335236095,5374,63,"3,5 a 4,0",Média
1673,17333324,"Ancillary Justice (Imperial Radch, #1)",Ann Leckie,https://www.goodreads.com/book/show/17333324-ancillary-justice,https://i.gr-assets.com/images/S/compressed.photo.goodreads.com/books/1397215917i/17333324._SY75_.jpg,3.99,123287,4.067631050737532,5372,58,"3,5 a 4,0",Média
1674,9516,"Persepolis: The Story of a Childhood (Persepolis, #1)",Marjane Satrapi,https://www.goodreads.com/book/show/9516.Persepolis,https://i.gr-assets.com/images/S/compressed.photo.goodreads.com/books/1425871473i/9516._SX50_.jpg,4.28,240986,4.163742486688312,5371,75,"4,25 a 4,5",Alta
1674,7905092,Freedom,Jonathan Franzen,https://www.goodreads.com/book/show/7905092-freedom,https://i.gr-assets.com/images/S/compressed.photo.goodreads.com/books/1316729686i/7905092._SY75_.jpg,3.8,177696,4.000845501153132,5371,66,"3,5 a 4,0",Alta
1676,4921,"Three Men in a Boat (Three Men, #1)",Jerome K. Jerome,https://www.goodreads.com/book/show/4921.Three_Men_in_a_Boat,https://i.gr-assets.com/images/S/compressed.photo.goodreads.com/books/1699561681i/4921._SY75_.jpg,3.83,82908,4.046257936286462,5366,82,"3,5 a 4,0",Média
1677,33160963,The Seven Husbands of Evelyn Hugo,Taylor Jenkins Reid,https://www.goodreads.com/book/show/33160963-the-seven-husbands-of-evelyn-hugo,https://i.gr-assets.com/images/S/compressed.photo.goodreads.com/books/1660804580i/33160963._SY75_.jpg,4.39,4425894,4.365814406936221,5364,66,"4,25 a 4,5",Muito alta
1678,61313902,Five Survive,Holly  Jackson,https://www.goodreads.com/book/show/61313902-five-survive,https://i.gr-assets.com/images/S/compressed.photo.goodreads.com/books/1664370443i/61313902._SY75_.jpg,4.07,315489,4.082234388604947,5357,59,"4,0 a 4,25",Alta
1679,13641955,One Came Home,Amy Timberlake,https://www.goodreads.com/book/show/13641955-one-came-home,https://i.gr-assets.com/images/S/compressed.photo.goodreads.com/books/1347326641i/13641955._SY75_.jpg,3.81,10782,4.084535133943119,5348,57,"3,5 a 4,0",Baixa
1680,25354,Bastard Out of Carolina,Dorothy Allison,https://www.goodreads.com/book/show/25354.Bastard_Out_of_Carolina,https://i.gr-assets.com/images/S/compressed.photo.goodreads.com/books/1424648725i/25354._SX50_.jpg,4.15,49153,4.098568206999123,5347,80,"4,0 a 4,25",Baixa
1681,22285,Rant: An Oral Biography of Buster Casey,Chuck Palahniuk,https://www.goodreads.com/book/show/22285.Rant,https://i.gr-assets.com/images/S/compressed.photo.goodreads.com/books/1388248283i/22285._SX50_.jpg,3.85,71532,4.05466840548169,5336,64,"3,5 a 4,0",Média
1682,39058,"The Gormenghast Novels (Gormenghast, #1-3)",Mervyn Peake,https://www.goodreads.com/book/show/39058.The_Gormenghast_Novels,https://i.gr-assets.com/images/S/compressed.photo.goodreads.com/books/1651356062i/39058._SX50_.jpg,4.04,10074,4.090795538125873,5334,69,"4,0 a 4,25",Baixa
1683,12893742,"The Serpent's Shadow (The Kane Chronicles, #3)",Rick Riordan,https://www.goodreads.com/book/show/12893742-the-serpent-s-shadow,https://i.gr-assets.com/images/S/compressed.photo.goodreads.com/books/1366227982i/12893742._SY75_.jpg,4.27,185874,4.149415671502834,5313,73,"4,25 a 4,5",Alta
1684,62593654,Someone Else's Bucket List,Amy T. Matthews,https://www.goodreads.com/book/show/62593654-someone-else-s-bucket-list,https://i.gr-assets.com/images/S/compressed.photo.goodreads.com/books/1663198163i/62593654._SX50_.jpg,3.97,13802,4.087941611239303,5312,55,"3,5 a 4,0",Baixa
1685,199551453,The Wrong Daughter,Dandy Smith,https://www.goodreads.com/book/show/199551453-the-wrong-daughter,https://i.gr-assets.com/images/S/compressed.photo.goodreads.com/books/1697984764i/199551453._SY75_.jpg,3.96,71229,4.0717504690264485,5311,56,"3,5 a 4,0",Média
1686,714902,"Noughts & Crosses (Noughts & Crosses, #1)",Malorie Blackman,https://www.goodreads.com/book/show/714902.Noughts_Crosses,https://i.gr-assets.com/images/S/compressed.photo.goodreads.com/books/1443903273i/714902._SY75_.jpg,4.16,85504,4.104285211387901,5310,61,"4,0 a 4,25",Média
1687,38750904,"The Accidental Further Adventures of the Hundred-Year-Old Man (Hundred-Year-Old Man, #2)",Jonas Jonasson,https://www.goodreads.com/book/show/38750904-the-accidental-further-adventures-of-the-hundred-year-old-man,https://i.gr-assets.com/images/S/compressed.photo.goodreads.com/books/1530487363i/38750904._SX50_.jpg,3.73,21694,4.073073077745186,5305,55,"3,5 a 4,0",Baixa
1688,74951328,Burned Out,Dean Mafako,https://www.goodreads.com/book/show/74951328-burned-out,https://i.gr-assets.com/images/S/compressed.photo.goodreads.com/books/1671672253i/74951328._SY75_.jpg,4.3,5472,4.094972740443737,5302,59,"4,25 a 4,5",Baixa
1689,28421168,"Renegades (Renegades, #1)",Marissa Meyer,https://www.goodreads.com/book/show/28421168-renegades,https://i.gr-assets.com/images/S/compressed.photo.goodreads.com/books/1494896884i/28421168._SX50_.jpg,4.11,170982,4.0975480431642195,5299,59,"4,0 a 4,25",Alta
1689,61401116,"The Satsuma Complex (Gary Thorn, #1)",Bob Mortimer,https://www.goodreads.com/book/show/61401116-the-satsuma-complex,https://i.gr-assets.com/images/S/compressed.photo.goodreads.com/books/1657099697i/61401116._SY75_.jpg,3.68,85339,4.018285600876118,5299,55,"3,5 a 4,0",Média
1691,34517,"Reaper Man (Discworld, #11; Death, #2)",Terry Pratchett,https://www.goodreads.com/book/show/34517.Reaper_Man,https://i.gr-assets.com/images/S/compressed.photo.goodreads.com/books/1389211958i/34517._SY75_.jpg,4.28,116300,4.135172848788607,5277,72,"4,25 a 4,5",Média
1692,11468377,"Thinking, Fast and Slow",Daniel Kahneman,https://www.goodreads.com/book/show/11468377-thinking-fast-and-slow,https://i.gr-assets.com/images/S/compressed.photo.goodreads.com/books/1317793965i/11468377._SX50_.jpg,4.16,616023,4.133634475492719,5273,60,"4,0 a 4,25",Muito alta
1693,13376,"The House of the Scorpion (Matteo Alacran, #1)",Nancy Farmer,https://www.goodreads.com/book/show/13376.The_House_of_the_Scorpion,https://i.gr-assets.com/images/S/compressed.photo.goodreads.com/books/1401734230i/13376._SY75_.jpg,4.08,98066,4.089677344064945,5270,66,"4,0 a 4,25",Média
1694,60741772,Please Report Your Bug Here,Josh Riedel,https://www.goodreads.com/book/show/60741772-please-report-your-bug-here,https://i.gr-assets.com/images/S/compressed.photo.goodreads.com/books/1652696217i/60741772._SY75_.jpg,3.16,2209,4.08686862904004,5267,56,"Até 3,5",Baixa
1695,6060130,Sacred Hearts,Sarah Dunant,https://www.goodreads.com/book/show/6060130-sacred-hearts,https://i.gr-assets.com/images/S/compressed.photo.goodreads.com/books/1441864121i/6060130._SY75_.jpg,3.8,14027,4.08198979505576,5262,57,"3,5 a 4,0",Baixa
1696,43575115,The Starless Sea,Erin Morgenstern,https://www.goodreads.com/book/show/43575115-the-starless-sea,https://i.gr-assets.com/images/S/compressed.photo.goodreads.com/books/1617715077i/43575115._SY75_.jpg,3.84,242740,3.995553476906523,5250,57,"3,5 a 4,0",Alta
1697,61058915,Cackle,Rachel   Harrison,https://www.goodreads.com/book/show/61058915-cackle,https://i.gr-assets.com/images/S/compressed.photo.goodreads.com/books/1656931038i/61058915._SY75_.jpg,3.72,58495,4.043688969874376,5244,55,"3,5 a 4,0",Média
1698,60194162,Demon Copperhead,Barbara Kingsolver,https://www.goodreads.com/book/show/60194162-demon-copperhead,https://i.gr-assets.com/images/S/compressed.photo.goodreads.com/books/1660050779i/60194162._SY75_.jpg,4.46,901650,4.348703008262161,5242,59,"4,25 a 4,5",Muito alta
1699,230337105,Poems & Prayers,Matthew McConaughey,https://www.goodreads.com/book/show/230337105-poems-prayers,https://i.gr-assets.com/images/S/compressed.photo.goodreads.com/books/1750819666i/230337105._SY75_.jpg,3.85,11986,4.084904550916194,5240,55,"3,5 a 4,0",Baixa
1700,55446843,"Perron Manor (Haunted, #1)",Lee Mountford,https://www.goodreads.com/book/show/55446843-perron-manor,https://i.gr-assets.com/images/S/compressed.photo.goodreads.com/books/1600985305i/55446843._SY75_.jpg,4.08,10851,4.0917772268500805,5238,55,"4,0 a 4,25",Baixa
1701,18749,Half of a Yellow Sun,Chimamanda Ngozi Adichie,https://www.goodreads.com/book/show/18749.Half_of_a_Yellow_Sun,https://i.gr-assets.com/images/S/compressed.photo.goodreads.com/books/1327934717i/18749._SX50_.jpg,4.34,192444,4.1738590546467815,5224,64,"4,25 a 4,5",Alta
1702,30346601,Brainwalker,Robyn Mundell,https://www.goodreads.com/book/show/30346601-brainwalker,https://i.gr-assets.com/images/S/compressed.photo.goodreads.com/books/1465002076i/30346601._SX50_.jpg,4.29,10082,4.0970775113043265,5217,58,"4,25 a 4,5",Baixa
1703,175675,Ragtime,E.L. Doctorow,https://www.goodreads.com/book/show/175675.Ragtime,https://i.gr-assets.com/images/S/compressed.photo.goodreads.com/books/1320531790i/175675._SY75_.jpg,3.9,48196,4.0710269810501005,5216,85,"3,5 a 4,0",Baixa
1704,597790,The Children of Húrin,J.R.R. Tolkien,https://www.goodreads.com/book/show/597790.The_Children_of_H_rin,https://i.gr-assets.com/images/S/compressed.photo.goodreads.com/books/1762290218i/597790._SY75_.jpg,4.07,96621,4.087724867499451,5214,72,"4,0 a 4,25",Média
1705,61884832,All the Sinners Bleed,S.A. Cosby,https://www.goodreads.com/book/show/61884832-all-the-sinners-bleed,https://i.gr-assets.com/images/S/compressed.photo.goodreads.com/books/1663544598i/61884832._SY75_.jpg,4.19,149182,4.119135886007318,5206,56,"4,0 a 4,25",Média
1706,227874701,The Full Circle for Mick,Michael G. Kramer,https://www.goodreads.com/book/show/227874701-the-full-circle-for-mick,https://i.gr-assets.com/images/S/compressed.photo.goodreads.com/books/1739249697i/227874701._SY75_.jpg,4.33,6404,4.0959368161872876,5203,55,"4,25 a 4,5",Baixa
1707,41899,Fantastic Beasts and Where to Find Them,Newt Scamander,https://www.goodreads.com/book/show/41899.Fantastic_Beasts_and_Where_to_Find_Them,https://i.gr-assets.com/images/S/compressed.photo.goodreads.com/books/1303738520i/41899._SX50_.jpg,3.95,422424,4.018314461468111,5200,82,"3,5 a 4,0",Muito alta
1707,11594257,"Under the Never Sky (Under the Never Sky, #1)",Veronica Rossi,https://www.goodreads.com/book/show/11594257-under-the-never-sky,https://i.gr-assets.com/images/S/compressed.photo.goodreads.com/books/1356591725i/11594257._SY75_.jpg,3.98,115503,4.066543866434721,5200,64,"3,5 a 4,0",Média
1709,22288,Haunted,Chuck Palahniuk,https://www.goodreads.com/book/show/22288.Haunted,https://i.gr-assets.com/images/S/compressed.photo.goodreads.com/books/1391152326i/22288._SY75_.jpg,3.59,113270,3.9793385880718923,5198,67,"3,5 a 4,0",Média
1710,40199729,The Heart of Aleppo: A Story of the Syrian Civil War,Ammar Habib,https://www.goodreads.com/book/show/40199729-the-heart-of-aleppo,https://i.gr-assets.com/images/S/compressed.photo.goodreads.com/books/1527101321i/40199729._SY75_.jpg,4.4,7774,4.098105140776185,5180,52,"4,25 a 4,5",Baixa
1710,16220184,"Crossroads and the Himalayan Crystals (Crossroads, #1)",C. Toni Graham,https://www.goodreads.com/book/show/16220184-crossroads-and-the-himalayan-crystals,https://i.gr-assets.com/images/S/compressed.photo.goodreads.com/books/1390176956i/16220184._SX50_.jpg,4.33,11432,4.098860623416277,5180,57,"4,25 a 4,5",Baixa
1712,44279110,My Year of Rest and Relaxation,Ottessa Moshfegh,https://www.goodreads.com/book/show/44279110-my-year-of-rest-and-relaxation,https://i.gr-assets.com/images/S/compressed.photo.goodreads.com/books/1597676656i/44279110._SY75_.jpg,3.59,620327,3.784148412347048,5152,57,"3,5 a 4,0",Muito alta
1713,16160797,"The Cuckoo's Calling (Cormoran Strike, #1)",Robert Galbraith,https://www.goodreads.com/book/show/16160797-the-cuckoo-s-calling,https://i.gr-assets.com/images/S/compressed.photo.goodreads.com/books/1540217136i/16160797._SY75_.jpg,3.89,640076,3.9666507942638205,5151,63,"3,5 a 4,0",Muito alta
1714,97782,Then We Came to the End,Joshua Ferris,https://www.goodreads.com/book/show/97782.Then_We_Came_to_the_End,https://i.gr-assets.com/images/S/compressed.photo.goodreads.com/books/1442800496i/97782._SY75_.jpg,3.47,37086,4.038219972471006,5149,55,"Até 3,5",Baixa
1715,204125964,Catch the Sun,Jennifer Hartmann,https://www.goodreads.com/book/show/204125964-catch-the-sun,https://i.gr-assets.com/images/S/compressed.photo.goodreads.com/books/1717597659i/204125964._SY75_.jpg,4.23,41901,4.105448627795513,5145,54,"4,0 a 4,25",Baixa
1716,17349,The Demon-Haunted World: Science as a Candle in the Dark,Carl Sagan,https://www.goodreads.com/book/show/17349.The_Demon_Haunted_World,https://i.gr-assets.com/images/S/compressed.photo.goodreads.com/books/1553691804i/17349._SX50_.jpg,4.28,83095,4.125031070015706,5142,57,"4,25 a 4,5",Média
1717,58549182,The Bridge to Rembrandt,Nelson K. Foley,https://www.goodreads.com/book/show/58549182-the-bridge-to-rembrandt,https://i.gr-assets.com/images/S/compressed.photo.goodreads.com/books/1626188985i/58549182._SX50_.jpg,4.25,6053,4.094510606056524,5140,56,"4,0 a 4,25",Baixa
1718,129268634,Walk Two Moons by Sharon Creech (1994-05-03),Sharon Creech,https://www.goodreads.com/book/show/129268634-walk-two-moons-by-sharon-creech,https://i.gr-assets.com/images/S/compressed.photo.goodreads.com/books/1698828162i/129268634._SX50_.jpg,4.0,175751,4.063546372266551,5139,55,"3,5 a 4,0",Alta
1719,42512,We Were Soldiers Once... and Young: Ia Drang - The Battle that Changed the War in Vietnam,Harold G. Moore,https://www.goodreads.com/book/show/42512.We_Were_Soldiers_Once_and_Young,https://i.gr-assets.com/images/S/compressed.photo.goodreads.com/books/1328912889i/42512._SY75_.jpg,4.34,33895,4.11187556324802,5137,56,"4,25 a 4,5",Baixa
1719,203518955,"The Black Bird Oracle (All Souls, #5)",Deborah Harkness,https://www.goodreads.com/book/show/203518955-the-black-bird-oracle,https://i.gr-assets.com/images/S/compressed.photo.goodreads.com/books/1702589361i/203518955._SY75_.jpg,4.05,43609,4.087880037194344,5137,54,"4,0 a 4,25",Baixa
1721,9539,"The Shadow Rising (The Wheel of Time, #4)",Robert Jordan,https://www.goodreads.com/book/show/9539.The_Shadow_Rising,https://i.gr-assets.com/images/S/compressed.photo.goodreads.com/books/1638239837i/9539._SY75_.jpg,4.29,269911,4.172913340292069,5136,72,"4,25 a 4,5",Alta
1721,7842288,"Beautiful Darkness (Caster Chronicles, #2)",Kami Garcia,https://www.goodreads.com/book/show/7842288-beautiful-darkness,https://i.gr-assets.com/images/S/compressed.photo.goodreads.com/books/1327879100i/7842288._SY75_.jpg,3.83,143316,4.021812223592303,5136,74,"3,5 a 4,0",Média
1723,203578776,"Passions in Death (In Death, #59)",J.D. Robb,https://www.goodreads.com/book/show/203578776-passions-in-death,https://i.gr-assets.com/images/S/compressed.photo.goodreads.com/books/1708579046i/203578776._SY75_.jpg,4.27,23461,4.102172028264945,5134,54,"4,25 a 4,5",Baixa
1724,34053,Just So Stories,Rudyard Kipling,https://www.goodreads.com/book/show/34053.Just_So_Stories,https://i.gr-assets.com/images/S/compressed.photo.goodreads.com/books/1546075870i/34053._SY75_.jpg,4.05,50027,4.0873288927659965,5133,90,"4,0 a 4,25",Média
1724,60754889,Jonathan Abernathy You Are Kind,Molly McGhee,https://www.goodreads.com/book/show/60754889-jonathan-abernathy-you-are-kind,https://i.gr-assets.com/images/S/compressed.photo.goodreads.com/books/1682359454i/60754889._SY75_.jpg,3.5,3633,4.08665419281188,5133,54,"Até 3,5",Baixa
1726,493456,"Extras (Uglies, #4)",Scott Westerfeld,https://www.goodreads.com/book/show/493456.Extras,https://i.gr-assets.com/images/S/compressed.photo.goodreads.com/books/1388187650i/493456._SX50_.jpg,3.59,129367,3.967296681363307,5132,70,"3,5 a 4,0",Média
1726,875109,"The Raphael Affair (Jonathan Argyll, #1)",Iain Pears,https://www.goodreads.com/book/show/875109.The_Raphael_Affair,https://i.gr-assets.com/images/S/compressed.photo.goodreads.com/books/1327913947i/875109._SY75_.jpg,3.58,4328,4.086498696343973,5132,55,"3,5 a 4,0",Baixa
1728,4952,What Is the What,Dave Eggers,https://www.goodreads.com/book/show/4952.What_Is_the_What,https://i.gr-assets.com/images/S/compressed.photo.goodreads.com/books/1328837457i/4952._SX50_.jpg,4.15,88269,4.102765155083527,5131,65,"4,0 a 4,25",Média
1729,95693,The Blue Castle,L.M. Montgomery,https://www.goodreads.com/book/show/95693.The_Blue_Castle,https://i.gr-assets.com/images/S/compressed.photo.goodreads.com/books/1684723987i/95693._SY75_.jpg,4.31,62817,4.1222596309367034,5126,59,"4,25 a 4,5",Média
1730,3393124,"Max (Maximum Ride, #5)",James  Patterson,https://www.goodreads.com/book/show/3393124-max,https://i.gr-assets.com/images/S/compressed.photo.goodreads.com/books/1441219978i/3393124._SY75_.jpg,4.05,77455,4.085143665980665,5125,72,"4,0 a 4,25",Média
1731,69571,Rich Dad Poor Dad: What the Rich Teach Their Kids About Money—That the Poor and Middle Class Do Not!,Robert T. Kiyosaki,https://www.goodreads.com/book/show/69571.Rich_Dad_Poor_Dad,https://i.gr-assets.com/images/S/compressed.photo.goodreads.com/books/1757619021i/69571._SY75_.jpg,4.08,760887,4.084109178749145,5120,60,"4,0 a 4,25",Muito alta
1732,16181775,"The Rosie Project (Don Tillman, #1)",Graeme Simsion,https://www.goodreads.com/book/show/16181775-the-rosie-project,https://i.gr-assets.com/images/S/compressed.photo.goodreads.com/books/1371651741i/16181775._SY75_.jpg,4.01,607967,4.0421398991169335,5117,59,"4,0 a 4,25",Muito alta
1733,25128811,"Ice Planet Barbarians (Ice Planet Barbarians, #1)",Ruby Dixon,https://www.goodreads.com/book/show/25128811-ice-planet-barbarians,https://i.gr-assets.com/images/S/compressed.photo.goodreads.com/books/1551411246i/25128811._SX50_.jpg,3.61,221565,3.9177497785596325,5116,55,"3,5 a 4,0",Alta
1734,36505403,Boy's Life,Robert McCammon,https://www.goodreads.com/book/show/36505403-boy-s-life,https://i.gr-assets.com/images/S/compressed.photo.goodreads.com/books/1509393911i/36505403._SY75_.jpg,4.41,44734,4.124734285376986,5115,63,"4,25 a 4,5",Baixa
1735,8705784,"Born at Midnight (Shadow Falls, #1)",C.C. Hunter,https://www.goodreads.com/book/show/8705784-born-at-midnight,https://i.gr-assets.com/images/S/compressed.photo.goodreads.com/books/1546092698i/8705784._SX50_.jpg,4.1,95532,4.093654145720596,5114,68,"4,0 a 4,25",Média
1736,56563852,"The Wolf Den (Wolf Den Trilogy, #1)",Elodie Harper,https://www.goodreads.com/book/show/56563852-the-wolf-den,https://i.gr-assets.com/images/S/compressed.photo.goodreads.com/books/1609859848i/56563852._SY75_.jpg,4.01,53017,4.082302311592437,5108,55,"4,0 a 4,25",Média
1737,210989710,"Lessons In Faking (Hall Beck University, #1)",Selina Mae,https://www.goodreads.com/book/show/210989710-lessons-in-faking,https://i.gr-assets.com/images/S/compressed.photo.goodreads.com/books/1712468248i/210989710._SY75_.jpg,3.75,10072,4.083514574929375,5101,54,"3,5 a 4,0",Baixa
1738,23754,"The Sandman, Vol. 1: Preludes & Nocturnes",Neil Gaiman,https://www.goodreads.com/book/show/23754.The_Sandman_Vol_1,https://i.gr-assets.com/images/S/compressed.photo.goodreads.com/books/1411609637i/23754._SY75_.jpg,4.25,276453,4.1574951849221105,5099,73,"4,0 a 4,25",Alta
1738,50706476,Dearly,Margaret Atwood,https://www.goodreads.com/book/show/50706476-dearly,https://i.gr-assets.com/images/S/compressed.photo.goodreads.com/books/1580793100i/50706476._SY75_.jpg,3.75,17139,4.077740852562866,5099,54,"3,5 a 4,0",Baixa
1740,26156140,Hitman Anders and the Meaning of It All,Jonas Jonasson,https://www.goodreads.com/book/show/26156140-hitman-anders-and-the-meaning-of-it-all,https://i.gr-assets.com/images/S/compressed.photo.goodreads.com/books/1458276801i/26156140._SY75_.jpg,3.42,21931,4.056415153801314,5096,53,"Até 3,5",Baixa
1741,25300956,"Royal Assassin (Farseer Trilogy, #2)",Robin Hobb,https://www.goodreads.com/book/show/25300956-royal-assassin,https://i.gr-assets.com/images/S/compressed.photo.goodreads.com/books/1428234219i/25300956._SY75_.jpg,4.3,266798,4.176414729002875,5095,62,"4,25 a 4,5",Alta
1742,59717828,The Sacred Well Murders (Mary Wandwalker #1),Susan  Rowland,https://www.goodreads.com/book/show/59717828-the-sacred-well-murders,https://i.gr-assets.com/images/S/compressed.photo.goodreads.com/books/1638160080i/59717828._SY75_.jpg,4.27,7684,4.095531968154155,5094,57,"4,25 a 4,5",Baixa
1743,51019,Cat's Eye,Margaret Atwood,https://www.goodreads.com/book/show/51019.Cat_s_Eye,https://i.gr-assets.com/images/S/compressed.photo.goodreads.com/books/1385207977i/51019._SY75_.jpg,3.95,74710,4.069311383701802,5089,75,"3,5 a 4,0",Média
1744,39963,"A Long Way from Chicago (A Long Way from Chicago, #1)",Richard Peck,https://www.goodreads.com/book/show/39963.A_Long_Way_from_Chicago,https://i.gr-assets.com/images/S/compressed.photo.goodreads.com/books/1388195985i/39963._SX50_.jpg,3.98,36364,4.082566978300704,5088,54,"3,5 a 4,0",Baixa
1745,44890081,My Dark Vanessa,Kate Elizabeth Russell,https://www.goodreads.com/book/show/44890081-my-dark-vanessa,https://i.gr-assets.com/images/S/compressed.photo.goodreads.com/books/1583447793i/44890081._SY75_.jpg,4.09,450786,4.090977392084912,5076,56,"4,0 a 4,25",Muito alta
1746,32811580,"UNSUB (UNSUB, #1)",Meg Gardiner,https://www.goodreads.com/book/show/32811580-unsub,https://i.gr-assets.com/images/S/compressed.photo.goodreads.com/books/1477844218i/32811580._SY75_.jpg,4.05,18025,4.09024891827602,5073,54,"4,0 a 4,25",Baixa
1747,24830,The Illustrated Man,Ray Bradbury,https://www.goodreads.com/book/show/24830.The_Illustrated_Man,https://i.gr-assets.com/images/S/compressed.photo.goodreads.com/books/1374049820i/24830._SY75_.jpg,4.13,110783,4.100469283541599,5071,74,"4,0 a 4,25",Média
1748,7933292,Heaven is for Real: A Little Boy's Astounding Story of His Trip to Heaven and Back,Todd Burpo,https://www.goodreads.com/book/show/7933292-heaven-is-for-real,https://i.gr-assets.com/images/S/compressed.photo.goodreads.com/books/1348467278i/7933292._SY75_.jpg,4.04,342617,4.067772841606779,5069,70,"4,0 a 4,25",Alta
1749,58159316,"Glow (The Plated Prisoner, #4)",Raven Kennedy,https://www.goodreads.com/book/show/58159316-glow,https://i.gr-assets.com/images/S/compressed.photo.goodreads.com/books/1641240565i/58159316._SY75_.jpg,4.11,232151,4.0987701788267366,5068,53,"4,0 a 4,25",Alta
1750,238227093,Grow Together: 50 Planting Partnerships to Boost Your Harvests,Charles Dowding,https://www.goodreads.com/book/show/238227093-grow-together,https://i.gr-assets.com/images/S/compressed.photo.goodreads.com/books/1764137079i/238227093._SX50_.jpg,4.34,1723,4.093191374568089,5064,59,"4,25 a 4,5",Baixa
1751,38525405,The League: How Five Rivals Created the NFL and Launched a Sports Empire,John Eisenberg,https://www.goodreads.com/book/show/38525405-the-league,https://i.gr-assets.com/images/S/compressed.photo.goodreads.com/books/1519286908i/38525405._SY75_.jpg,4.16,2310,4.092502686954384,5061,54,"4,0 a 4,25",Baixa
1752,30201299,El Diablo,M.  Robinson,https://www.goodreads.com/book/show/30201299-el-diablo,https://i.gr-assets.com/images/S/compressed.photo.goodreads.com/books/1471381836i/30201299._SY75_.jpg,3.97,13245,4.088104087849958,5056,51,"3,5 a 4,0",Baixa
1753,38401,Company,Max Barry,https://www.goodreads.com/book/show/38401.Company,https://i.gr-assets.com/images/S/compressed.photo.goodreads.com/books/1388200175i/38401._SY75_.jpg,3.75,7177,4.085938946318057,5055,53,"3,5 a 4,0",Baixa
1754,40881621,The Book of Disquiet: The Complete Edition,Fernando Pessoa,https://www.goodreads.com/book/show/40881621-the-book-of-disquiet,https://i.gr-assets.com/images/S/compressed.photo.goodreads.com/books/1591219012i/40881621._SX50_.jpg,4.38,40068,4.118859074502709,5054,57,"4,25 a 4,5",Baixa
1755,36348525,Severance,Ling  Ma,https://www.goodreads.com/book/show/36348525-severance,https://i.gr-assets.com/images/S/compressed.photo.goodreads.com/books/1507060524i/36348525._SY75_.jpg,3.87,140158,4.03350576628305,5048,53,"3,5 a 4,0",Média
1756,233649,"The Great Hunt (The Wheel of Time, #2)",Robert Jordan,https://www.goodreads.com/book/show/233649.The_Great_Hunt,https://i.gr-assets.com/images/S/compressed.photo.goodreads.com/books/1659905799i/233649._SY75_.jpg,4.27,366878,4.178211758091058,5043,70,"4,25 a 4,5",Alta
1757,40381392,"Finale (Caraval, #3)",Stephanie Garber,https://www.goodreads.com/book/show/40381392-finale,https://i.gr-assets.com/images/S/compressed.photo.goodreads.com/books/1540221721i/40381392._SY75_.jpg,4.12,427180,4.106667344606227,5038,58,"4,0 a 4,25",Muito alta
1758,27237358,Making Faces,Amy Harmon,https://www.goodreads.com/book/show/27237358-making-faces,https://i.gr-assets.com/images/S/compressed.photo.goodreads.com/books/1445292235i/27237358._SX50_.jpg,4.29,82504,4.126579796748101,5037,58,"4,25 a 4,5",Média
1759,213066340,Morsels,Abe Moss,https://www.goodreads.com/book/show/213066340-morsels,https://i.gr-assets.com/images/S/compressed.photo.goodreads.com/books/1715180312i/213066340._SY75_.jpg,3.6,5651,4.085094528980854,5036,53,"3,5 a 4,0",Baixa
1760,43483262,"Love is the Answer, God is the Cure: A True Story of Abuse, Betrayal and Unconditional Love",Aimee Cabo Nikolov,https://www.goodreads.com/book/show/43483262-love-is-the-answer-god-is-the-cure,https://i.gr-assets.com/images/S/compressed.photo.goodreads.com/books/1547961493i/43483262._SX50_.jpg,4.3,17056,4.10079195612255,5034,57,"4,25 a 4,5",Baixa
1761,76705490,"Crown of Midnight (Throne of Glass, #2)",Sarah J. Maas,https://www.goodreads.com/book/show/76705490-crown-of-midnight,https://i.gr-assets.com/images/S/compressed.photo.goodreads.com/books/1673566594i/76705490._SY75_.jpg,4.36,1981811,4.315847556635485,5029,57,"4,25 a 4,5",Muito alta
1762,56034,The French Lieutenant’s Woman,John Fowles,https://www.goodreads.com/book/show/56034.The_French_Lieutenant_s_Woman,https://i.gr-assets.com/images/S/compressed.photo.goodreads.com/books/1466630905i/56034._SY75_.jpg,3.89,56542,4.066574992888543,5027,81,"3,5 a 4,0",Média
1763,201535408,Dark Voyage Matters of the Mind (The Children of the Gods #78),I.T. Lucas,https://www.goodreads.com/book/show/201535408-dark-voyage-matters-of-the-mind,https://i.gr-assets.com/images/S/compressed.photo.goodreads.com/books/1699058577i/201535408._SY75_.jpg,4.58,2843,4.095625210203751,5017,52,"Acima de 4,5",Baixa
1764,195945776,Ankle Snatcher,Grady Hendrix,https://www.goodreads.com/book/show/195945776-ankle-snatcher,https://i.gr-assets.com/images/S/compressed.photo.goodreads.com/books/1693698091i/195945776._SX50_.jpg,3.68,31171,4.061682115936761,5013,53,"3,5 a 4,0",Baixa
1765,153680369,Joey and His Friend Water,Ellen J. Lewinberg,https://www.goodreads.com/book/show/153680369-joey-and-his-friend-water,https://i.gr-assets.com/images/S/compressed.photo.goodreads.com/books/1684205141i/153680369._SX50_.jpg,4.3,5287,4.094877046374232,5010,53,"4,25 a 4,5",Baixa
1766,22733616,"Neverseen (Keeper of the Lost Cities, #4)",Shannon Messenger,https://www.goodreads.com/book/show/22733616-neverseen,https://i.gr-assets.com/images/S/compressed.photo.goodreads.com/books/1422383369i/22733616._SX50_.jpg,4.55,64307,4.156765199322995,5009,57,"Acima de 4,5",Média
1767,78129,"Killing Floor (Jack Reacher, #1)",Lee Child,https://www.goodreads.com/book/show/78129.Killing_Floor,https://i.gr-assets.com/images/S/compressed.photo.goodreads.com/books/1399313258i/78129._SY75_.jpg,4.08,360717,4.086296429322913,5002,70,"4,0 a 4,25",Alta
1767,20342617,Just Mercy,Bryan Stevenson,https://www.goodreads.com/book/show/20342617-just-mercy,https://i.gr-assets.com/images/S/compressed.photo.goodreads.com/books/1635827409i/20342617._SY75_.jpg,4.62,272004,4.3086522219037615,5002,56,"Acima de 4,5",Alta
1769,6426026,The Financial Lives of the Poets,Jess Walter,https://www.goodreads.com/book/show/6426026-the-financial-lives-of-the-poets,https://i.gr-assets.com/images/S/compressed.photo.goodreads.com/books/1331317628i/6426026._SY75_.jpg,3.72,11824,4.081183906116768,4998,53,"3,5 a 4,0",Baixa
1770,249299879,Wings Against The Wind,JoDee Neathery,https://www.goodreads.com/book/show/249299879-wings-against-the-wind,https://i.gr-assets.com/images/S/compressed.photo.goodreads.com/books/1772666696i/249299879._SY75_.jpg,4.4,1034,4.092915916572891,4997,57,"4,25 a 4,5",Baixa
1771,53457092,"Six Crimson Cranes (Six Crimson Cranes, #1)",Elizabeth Lim,https://www.goodreads.com/book/show/53457092-six-crimson-cranes,https://i.gr-assets.com/images/S/compressed.photo.goodreads.com/books/1603387427i/53457092._SY75_.jpg,4.17,110196,4.109227929278587,4996,54,"4,0 a 4,25",Média
1772,201627017,"Angel of Vengeance (Pendergast, #22)",Douglas Preston,https://www.goodreads.com/book/show/201627017-angel-of-vengeance,https://i.gr-assets.com/images/S/compressed.photo.goodreads.com/books/1700218086i/201627017._SY75_.jpg,4.3,13415,4.0989988186476625,4995,53,"4,25 a 4,5",Baixa
1773,608474,"The Sign of Four (Sherlock Holmes, #2)",Arthur Conan Doyle,https://www.goodreads.com/book/show/608474.The_Sign_of_Four,https://i.gr-assets.com/images/S/compressed.photo.goodreads.com/books/1739306203i/608474._SY75_.jpg,3.88,185755,4.023801405162561,4994,65,"3,5 a 4,0",Alta
1774,36510196,"Old Man's War (Old Man's War, #1)",John Scalzi,https://www.goodreads.com/book/show/36510196-old-man-s-war,https://i.gr-assets.com/images/S/compressed.photo.goodreads.com/books/1509467059i/36510196._SY75_.jpg,4.23,233976,4.143722280253753,4985,63,"4,0 a 4,25",Alta
1775,23164983,"Hollow City (Miss Peregrine's Peculiar Children, #2)",Ransom Riggs,https://www.goodreads.com/book/show/23164983-hollow-city,https://i.gr-assets.com/images/S/compressed.photo.goodreads.com/books/1662568423i/23164983._SY75_.jpg,4.07,256429,4.0833502992009,4980,66,"4,0 a 4,25",Alta
1776,98048,The Passion of Artemisia,Susan Vreeland,https://www.goodreads.com/book/show/98048.The_Passion_of_Artemisia,https://i.gr-assets.com/images/S/compressed.photo.goodreads.com/books/1311648181i/98048._SY75_.jpg,3.91,20644,4.082973251906765,4973,53,"3,5 a 4,0",Baixa
1777,18693763,Everything I Never Told You,Celeste Ng,https://www.goodreads.com/book/show/18693763-everything-i-never-told-you,https://i.gr-assets.com/images/S/compressed.photo.goodreads.com/books/1386795198i/18693763._SY75_.jpg,3.83,626918,3.9306915076251325,4971,59,"3,5 a 4,0",Muito alta
1778,61085357,Homo Cosmicus 2: Titan: A Science Fiction Novel,Todor Bombov,https://www.goodreads.com/book/show/61085357-homo-cosmicus-2,https://i.gr-assets.com/images/S/compressed.photo.goodreads.com/books/1652446489i/61085357._SY75_.jpg,4.38,1747,4.093384343132581,4964,57,"4,25 a 4,5",Baixa
1779,22544764,Uprooted,Naomi Novik,https://www.goodreads.com/book/show/22544764-uprooted,https://i.gr-assets.com/images/S/compressed.photo.goodreads.com/books/1550135418i/22544764._SX50_.jpg,4.01,273468,4.058317439312014,4961,57,"4,0 a 4,25",Alta
1780,212084499,The Instrumentalist,Harriet Constable,https://www.goodreads.com/book/show/212084499-the-instrumentalist,https://i.gr-assets.com/images/S/compressed.photo.goodreads.com/books/1713960328i/212084499._SY75_.jpg,4.1,12947,4.092357025966657,4960,53,"4,0 a 4,25",Baixa
1781,352724,Games of Command,Linnea Sinclair,https://www.goodreads.com/book/show/352724.Games_of_Command,https://i.gr-assets.com/images/S/compressed.photo.goodreads.com/books/1347389713i/352724._SY75_.jpg,4.04,3460,4.091647064081466,4957,52,"4,0 a 4,25",Baixa
1782,7778981,"Halo (Halo, #1)",Alexandra Adornetto,https://www.goodreads.com/book/show/7778981-halo,https://i.gr-assets.com/images/S/compressed.photo.goodreads.com/books/1278885735i/7778981._SX50_.jpg,3.67,71299,4.027015524356332,4955,71,"3,5 a 4,0",Média
1783,113304,The Thief Lord,Cornelia Funke,https://www.goodreads.com/book/show/113304.The_Thief_Lord,https://i.gr-assets.com/images/S/compressed.photo.goodreads.com/books/1327960342i/113304._SY75_.jpg,3.99,103778,4.070691528437155,4954,69,"3,5 a 4,0",Média
1784,15835031,"If He Had Been With Me (If He Had Been with Me, #1)",Laura Nowlin,https://www.goodreads.com/book/show/15835031-if-he-had-been-with-me,https://i.gr-assets.com/images/S/compressed.photo.goodreads.com/books/1348497394i/15835031._SX50_.jpg,3.78,633953,3.8990769244407804,4953,54,"3,5 a 4,0",Muito alta
1785,76527,"The Life and Opinions of Tristram Shandy, Gentleman",Laurence Sterne,https://www.goodreads.com/book/show/76527.The_Life_and_Opinions_of_Tristram_Shandy_Gentleman,https://i.gr-assets.com/images/S/compressed.photo.goodreads.com/books/1403402384i/76527._SY75_.jpg,3.72,23385,4.071109136033557,4952,66,"3,5 a 4,0",Baixa
1786,20758105,"Monsters of Men (Chaos Walking, #3)",Patrick Ness,https://www.goodreads.com/book/show/20758105-monsters-of-men,https://i.gr-assets.com/images/S/compressed.photo.goodreads.com/books/1534502935i/20758105._SY75_.jpg,4.22,91891,4.116437703443317,4941,57,"4,0 a 4,25",Média
1787,1412138,"Iron Kissed (Mercy Thompson, #3)",Patricia Briggs,https://www.goodreads.com/book/show/1412138.Iron_Kissed,https://i.gr-assets.com/images/S/compressed.photo.goodreads.com/books/1358229529i/1412138._SY75_.jpg,4.34,133021,4.155021885345737,4940,70,"4,25 a 4,5",Média
1788,331920,Flipped,Wendelin Van Draanen,https://www.goodreads.com/book/show/331920.Flipped,https://i.gr-assets.com/images/S/compressed.photo.goodreads.com/books/1388554293i/331920._SY75_.jpg,4.0,129578,4.069181784418297,4931,64,"3,5 a 4,0",Média
1788,20804235,The Mark and the Void,Paul Murray,https://www.goodreads.com/book/show/20804235-the-mark-and-the-void,https://i.gr-assets.com/images/S/compressed.photo.goodreads.com/books/1430417203i/20804235._SY75_.jpg,3.7,3724,4.088405474853077,4931,52,"3,5 a 4,0",Baixa
1790,72199,"Off Armageddon Reef (Safehold, #1)",David  Weber,https://www.goodreads.com/book/show/72199.Off_Armageddon_Reef,https://i.gr-assets.com/images/S/compressed.photo.goodreads.com/books/1442716667i/72199._SY75_.jpg,4.14,13349,4.09368490176106,4929,52,"4,0 a 4,25",Baixa
1790,34928902,Huế  1968: A Turning Point of the American War in Vietnam,Mark Bowden,https://www.goodreads.com/book/show/34928902-hu-1968,https://i.gr-assets.com/images/S/compressed.photo.goodreads.com/books/1493242739i/34928902._SY75_.jpg,4.33,8575,4.0972082883781855,4929,53,"4,25 a 4,5",Baixa
1792,38210,The Art of Happiness,Dalai Lama XIV,https://www.goodreads.com/book/show/38210.The_Art_of_Happiness,https://i.gr-assets.com/images/S/compressed.photo.goodreads.com/books/1309287434i/38210._SX50_.jpg,4.17,127680,4.11127615456258,4927,74,"4,0 a 4,25",Média
1793,209439446,"Onyx Storm (The Empyrean, #3)",Rebecca Yarros,https://www.goodreads.com/book/show/209439446-onyx-storm,https://i.gr-assets.com/images/S/compressed.photo.goodreads.com/books/1766329694i/209439446._SY75_.jpg,4.22,1930956,4.198459572785831,4920,55,"4,0 a 4,25",Muito alta
1794,157265081,"The Narrow Road Between Desires (The Kingkiller Chronicle, #0.6)",Patrick Rothfuss,https://www.goodreads.com/book/show/157265081-the-narrow-road-between-desires,https://i.gr-assets.com/images/S/compressed.photo.goodreads.com/books/1716011662i/157265081._SY75_.jpg,4.02,37725,4.085760513701134,4918,53,"4,0 a 4,25",Baixa
1795,30186948,Think and Grow Rich,Napoleon Hill,https://www.goodreads.com/book/show/30186948-think-and-grow-rich,https://i.gr-assets.com/images/S/compressed.photo.goodreads.com/books/1463241782i/30186948._SY75_.jpg,4.16,394967,4.126219840204364,4916,60,"4,0 a 4,25",Muito alta
1796,57021127,Portrait of a Thief,Grace D. Li,https://www.goodreads.com/book/show/57021127-portrait-of-a-thief,https://i.gr-assets.com/images/S/compressed.photo.goodreads.com/books/1646584666i/57021127._SY75_.jpg,3.44,33182,4.041102315482564,4914,53,"Até 3,5",Baixa
1796,18505792,The Ocean at the End of the Lane,Neil Gaiman,https://www.goodreads.com/book/show/18505792-the-ocean-at-the-end-of-the-lane,https://i.gr-assets.com/images/S/compressed.photo.goodreads.com/books/1497098493i/18505792._SY75_.jpg,4.01,666313,4.040366449487714,4914,52,"4,0 a 4,25",Muito alta
1798,4796,The Winter of Our Discontent,John Steinbeck,https://www.goodreads.com/book/show/4796.The_Winter_of_Our_Discontent,https://i.gr-assets.com/images/S/compressed.photo.goodreads.com/books/1388197029i/4796._SY75_.jpg,4.01,56324,4.081767887797346,4910,73,"4,0 a 4,25",Média
1799,17803,After Dark,Haruki Murakami,https://www.goodreads.com/book/show/17803.After_Dark,https://i.gr-assets.com/images/S/compressed.photo.goodreads.com/books/1437952316i/17803._SY75_.jpg,3.74,197373,3.974004960284474,4904,57,"3,5 a 4,0",Alta
1799,8520610,Quiet: The Power of Introverts in a World That Can't Stop Talking,Susan Cain,https://www.goodreads.com/book/show/8520610-quiet,https://i.gr-assets.com/images/S/compressed.photo.goodreads.com/books/1328562861i/8520610._SY75_.jpg,4.07,485385,4.079862848488946,4904,64,"4,0 a 4,25",Muito alta
1801,42156,"Something Borrowed (Darcy & Rachel, #1)",Emily Giffin,https://www.goodreads.com/book/show/42156.Something_Borrowed,https://i.gr-assets.com/images/S/compressed.photo.goodreads.com/books/1305063535i/42156._SY75_.jpg,3.89,619200,3.968234672785758,4903,66,"3,5 a 4,0",Muito alta
1802,1895792,"The Fury / Dark Reunion (The Vampire Diaries, #3-4)",L.J. Smith,https://www.goodreads.com/book/show/1895792.The_Fury_Dark_Reunion,https://i.gr-assets.com/images/S/compressed.photo.goodreads.com/books/1347454337i/1895792._SY75_.jpg,3.72,63382,4.040208226962496,4891,70,"3,5 a 4,0",Média
1803,3428935,The Warded Man (Demon Cycle #1),Peter V. Brett,https://www.goodreads.com/book/show/3428935-the-warded-man,https://i.gr-assets.com/images/S/compressed.photo.goodreads.com/books/1354571949i/3428935._SY75_.jpg,4.24,134008,4.129848566357591,4879,55,"4,0 a 4,25",Média
1804,14554,"If Tomorrow Comes (Tracy Whitney, #1)",Sidney Sheldon,https://www.goodreads.com/book/show/14554.If_Tomorrow_Comes,https://i.gr-assets.com/images/S/compressed.photo.goodreads.com/books/1387733550i/14554._SY75_.jpg,4.08,71842,4.090225553611267,4878,63,"4,0 a 4,25",Média
1805,28186322,"A Curious Beginning (Veronica Speedwell, #1)",Deanna Raybourn,https://www.goodreads.com/book/show/28186322-a-curious-beginning,https://i.gr-assets.com/images/S/compressed.photo.goodreads.com/books/1459724348i/28186322._SX50_.jpg,3.96,62862,4.073810235757703,4877,53,"3,5 a 4,0",Média
1806,429138,"River God (Ancient Egypt, #1)",Wilbur Smith,https://www.goodreads.com/book/show/429138.River_God,https://i.gr-assets.com/images/S/compressed.photo.goodreads.com/books/1388192405i/429138._SY75_.jpg,4.23,45001,4.106334033465055,4872,63,"4,0 a 4,25",Baixa
1807,30672,Darkness at Noon,Arthur Koestler,https://www.goodreads.com/book/show/30672.Darkness_at_Noon,https://i.gr-assets.com/images/S/compressed.photo.goodreads.com/books/1290053535i/30672._SY75_.jpg,4.12,35061,4.094399155675313,4870,65,"4,0 a 4,25",Baixa
1808,26252859,"The Hidden Oracle (The Trials of Apollo, #1)",Rick Riordan,https://www.goodreads.com/book/show/26252859-the-hidden-oracle,https://i.gr-assets.com/images/S/compressed.photo.goodreads.com/books/1690967270i/26252859._SY75_.jpg,4.12,241579,4.102755993878226,4869,62,"4,0 a 4,25",Alta
1809,12812550,"Days of Blood & Starlight (Daughter of Smoke & Bone, #2)",Laini Taylor,https://www.goodreads.com/book/show/12812550-days-of-blood-starlight,https://i.gr-assets.com/images/S/compressed.photo.goodreads.com/books/1725565030i/12812550._SY75_.jpg,4.13,172842,4.103719102302576,4866,60,"4,0 a 4,25",Alta
1810,10790290,"Theft of Swords (The Riyria Revelations, #1-2)",Michael J. Sullivan,https://www.goodreads.com/book/show/10790290-theft-of-swords,https://i.gr-assets.com/images/S/compressed.photo.goodreads.com/books/1659900253i/10790290._SX50_.jpg,4.23,79753,4.115461755657915,4863,52,"4,0 a 4,25",Média
1811,10611,The Eyes of the Dragon,Stephen  King,https://www.goodreads.com/book/show/10611.The_Eyes_of_the_Dragon,https://i.gr-assets.com/images/S/compressed.photo.goodreads.com/books/1660526231i/10611._SY75_.jpg,3.94,149491,4.050040797355763,4857,75,"3,5 a 4,0",Alta
1812,57213211,"Desert Outcast (Sovereign, #0.5)",Juddy Anderson C. Punzalan,https://www.goodreads.com/book/show/57213211-desert-outcast,https://i.gr-assets.com/images/S/compressed.photo.goodreads.com/books/1614332347i/57213211._SY75_.jpg,4.63,322,4.092546517360954,4856,49,"Acima de 4,5",Baixa
1813,21611,"The Forever War (The Forever War, #1)",Joe Haldeman,https://www.goodreads.com/book/show/21611.The_Forever_War,https://i.gr-assets.com/images/S/compressed.photo.goodreads.com/books/1386852511i/21611._SY75_.jpg,4.14,185242,4.107498760716977,4855,65,"4,0 a 4,25",Alta
1814,41462526,Gabriel's Fire (The Men of Thorne Enterprises #2),Lotchie Burton,https://www.goodreads.com/book/show/41462526-gabriel-s-fire,https://i.gr-assets.com/images/S/compressed.photo.goodreads.com/books/1535283673i/41462526._SY75_.jpg,4.31,6787,4.095820964121872,4853,53,"4,25 a 4,5",Baixa
1815,10439221,"Claimed (Brides of the Kindred, #1)",Evangeline Anderson,https://www.goodreads.com/book/show/10439221-claimed,https://i.gr-assets.com/images/S/compressed.photo.goodreads.com/books/1327942833i/10439221._SX50_.jpg,3.78,21351,4.075946823681736,4851,53,"3,5 a 4,0",Baixa
1816,69136,"The Book of Lost Things (The Book of Lost Things, #1)",John Connolly,https://www.goodreads.com/book/show/69136.The_Book_of_Lost_Things,https://i.gr-assets.com/images/S/compressed.photo.goodreads.com/books/1388253367i/69136._SY75_.jpg,3.96,87172,4.068025163259385,4850,62,"3,5 a 4,0",Média
1816,34272476,Devotions: The Selected Poems of Mary Oliver,Mary Oliver,https://www.goodreads.com/book/show/34272476-devotions,https://i.gr-assets.com/images/S/compressed.photo.goodreads.com/books/1733400239i/34272476._SY75_.jpg,4.55,34506,4.129229590437202,4850,51,"Acima de 4,5",Baixa
1816,42527596,The Twisted Ones,T. Kingfisher,https://www.goodreads.com/book/show/42527596-the-twisted-ones,https://i.gr-assets.com/images/S/compressed.photo.goodreads.com/books/1567950921i/42527596._SY75_.jpg,3.62,51896,4.036795658909863,4850,52,"3,5 a 4,0",Média
1816,40376072,"Children of Ruin (Children of Time, #2)",Adrian Tchaikovsky,https://www.goodreads.com/book/show/40376072-children-of-ruin,https://i.gr-assets.com/images/S/compressed.photo.goodreads.com/books/1693752895i/40376072._SY75_.jpg,4.05,69996,4.0857121973684425,4850,52,"4,0 a 4,25",Média
1820,762284,Money: A Suicide Note,Martin Amis,https://www.goodreads.com/book/show/762284.Money,https://i.gr-assets.com/images/S/compressed.photo.goodreads.com/books/1348943337i/762284._SY75_.jpg,3.7,26535,4.067189997977806,4849,51,"3,5 a 4,0",Baixa
1821,40944965,"Binding 13 (Boys of Tommen, #1)",Chloe Walsh,https://www.goodreads.com/book/show/40944965-binding-13,https://i.gr-assets.com/images/S/compressed.photo.goodreads.com/books/1532534949i/40944965._SY75_.jpg,4.44,736529,4.319341741589234,4847,51,"4,25 a 4,5",Muito alta
1822,211398166,His Forefathers and Mick,Michael G. Kramer,https://www.goodreads.com/book/show/211398166-his-forefathers-and-mick,https://i.gr-assets.com/images/S/compressed.photo.goodreads.com/books/1713142473i/211398166._SY75_.jpg,4.31,8668,4.096828774068712,4843,55,"4,25 a 4,5",Baixa
1823,21348,Aesop’s Fables,Aesop,https://www.goodreads.com/book/show/21348.Aesop_s_Fables,https://i.gr-assets.com/images/S/compressed.photo.goodreads.com/books/1389064715i/21348._SY75_.jpg,4.05,131034,4.08153725095489,4840,86,"4,0 a 4,25",Média
1824,5267365,"Don't Judge a Girl by Her Cover (Gallagher Girls, #3)",Ally Carter,https://www.goodreads.com/book/show/5267365-don-t-judge-a-girl-by-her-cover,https://i.gr-assets.com/images/S/compressed.photo.goodreads.com/books/1359827132i/5267365._SX50_.jpg,4.2,75505,4.109564214933696,4838,64,"4,0 a 4,25",Média
1825,11084145,Steve Jobs,Walter Isaacson,https://www.goodreads.com/book/show/11084145-steve-jobs,https://i.gr-assets.com/images/S/compressed.photo.goodreads.com/books/1511288482i/11084145._SY75_.jpg,4.16,1391556,4.145104750812526,4836,57,"4,0 a 4,25",Muito alta
1825,10194514,"Pushing the Limits (Pushing the Limits, #1)",Katie McGarry,https://www.goodreads.com/book/show/10194514-pushing-the-limits,https://i.gr-assets.com/images/S/compressed.photo.goodreads.com/books/1322770025i/10194514._SY75_.jpg,4.04,123162,4.079625004723937,4836,56,"4,0 a 4,25",Média
1827,49239093,"The Evening and the Morning (Kingsbridge, #0)",Ken Follett,https://www.goodreads.com/book/show/49239093-the-evening-and-the-morning,https://i.gr-assets.com/images/S/compressed.photo.goodreads.com/books/1585140756i/49239093._SY75_.jpg,4.39,140148,4.170694491587664,4829,54,"4,25 a 4,5",Média
1828,50663055,Elder Race (Elder Race #1),Adrian Tchaikovsky,https://www.goodreads.com/book/show/50663055-elder-race,https://i.gr-assets.com/images/S/compressed.photo.goodreads.com/books/1614008015i/50663055._SY75_.jpg,4.08,28196,4.091290016434252,4828,51,"4,0 a 4,25",Baixa
1829,40669887,"Cheaper by the Dozen (Cheaper by the Dozen, #1)",Frank B. Gilbreth Jr.,https://www.goodreads.com/book/show/40669887-cheaper-by-the-dozen,https://i.gr-assets.com/images/S/compressed.photo.goodreads.com/books/1530288546i/40669887._SY75_.jpg,4.0,45311,4.08254074784411,4823,85,"3,5 a 4,0",Baixa
1830,7203997,"Ral's Woman (Zorn Warriors, #1)",Laurann Dohner,https://www.goodreads.com/book/show/7203997-ral-s-woman,https://i.gr-assets.com/images/S/compressed.photo.goodreads.com/books/1259343679i/7203997._SY75_.jpg,3.82,14844,4.082153604573262,4815,51,"3,5 a 4,0",Baixa
1831,28449207,"Strange the Dreamer (Strange the Dreamer, #1)",Laini Taylor,https://www.goodreads.com/book/show/28449207-strange-the-dreamer,https://i.gr-assets.com/images/S/compressed.photo.goodreads.com/books/1519915549i/28449207._SY75_.jpg,4.27,139677,4.138920046665357,4813,53,"4,25 a 4,5",Média
1832,112537,"Rendezvous with Rama (Rama, #1)",Arthur C. Clarke,https://www.goodreads.com/book/show/112537.Rendezvous_with_Rama,https://i.gr-assets.com/images/S/compressed.photo.goodreads.com/books/1405456427i/112537._SY75_.jpg,4.12,190524,4.101242263578487,4808,61,"4,0 a 4,25",Alta
1833,52397,"Parable of the Sower (Earthseed, #1)",Octavia E. Butler,https://www.goodreads.com/book/show/52397.Parable_of_the_Sower,https://i.gr-assets.com/images/S/compressed.photo.goodreads.com/books/1442169447i/52397._SY75_.jpg,4.18,297003,4.130043241680973,4806,56,"4,0 a 4,25",Alta
1833,6138,The Moonstone,Wilkie Collins,https://www.goodreads.com/book/show/6138.The_Moonstone,https://i.gr-assets.com/images/S/compressed.photo.goodreads.com/books/1403192382i/6138._SY75_.jpg,3.91,101196,4.054669373270219,4806,72,"3,5 a 4,0",Média
1835,318431,Long Walk to Freedom,Nelson Mandela,https://www.goodreads.com/book/show/318431.Long_Walk_to_Freedom,https://i.gr-assets.com/images/S/compressed.photo.goodreads.com/books/1327997342i/318431._SY75_.jpg,4.36,97049,4.145366557555651,4805,61,"4,25 a 4,5",Média
1835,54985743,People We Meet on Vacation,Emily Henry,https://www.goodreads.com/book/show/54985743-people-we-meet-on-vacation,https://i.gr-assets.com/images/S/compressed.photo.goodreads.com/books/1748450140i/54985743._SY75_.jpg,3.84,1966168,3.881825463434014,4805,57,"3,5 a 4,0",Muito alta
1837,42769202,"Starsight (Skyward, #2)",Brandon Sanderson,https://www.goodreads.com/book/show/42769202-starsight,https://i.gr-assets.com/images/S/compressed.photo.goodreads.com/books/1569876576i/42769202._SY75_.jpg,4.34,113508,4.147868578913026,4803,52,"4,25 a 4,5",Média
1838,10746542,The Sense of an Ending,Julian Barnes,https://www.goodreads.com/book/show/10746542-the-sense-of-an-ending,https://i.gr-assets.com/images/S/compressed.photo.goodreads.com/books/1311704453i/10746542._SY75_.jpg,3.75,199024,3.976722948591754,4798,60,"3,5 a 4,0",Alta
1839,42389,"Band of Brothers: E Company, 506th Regiment, 101st Airborne from Normandy to Hitler's Eagle's Nest",Stephen E. Ambrose,https://www.goodreads.com/book/show/42389.Band_of_Brothers,https://i.gr-assets.com/images/S/compressed.photo.goodreads.com/books/1388247701i/42389._SY75_.jpg,4.44,142801,4.185158120497658,4795,61,"4,25 a 4,5",Média
1840,34084,"The Waste Lands (Dark Tower, #3)",Stephen  King,https://www.goodreads.com/book/show/34084.The_Waste_Lands,https://i.gr-assets.com/images/S/compressed.photo.goodreads.com/books/1532334476i/34084._SY75_.jpg,4.26,255635,4.1584702419849835,4792,68,"4,25 a 4,5",Alta
1841,767171,The Rise and Fall of the Third Reich: A History of Nazi Germany,William L. Shirer,https://www.goodreads.com/book/show/767171.The_Rise_and_Fall_of_the_Third_Reich,https://i.gr-assets.com/images/S/compressed.photo.goodreads.com/books/1331223772i/767171._SY75_.jpg,4.23,153052,4.130890966217343,4789,64,"4,0 a 4,25",Alta
1841,61182986,"Trials of Conviction (The Firebird Chronicles, #5)",T.A. White,https://www.goodreads.com/book/show/61182986-trials-of-conviction,https://i.gr-assets.com/images/S/compressed.photo.goodreads.com/books/1701823244i/61182986._SY75_.jpg,4.5,5558,4.09781974504004,4789,50,"4,25 a 4,5",Baixa
1843,14061955,"Siege and Storm (The Shadow and Bone Trilogy, #2)",Leigh Bardugo,https://www.goodreads.com/book/show/14061955-siege-and-storm,https://i.gr-assets.com/images/S/compressed.photo.goodreads.com/books/1362166252i/14061955._SX50_.jpg,3.8,701793,3.9045283148195296,4787,60,"3,5 a 4,0",Muito alta
1844,331319,An American Tragedy,Theodore Dreiser,https://www.goodreads.com/book/show/331319.An_American_Tragedy,https://i.gr-assets.com/images/S/compressed.photo.goodreads.com/books/1309283443i/331319._SY75_.jpg,3.97,39414,4.080924753200823,4786,76,"3,5 a 4,0",Baixa
1845,13158800,The Light Between Oceans,M.L. Stedman,https://www.goodreads.com/book/show/13158800-the-light-between-oceans,https://i.gr-assets.com/images/S/compressed.photo.goodreads.com/books/1336683021i/13158800._SY75_.jpg,4.05,491098,4.068665223910687,4785,58,"4,0 a 4,25",Muito alta
1846,95617,"A Voice in the Wind (Mark of the Lion, #1)",Francine Rivers,https://www.goodreads.com/book/show/95617.A_Voice_in_the_Wind,https://i.gr-assets.com/images/S/compressed.photo.goodreads.com/books/1459567327i/95617._SX50_.jpg,4.57,112348,4.198753967464115,4781,58,"Acima de 4,5",Média
1847,19117,Fathers and Sons,Ivan Turgenev,https://www.goodreads.com/book/show/19117.Fathers_and_Sons,https://i.gr-assets.com/images/S/compressed.photo.goodreads.com/books/1390793535i/19117._SY75_.jpg,4.01,106038,4.074590792236261,4779,62,"4,0 a 4,25",Média
1847,53152636,Mexican Gothic,Silvia Moreno-Garcia,https://www.goodreads.com/book/show/53152636-mexican-gothic,https://i.gr-assets.com/images/S/compressed.photo.goodreads.com/books/1607462569i/53152636._SY75_.jpg,3.66,465937,3.85718092933081,4779,53,"3,5 a 4,0",Muito alta
1849,59448257,Magenta,John Payton Foden,https://www.goodreads.com/book/show/59448257-magenta,https://i.gr-assets.com/images/S/compressed.photo.goodreads.com/books/1635176513i/59448257._SY75_.jpg,4.27,5007,4.094352807927031,4776,51,"4,25 a 4,5",Baixa
1850,75609342,From Manchester to the Arctic,Sheena  Billett,https://www.goodreads.com/book/show/75609342-from-manchester-to-the-arctic,https://i.gr-assets.com/images/S/compressed.photo.goodreads.com/books/1672998901i/75609342._SY75_.jpg,4.3,5945,4.095217001411117,4775,51,"4,25 a 4,5",Baixa
1850,53331565,"The Jigsaw Man (Inspector Anjelica Henley, #1)",Nadine Matheson,https://www.goodreads.com/book/show/53331565-the-jigsaw-man,https://i.gr-assets.com/images/S/compressed.photo.goodreads.com/books/1609726689i/53331565._SY75_.jpg,3.88,20058,4.08175619884528,4775,51,"3,5 a 4,0",Baixa
1852,13148,"Kiss the Girls (Alex Cross, #2)",James  Patterson,https://www.goodreads.com/book/show/13148.Kiss_the_Girls,https://i.gr-assets.com/images/S/compressed.photo.goodreads.com/books/1390010470i/13148._SY75_.jpg,4.01,359424,4.052783598502208,4772,74,"4,0 a 4,25",Alta
1853,51966347,"Ruthless Fae (Zodiac Academy, #2)",Caroline Peckham,https://www.goodreads.com/book/show/51966347-ruthless-fae,https://i.gr-assets.com/images/S/compressed.photo.goodreads.com/books/1565943045l/51966347._SX50_SY75_.jpg,4.19,396190,4.141369663991709,4769,51,"4,0 a 4,25",Muito alta
1854,15796700,Americanah,Chimamanda Ngozi Adichie,https://www.goodreads.com/book/show/15796700-americanah,https://i.gr-assets.com/images/S/compressed.photo.goodreads.com/books/1356654499i/15796700._SX50_.jpg,4.31,426143,4.2057263159544735,4767,57,"4,25 a 4,5",Muito alta
1855,32263,"The Surgeon (Rizzoli & Isles, #1)",Tess Gerritsen,https://www.goodreads.com/book/show/32263.The_Surgeon,https://i.gr-assets.com/images/S/compressed.photo.goodreads.com/books/1277923728i/32263._SY75_.jpg,4.1,181470,4.094606637748706,4766,63,"4,0 a 4,25",Alta
1856,202167720,The Glassmaker,Tracy Chevalier,https://www.goodreads.com/book/show/202167720-the-glassmaker,https://i.gr-assets.com/images/S/compressed.photo.goodreads.com/books/1702046796i/202167720._SY75_.jpg,3.93,47270,4.074623349904158,4762,51,"3,5 a 4,0",Baixa
1857,30000039,The Lover's Portrait (Zelda Richardson Mystery #1),Jennifer S. Alderson,https://www.goodreads.com/book/show/30000039-the-lover-s-portrait,https://i.gr-assets.com/images/S/compressed.photo.goodreads.com/books/1461614373i/30000039._SY75_.jpg,4.14,1689,4.092309963784126,4758,50,"4,0 a 4,25",Baixa
1858,60659597,The Virgins of Venice,Gina Buonaguro,https://www.goodreads.com/book/show/60659597-the-virgins-of-venice,https://i.gr-assets.com/images/S/compressed.photo.goodreads.com/books/1664349939i/60659597._SY75_.jpg,4.25,5830,4.094423246026972,4757,51,"4,0 a 4,25",Baixa
1859,10626594,The Scorpio Races,Maggie Stiefvater,https://www.goodreads.com/book/show/10626594-the-scorpio-races,https://i.gr-assets.com/images/S/compressed.photo.goodreads.com/books/1461209661i/10626594._SY75_.jpg,4.09,114921,4.091626148324586,4753,59,"4,0 a 4,25",Média
1859,13497818,The Casual Vacancy,J.K. Rowling,https://www.goodreads.com/book/show/13497818-the-casual-vacancy,https://i.gr-assets.com/images/S/compressed.photo.goodreads.com/books/1509893913i/13497818._SY75_.jpg,3.31,339407,3.7287145080776507,4753,61,"Até 3,5",Alta
1861,61666,Contact,Carl Sagan,https://www.goodreads.com/book/show/61666.Contact,https://i.gr-assets.com/images/S/compressed.photo.goodreads.com/books/1602082958i/61666._SY75_.jpg,4.15,156236,4.108630882204865,4750,71,"4,0 a 4,25",Alta
1862,1166599,"The Gathering Storm (The Wheel of Time, #12)",Robert Jordan,https://www.goodreads.com/book/show/1166599.The_Gathering_Storm,https://i.gr-assets.com/images/S/compressed.photo.goodreads.com/books/1647270090i/1166599._SY75_.jpg,4.44,182785,4.202914185762088,4749,65,"4,25 a 4,5",Alta
1863,19351,The Epic of Gilgamesh,Unknown,https://www.goodreads.com/book/show/19351.The_Epic_of_Gilgamesh,https://i.gr-assets.com/images/S/compressed.photo.goodreads.com/books/1388287904i/19351._SY75_.jpg,3.76,124005,4.012151183367041,4748,74,"3,5 a 4,0",Média
1863,214526540,"The Empress: (The Emperor, The Son and The Thief, #4)",Robert         Reid,https://www.goodreads.com/book/show/214526540-the-empress,https://i.gr-assets.com/images/S/compressed.photo.goodreads.com/books/1718144905i/214526540._SY75_.jpg,4.41,1845,4.093596694535799,4748,55,"4,25 a 4,5",Baixa
1865,36630895,"A Lady's Guide to Etiquette and Murder (Countess of Harleigh Mystery, #1)",Dianne Freeman,https://www.goodreads.com/book/show/36630895-a-lady-s-guide-to-etiquette-and-murder,https://i.gr-assets.com/images/S/compressed.photo.goodreads.com/books/1511198988i/36630895._SX50_.jpg,3.82,17498,4.080450736603408,4745,50,"3,5 a 4,0",Baixa
1866,14061957,"Ruin and Rising (Shadow and Bone, #3)",Leigh Bardugo,https://www.goodreads.com/book/show/14061957-ruin-and-rising,https://i.gr-assets.com/images/S/compressed.photo.goodreads.com/books/1392398530i/14061957._SX50_.jpg,3.97,607350,4.017827577323715,4743,58,"3,5 a 4,0",Muito alta
1867,35018907,"Semiosis (Semiosis, #1)",Sue Burke,https://www.goodreads.com/book/show/35018907-semiosis,https://i.gr-assets.com/images/S/compressed.photo.goodreads.com/books/1494613337i/35018907._SY75_.jpg,3.91,16272,4.084829724110123,4740,50,"3,5 a 4,0",Baixa
1868,208051245,The Three Witches and The Master,Max Nowaz,https://www.goodreads.com/book/show/208051245-the-three-witches-and-the-master,https://i.gr-assets.com/images/S/compressed.photo.goodreads.com/books/1707837803i/208051245._SY75_.jpg,4.3,17784,4.101146653992549,4739,50,"4,25 a 4,5",Baixa
1869,58275730,Woman on Fire,Lisa Barr,https://www.goodreads.com/book/show/58275730-woman-on-fire,https://i.gr-assets.com/images/S/compressed.photo.goodreads.com/books/1639377419i/58275730._SY75_.jpg,4.0,38137,4.083920344389298,4730,51,"3,5 a 4,0",Baixa
1870,49540,Les Liaisons dangereuses,Pierre Choderlos de Laclos,https://www.goodreads.com/book/show/49540.Les_Liaisons_dangereuses,https://i.gr-assets.com/images/S/compressed.photo.goodreads.com/books/1298425654i/49540._SY75_.jpg,4.05,60936,4.08642799497585,4727,68,"4,0 a 4,25",Média
1871,13260668,"Everblaze (Keeper of the Lost Cities, #3)",Shannon Messenger,https://www.goodreads.com/book/show/13260668-everblaze,https://i.gr-assets.com/images/S/compressed.photo.goodreads.com/books/1397660776i/13260668._SY75_.jpg,4.46,68965,4.147254922794092,4726,53,"4,25 a 4,5",Média
1872,36206591,Love and Other Words,Christina Lauren,https://www.goodreads.com/book/show/36206591-love-and-other-words,https://i.gr-assets.com/images/S/compressed.photo.goodreads.com/books/1667534514i/36206591._SY75_.jpg,4.19,867717,4.159585867863205,4725,50,"4,0 a 4,25",Muito alta
1872,24945396,Bright Dead Things,Ada Limon,https://www.goodreads.com/book/show/24945396-bright-dead-things,https://i.gr-assets.com/images/S/compressed.photo.goodreads.com/books/1424307716i/24945396._SY75_.jpg,4.19,15637,4.095867788897829,4725,50,"4,0 a 4,25",Baixa
1874,2321296,"Ink Exchange (Wicked Lovely, #2)",Melissa Marr,https://www.goodreads.com/book/show/2321296.Ink_Exchange,https://i.gr-assets.com/images/S/compressed.photo.goodreads.com/books/1275693727i/2321296._SY75_.jpg,3.7,64383,4.036677345668014,4711,68,"3,5 a 4,0",Média
1875,44094069,Postcolonial Love Poem,Natalie Díaz,https://www.goodreads.com/book/show/44094069-postcolonial-love-poem,https://i.gr-assets.com/images/S/compressed.photo.goodreads.com/books/1566106111i/44094069._SX50_.jpg,4.31,9091,4.097054105888284,4708,50,"4,25 a 4,5",Baixa
1876,567704,Imajica,Clive Barker,https://www.goodreads.com/book/show/567704.Imajica,https://i.gr-assets.com/images/S/compressed.photo.goodreads.com/books/1333844729i/567704._SX50_.jpg,4.17,24887,4.096764452047064,4696,57,"4,0 a 4,25",Baixa
1877,17717,Labyrinths: Selected Stories & Other Writings,Jorge Luis Borges,https://www.goodreads.com/book/show/17717.Labyrinths,https://i.gr-assets.com/images/S/compressed.photo.goodreads.com/books/1763908785i/17717._SY75_.jpg,4.44,34578,4.120365013988318,4693,61,"4,25 a 4,5",Baixa
1878,227651,"Among the Hidden (Shadow Children, #1)",Margaret Peterson Haddix,https://www.goodreads.com/book/show/227651.Among_the_Hidden,https://i.gr-assets.com/images/S/compressed.photo.goodreads.com/books/1388382796i/227651._SX50_.jpg,3.99,133301,4.066148548072087,4692,63,"3,5 a 4,0",Média
1879,193755,The Diving Bell and the Butterfly: A Memoir of Life in Death,Jean-Dominique Bauby,https://www.goodreads.com/book/show/193755.The_Diving_Bell_and_the_Butterfly,https://i.gr-assets.com/images/S/compressed.photo.goodreads.com/books/1336930564i/193755._SY75_.jpg,3.97,79330,4.071512399319106,4686,66,"3,5 a 4,0",Média
1879,36307634,"King of Scars (King of Scars, #1)",Leigh Bardugo,https://www.goodreads.com/book/show/36307634-king-of-scars,https://i.gr-assets.com/images/S/compressed.photo.goodreads.com/books/1525110825i/36307634._SY75_.jpg,4.15,239464,4.114091349421274,4686,56,"4,0 a 4,25",Alta
1881,60784562,"Antimatter Blues (Mickey7, #2)",Edward Ashton,https://www.goodreads.com/book/show/60784562-antimatter-blues,https://i.gr-assets.com/images/S/compressed.photo.goodreads.com/books/1670914748i/60784562._SY75_.jpg,3.96,17493,4.086447994757372,4682,50,"3,5 a 4,0",Baixa
1882,58582927,Time Is a Mother,Ocean Vuong,https://www.goodreads.com/book/show/58582927-time-is-a-mother,https://i.gr-assets.com/images/S/compressed.photo.goodreads.com/books/1626846358i/58582927._SY75_.jpg,3.9,39436,4.0745069765531765,4678,50,"3,5 a 4,0",Baixa
1883,61827543,"Vera Wong's Unsolicited Advice for Murderers (Vera Wong, #1)",Jesse Q. Sutanto,https://www.goodreads.com/book/show/61827543-vera-wong-s-unsolicited-advice-for-murderers,https://i.gr-assets.com/images/S/compressed.photo.goodreads.com/books/1671523771i/61827543._SY75_.jpg,4.01,237164,4.061109530000848,4670,50,"4,0 a 4,25",Alta
1884,15575,"The Sword of Shannara (The Original Shannara Trilogy, #1)",Terry Brooks,https://www.goodreads.com/book/show/15575.The_Sword_of_Shannara,https://i.gr-assets.com/images/S/compressed.photo.goodreads.com/books/1470063017i/15575._SY75_.jpg,3.77,103192,4.024856602752226,4666,65,"3,5 a 4,0",Média
1884,5954,Narcissus and Goldmund,Hermann Hesse,https://www.goodreads.com/book/show/5954.Narcissus_and_Goldmund,https://i.gr-assets.com/images/S/compressed.photo.goodreads.com/books/1374680750i/5954._SY75_.jpg,4.22,76332,4.112990373921122,4666,59,"4,0 a 4,25",Média
1886,13260670,"Exile (Keeper of the Lost Cities, #2)",Shannon Messenger,https://www.goodreads.com/book/show/13260670-exile,https://i.gr-assets.com/images/S/compressed.photo.goodreads.com/books/1365178949i/13260670._SX50_.jpg,4.46,79337,4.154150478798897,4665,53,"4,25 a 4,5",Média
1887,431,"The New York Trilogy (New York Trilogy, #1-3)",Paul Auster,https://www.goodreads.com/book/show/431.The_New_York_Trilogy,https://i.gr-assets.com/images/S/compressed.photo.goodreads.com/books/1386924429i/431._SX50_.jpg,3.86,90159,4.048619926757921,4661,61,"3,5 a 4,0",Média
1888,35167685,"""Surely You're Joking, Mr. Feynman!"": Adventures of a Curious Character",Richard P. Feynman,https://www.goodreads.com/book/show/35167685-surely-you-re-joking-mr-feynman,https://i.gr-assets.com/images/S/compressed.photo.goodreads.com/books/1504936953i/35167685._SX50_.jpg,4.26,223236,4.153115573355277,4660,58,"4,25 a 4,5",Alta
1889,221835190,Rage Against the Machine,H. Meadow Hopewell,https://www.goodreads.com/book/show/221835190-rage-against-the-machine,https://i.gr-assets.com/images/S/compressed.photo.goodreads.com/books/1732317577i/221835190._SY75_.jpg,4.4,1482,4.093266366709527,4648,54,"4,25 a 4,5",Baixa
1890,407813,"The Blue Sword (Damar, #1)",Robin McKinley,https://www.goodreads.com/book/show/407813.The_Blue_Sword,https://i.gr-assets.com/images/S/compressed.photo.goodreads.com/books/1563198223i/407813._SY75_.jpg,4.2,63608,4.107197948922202,4646,65,"4,0 a 4,25",Média
1890,195443798,Alien Clay,Adrian Tchaikovsky,https://www.goodreads.com/book/show/195443798-alien-clay,https://i.gr-assets.com/images/S/compressed.photo.goodreads.com/books/1693389349i/195443798._SY75_.jpg,3.99,20300,4.087065574648303,4646,49,"3,5 a 4,0",Baixa
1892,25322449,Radio Silence,Alice Oseman,https://www.goodreads.com/book/show/25322449-radio-silence,https://i.gr-assets.com/images/S/compressed.photo.goodreads.com/books/1448470869i/25322449._SY75_.jpg,4.17,132176,4.1117807298195395,4644,51,"4,0 a 4,25",Média
1893,60909831,"Mile High (Windy City, #1)",Liz Tomforde,https://www.goodreads.com/book/show/60909831-mile-high,https://i.gr-assets.com/images/S/compressed.photo.goodreads.com/books/1651354353i/60909831._SX50_.jpg,4.0,680280,4.033620889507105,4642,50,"3,5 a 4,0",Muito alta
1894,12716010,"Rapture (Fallen, #4)",Lauren Kate,https://www.goodreads.com/book/show/12716010-rapture,https://i.gr-assets.com/images/S/compressed.photo.goodreads.com/books/1362339818i/12716010._SY75_.jpg,3.98,127356,4.064565217257457,4637,66,"3,5 a 4,0",Média
1894,48717744,"The Tower of Nero (The Trials of Apollo, #5)",Rick Riordan,https://www.goodreads.com/book/show/48717744-the-tower-of-nero,https://i.gr-assets.com/images/S/compressed.photo.goodreads.com/books/1694946244i/48717744._SY75_.jpg,4.46,92588,4.162529792131495,4637,53,"4,25 a 4,5",Média
1894,8462668,The Midwife of Venice (Midwife #1),Roberta Rich,https://www.goodreads.com/book/show/8462668-the-midwife-of-venice,https://i.gr-assets.com/images/S/compressed.photo.goodreads.com/books/1391288233i/8462668._SY75_.jpg,3.63,14102,4.07602091006589,4637,49,"3,5 a 4,0",Baixa
1897,213753,"Life As We Knew It (Last Survivors, #1)",Susan Beth Pfeffer,https://www.goodreads.com/book/show/213753.Life_As_We_Knew_It,https://i.gr-assets.com/images/S/compressed.photo.goodreads.com/books/1328012816i/213753._SY75_.jpg,3.89,134977,4.040247732113062,4634,62,"3,5 a 4,0",Média
1897,211004175,"Murder by Memory (Dorothy Gentleman, #1)",Olivia Waite,https://www.goodreads.com/book/show/211004175-murder-by-memory,https://i.gr-assets.com/images/S/compressed.photo.goodreads.com/books/1724325334i/211004175._SY75_.jpg,3.57,14774,4.073098273207348,4634,49,"3,5 a 4,0",Baixa
1899,216474926,Just Love Her,Raz Mihal,https://www.goodreads.com/book/show/216474926-just-love-her,https://i.gr-assets.com/images/S/compressed.photo.goodreads.com/books/1720970547i/216474926._SY75_.jpg,4.3,5659,4.0950693783468886,4633,50,"4,25 a 4,5",Baixa
1900,61215384,"The Return of the King (The Lord of the Rings, #3)",J.R.R. Tolkien,https://www.goodreads.com/book/show/61215384-the-return-of-the-king,https://i.gr-assets.com/images/S/compressed.photo.goodreads.com/books/1654216226i/61215384._SY75_.jpg,4.59,1088469,4.458394056298546,4631,55,"Acima de 4,5",Muito alta
1901,12543,Bird by Bird,Anne Lamott,https://www.goodreads.com/book/show/12543.Bird_by_Bird,https://i.gr-assets.com/images/S/compressed.photo.goodreads.com/books/1631772636i/12543._SY75_.jpg,4.24,114999,4.125711138210924,4626,69,"4,0 a 4,25",Média
1902,1379961,People of the Book,Geraldine Brooks,https://www.goodreads.com/book/show/1379961.People_of_the_Book,https://i.gr-assets.com/images/S/compressed.photo.goodreads.com/books/1442955497i/1379961._SY75_.jpg,4.04,160096,4.076969758608287,4623,67,"4,0 a 4,25",Alta
1903,41022009,"Cocaine Blues (Phryne Fisher, #1)",Kerry Greenwood,https://www.goodreads.com/book/show/41022009-cocaine-blues,https://i.gr-assets.com/images/S/compressed.photo.goodreads.com/books/1533140530i/41022009._SY75_.jpg,3.84,30768,4.073716519008294,4618,51,"3,5 a 4,0",Baixa
1904,67920,Sybil: The Classic True Story of a Woman Possessed by Sixteen Personalities,Flora Rheta Schreiber,https://www.goodreads.com/book/show/67920.Sybil,https://i.gr-assets.com/images/S/compressed.photo.goodreads.com/books/1388372325i/67920._SY75_.jpg,3.99,91414,4.07275926089973,4606,80,"3,5 a 4,0",Média
1905,9659607,"The Iron Knight (The Iron Fey, #4)",Julie Kagawa,https://www.goodreads.com/book/show/9659607-the-iron-knight,https://i.gr-assets.com/images/S/compressed.photo.goodreads.com/books/1375920888i/9659607._SY75_.jpg,4.17,88292,4.106451068397192,4601,58,"4,0 a 4,25",Média
1905,58275819,Quantum Energetics and Spirituality Volume 1: Aligning with Universal Consciousness,Kenneth Schmitt,https://www.goodreads.com/book/show/58275819-quantum-energetics-and-spirituality-volume-1,https://i.gr-assets.com/images/S/compressed.photo.goodreads.com/books/1623024422i/58275819._SY75_.jpg,4.38,1529,4.093225197280505,4601,50,"4,25 a 4,5",Baixa
1907,22206,Lullaby,Chuck Palahniuk,https://www.goodreads.com/book/show/22206.Lullaby,https://i.gr-assets.com/images/S/compressed.photo.goodreads.com/books/1327268513i/22206._SY75_.jpg,3.74,105012,4.017571273512866,4595,60,"3,5 a 4,0",Média
1908,175678593,Constant Companion: Your Practical Path to Real Interaction with God,Ami Loper,https://www.goodreads.com/book/show/175678593-constant-companion,https://i.gr-assets.com/images/S/compressed.photo.goodreads.com/books/1706566995i/175678593._SY75_.jpg,4.41,1242,4.093110382709134,4591,52,"4,25 a 4,5",Baixa
1909,38787,Pedro Páramo,Juan Rulfo,https://www.goodreads.com/book/show/38787.Pedro_P_ramo,https://i.gr-assets.com/images/S/compressed.photo.goodreads.com/books/1500663791i/38787._SY75_.jpg,4.05,111123,4.0827876163768195,4588,53,"4,0 a 4,25",Média
1910,261122,"The Dead Girls' Dance (The Morganville Vampires, #2)",Rachel Caine,https://www.goodreads.com/book/show/261122.The_Dead_Girls_Dance,https://i.gr-assets.com/images/S/compressed.photo.goodreads.com/books/1388182865i/261122._SY75_.jpg,4.03,60664,4.083764164161288,4587,70,"4,0 a 4,25",Média
1911,1609224,The Law,Frédéric Bastiat,https://www.goodreads.com/book/show/1609224.The_Law,https://i.gr-assets.com/images/S/compressed.photo.goodreads.com/books/1185827392i/1609224._SY75_.jpg,4.33,14640,4.100688223114051,4584,50,"4,25 a 4,5",Baixa
1912,48464,A Good Man Is Hard to Find and Other Stories,Flannery O'Connor,https://www.goodreads.com/book/show/48464.A_Good_Man_Is_Hard_to_Find_and_Other_Stories,https://i.gr-assets.com/images/S/compressed.photo.goodreads.com/books/1388251628i/48464._SY75_.jpg,4.15,51519,4.098843145297755,4583,70,"4,0 a 4,25",Média
1912,20758103,"The Ask and the Answer (Chaos Walking, #2)",Patrick Ness,https://www.goodreads.com/book/show/20758103-the-ask-and-the-answer,https://i.gr-assets.com/images/S/compressed.photo.goodreads.com/books/1534502975i/20758103._SY75_.jpg,4.18,103543,4.110503875719676,4583,52,"4,0 a 4,25",Média
1914,34494,"The Wee Free Men (Discworld, #30; Tiffany Aching, #1)",Terry Pratchett,https://www.goodreads.com/book/show/34494.The_Wee_Free_Men,https://i.gr-assets.com/images/S/compressed.photo.goodreads.com/books/1443764106i/34494._SY75_.jpg,4.3,123173,4.141898822124292,4580,64,"4,25 a 4,5",Média
1915,412732,The Dharma Bums,Jack Kerouac,https://www.goodreads.com/book/show/412732.The_Dharma_Bums,https://i.gr-assets.com/images/S/compressed.photo.goodreads.com/books/1428986082i/412732._SY75_.jpg,3.93,103774,4.0581098219184515,4579,61,"3,5 a 4,0",Média
1916,58321103,"The Watchers (The Watchers, #1)",A.M. Shine,https://www.goodreads.com/book/show/58321103-the-watchers,https://i.gr-assets.com/images/S/compressed.photo.goodreads.com/books/1645891367i/58321103._SY75_.jpg,3.87,38583,4.072159476795518,4578,48,"3,5 a 4,0",Baixa
1917,42607,As You Like It,William Shakespeare,https://www.goodreads.com/book/show/42607.As_You_Like_It,https://i.gr-assets.com/images/S/compressed.photo.goodreads.com/books/1561383241i/42607._SY75_.jpg,3.81,91302,4.038709347293202,4570,80,"3,5 a 4,0",Média
1918,5345,The Innocent Man: Murder and Injustice in a Small Town,John Grisham,https://www.goodreads.com/book/show/5345.The_Innocent_Man,https://i.gr-assets.com/images/S/compressed.photo.goodreads.com/books/1441415135i/5345._SY75_.jpg,3.87,87255,4.051589184789137,4569,50,"3,5 a 4,0",Média
1919,517188,The Prime of Miss Jean Brodie,Muriel Spark,https://www.goodreads.com/book/show/517188.The_Prime_of_Miss_Jean_Brodie,https://i.gr-assets.com/images/S/compressed.photo.goodreads.com/books/1752170700i/517188._SY75_.jpg,3.69,63780,4.035721484867621,4564,75,"3,5 a 4,0",Média
1920,875108,"The Titian Committee (Jonathan Argyll, #2)",Iain Pears,https://www.goodreads.com/book/show/875108.The_Titian_Committee,https://i.gr-assets.com/images/S/compressed.photo.goodreads.com/books/1388265773i/875108._SY75_.jpg,3.71,2207,4.089959759483991,4562,49,"3,5 a 4,0",Baixa
1921,127279000,Listen for the Lie,Amy Tintera,https://www.goodreads.com/book/show/127279000-listen-for-the-lie,https://i.gr-assets.com/images/S/compressed.photo.goodreads.com/books/1711398419i/127279000._SY75_.jpg,4.06,635365,4.072231777858693,4561,48,"4,0 a 4,25",Muito alta
1922,393199,Down and Out in Paris and London,George Orwell,https://www.goodreads.com/book/show/393199.Down_and_Out_in_Paris_and_London,https://i.gr-assets.com/images/S/compressed.photo.goodreads.com/books/1347697665i/393199._SY75_.jpg,4.09,106264,4.09165445377276,4560,61,"4,0 a 4,25",Média
1923,209365797,Dark Horizon the Witching Hour (The Children of the Gods #82),I.T. Lucas,https://www.goodreads.com/book/show/209365797-dark-horizon-the-witching-hour,https://i.gr-assets.com/images/S/compressed.photo.goodreads.com/books/1709350632i/209365797._SY75_.jpg,4.51,2566,4.09482806957761,4555,48,"Acima de 4,5",Baixa
1924,36454667,"Empire of Silence (The Sun Eater, #1)",Christopher Ruocchio,https://www.goodreads.com/book/show/36454667-empire-of-silence,https://i.gr-assets.com/images/S/compressed.photo.goodreads.com/books/1523897945i/36454667._SY75_.jpg,3.93,66893,4.068426610472762,4552,48,"3,5 a 4,0",Média
1925,215584417,"Something Will Change Me: Poems of Hope, Healing, and Personal Transformation",Don Hynes,https://www.goodreads.com/book/show/215584417-something-will-change-me,https://i.gr-assets.com/images/S/compressed.photo.goodreads.com/books/1719603588i/215584417._SX50_.jpg,4.38,1151,4.092948827824366,4548,52,"4,25 a 4,5",Baixa
1926,201788158,"Echo Road (Mercy Kilpatrick, #9; Bree Taggert, #8.5)",Kendra Elliot,https://www.goodreads.com/book/show/201788158-echo-road,https://i.gr-assets.com/images/S/compressed.photo.goodreads.com/books/1705344776i/201788158._SY75_.jpg,4.53,21622,4.115045905068478,4538,48,"Acima de 4,5",Baixa
1927,13530588,China Blues,Ki Longfellow,https://www.goodreads.com/book/show/13530588-china-blues,https://i.gr-assets.com/images/S/compressed.photo.goodreads.com/books/1331761341i/13530588._SY75_.jpg,4.13,1638,4.092262061330151,4535,49,"4,0 a 4,25",Baixa
1928,78418,"The Reptile Room (A Series of Unfortunate Events, #2)",Lemony Snicket,https://www.goodreads.com/book/show/78418.The_Reptile_Room,https://i.gr-assets.com/images/S/compressed.photo.goodreads.com/books/1352146294i/78418._SX50_.jpg,4.02,251347,4.063893630681427,4528,65,"4,0 a 4,25",Alta
1928,195592817,"Twilight of Embers (Dragons of Ember Hollow, #1)",Tessa Hale,https://www.goodreads.com/book/show/195592817-twilight-of-embers,https://i.gr-assets.com/images/S/compressed.photo.goodreads.com/books/1704284123i/195592817._SY75_.jpg,4.04,33443,4.087999367286282,4528,48,"4,0 a 4,25",Baixa
1930,1472878,"Firefly Lane (Firefly Lane, #1)",Kristin Hannah,https://www.goodreads.com/book/show/1472878.Firefly_Lane,https://i.gr-assets.com/images/S/compressed.photo.goodreads.com/books/1362435448i/1472878._SY75_.jpg,4.21,508003,4.1587179519127115,4527,58,"4,0 a 4,25",Muito alta
1931,56653002,"Twisted Games (Twisted, #2)",Ana Huang,https://www.goodreads.com/book/show/56653002-twisted-games,https://i.gr-assets.com/images/S/compressed.photo.goodreads.com/books/1625752847i/56653002._SY75_.jpg,4.07,1156621,4.075585345431056,4524,51,"4,0 a 4,25",Muito alta
1931,54814676,Crying in H Mart,Michelle Zauner,https://www.goodreads.com/book/show/54814676-crying-in-h-mart,https://i.gr-assets.com/images/S/compressed.photo.goodreads.com/books/1601937850i/54814676._SX50_.jpg,4.22,646154,4.1717778751608545,4524,52,"4,0 a 4,25",Muito alta
1931,57224204,The Seven Moons of Maali Almeida,Shehan Karunatilaka,https://www.goodreads.com/book/show/57224204-the-seven-moons-of-maali-almeida,https://i.gr-assets.com/images/S/compressed.photo.goodreads.com/books/1658847734i/57224204._SY75_.jpg,3.89,64791,4.0633798681273845,4524,47,"3,5 a 4,0",Média
1934,247017842,Mob Justice: A Scavenger Hunt Thriller,Chad Boudreaux,https://www.goodreads.com/book/show/247017842-mob-justice,https://i.gr-assets.com/images/S/compressed.photo.goodreads.com/books/1769199005i/247017842._SX50_.jpg,4.4,1131,4.092991863191248,4523,52,"4,25 a 4,5",Baixa
1935,62100609,The Bones at Point No Point (A Thomas Austin Crime Thriller #1),D.D. Black,https://www.goodreads.com/book/show/62100609-the-bones-at-point-no-point,https://i.gr-assets.com/images/S/compressed.photo.goodreads.com/books/1661620171i/62100609._SY75_.jpg,4.22,24433,4.099624528425353,4519,48,"4,0 a 4,25",Baixa
1936,270805,"Impulse (Impulse, #1)",Ellen Hopkins,https://www.goodreads.com/book/show/270805.Impulse,https://i.gr-assets.com/images/S/compressed.photo.goodreads.com/books/1689381440i/270805._SX50_.jpg,4.25,83390,4.119854809591529,4517,53,"4,0 a 4,25",Média
1936,39991777,The Bad Seed (The Food Group #1),Jory John,https://www.goodreads.com/book/show/39991777-the-bad-seed,https://i.gr-assets.com/images/S/compressed.photo.goodreads.com/books/1525030951i/39991777._SX50_.jpg,4.31,41640,4.113071770646543,4517,47,"4,25 a 4,5",Baixa
1938,213779197,"Face Off (D.C. Stars, #1)",Chelsea Curto,https://www.goodreads.com/book/show/213779197-face-off,https://i.gr-assets.com/images/S/compressed.photo.goodreads.com/books/1716408331i/213779197._SY75_.jpg,4.03,137177,4.075976947613168,4512,48,"4,0 a 4,25",Média
1939,91203,Three Comrades,Erich Maria Remarque,https://www.goodreads.com/book/show/91203.Three_Comrades,https://i.gr-assets.com/images/S/compressed.photo.goodreads.com/books/1515771860i/91203._SY75_.jpg,4.48,40854,4.128792650737178,4511,56,"4,25 a 4,5",Baixa
1940,7849341,"Tiger's Voyage (The Tiger Saga, #3)",Colleen Houck,https://www.goodreads.com/book/show/7849341-tiger-s-voyage,https://i.gr-assets.com/images/S/compressed.photo.goodreads.com/books/1320459742i/7849341._SY75_.jpg,4.27,38526,4.1080572439748675,4505,54,"4,25 a 4,5",Baixa
1941,341735,Replay,Ken Grimwood,https://www.goodreads.com/book/show/341735.Replay,https://i.gr-assets.com/images/S/compressed.photo.goodreads.com/books/1441156728i/341735._SY75_.jpg,4.15,47546,4.098379775966696,4504,53,"4,0 a 4,25",Baixa
1941,198327636,"Dangerous Play (Kate Green, #2)",Elise Hart Kipness,https://www.goodreads.com/book/show/198327636-dangerous-play,https://i.gr-assets.com/images/S/compressed.photo.goodreads.com/books/1706200961i/198327636._SY75_.jpg,4.26,3356,4.0935325154108995,4504,48,"4,25 a 4,5",Baixa
1943,40940649,I Am Legend,Richard Matheson,https://www.goodreads.com/book/show/40940649-i-am-legend,https://i.gr-assets.com/images/S/compressed.photo.goodreads.com/books/1532484265i/40940649._SX50_.jpg,4.05,160489,4.079853094550598,4499,58,"4,0 a 4,25",Alta
1944,44659,"Pawn of Prophecy (The Belgariad, #1)",David Eddings,https://www.goodreads.com/book/show/44659.Pawn_of_Prophecy,https://i.gr-assets.com/images/S/compressed.photo.goodreads.com/books/1391346857i/44659._SX50_.jpg,4.16,113179,4.107342974326228,4495,58,"4,0 a 4,25",Média
1945,13312527,"The Opportunist (Love Me with Lies, #1)",Tarryn Fisher,https://www.goodreads.com/book/show/13312527-the-opportunist,https://i.gr-assets.com/images/S/compressed.photo.goodreads.com/books/1688393720i/13312527._SY75_.jpg,4.17,55705,4.101816030162108,4486,49,"4,0 a 4,25",Média
1946,37380,The Heart Is a Lonely Hunter,Carson McCullers,https://www.goodreads.com/book/show/37380.The_Heart_Is_a_Lonely_Hunter,https://i.gr-assets.com/images/S/compressed.photo.goodreads.com/books/1385265834i/37380._SY75_.jpg,3.99,123975,4.0675273529088845,4482,57,"3,5 a 4,0",Média
1947,27252,Pope Joan,Donna Woolfolk Cross,https://www.goodreads.com/book/show/27252.Pope_Joan,https://i.gr-assets.com/images/S/compressed.photo.goodreads.com/books/1386912604i/27252._SY75_.jpg,4.1,75659,4.093383949830714,4478,58,"4,0 a 4,25",Média
1948,123257687,"Assistant to the Villain (Assistant to the Villain, #1)",Hannah Nicole Maehrer,https://www.goodreads.com/book/show/123257687-assistant-to-the-villain,https://i.gr-assets.com/images/S/compressed.photo.goodreads.com/books/1702057336i/123257687._SY75_.jpg,3.93,398916,4.010248119878975,4472,49,"3,5 a 4,0",Muito alta
1949,23316548,The Book of Negroes,Lawrence Hill,https://www.goodreads.com/book/show/23316548-the-book-of-negroes,https://i.gr-assets.com/images/S/compressed.photo.goodreads.com/books/1417983381i/23316548._SY75_.jpg,4.47,93193,4.164825806474127,4470,55,"4,25 a 4,5",Média
1950,179609,Imperialism: The Highest Stage of Capitalism,Vladimir Lenin,https://www.goodreads.com/book/show/179609.Imperialism,https://i.gr-assets.com/images/S/compressed.photo.goodreads.com/books/1431981127i/179609._SY75_.jpg,4.28,11851,4.09763038380073,4469,48,"4,25 a 4,5",Baixa
1951,57094295,Termination Shock,Neal Stephenson,https://www.goodreads.com/book/show/57094295-termination-shock,https://i.gr-assets.com/images/S/compressed.photo.goodreads.com/books/1621245328i/57094295._SY75_.jpg,3.83,21551,4.07841478848392,4468,47,"3,5 a 4,0",Baixa
1952,38743,"All Things Bright and Beautiful (All Creatures Great and Small, #3-4)",James Herriot,https://www.goodreads.com/book/show/38743.All_Things_Bright_and_Beautiful,https://i.gr-assets.com/images/S/compressed.photo.goodreads.com/books/1388197805i/38743._SX50_.jpg,4.36,84592,4.139745699954433,4467,73,"4,25 a 4,5",Média
1953,133430,Centennial,James A. Michener,https://www.goodreads.com/book/show/133430.Centennial,https://i.gr-assets.com/images/S/compressed.photo.goodreads.com/books/1348125094i/133430._SY75_.jpg,4.26,45785,4.109700065518983,4463,66,"4,25 a 4,5",Baixa
1954,27111181,Paradox Effect: Time Travel and Purified DNA Merge to Halt the Collapse of Human Existence,Gabriel F.W. Koch,https://www.goodreads.com/book/show/27111181-paradox-effect,https://i.gr-assets.com/images/S/compressed.photo.goodreads.com/books/1444879956i/27111181._SX50_.jpg,4.33,10005,4.098038265877061,4461,51,"4,25 a 4,5",Baixa
1955,15750692,"Malice (The Faithful and the Fallen, #1)",John Gwynne,https://www.goodreads.com/book/show/15750692-malice,https://i.gr-assets.com/images/S/compressed.photo.goodreads.com/books/1342785006i/15750692._SY75_.jpg,4.18,67769,4.105085643825675,4451,49,"4,0 a 4,25",Média
1956,56759,The Mayor of Casterbridge,Thomas Hardy,https://www.goodreads.com/book/show/56759.The_Mayor_of_Casterbridge,https://i.gr-assets.com/images/S/compressed.photo.goodreads.com/books/1388276915i/56759._SY75_.jpg,3.87,67499,4.059412199073335,4447,76,"3,5 a 4,0",Média
1957,6174,Survival in Auschwitz,Primo Levi,https://www.goodreads.com/book/show/6174.Survival_in_Auschwitz,https://i.gr-assets.com/images/S/compressed.photo.goodreads.com/books/1414374949i/6174._SX50_.jpg,4.35,90531,4.140582017357342,4445,55,"4,25 a 4,5",Média
1958,50892433,One by One,Ruth Ware,https://www.goodreads.com/book/show/50892433-one-by-one,https://i.gr-assets.com/images/S/compressed.photo.goodreads.com/books/1587655884i/50892433._SY75_.jpg,3.72,230281,3.9541996613051897,4442,49,"3,5 a 4,0",Alta
1959,210323986,The Ghost of Seagull Cottage: Inspired by The Ghost and Mrs Muir (The Guernsey Novels Book 9),Anne  Allen,https://www.goodreads.com/book/show/210323986-the-ghost-of-seagull-cottage,https://i.gr-assets.com/images/S/compressed.photo.goodreads.com/books/1711303721i/210323986._SY75_.jpg,4.45,761,4.092799073600504,4440,51,"4,25 a 4,5",Baixa
1960,264158,The Raven,Edgar Allan Poe,https://www.goodreads.com/book/show/264158.The_Raven,https://i.gr-assets.com/images/S/compressed.photo.goodreads.com/books/1347398489i/264158._SX50_.jpg,4.29,175872,4.153492476044962,4439,69,"4,25 a 4,5",Alta
1961,4070493,"Need (Need, #1)",Carrie Jones,https://www.goodreads.com/book/show/4070493-need,https://i.gr-assets.com/images/S/compressed.photo.goodreads.com/books/1436293030i/4070493._SX50_.jpg,3.72,64554,4.039384575908663,4438,61,"3,5 a 4,0",Média
1962,35796008,"Dance of Thieves (Dance of Thieves, #1)",Mary E. Pearson,https://www.goodreads.com/book/show/35796008-dance-of-thieves,https://i.gr-assets.com/images/S/compressed.photo.goodreads.com/books/1505930101i/35796008._SY75_.jpg,4.09,209340,4.091370428816792,4435,49,"4,0 a 4,25",Alta
1963,147311169,[The Flanders Panel] [by: Arturo Perez-Reverte],Arturo Pérez-Reverte,https://www.goodreads.com/book/show/147311169-the-flanders-panel-by,https://i.gr-assets.com/images/S/compressed.photo.goodreads.com/books/1696714735i/147311169._SX50_.jpg,3.79,28763,4.071407211368515,4434,48,"3,5 a 4,0",Baixa
1964,22918050,"The Heir (The Selection, #4)",Kiera Cass,https://www.goodreads.com/book/show/22918050-the-heir,https://i.gr-assets.com/images/S/compressed.photo.goodreads.com/books/1422993526i/22918050._SY75_.jpg,3.62,414792,3.849106625578294,4433,56,"3,5 a 4,0",Muito alta
1964,198712881,"The Reaping (Steinbeck and Reed, #2)",Jess Lourey,https://www.goodreads.com/book/show/198712881-the-reaping,https://i.gr-assets.com/images/S/compressed.photo.goodreads.com/books/1706359993i/198712881._SY75_.jpg,4.06,15933,4.0908472536812335,4433,47,"4,0 a 4,25",Baixa
1966,10629,Christine,Stephen  King,https://www.goodreads.com/book/show/10629.Christine,https://i.gr-assets.com/images/S/compressed.photo.goodreads.com/books/1663053062i/10629._SY75_.jpg,3.86,270288,3.9972478007132937,4431,71,"3,5 a 4,0",Alta
1967,13623150,"Destroy Me (Shatter Me, #1.5)",Tahereh Mafi,https://www.goodreads.com/book/show/13623150-destroy-me,https://i.gr-assets.com/images/S/compressed.photo.goodreads.com/books/1340398466i/13623150._SX50_.jpg,3.93,387586,4.0114157711216,4429,54,"3,5 a 4,0",Alta
1968,35158801,The Last Thing She Ever Did,Gregg Olsen,https://www.goodreads.com/book/show/35158801-the-last-thing-she-ever-did,https://i.gr-assets.com/images/S/compressed.photo.goodreads.com/books/1511379288i/35158801._SY75_.jpg,4.04,52889,4.085896981490293,4427,47,"4,0 a 4,25",Média
1969,33724,Can You Keep a Secret?,Sophie Kinsella,https://www.goodreads.com/book/show/33724.Can_You_Keep_a_Secret_,https://i.gr-assets.com/images/S/compressed.photo.goodreads.com/books/1330464293i/33724._SY75_.jpg,3.82,484969,3.9414709968218133,4418,60,"3,5 a 4,0",Muito alta
1969,50659471,"A Court of Frost and Starlight (A Court of Thorns and Roses, #4)",Sarah J. Maas,https://www.goodreads.com/book/show/50659471-a-court-of-frost-and-starlight,https://i.gr-assets.com/images/S/compressed.photo.goodreads.com/books/1585622963i/50659471._SX50_.jpg,3.7,2336375,3.7562224800156705,4418,54,"3,5 a 4,0",Muito alta
1971,34993,"The Sum of All Fears (Jack Ryan, #6)",Tom Clancy,https://www.goodreads.com/book/show/34993.The_Sum_of_All_Fears,https://i.gr-assets.com/images/S/compressed.photo.goodreads.com/books/1388250477i/34993._SY75_.jpg,4.09,67974,4.091792452638819,4417,48,"4,0 a 4,25",Média
1972,17259690,"The Foxhole Court (All for the Game, #1)",Nora Sakavic,https://www.goodreads.com/book/show/17259690-the-foxhole-court,https://i.gr-assets.com/images/S/compressed.photo.goodreads.com/books/1358594228i/17259690._SX50_.jpg,4.01,113751,4.073603951015364,4412,47,"4,0 a 4,25",Média
1973,235004480,The Last Bottle,Marcia Breece,https://www.goodreads.com/book/show/235004480-the-last-bottle,https://i.gr-assets.com/images/S/compressed.photo.goodreads.com/books/1748201136i/235004480._SY75_.jpg,4.35,1192,4.092887669097586,4411,51,"4,25 a 4,5",Baixa
1974,28381,Dead Souls,Nikolai Gogol,https://www.goodreads.com/book/show/28381.Dead_Souls,https://i.gr-assets.com/images/S/compressed.photo.goodreads.com/books/1387201057i/28381._SY75_.jpg,3.97,100433,4.06715399395846,4407,62,"3,5 a 4,0",Média
1975,13555073,"The Screaming Staircase (Lockwood & Co., #1)",Jonathan Stroud,https://www.goodreads.com/book/show/13555073-the-screaming-staircase,https://i.gr-assets.com/images/S/compressed.photo.goodreads.com/books/1369670906i/13555073._SY75_.jpg,4.25,78414,4.118475449188729,4404,48,"4,0 a 4,25",Média
1976,6931356,"The DUFF: Designated Ugly Fat Friend (Hamilton High, #1)",Kody Keplinger,https://www.goodreads.com/book/show/6931356-the-duff,https://i.gr-assets.com/images/S/compressed.photo.goodreads.com/books/1271108843i/6931356._SY75_.jpg,3.79,196720,3.990998482730755,4402,56,"3,5 a 4,0",Alta
1977,58410164,"Savage Bonds (The Bonds that Tie, #2)",J. Bree,https://www.goodreads.com/book/show/58410164-savage-bonds,https://i.gr-assets.com/images/S/compressed.photo.goodreads.com/books/1631312189i/58410164._SY75_.jpg,4.24,147410,4.132590023873204,4401,47,"4,0 a 4,25",Média
1978,13639050,"Gabriel's Rapture (Gabriel's Inferno, #2)",Sylvain Reynard,https://www.goodreads.com/book/show/13639050-gabriel-s-rapture,https://i.gr-assets.com/images/S/compressed.photo.goodreads.com/books/1343962380i/13639050._SX50_.jpg,4.2,116047,4.116794045283461,4394,54,"4,0 a 4,25",Média
1978,3819326,"Angels' Blood (Guild Hunter, #1)",Nalini Singh,https://www.goodreads.com/book/show/3819326-angels-blood,https://i.gr-assets.com/images/S/compressed.photo.goodreads.com/books/1436398982i/3819326._SY75_.jpg,4.06,99493,4.085593004921279,4394,57,"4,0 a 4,25",Média
1980,10204213,The Traitor's Emblem,Juan Gómez-Jurado,https://www.goodreads.com/book/show/10204213-the-traitor-s-emblem,https://i.gr-assets.com/images/S/compressed.photo.goodreads.com/books/1348919532i/10204213._SY75_.jpg,3.86,4398,4.089522841361261,4373,44,"3,5 a 4,0",Baixa
1980,18798983,"The Wrath and the Dawn (The Wrath and the Dawn, #1)",Renée Ahdieh,https://www.goodreads.com/book/show/18798983-the-wrath-and-the-dawn,https://i.gr-assets.com/images/S/compressed.photo.goodreads.com/books/1417956963i/18798983._SY75_.jpg,4.04,188308,4.075169601408382,4373,50,"4,0 a 4,25",Alta
1982,89959,U.S. Constitution (Saddlewire) (Books of American Wisdom),Founding Fathers,https://www.goodreads.com/book/show/89959.U_S_Constitution_Saddlewire_,https://i.gr-assets.com/images/S/compressed.photo.goodreads.com/books/1328756752i/89959._SY75_.jpg,4.52,27237,4.119964647443242,4368,65,"Acima de 4,5",Baixa
1983,212202104,Heaven - Bible Study for Women with Video Access: When Faith Becomes Sight,Jennifer Rothschild,https://www.goodreads.com/book/show/212202104-heaven---bible-study-for-women-with-video-access,https://i.gr-assets.com/images/S/compressed.photo.goodreads.com/books/1718976300i/212202104._SX50_.jpg,4.38,919,4.092778940287589,4366,47,"4,25 a 4,5",Baixa
1984,840278,"Eon (The Way, #1)",Greg Bear,https://www.goodreads.com/book/show/840278.Eon,https://i.gr-assets.com/images/S/compressed.photo.goodreads.com/books/1388288738i/840278._SY75_.jpg,3.88,30589,4.0767174344329895,4362,46,"3,5 a 4,0",Baixa
1984,61215372,"The Two Towers (The Lord of the Rings, #2)",J.R.R. Tolkien,https://www.goodreads.com/book/show/61215372-the-two-towers,https://i.gr-assets.com/images/S/compressed.photo.goodreads.com/books/1654216149i/61215372._SY75_.jpg,4.51,1178986,4.405908195557927,4362,52,"Acima de 4,5",Muito alta
1986,11559200,"Shadow of Night (All Souls, #2)",Deborah Harkness,https://www.goodreads.com/book/show/11559200-shadow-of-night,https://i.gr-assets.com/images/S/compressed.photo.goodreads.com/books/1320604137i/11559200._SY75_.jpg,4.08,278182,4.087072919265267,4357,57,"4,0 a 4,25",Alta
1987,205495275,The Myth of American Idealism: How U.S. Foreign Policy Endangers the World,Noam Chomsky,https://www.goodreads.com/book/show/205495275-the-myth-of-american-idealism,https://i.gr-assets.com/images/S/compressed.photo.goodreads.com/books/1721437041i/205495275._SY75_.jpg,4.42,2261,4.093988805912416,4356,47,"4,25 a 4,5",Baixa
1988,31450852,"Tower of Dawn (Throne of Glass, #6)",Sarah J. Maas,https://www.goodreads.com/book/show/31450852-tower-of-dawn,https://i.gr-assets.com/images/S/compressed.photo.goodreads.com/books/1497973101i/31450852._SY75_.jpg,4.28,1219138,4.234364890731772,4353,53,"4,25 a 4,5",Muito alta
1989,42036538,"Gideon the Ninth (The Locked Tomb, #1)",Tamsyn Muir,https://www.goodreads.com/book/show/42036538-gideon-the-ninth,https://i.gr-assets.com/images/S/compressed.photo.goodreads.com/books/1546870952i/42036538._SY75_.jpg,4.17,197122,4.118208970287881,4351,47,"4,0 a 4,25",Alta
1989,215808119,The Museum Detective (A Museum Detective Novel),Maha Khan Phillips,https://www.goodreads.com/book/show/215808119-the-museum-detective,https://i.gr-assets.com/images/S/compressed.photo.goodreads.com/books/1722403441i/215808119._SY75_.jpg,3.83,2288,4.090579491629674,4351,47,"3,5 a 4,0",Baixa
1991,6534,"Postmortem (Kay Scarpetta, #1)",Patricia Daniels Cornwell,https://www.goodreads.com/book/show/6534.Postmortem,https://i.gr-assets.com/images/S/compressed.photo.goodreads.com/books/1341835831i/6534._SY75_.jpg,4.02,269588,4.0626817318028134,4349,61,"4,0 a 4,25",Alta
1992,6950688,"Only the Good Spy Young (Gallagher Girls, #4)",Ally Carter,https://www.goodreads.com/book/show/6950688-only-the-good-spy-young,https://i.gr-assets.com/images/S/compressed.photo.goodreads.com/books/1441070330i/6950688._SX50_.jpg,4.29,70303,4.122258253347674,4346,57,"4,25 a 4,5",Média
1993,60717747,"Half a Soul (Regency Faerie Tales, #1)",Olivia Atwater,https://www.goodreads.com/book/show/60717747-half-a-soul,https://i.gr-assets.com/images/S/compressed.photo.goodreads.com/books/1648605334i/60717747._SY75_.jpg,4.03,88365,4.080657824994798,4340,46,"4,0 a 4,25",Média
1994,17617277,"Real (Real, #1)",Katy Evans,https://www.goodreads.com/book/show/17617277-real,https://i.gr-assets.com/images/S/compressed.photo.goodreads.com/books/1363442697i/17617277._SX50_.jpg,4.11,114974,4.09616991323172,4339,53,"4,0 a 4,25",Média
1995,676737,Grendel,John Gardner,https://www.goodreads.com/book/show/676737.Grendel,https://i.gr-assets.com/images/S/compressed.photo.goodreads.com/books/1347871284i/676737._SY75_.jpg,3.69,43506,4.051849812259578,4338,63,"3,5 a 4,0",Baixa
1996,12321,Beyond Good and Evil,Friedrich Nietzsche,https://www.goodreads.com/book/show/12321.Beyond_Good_and_Evil,https://i.gr-assets.com/images/S/compressed.photo.goodreads.com/books/1388607391i/12321._SY75_.jpg,4.02,120311,4.075140675222078,4336,58,"4,0 a 4,25",Média
1997,352727,An Accidental Goddess,Linnea Sinclair,https://www.goodreads.com/book/show/352727.An_Accidental_Goddess,https://i.gr-assets.com/images/S/compressed.photo.goodreads.com/books/1388350894i/352727._SY75_.jpg,4.03,4040,4.091469003837434,4335,45,"4,0 a 4,25",Baixa
1998,19675,"Executive Orders (Jack Ryan, #8)",Tom Clancy,https://www.goodreads.com/book/show/19675.Executive_Orders,https://i.gr-assets.com/images/S/compressed.photo.goodreads.com/books/1419127064i/19675._SY75_.jpg,4.13,54567,4.096744146914239,4328,48,"4,0 a 4,25",Média
1999,5166,Midwives,Chris Bohjalian,https://www.goodreads.com/book/show/5166.Midwives,https://i.gr-assets.com/images/S/compressed.photo.goodreads.com/books/1442593918i/5166._SY75_.jpg,4.0,164587,4.064823091493073,4327,69,"3,5 a 4,0",Alta
2000,20821111,"The Young Elites (The Young Elites, #1)",Marie Lu,https://www.goodreads.com/book/show/20821111-the-young-elites,https://i.gr-assets.com/images/S/compressed.photo.goodreads.com/books/1407318399i/20821111._SY75_.jpg,3.86,144671,4.029428109937111,4326,51,"3,5 a 4,0",Média
2000,52578861,Agent Sonya: Moscow's Most Daring Wartime Spy,Ben Macintyre,https://www.goodreads.com/book/show/52578861-agent-sonya,https://i.gr-assets.com/images/S/compressed.photo.goodreads.com/books/1585320220i/52578861._SY75_.jpg,4.16,19072,4.095261146970245,4326,47,"4,0 a 4,25",Baixa
2002,18126198,"Four: A Divergent Story Collection (Divergent, #0.1-0.4)",Veronica Roth,https://www.goodreads.com/book/show/18126198-four,https://i.gr-assets.com/images/S/compressed.photo.goodreads.com/books/1393687572i/18126198._SY75_.jpg,3.93,264934,4.02663769587193,4324,58,"3,5 a 4,0",Alta
2003,15842439,"Warm Bodies (Warm Bodies, #1)",Isaac Marion,https://www.goodreads.com/book/show/15842439-warm-bodies,https://i.gr-assets.com/images/S/compressed.photo.goodreads.com/books/1394072655i/15842439._SY75_.jpg,3.91,110374,4.052021526165621,4323,54,"3,5 a 4,0",Média
2004,321645,"Kissed by an Angel/The Power of Love/Soulmates (Kissed by an Angel, #1-3)",Elizabeth Chandler,https://www.goodreads.com/book/show/321645.Kissed_by_an_Angel_The_Power_of_Love_Soulmates,https://i.gr-assets.com/images/S/compressed.photo.goodreads.com/books/1302945904i/321645._SX50_.jpg,4.09,27485,4.091965841443071,4322,56,"4,0 a 4,25",Baixa
2005,270807,"Burned (Burned, #1)",Ellen Hopkins,https://www.goodreads.com/book/show/270807.Burned,https://i.gr-assets.com/images/S/compressed.photo.goodreads.com/books/1388719598i/270807._SX50_.jpg,4.25,71930,4.116633580101542,4321,51,"4,0 a 4,25",Média
2006,33555224,"Thunderhead (Arc of a Scythe, #2)",Neal Shusterman,https://www.goodreads.com/book/show/33555224-thunderhead,https://i.gr-assets.com/images/S/compressed.photo.goodreads.com/books/1505658534i/33555224._SY75_.jpg,4.37,252261,4.201069915636596,4319,48,"4,25 a 4,5",Alta
2006,41423092,The Awakening: Fate in Motion,Suzanne Boisvert,https://www.goodreads.com/book/show/41423092-the-awakening,https://i.gr-assets.com/images/S/compressed.photo.goodreads.com/books/1534899658i/41423092._SY75_.jpg,4.23,1102,4.092491475971342,4319,48,"4,0 a 4,25",Baixa
2008,71865,"Tomorrow, When the War Began (Tomorrow, #1)",John Marsden,https://www.goodreads.com/book/show/71865.Tomorrow_When_the_War_Began,https://i.gr-assets.com/images/S/compressed.photo.goodreads.com/books/1388214812i/71865._SX50_.jpg,4.04,61959,4.0849781093116,4316,50,"4,0 a 4,25",Média
2008,34094080,The Vietnam War: An Intimate History,Geoffrey C. Ward,https://www.goodreads.com/book/show/34094080-the-vietnam-war,https://i.gr-assets.com/images/S/compressed.photo.goodreads.com/books/1485923544i/34094080._SX50_.jpg,4.51,2857,4.095134755168805,4316,46,"Acima de 4,5",Baixa
2010,159178,"North and South (North and South, #1)",John Jakes,https://www.goodreads.com/book/show/159178.North_and_South,https://i.gr-assets.com/images/S/compressed.photo.goodreads.com/books/1390174619i/159178._SY75_.jpg,4.21,62953,4.108450597335551,4312,72,"4,0 a 4,25",Média
2011,7572,Even Cowgirls Get the Blues,Tom Robbins,https://www.goodreads.com/book/show/7572.Even_Cowgirls_Get_the_Blues,https://i.gr-assets.com/images/S/compressed.photo.goodreads.com/books/1336172455i/7572._SY75_.jpg,3.79,58173,4.052985136791846,4303,70,"3,5 a 4,0",Média
2012,18452,The Painted Bird,Jerzy Kosiński,https://www.goodreads.com/book/show/18452.The_Painted_Bird,https://i.gr-assets.com/images/S/compressed.photo.goodreads.com/books/1348130740i/18452._SY75_.jpg,3.9,29017,4.078834988756784,4301,60,"3,5 a 4,0",Baixa
2013,110384,"Romancing Mister Bridgerton (Bridgertons, #4)",Julia Quinn,https://www.goodreads.com/book/show/110384.Romancing_Mister_Bridgerton,https://i.gr-assets.com/images/S/compressed.photo.goodreads.com/books/1274211494i/110384._SY75_.jpg,3.87,451880,3.9730422815036164,4300,48,"3,5 a 4,0",Muito alta
2014,207611500,We Who Wrestle with God: Perceptions of the Divine,Jordan B. Peterson,https://www.goodreads.com/book/show/207611500-we-who-wrestle-with-god,https://i.gr-assets.com/images/S/compressed.photo.goodreads.com/books/1707192021i/207611500._SY75_.jpg,3.93,4581,4.090227148310394,4299,45,"3,5 a 4,0",Baixa
2015,47624,"Lirael (Abhorsen, #2)",Garth Nix,https://www.goodreads.com/book/show/47624.Lirael,https://i.gr-assets.com/images/S/compressed.photo.goodreads.com/books/1266458951i/47624._SY75_.jpg,4.29,125453,4.140167939457974,4298,57,"4,25 a 4,5",Média
2016,15812814,"Crossed (Matched, #2)",Ally Condie,https://www.goodreads.com/book/show/15812814-crossed,https://i.gr-assets.com/images/S/compressed.photo.goodreads.com/books/1374335939i/15812814._SY75_.jpg,3.52,262190,3.862490248335778,4288,56,"3,5 a 4,0",Alta
2017,139253,The House on Mango Street,Sandra Cisneros,https://www.goodreads.com/book/show/139253.The_House_on_Mango_Street,https://i.gr-assets.com/images/S/compressed.photo.goodreads.com/books/1348245688i/139253._SY75_.jpg,3.67,250713,3.927211524571562,4287,57,"3,5 a 4,0",Alta
2017,40748777,"Flock (The Ravenhood, #1)",Kate  Stewart,https://www.goodreads.com/book/show/40748777-flock,https://i.gr-assets.com/images/S/compressed.photo.goodreads.com/books/1594825119i/40748777._SX50_.jpg,4.08,310888,4.086743379100565,4287,46,"4,0 a 4,25",Alta
2019,40881903,Unparalleled,D.S.   Smith,https://www.goodreads.com/book/show/40881903-unparalleled,https://i.gr-assets.com/images/S/compressed.photo.goodreads.com/books/1532093846i/40881903._SY75_.jpg,4.11,4793,4.092320673947186,4286,47,"4,0 a 4,25",Baixa
2020,816862,In Retrospect: The Tragedy and Lessons of Vietnam,Robert S. McNamara,https://www.goodreads.com/book/show/816862.In_Retrospect,https://i.gr-assets.com/images/S/compressed.photo.goodreads.com/books/1320494013i/816862._SY75_.jpg,3.83,2988,4.090116613910644,4284,46,"3,5 a 4,0",Baixa
2021,36307674,"Rule of Wolves (King of Scars, #2)",Leigh Bardugo,https://www.goodreads.com/book/show/36307674-rule-of-wolves,https://i.gr-assets.com/images/S/compressed.photo.goodreads.com/books/1598133584i/36307674._SY75_.jpg,4.33,183357,4.168038941378765,4283,51,"4,25 a 4,5",Alta
2022,12936,"Gathering Blue (Giver, #2)",Lois Lowry,https://www.goodreads.com/book/show/12936.Gathering_Blue,https://i.gr-assets.com/images/S/compressed.photo.goodreads.com/books/1388195391i/12936._SY75_.jpg,3.83,215660,3.9989417249426547,4277,61,"3,5 a 4,0",Alta
2022,203578847,"Wind and Truth (The Stormlight Archive, #5)",Brandon Sanderson,https://www.goodreads.com/book/show/203578847-wind-and-truth,https://i.gr-assets.com/images/S/compressed.photo.goodreads.com/books/1724944713i/203578847._SY75_.jpg,4.36,161525,4.170409195702361,4277,46,"4,25 a 4,5",Alta
2024,11564,The Girl Who Loved Tom Gordon,Stephen  King,https://www.goodreads.com/book/show/11564.The_Girl_Who_Loved_Tom_Gordon,https://i.gr-assets.com/images/S/compressed.photo.goodreads.com/books/1580235339i/11564._SY75_.jpg,3.64,184345,3.94726670017461,4274,63,"3,5 a 4,0",Alta
2025,112932939,Yildun: Worldmaker of Yand,Andri E. Elia,https://www.goodreads.com/book/show/112932939-yildun,https://i.gr-assets.com/images/S/compressed.photo.goodreads.com/books/1676243451i/112932939._SX50_.jpg,4.38,1350,4.093094390279049,4273,49,"4,25 a 4,5",Baixa
2026,8073,"Cloudy with a Chance of Meatballs (Cloudy with a Chance of Meatballs, #1)",Judi Barrett,https://www.goodreads.com/book/show/8073.Cloudy_with_a_Chance_of_Meatballs,https://i.gr-assets.com/images/S/compressed.photo.goodreads.com/books/1769935774i/8073._SX50_.jpg,4.18,142763,4.115609560658901,4268,65,"4,0 a 4,25",Média
2026,63032,2666,Roberto Bolaño,https://www.goodreads.com/book/show/63032.2666,https://i.gr-assets.com/images/S/compressed.photo.goodreads.com/books/1672791535i/63032._SY75_.jpg,4.22,52275,4.10718390682426,4268,50,"4,0 a 4,25",Média
2026,217907238,Journey's Paradox (Journey Russo FBI Mystery #6),Mary Stone,https://www.goodreads.com/book/show/217907238-journey-s-paradox,https://i.gr-assets.com/images/S/compressed.photo.goodreads.com/books/1724175111i/217907238._SY75_.jpg,4.58,2552,4.095267127539566,4268,45,"Acima de 4,5",Baixa
2029,27208,The Third Policeman,Flann O'Brien,https://www.goodreads.com/book/show/27208.The_Third_Policeman,https://i.gr-assets.com/images/S/compressed.photo.goodreads.com/books/1634288448i/27208._SY75_.jpg,3.96,24159,4.084418077503418,4267,56,"3,5 a 4,0",Baixa
2030,199457714,Twisted Ties (The Arrow Hart Academy #2),Hannah Haze,https://www.goodreads.com/book/show/199457714-twisted-ties,https://i.gr-assets.com/images/S/compressed.photo.goodreads.com/books/1697077082i/199457714._SY75_.jpg,4.12,15596,4.093173807939598,4262,45,"4,0 a 4,25",Baixa
2031,38322550,"The Last Emperox (The Interdependency, #3)",John Scalzi,https://www.goodreads.com/book/show/38322550-the-last-emperox,https://i.gr-assets.com/images/S/compressed.photo.goodreads.com/books/1696204573i/38322550._SY75_.jpg,4.14,34414,4.095977826748744,4261,45,"4,0 a 4,25",Baixa
2032,212510254,"Falling Down (The Boy in the Iron Box, #1)",Guillermo del Toro,https://www.goodreads.com/book/show/212510254-falling-down,https://i.gr-assets.com/images/S/compressed.photo.goodreads.com/books/1714635852i/212510254._SY75_.jpg,3.58,9111,4.080445140105962,4260,45,"3,5 a 4,0",Baixa
2033,18130,"A Wind in the Door (Time Quintet, #2)",Madeleine L'Engle,https://www.goodreads.com/book/show/18130.A_Wind_in_the_Door,https://i.gr-assets.com/images/S/compressed.photo.goodreads.com/books/1327464177i/18130._SY75_.jpg,3.98,134235,4.06345783730642,4258,69,"3,5 a 4,0",Média
2033,55819102,The Last Mona Lisa,Jonathan Santlofer,https://www.goodreads.com/book/show/55819102-the-last-mona-lisa,https://i.gr-assets.com/images/S/compressed.photo.goodreads.com/books/1604716331i/55819102._SX50_.jpg,3.76,7906,4.085523294690864,4258,46,"3,5 a 4,0",Baixa
2033,59609728,"Portrait of an Unknown Woman (Gabriel Allon, #22)",Daniel Silva,https://www.goodreads.com/book/show/59609728-portrait-of-an-unknown-woman,https://i.gr-assets.com/images/S/compressed.photo.goodreads.com/books/1646747800i/59609728._SY75_.jpg,4.23,34746,4.1033558398996774,4258,46,"4,0 a 4,25",Baixa
2036,6507691,"The Manufactured Identity (Manufactured Identity, #1)",Heath Sommer,https://www.goodreads.com/book/show/6507691-the-manufactured-identity,https://i.gr-assets.com/images/S/compressed.photo.goodreads.com/books/1388188833i/6507691._SY75_.jpg,3.55,438,4.091497537213735,4256,43,"3,5 a 4,0",Baixa
2037,216875430,Not a Speck of Light: Stories,Laird Barron,https://www.goodreads.com/book/show/216875430-not-a-speck-of-light,https://i.gr-assets.com/images/S/compressed.photo.goodreads.com/books/1722030581i/216875430._SY75_.jpg,3.99,1443,4.091728644185224,4254,45,"3,5 a 4,0",Baixa
2038,206766189,The Swimmer,Loreth Anne White,https://www.goodreads.com/book/show/206766189-the-swimmer,https://i.gr-assets.com/images/S/compressed.photo.goodreads.com/books/1712611567i/206766189._SY75_.jpg,4.11,29538,4.093360748654215,4249,45,"4,0 a 4,25",Baixa
2038,58558406,Portrait of an Unknown Lady,María Gainza,https://www.goodreads.com/book/show/58558406-portrait-of-an-unknown-lady,https://i.gr-assets.com/images/S/compressed.photo.goodreads.com/books/1655400008i/58558406._SY75_.jpg,3.3,2977,4.08611986795844,4249,46,"Até 3,5",Baixa
2040,55817097,"Twisted Love (Twisted, #1)",Ana Huang,https://www.goodreads.com/book/show/55817097-twisted-love,https://i.gr-assets.com/images/S/compressed.photo.goodreads.com/books/1618487915i/55817097._SY75_.jpg,3.7,1780328,3.7706197423207404,4248,49,"3,5 a 4,0",Muito alta
2041,127280445,Ghost Station,S.A. Barnes,https://www.goodreads.com/book/show/127280445-ghost-station,https://i.gr-assets.com/images/S/compressed.photo.goodreads.com/books/1684351144i/127280445._SY75_.jpg,3.57,13372,4.074842219265415,4247,47,"3,5 a 4,0",Baixa
2042,224379,Gulag: A History,Anne Applebaum,https://www.goodreads.com/book/show/224379.Gulag,https://i.gr-assets.com/images/S/compressed.photo.goodreads.com/books/1410286909i/224379._SY75_.jpg,4.29,14384,4.099124427950889,4245,46,"4,25 a 4,5",Baixa
2043,17184,The Invisible Man,H.G. Wells,https://www.goodreads.com/book/show/17184.The_Invisible_Man,https://i.gr-assets.com/images/S/compressed.photo.goodreads.com/books/1630661776i/17184._SY75_.jpg,3.63,224797,3.9234348235473684,4240,68,"3,5 a 4,0",Alta
2044,56198498,"Stripped Bare (Kate Fox, #1)",Shannon  Baker,https://www.goodreads.com/book/show/56198498-stripped-bare,https://i.gr-assets.com/images/S/compressed.photo.goodreads.com/books/1607349963i/56198498._SY75_.jpg,4.03,8594,4.090768609720779,4238,45,"4,0 a 4,25",Baixa
2045,147915,"A Storm of Swords 2: Blood and Gold (A Song of Ice and Fire, #3, Part 2 of 2)",George R.R. Martin,https://www.goodreads.com/book/show/147915.A_Storm_of_Swords_2,https://i.gr-assets.com/images/S/compressed.photo.goodreads.com/books/1354567206i/147915._SY75_.jpg,4.55,107287,4.1906783723425125,4236,56,"Acima de 4,5",Média
2045,14568987,The Art Forger,Barbara A. Shapiro,https://www.goodreads.com/book/show/14568987-the-art-forger,https://i.gr-assets.com/images/S/compressed.photo.goodreads.com/books/1348518546i/14568987._SY75_.jpg,3.77,97496,4.0278278108772065,4236,45,"3,5 a 4,0",Média
2047,62315578,"Lords of Uncreation (The Final Architecture, #3)",Adrian Tchaikovsky,https://www.goodreads.com/book/show/62315578-lords-of-uncreation,https://i.gr-assets.com/images/S/compressed.photo.goodreads.com/books/1671150806i/62315578._SY75_.jpg,4.32,18294,4.102288139163444,4235,45,"4,25 a 4,5",Baixa
2048,49504061,The Once and Future Witches,Alix E. Harrow,https://www.goodreads.com/book/show/49504061-the-once-and-future-witches,https://i.gr-assets.com/images/S/compressed.photo.goodreads.com/books/1582634494i/49504061._SY75_.jpg,4.02,113129,4.075926102972027,4231,47,"4,0 a 4,25",Média
2049,77711,"A Fire Upon the Deep (Zones of Thought, #1)",Vernor Vinge,https://www.goodreads.com/book/show/77711.A_Fire_Upon_the_Deep,https://i.gr-assets.com/images/S/compressed.photo.goodreads.com/books/1728332458i/77711._SY75_.jpg,4.13,68559,4.097756496034122,4228,50,"4,0 a 4,25",Média
2050,214151222,"Fearless (The Powerless Trilogy, #3)",Lauren  Roberts,https://www.goodreads.com/book/show/214151222-fearless,https://i.gr-assets.com/images/S/compressed.photo.goodreads.com/books/1730330746i/214151222._SY75_.jpg,4.03,468313,4.05826140974146,4227,46,"4,0 a 4,25",Muito alta
2051,45885644,The Sun Down Motel,Simone St. James,https://www.goodreads.com/book/show/45885644-the-sun-down-motel,https://i.gr-assets.com/images/S/compressed.photo.goodreads.com/books/1570443079i/45885644._SY75_.jpg,3.99,203331,4.057177186349362,4223,46,"3,5 a 4,0",Alta
2052,167793863,The Gulag Archipeligo 1918-1956: An Experiment In Literary Investigation I - Ii.,Aleksandr Solzhenitsyn,https://www.goodreads.com/book/show/167793863-the-gulag-archipeligo-1918-1956,https://i.gr-assets.com/images/S/compressed.photo.goodreads.com/nophoto/book/111x148._SX50_.png,4.35,14724,4.101461358936779,4222,45,"4,25 a 4,5",Baixa
2053,203608552,So Thirsty,Rachel   Harrison,https://www.goodreads.com/book/show/203608552-so-thirsty,https://i.gr-assets.com/images/S/compressed.photo.goodreads.com/books/1710472635i/203608552._SX50_.jpg,3.48,31439,4.0465583476228035,4217,45,"Até 3,5",Baixa
2054,17306293,"Shift (Silo, #2)",Hugh Howey,https://www.goodreads.com/book/show/17306293-shift,https://i.gr-assets.com/images/S/compressed.photo.goodreads.com/books/1379003176i/17306293._SX50_.jpg,4.13,167658,4.103475267104707,4212,44,"4,0 a 4,25",Alta
2055,41886271,The Sword of Kaigen,M.L. Wang,https://www.goodreads.com/book/show/41886271-the-sword-of-kaigen,https://i.gr-assets.com/images/S/compressed.photo.goodreads.com/books/1702907961i/41886271._SX50_.jpg,4.42,112677,4.165445477311267,4209,45,"4,25 a 4,5",Média
2056,11650,"American Pastoral (The American Trilogy, #1)",Philip Roth,https://www.goodreads.com/book/show/11650.American_Pastoral,https://i.gr-assets.com/images/S/compressed.photo.goodreads.com/books/1504801263i/11650._SY75_.jpg,3.95,91426,4.065177951185139,4207,60,"3,5 a 4,0",Média
2057,27333,Silent Spring,Rachel Carson,https://www.goodreads.com/book/show/27333.Silent_Spring,https://i.gr-assets.com/images/S/compressed.photo.goodreads.com/books/1442353674i/27333._SY75_.jpg,4.06,57216,4.088006574658415,4205,63,"4,0 a 4,25",Média
2058,25489134,"The Bear and the Nightingale (The Winternight Trilogy, #1)",Katherine Arden,https://www.goodreads.com/book/show/25489134-the-bear-and-the-nightingale,https://i.gr-assets.com/images/S/compressed.photo.goodreads.com/books/1611440212i/25489134._SX50_.jpg,4.08,245179,4.087439793886066,4203,50,"4,0 a 4,25",Alta
2059,568236,A Distant Mirror: The Calamitous 14th Century,Barbara W. Tuchman,https://www.goodreads.com/book/show/568236.A_Distant_Mirror,https://i.gr-assets.com/images/S/compressed.photo.goodreads.com/books/1403200553i/568236._SX50_.jpg,4.05,45505,4.087715532167507,4197,61,"4,0 a 4,25",Baixa
2060,9462812,"Die for Me (Revenants, #1)",Amy Plum,https://www.goodreads.com/book/show/9462812-die-for-me,https://i.gr-assets.com/images/S/compressed.photo.goodreads.com/books/1358427893i/9462812._SY75_.jpg,3.97,56157,4.076772122652884,4191,52,"3,5 a 4,0",Média
2061,41104077,Invisible Women: Data Bias in a World Designed for Men,Caroline Criado Pérez,https://www.goodreads.com/book/show/41104077-invisible-women,https://i.gr-assets.com/images/S/compressed.photo.goodreads.com/books/1617113740i/41104077._SY75_.jpg,4.33,181880,4.167621432005595,4189,47,"4,25 a 4,5",Alta
2061,61273823,"Take Command: Find Your Inner Strength, Build Enduring Relationships, and Live the Life You Want",Joe   Hart,https://www.goodreads.com/book/show/61273823-take-command,https://i.gr-assets.com/images/S/compressed.photo.goodreads.com/books/1671054099i/61273823._SX50_.jpg,4.26,7095,4.095095699318705,4189,43,"4,25 a 4,5",Baixa
2063,82192,"The Crystal Cave (Arthurian Saga, #1)",Mary  Stewart,https://www.goodreads.com/book/show/82192.The_Crystal_Cave,https://i.gr-assets.com/images/S/compressed.photo.goodreads.com/books/1439344566i/82192._SY75_.jpg,4.13,49249,4.096342505583599,4185,63,"4,0 a 4,25",Baixa
2064,34460521,"Boundaries Updated and Expanded Edition: When to Say Yes, How to Say No To Take Control of Your Life",Henry Cloud,https://www.goodreads.com/book/show/34460521-boundaries-updated-and-expanded-edition,https://i.gr-assets.com/images/S/compressed.photo.goodreads.com/books/1506492507i/34460521._SY75_.jpg,4.21,90260,4.114211608715863,4180,44,"4,0 a 4,25",Média
2064,59938247,Dante's Revenge (The Men of Thorne Enterprises Book 3),Lotchie Burton,https://www.goodreads.com/book/show/59938247-dante-s-revenge,https://i.gr-assets.com/images/S/compressed.photo.goodreads.com/books/1640532538i/59938247._SY75_.jpg,4.38,1439,4.09315944330954,4180,48,"4,25 a 4,5",Baixa
2066,50365,"A Suitable Boy (A Bridge of Leaves, #1)",Vikram Seth,https://www.goodreads.com/book/show/50365.A_Suitable_Boy,https://i.gr-assets.com/images/S/compressed.photo.goodreads.com/books/1329421639i/50365._SY75_.jpg,4.11,50961,4.094167149139193,4179,52,"4,0 a 4,25",Média
2067,216085323,"The Town the World Forgot (The Town That Shouldn't Exist, #1)",Boris  Bacic,https://www.goodreads.com/book/show/216085323-the-town-the-world-forgot,https://i.gr-assets.com/images/S/compressed.photo.goodreads.com/books/1720131599i/216085323._SY75_.jpg,4.1,2478,4.092153716307921,4172,44,"4,0 a 4,25",Baixa
2068,6339989,"Vampire Academy Collection (Vampire Academy, #1-3)",Richelle Mead,https://www.goodreads.com/book/show/6339989-vampire-academy-collection,https://i.gr-assets.com/images/S/compressed.photo.goodreads.com/books/1424313761i/6339989._SX50_.jpg,4.6,33958,4.132681788185194,4167,58,"Acima de 4,5",Baixa
2068,184777109,"Fated to the Wolf Prince (The Hunted Omegas, #1)",April L. Moon,https://www.goodreads.com/book/show/184777109-fated-to-the-wolf-prince,https://i.gr-assets.com/images/S/compressed.photo.goodreads.com/books/1704672362i/184777109._SY75_.jpg,3.88,39203,4.072779279714839,4167,44,"3,5 a 4,0",Baixa
2068,124070310,"War Bodies (Polity Universe, #1.5)",Neal Asher,https://www.goodreads.com/book/show/124070310-war-bodies,https://i.gr-assets.com/images/S/compressed.photo.goodreads.com/books/1680072384i/124070310._SY75_.jpg,4.12,1735,4.092227211862051,4167,45,"4,0 a 4,25",Baixa
2071,220175525,The Lost Masterpiece,B.A. Shapiro,https://www.goodreads.com/book/show/220175525-the-lost-masterpiece,https://i.gr-assets.com/images/S/compressed.photo.goodreads.com/books/1732596467i/220175525._SY75_.jpg,3.98,1581,4.09165262824301,4162,45,"3,5 a 4,0",Baixa
2072,25701594,"Complicate Me (The Good Ol' Boys, #1)",M.  Robinson,https://www.goodreads.com/book/show/25701594-complicate-me,https://i.gr-assets.com/images/S/compressed.photo.goodreads.com/books/1441291691i/25701594._SY75_.jpg,4.01,10994,4.089859016011326,4161,43,"4,0 a 4,25",Baixa
2073,28249,"The Magicians' Guild (The Black Magician Trilogy, #1)",Trudi Canavan,https://www.goodreads.com/book/show/28249.The_Magicians_Guild,https://i.gr-assets.com/images/S/compressed.photo.goodreads.com/books/1327356788i/28249._SY75_.jpg,3.95,92223,4.064988015089889,4157,53,"3,5 a 4,0",Média
2074,18761644,"The Gauguin Connection (Genevieve Lenard, #1)",Estelle Ryan,https://www.goodreads.com/book/show/18761644-the-gauguin-connection,https://i.gr-assets.com/images/S/compressed.photo.goodreads.com/books/1546601335i/18761644._SY75_.jpg,4.06,10668,4.091251513285355,4156,44,"4,0 a 4,25",Baixa
2075,61975,"Dragonflight (Dragonriders of Pern, #1)",Anne McCaffrey,https://www.goodreads.com/book/show/61975.Dragonflight,https://i.gr-assets.com/images/S/compressed.photo.goodreads.com/books/1388182243i/61975._SY75_.jpg,4.07,146015,4.086094800411287,4154,66,"4,0 a 4,25",Média
2076,62711955,"Hart's Ridge (Hart's Ridge, #1)",Kay Bratt,https://www.goodreads.com/book/show/62711955-hart-s-ridge,https://i.gr-assets.com/images/S/compressed.photo.goodreads.com/books/1782049237i/62711955._SY75_.jpg,4.31,20217,4.102814497278431,4153,44,"4,25 a 4,5",Baixa
2077,15858248,"Wallbanger (Cocktail, #1)",Alice Clayton,https://www.goodreads.com/book/show/15858248-wallbanger,https://i.gr-assets.com/images/S/compressed.photo.goodreads.com/books/1352205960i/15858248._SY75_.jpg,3.97,212679,4.04909193002349,4148,53,"3,5 a 4,0",Alta
2078,3575676,"Night World, No. 3 (Night World, #7-9)",L.J. Smith,https://www.goodreads.com/book/show/3575676-night-world-no-3,https://i.gr-assets.com/images/S/compressed.photo.goodreads.com/books/1439077707i/3575676._SY75_.jpg,4.2,66804,4.107845700032596,4145,62,"4,0 a 4,25",Média
2079,15731779,"Entwined with You (Crossfire, #3)",Sylvia Day,https://www.goodreads.com/book/show/15731779-entwined-with-you,https://i.gr-assets.com/images/S/compressed.photo.goodreads.com/books/1362526983i/15731779._SX50_.jpg,4.18,224280,4.124139379052044,4144,53,"4,0 a 4,25",Alta
2080,16527,Daughter of Fortune,Isabel Allende,https://www.goodreads.com/book/show/16527.Daughter_of_Fortune,https://i.gr-assets.com/images/S/compressed.photo.goodreads.com/books/1299666780i/16527._SY75_.jpg,3.95,144565,4.053751665906058,4135,63,"3,5 a 4,0",Média
2081,52780142,Get Out of Your Head: Stopping the Spiral of Toxic Thoughts,Jennie Allen,https://www.goodreads.com/book/show/52780142-get-out-of-your-head,https://i.gr-assets.com/images/S/compressed.photo.goodreads.com/books/1567137631l/52780142._SX50_SY75_.jpg,4.05,53595,4.087029372296556,4131,43,"4,0 a 4,25",Média
2082,123848258,The Prophet and the Idiot,Jonas Jonasson,https://www.goodreads.com/book/show/123848258-the-prophet-and-the-idiot,https://i.gr-assets.com/images/S/compressed.photo.goodreads.com/books/1679861913i/123848258._SY75_.jpg,3.62,9544,4.080857164710867,4130,43,"3,5 a 4,0",Baixa
2083,40159,"The King of Attolia (The Queen's Thief, #3)",Megan Whalen Turner,https://www.goodreads.com/book/show/40159.The_King_of_Attolia,https://i.gr-assets.com/images/S/compressed.photo.goodreads.com/books/1293505327i/40159._SY75_.jpg,4.38,44142,4.121303542606631,4129,49,"4,25 a 4,5",Baixa
2084,60623908,Power And Prediction: The Disruptive Economics of Artificial Intelligence,Ajay Agrawal,https://www.goodreads.com/book/show/60623908-power-and-prediction,https://i.gr-assets.com/images/S/compressed.photo.goodreads.com/books/1647362522i/60623908._SY75_.jpg,4.21,7462,4.094311391683828,4127,44,"4,0 a 4,25",Baixa
2085,157205597,The Curious Secrets of Yesterday,Namrata Patel,https://www.goodreads.com/book/show/157205597-the-curious-secrets-of-yesterday,https://i.gr-assets.com/images/S/compressed.photo.goodreads.com/books/1703173408i/157205597._SY75_.jpg,3.97,7657,4.089759224949231,4126,43,"3,5 a 4,0",Baixa
2086,22557520,"After (After, #1)",Anna Todd,https://www.goodreads.com/book/show/22557520-after,https://i.gr-assets.com/images/S/compressed.photo.goodreads.com/books/1438077259i/22557520._SY75_.jpg,3.72,382467,3.908123760166066,4123,48,"3,5 a 4,0",Alta
2087,20803953,"Bully (Fall Away, #1)",Penelope Douglas,https://www.goodreads.com/book/show/20803953-bully,https://i.gr-assets.com/images/S/compressed.photo.goodreads.com/books/1392309572i/20803953._SY75_.jpg,3.83,236112,3.9934327388159385,4121,48,"3,5 a 4,0",Alta
2088,11925514,"Code Name Verity (Code Name Verity, #1)",Elizabeth Wein,https://www.goodreads.com/book/show/11925514-code-name-verity,https://i.gr-assets.com/images/S/compressed.photo.goodreads.com/books/1388161911i/11925514._SY75_.jpg,3.99,130930,4.066494418741376,4120,49,"3,5 a 4,0",Média
2088,169690624,"Picking Daisies on Sundays (Picking Daisies on Sundays, #1)",Liana Cincotti,https://www.goodreads.com/book/show/169690624-picking-daisies-on-sundays,https://i.gr-assets.com/images/S/compressed.photo.goodreads.com/books/1685597350i/169690624._SY75_.jpg,3.99,129431,4.066714711815823,4120,44,"3,5 a 4,0",Média
2090,42058,Richard III,William Shakespeare,https://www.goodreads.com/book/show/42058.Richard_III,https://i.gr-assets.com/images/S/compressed.photo.goodreads.com/books/1328043960i/42058._SY75_.jpg,3.91,60318,4.067770416728004,4118,68,"3,5 a 4,0",Média
2091,215515923,One More Life to Live (Edward and the Bricklayer Book 1),Steven Decker,https://www.goodreads.com/book/show/215515923-one-more-life-to-live,https://i.gr-assets.com/images/S/compressed.photo.goodreads.com/books/1719509116i/215515923._SY75_.jpg,4.36,1498,4.093126236195922,4116,47,"4,25 a 4,5",Baixa
2092,34992959,"Defy Me (Shatter Me, #5)",Tahereh Mafi,https://www.goodreads.com/book/show/34992959-defy-me,https://i.gr-assets.com/images/S/compressed.photo.goodreads.com/books/1548349704i/34992959._SX50_.jpg,4.27,398297,4.181865135415838,4115,48,"4,25 a 4,5",Muito alta
2093,712731,"The Door Within (The Door Within, #1)",Wayne Thomas Batson,https://www.goodreads.com/book/show/712731.The_Door_Within,https://i.gr-assets.com/images/S/compressed.photo.goodreads.com/books/1380856708i/712731._SY75_.jpg,3.96,8953,4.089147431680452,4114,45,"3,5 a 4,0",Baixa
2094,60815798,"Dark Horse (Class 5, #1)",Michelle Diener,https://www.goodreads.com/book/show/60815798-dark-horse,https://i.gr-assets.com/images/S/compressed.photo.goodreads.com/books/1650009305i/60815798._SY75_.jpg,4.08,9431,4.091818982584156,4113,43,"4,0 a 4,25",Baixa
2095,35662096,"Polaris Rising (Consortium Rebellion, #1)",Jessie Mihalik,https://www.goodreads.com/book/show/35662096-polaris-rising,https://i.gr-assets.com/images/S/compressed.photo.goodreads.com/books/1531765966i/35662096._SY75_.jpg,3.92,15894,4.085382646952913,4112,43,"3,5 a 4,0",Baixa
2096,13089710,"The Kill Order (The Maze Runner, #4)",James Dashner,https://www.goodreads.com/book/show/13089710-the-kill-order,https://i.gr-assets.com/images/S/compressed.photo.goodreads.com/books/1330636153i/13089710._SY75_.jpg,3.71,268392,3.9365954414310522,4111,55,"3,5 a 4,0",Alta
2096,199213604,"Crowns of Ice (Fae of Snow & Ice, #4)",Krista Street,https://www.goodreads.com/book/show/199213604-crowns-of-ice,https://i.gr-assets.com/images/S/compressed.photo.goodreads.com/books/1704828975i/199213604._SY75_.jpg,4.18,21186,4.0966208926574845,4111,43,"4,0 a 4,25",Baixa
2098,65149849,"Diplomats & Admirals: From Failed Negotiations and Tragic Misjudgments to Powerful Leaders and Heroic Deeds, the Untold Story of the Pacific War from Pearl Harbor to Midway",Dale A. Jenkins,https://www.goodreads.com/book/show/65149849-diplomats-admirals,https://i.gr-assets.com/images/S/compressed.photo.goodreads.com/books/1670729585i/65149849._SX50_.jpg,4.3,5471,4.094972223418507,4110,44,"4,25 a 4,5",Baixa
2099,207567752,The Vietnam War: A Military History,Geoffrey Wawro,https://www.goodreads.com/book/show/207567752-the-vietnam-war,https://i.gr-assets.com/images/S/compressed.photo.goodreads.com/books/1707680032i/207567752._SY75_.jpg,4.35,673,4.092547043641574,4107,44,"4,25 a 4,5",Baixa
2100,241751744,"O'SHAUGHNESSY INVESTIGATIONS, INC.: Leave Murder to the Professionals (O'Shaughnessy Investigations Inc. Mystery Series Book 3)",A.G. Russo,https://www.goodreads.com/book/show/241751744-o-shaughnessy-investigations-inc,https://i.gr-assets.com/images/S/compressed.photo.goodreads.com/books/1758136267i/241751744._SY75_.jpg,4.39,1597,4.093315527548989,4099,48,"4,25 a 4,5",Baixa
2101,113310,"The Eight (The Eight, #1)",Katherine Neville,https://www.goodreads.com/book/show/113310.The_Eight,https://i.gr-assets.com/images/S/compressed.photo.goodreads.com/books/1388263286i/113310._SY75_.jpg,3.93,47453,4.074562998624393,4090,52,"3,5 a 4,0",Baixa
2102,17849112,"World After (Penryn & the End of Days, #2)",Susan Ee,https://www.goodreads.com/book/show/17849112-world-after,https://i.gr-assets.com/images/S/compressed.photo.goodreads.com/books/1423238855i/17849112._SX50_.jpg,4.13,109205,4.100376137833228,4083,50,"4,0 a 4,25",Média
2103,7742,"Ahab's Wife, or The Star-Gazer",Sena Jeter Naslund,https://www.goodreads.com/book/show/7742.Ahab_s_Wife_or_The_Star_Gazer,https://i.gr-assets.com/images/S/compressed.photo.goodreads.com/books/1442524251i/7742._SY75_.jpg,4.04,45601,4.086662979155872,4077,53,"4,0 a 4,25",Baixa
2104,13542496,"The Anatomist's Wife (Lady Darby Mystery, #1)",Anna Lee Huber,https://www.goodreads.com/book/show/13542496-the-anatomist-s-wife,https://i.gr-assets.com/images/S/compressed.photo.goodreads.com/books/1346546224i/13542496._SY75_.jpg,3.96,20329,4.085576341829526,4074,45,"3,5 a 4,0",Baixa
2105,32585,Hunger,Knut Hamsun,https://www.goodreads.com/book/show/32585.Hunger,https://i.gr-assets.com/images/S/compressed.photo.goodreads.com/books/1456243307i/32585._SY75_.jpg,4.03,68455,4.082852642907543,4073,53,"4,0 a 4,25",Média
2106,22242097,Honor and Polygamy,Omar Farhad,https://www.goodreads.com/book/show/22242097-honor-and-polygamy,https://i.gr-assets.com/images/S/compressed.photo.goodreads.com/books/1400872547i/22242097._SX50_.jpg,4.25,167,4.092171396252119,4071,43,"4,0 a 4,25",Baixa
2107,30816428,Sugar Daddies,Jade  West,https://www.goodreads.com/book/show/30816428-sugar-daddies,https://i.gr-assets.com/images/S/compressed.photo.goodreads.com/books/1467282094i/30816428._SY75_.jpg,3.79,50788,4.057380435701778,4069,42,"3,5 a 4,0",Média
2108,18966806,"Morning Star (Red Rising Saga, #3)",Pierce Brown,https://www.goodreads.com/book/show/18966806-morning-star,https://i.gr-assets.com/images/S/compressed.photo.goodreads.com/books/1461354277i/18966806._SY75_.jpg,4.55,492318,4.3472893768504886,4066,45,"Acima de 4,5",Muito alta
2108,55029958,"Riley Thorn and the Dead Guy Next Door (Riley Thorn, #1)",Lucy Score,https://www.goodreads.com/book/show/55029958-riley-thorn-and-the-dead-guy-next-door,https://i.gr-assets.com/images/S/compressed.photo.goodreads.com/books/1597864238i/55029958._SY75_.jpg,4.12,70861,4.096383194197104,4066,43,"4,0 a 4,25",Média
2110,3690,The Power and the Glory,Graham Greene,https://www.goodreads.com/book/show/3690.The_Power_and_the_Glory,https://i.gr-assets.com/images/S/compressed.photo.goodreads.com/books/1753926497i/3690._SY75_.jpg,3.99,45586,4.081444812086104,4064,60,"3,5 a 4,0",Baixa
2110,252431154,Murder at Tutley Brewery: A Jack Ludefance Novel,Behcet Kaya,https://www.goodreads.com/book/show/252431154-murder-at-tutley-brewery,https://i.gr-assets.com/images/S/compressed.photo.goodreads.com/books/1779202528i/252431154._SY75_.jpg,4.37,1783,4.0933652224161685,4064,48,"4,25 a 4,5",Baixa
2112,3558003,"Lord of Misrule (The Morganville Vampires, #5)",Rachel Caine,https://www.goodreads.com/book/show/3558003-lord-of-misrule,https://i.gr-assets.com/images/S/compressed.photo.goodreads.com/books/1388214471i/3558003._SY75_.jpg,4.15,49190,4.098572529285672,4062,59,"4,0 a 4,25",Baixa
2113,40291564,"Storm and Fury (The Harbinger, #1)",Jennifer L. Armentrout,https://www.goodreads.com/book/show/40291564-storm-and-fury,https://i.gr-assets.com/images/S/compressed.photo.goodreads.com/books/1540397329i/40291564._SY75_.jpg,4.03,74426,4.082174708310889,4061,43,"4,0 a 4,25",Média
2114,28251,"The High Lord (The Black Magician Trilogy, #3)",Trudi Canavan,https://www.goodreads.com/book/show/28251.The_High_Lord,https://i.gr-assets.com/images/S/compressed.photo.goodreads.com/books/1327357942i/28251._SY75_.jpg,4.14,64914,4.098922326184677,4054,51,"4,0 a 4,25",Média
2115,61767292,"Icebreaker (Maple Hills, #1)",Hannah  Grace,https://www.goodreads.com/book/show/61767292-icebreaker,https://i.gr-assets.com/images/S/compressed.photo.goodreads.com/books/1659045816i/61767292._SY75_.jpg,3.72,1393163,3.8015598829464863,4052,46,"3,5 a 4,0",Muito alta
2116,10923383,Little Owl's Night,Divya Srinivasan,https://www.goodreads.com/book/show/10923383-little-owl-s-night,https://i.gr-assets.com/images/S/compressed.photo.goodreads.com/books/1311705004i/10923383._SX50_.jpg,4.07,4602,4.091846918770151,4049,42,"4,0 a 4,25",Baixa
2117,565319,Fire in the Lake: The Vietnamese and the Americans in Vietnam,Frances FitzGerald,https://www.goodreads.com/book/show/565319.Fire_in_the_Lake,https://i.gr-assets.com/images/S/compressed.photo.goodreads.com/books/1344264389i/565319._SX50_.jpg,4.1,2824,4.092160608365346,4044,43,"4,0 a 4,25",Baixa
2118,32071,Sons and Lovers,D.H. Lawrence,https://www.goodreads.com/book/show/32071.Sons_and_Lovers,https://i.gr-assets.com/images/S/compressed.photo.goodreads.com/books/1386924291i/32071._SY75_.jpg,3.64,56676,4.034877735283723,4042,64,"3,5 a 4,0",Média
2119,27071490,Homegoing,Yaa Gyasi,https://www.goodreads.com/book/show/27071490-homegoing,https://i.gr-assets.com/images/S/compressed.photo.goodreads.com/books/1448108591i/27071490._SY75_.jpg,4.47,428130,4.289597275668075,4039,45,"4,25 a 4,5",Muito alta
2120,18796,In Search of Lost Time,Marcel Proust,https://www.goodreads.com/book/show/18796.In_Search_of_Lost_Time,https://i.gr-assets.com/images/S/compressed.photo.goodreads.com/books/1657567516i/18796._SX50_.jpg,4.34,14564,4.101004293530238,4035,47,"4,25 a 4,5",Baixa
2121,8428064,"Demonglass (Hex Hall, #2)",Rachel Hawkins,https://www.goodreads.com/book/show/8428064-demonglass,https://i.gr-assets.com/images/S/compressed.photo.goodreads.com/books/1287692542i/8428064._SY75_.jpg,4.08,94744,4.089743516356465,4034,54,"4,0 a 4,25",Média
2122,16130549,"Doctor Sleep (The Shining, #2)",Stephen  King,https://www.goodreads.com/book/show/16130549-doctor-sleep,https://i.gr-assets.com/images/S/compressed.photo.goodreads.com/books/1510335480i/16130549._SY75_.jpg,4.13,308024,4.108800893425484,4032,55,"4,0 a 4,25",Alta
2123,9961796,"Lola and the Boy Next Door (Anna and the French Kiss, #2)",Stephanie Perkins,https://www.goodreads.com/book/show/9961796-lola-and-the-boy-next-door,https://i.gr-assets.com/images/S/compressed.photo.goodreads.com/books/1358271832i/9961796._SY75_.jpg,3.89,167289,4.031553126576073,4031,48,"3,5 a 4,0",Alta
2124,13259987,Creepy Carrots!,Aaron Reynolds,https://www.goodreads.com/book/show/13259987-creepy-carrots,https://i.gr-assets.com/images/S/compressed.photo.goodreads.com/books/1424982083i/13259987._SX50_.jpg,4.23,18966,4.098482139897463,4030,42,"4,0 a 4,25",Baixa
2125,210434495,Whisk Of Dust: Too Unseen Distance,Sherman Kennon,https://www.goodreads.com/book/show/210434495-whisk-of-dust,https://i.gr-assets.com/images/S/compressed.photo.goodreads.com/books/1711548405i/210434495._SY75_.jpg,4.33,1449,4.0929821787979135,4029,45,"4,25 a 4,5",Baixa
2126,2479827,"Eragon, Eldest & Brisingr (Inheritance, #1-3)",Christopher Paolini,https://www.goodreads.com/book/show/2479827.Eragon_Eldest_Brisingr,https://i.gr-assets.com/images/S/compressed.photo.goodreads.com/books/1348466270i/2479827._SX50_.jpg,4.27,37616,4.1077134860434565,4026,63,"4,25 a 4,5",Baixa
2127,6479550,"Magic Bleeds (Kate Daniels, #4)",Ilona Andrews,https://www.goodreads.com/book/show/6479550-magic-bleeds,https://i.gr-assets.com/images/S/compressed.photo.goodreads.com/books/1407110429i/6479550._SY75_.jpg,4.43,91731,4.156301977733557,4023,51,"4,25 a 4,5",Média
2128,210554994,"Never Fall for a Dragon (Mate Mountain, #1)",Lola Glass,https://www.goodreads.com/book/show/210554994-never-fall-for-a-dragon,https://i.gr-assets.com/images/S/compressed.photo.goodreads.com/books/1711819234i/210554994._SY75_.jpg,3.87,9684,4.086737122958044,4022,43,"3,5 a 4,0",Baixa
2129,53499615,"The Asset (Lance Spector, #1)",Saul Herzog,https://www.goodreads.com/book/show/53499615-the-asset,https://i.gr-assets.com/images/S/compressed.photo.goodreads.com/books/1757797769i/53499615._SY75_.jpg,4.3,13678,4.099129423139092,4020,42,"4,25 a 4,5",Baixa
2130,36642458,"Skyward (Skyward, #1)",Brandon Sanderson,https://www.goodreads.com/book/show/36642458-skyward,https://i.gr-assets.com/images/S/compressed.photo.goodreads.com/books/1531845177i/36642458._SY75_.jpg,4.46,173975,4.2053754897600815,4019,44,"4,25 a 4,5",Alta
2131,10585,Insomnia,Stephen  King,https://www.goodreads.com/book/show/10585.Insomnia,https://i.gr-assets.com/images/S/compressed.photo.goodreads.com/books/1678392358i/10585._SY75_.jpg,3.83,172443,4.011897974837796,4012,61,"3,5 a 4,0",Alta
2132,19534,The Brothers K,David James Duncan,https://www.goodreads.com/book/show/19534.The_Brothers_K,https://i.gr-assets.com/images/S/compressed.photo.goodreads.com/books/1403176622i/19534._SY75_.jpg,4.39,17435,4.104817871521478,4010,49,"4,25 a 4,5",Baixa
2133,32418,"Hannibal (Hannibal Lecter, #3)",Thomas  Harris,https://www.goodreads.com/book/show/32418.Hannibal,https://i.gr-assets.com/images/S/compressed.photo.goodreads.com/books/1630687696i/32418._SY75_.jpg,3.82,120793,4.027892349232599,4004,54,"3,5 a 4,0",Média
2133,35516557,Why Socialism Works,Harrison Lievesley,https://www.goodreads.com/book/show/35516557-why-socialism-works,https://i.gr-assets.com/images/S/compressed.photo.goodreads.com/books/1498439749i/35516557._SY75_.jpg,4.21,686,4.092310440837565,4004,43,"4,0 a 4,25",Baixa
2135,25690957,"Off the Grid (Joe Pickett, #16)",C.J. Box,https://www.goodreads.com/book/show/25690957-off-the-grid,https://i.gr-assets.com/images/S/compressed.photo.goodreads.com/books/1434990356i/25690957._SY75_.jpg,4.31,25848,4.1056127249512055,4003,43,"4,25 a 4,5",Baixa
2136,6431790,"Fang (Maximum Ride, #6)",James  Patterson,https://www.goodreads.com/book/show/6431790-fang,https://i.gr-assets.com/images/S/compressed.photo.goodreads.com/books/1344269411i/6431790._SY75_.jpg,4.05,64424,4.086149049813422,4002,56,"4,0 a 4,25",Média
2137,16101018,The Day the Crayons Quit,Drew Daywalt,https://www.goodreads.com/book/show/16101018-the-day-the-crayons-quit,https://i.gr-assets.com/images/S/compressed.photo.goodreads.com/books/1397425766i/16101018._SX50_.jpg,4.42,60858,4.136258423067285,4001,42,"4,25 a 4,5",Média
2138,43369,God Is Not Great: How Religion Poisons Everything,Christopher Hitchens,https://www.goodreads.com/book/show/43369.God_Is_Not_Great,https://i.gr-assets.com/images/S/compressed.photo.goodreads.com/books/1411218313i/43369._SY75_.jpg,3.96,114764,4.062132781644961,4000,54,"3,5 a 4,0",Média
2138,218109942,Wraith (The Convergence War #1),M.R. Forbes,https://www.goodreads.com/book/show/218109942-wraith,https://i.gr-assets.com/images/S/compressed.photo.goodreads.com/books/1724713755i/218109942._SX50_.jpg,4.23,3784,4.093425461244641,4000,42,"4,0 a 4,25",Baixa
2140,53968496,"The Prison Healer (The Prison Healer, #1)",Lynette Noni,https://www.goodreads.com/book/show/53968496-the-prison-healer,https://i.gr-assets.com/images/S/compressed.photo.goodreads.com/books/1593147576i/53968496._SY75_.jpg,4.16,227164,4.117051283327517,3999,44,"4,0 a 4,25",Alta
2141,51476294,Adhaata Asao's Liege,Afroz  Alam,https://www.goodreads.com/book/show/51476294-adhaata-asao-s-liege,https://i.gr-assets.com/images/S/compressed.photo.goodreads.com/books/1582107993i/51476294._SY75_.jpg,4.58,187,4.092337181886317,3998,40,"Acima de 4,5",Baixa
2142,63033,The Savage Detectives,Roberto Bolaño,https://www.goodreads.com/book/show/63033.The_Savage_Detectives,https://i.gr-assets.com/images/S/compressed.photo.goodreads.com/books/1342651149i/63033._SX50_.jpg,4.18,56198,4.103147626391819,3996,46,"4,0 a 4,25",Média
2143,1829709,"The Final Warning (Maximum Ride, #4)",James  Patterson,https://www.goodreads.com/book/show/1829709.The_Final_Warning,https://i.gr-assets.com/images/S/compressed.photo.goodreads.com/books/1440631506i/1829709._SY75_.jpg,3.85,74782,4.053240576538905,3990,57,"3,5 a 4,0",Média
2143,318525,Red Storm Rising,Tom Clancy,https://www.goodreads.com/book/show/318525.Red_Storm_Rising,https://i.gr-assets.com/images/S/compressed.photo.goodreads.com/books/1173729031i/318525._SY75_.jpg,4.21,86047,4.1133658048562465,3990,54,"4,0 a 4,25",Média
2145,58480569,Dear Barack: The Extraordinary Partnership of Barack Obama and Angela Merkel,Claudia   Clark,https://www.goodreads.com/book/show/58480569-dear-barack,https://i.gr-assets.com/images/S/compressed.photo.goodreads.com/books/1634401413i/58480569._SX50_.jpg,4.27,5812,4.094709065353298,3986,43,"4,25 a 4,5",Baixa
2146,752900,Medea,Euripides,https://www.goodreads.com/book/show/752900.Medea,https://i.gr-assets.com/images/S/compressed.photo.goodreads.com/books/1328868366i/752900._SY75_.jpg,3.96,90917,4.067185835199438,3985,71,"3,5 a 4,0",Média
2147,43330,Master of the Game,Sidney Sheldon,https://www.goodreads.com/book/show/43330.Master_of_the_Game,https://i.gr-assets.com/images/S/compressed.photo.goodreads.com/books/1170095440i/43330._SY75_.jpg,4.15,61387,4.099958839935001,3982,51,"4,0 a 4,25",Média
2148,122975438,Finding Their Omega (Knot Her Pack #1),Sadie Moss,https://www.goodreads.com/book/show/122975438-finding-their-omega,https://i.gr-assets.com/images/S/compressed.photo.goodreads.com/books/1680027798i/122975438._SX50_.jpg,3.89,8229,4.087939028280676,3976,42,"3,5 a 4,0",Baixa
2149,38500,Women,Charles Bukowski,https://www.goodreads.com/book/show/38500.Women,https://i.gr-assets.com/images/S/compressed.photo.goodreads.com/books/1325028693i/38500._SY75_.jpg,3.79,88713,4.036245514657079,3972,51,"3,5 a 4,0",Média
2149,54860443,One Last Stop,Casey McQuiston,https://www.goodreads.com/book/show/54860443-one-last-stop,https://i.gr-assets.com/images/S/compressed.photo.goodreads.com/books/1598019346i/54860443._SY75_.jpg,3.88,297876,4.000399127228233,3972,44,"3,5 a 4,0",Alta
2151,9572203,"The Snowman (Harry Hole, #7)",Jo Nesbø,https://www.goodreads.com/book/show/9572203-the-snowman,https://i.gr-assets.com/images/S/compressed.photo.goodreads.com/books/1355881478i/9572203._SY75_.jpg,4.03,156396,4.0743629412536695,3971,49,"4,0 a 4,25",Alta
2152,210384823,Shroud,Adrian Tchaikovsky,https://www.goodreads.com/book/show/210384823-shroud,https://i.gr-assets.com/images/S/compressed.photo.goodreads.com/books/1745049244i/210384823._SY75_.jpg,4.14,15907,4.093976001484075,3970,43,"4,0 a 4,25",Baixa
2153,420404,Yertle the Turtle and Other Stories,Dr. Seuss,https://www.goodreads.com/book/show/420404.Yertle_the_Turtle_and_Other_Stories,https://i.gr-assets.com/images/S/compressed.photo.goodreads.com/books/1347434226i/420404._SX50_.jpg,4.15,36375,4.097030748558184,3968,66,"4,0 a 4,25",Baixa
2154,59784480,"The Cheat Code (Wisdom Revolution, #3)",Misba,https://www.goodreads.com/book/show/59784480-the-cheat-code,https://i.gr-assets.com/images/S/compressed.photo.goodreads.com/books/1681868597i/59784480._SY75_.jpg,4.72,3446,4.097588367323635,3959,42,"Acima de 4,5",Baixa
2155,10032672,The Language of Flowers,Vanessa Diffenbaugh,https://www.goodreads.com/book/show/10032672-the-language-of-flowers,https://i.gr-assets.com/images/S/compressed.photo.goodreads.com/books/1333577674i/10032672._SX50_.jpg,4.1,236685,4.095081009752444,3956,49,"4,0 a 4,25",Alta
2156,58340705,"The Blighted Stars (The Devoured Worlds, #1)",Megan E. O'Keefe,https://www.goodreads.com/book/show/58340705-the-blighted-stars,https://i.gr-assets.com/images/S/compressed.photo.goodreads.com/books/1673687244i/58340705._SY75_.jpg,4.07,10249,4.091539516813792,3955,43,"4,0 a 4,25",Baixa
2157,18334354,"Quantum Roots (Quantum Roots, #1)",Kyle Keyes,https://www.goodreads.com/book/show/18334354-quantum-roots,https://i.gr-assets.com/images/S/compressed.photo.goodreads.com/books/1376602412i/18334354._SY75_.jpg,4.27,3157,4.093528565942759,3954,43,"4,25 a 4,5",Baixa
2157,181350367,"How to Solve Your Own Murder (Castle Knoll Files, #1)",Kristen Perrin,https://www.goodreads.com/book/show/181350367-how-to-solve-your-own-murder,https://i.gr-assets.com/images/S/compressed.photo.goodreads.com/books/1693336762i/181350367._SY75_.jpg,3.79,139021,4.012876191029364,3954,42,"3,5 a 4,0",Média
2159,57747930,Never,Ken Follett,https://www.goodreads.com/book/show/57747930-never,https://i.gr-assets.com/images/S/compressed.photo.goodreads.com/books/1618507557i/57747930._SY75_.jpg,4.09,76354,4.091760318200562,3953,42,"4,0 a 4,25",Média
2160,13033,"The Alexandria Quartet  (The Alexandria Quartet, #1-4)",Lawrence Durrell,https://www.goodreads.com/book/show/13033.The_Alexandria_Quartet,https://i.gr-assets.com/images/S/compressed.photo.goodreads.com/books/1778005671i/13033._SY75_.jpg,4.18,12344,4.094793443877699,3951,53,"4,0 a 4,25",Baixa
2161,106085,"Masquerade (Blue Bloods, #2)",Melissa de la Cruz,https://www.goodreads.com/book/show/106085.Masquerade,https://i.gr-assets.com/images/S/compressed.photo.goodreads.com/books/1322287499i/106085._SY75_.jpg,3.91,92520,4.057264802418111,3950,58,"3,5 a 4,0",Média
2162,50576230,"The Marlow Murder Club (Marlow Murder Club, #1)",Robert Thorogood,https://www.goodreads.com/book/show/50576230-the-marlow-murder-club,https://i.gr-assets.com/images/S/compressed.photo.goodreads.com/books/1610404095i/50576230._SX50_.jpg,3.79,88134,4.036543035033875,3949,42,"3,5 a 4,0",Média
2163,195791479,The Stardust Grail,Yume Kitasei,https://www.goodreads.com/book/show/195791479-the-stardust-grail,https://i.gr-assets.com/images/S/compressed.photo.goodreads.com/books/1698507161i/195791479._SY75_.jpg,3.65,11591,4.07937793351036,3948,43,"3,5 a 4,0",Baixa
2164,40727470,"Stalking Jack the Ripper (Stalking Jack the Ripper, #1)",Kerri Maniscalco,https://www.goodreads.com/book/show/40727470-stalking-jack-the-ripper,https://i.gr-assets.com/images/S/compressed.photo.goodreads.com/books/1530823449i/40727470._SY75_.jpg,3.92,187019,4.036427245294605,3947,46,"3,5 a 4,0",Alta
2165,220195781,"The Folded Sky (White Space, #3)",Elizabeth Bear,https://www.goodreads.com/book/show/220195781-the-folded-sky,https://i.gr-assets.com/images/S/compressed.photo.goodreads.com/books/1728328105i/220195781._SY75_.jpg,4.11,1466,4.092170834169433,3945,43,"4,0 a 4,25",Baixa
2166,3265305,"Bruno, Chief of Police (Bruno, Chief of Police, #1)",Martin  Walker,https://www.goodreads.com/book/show/3265305-bruno-chief-of-police,https://i.gr-assets.com/images/S/compressed.photo.goodreads.com/books/1410941802i/3265305._SY75_.jpg,3.88,26148,4.078811302907578,3943,42,"3,5 a 4,0",Baixa
2167,127586,"The White Dragon (The Dragonriders of Pern, #3)",Anne McCaffrey,https://www.goodreads.com/book/show/127586.The_White_Dragon,https://i.gr-assets.com/images/S/compressed.photo.goodreads.com/books/1307994871i/127586._SY75_.jpg,4.2,51549,4.104669650871863,3941,52,"4,0 a 4,25",Média
2168,822989,"My Story: ""A Child Called It"", ""The Lost Boy"", ""A Man Named Dave""",Dave Pelzer,https://www.goodreads.com/book/show/822989.My_Story,https://i.gr-assets.com/images/S/compressed.photo.goodreads.com/books/1408928892i/822989._SY75_.jpg,4.25,15555,4.0981439811870946,3929,59,"4,0 a 4,25",Baixa
2168,8537327,Inside Out & Back Again,Thanhhà Lại,https://www.goodreads.com/book/show/8537327-inside-out-back-again,https://i.gr-assets.com/images/S/compressed.photo.goodreads.com/books/1357771743i/8537327._SY75_.jpg,4.12,68790,4.096276837346146,3929,43,"4,0 a 4,25",Média
2170,48499436,"The Lady of the Tower (The Lydiard Chronicles, #1)",Elizabeth St. John,https://www.goodreads.com/book/show/48499436-the-lady-of-the-tower,https://i.gr-assets.com/images/S/compressed.photo.goodreads.com/books/1571403571i/48499436._SY75_.jpg,4.2,1956,4.092640958887432,3925,41,"4,0 a 4,25",Baixa
2171,37969723,"The Silence of the Girls (Women of Troy, #1)",Pat Barker,https://www.goodreads.com/book/show/37969723-the-silence-of-the-girls,https://i.gr-assets.com/images/S/compressed.photo.goodreads.com/books/1519448688i/37969723._SY75_.jpg,3.89,121392,4.044230608160141,3924,41,"3,5 a 4,0",Média
2172,65213781,Exordia,Seth Dickinson,https://www.goodreads.com/book/show/65213781-exordia,https://i.gr-assets.com/images/S/compressed.photo.goodreads.com/books/1675695169i/65213781._SY75_.jpg,3.73,2851,4.0894833467929415,3922,43,"3,5 a 4,0",Baixa
2173,204593674,To Overthrow the World: The Rise and Fall and Rise of Communism,Sean McMeekin,https://www.goodreads.com/book/show/204593674-to-overthrow-the-world,https://i.gr-assets.com/images/S/compressed.photo.goodreads.com/books/1705350188i/204593674._SY75_.jpg,4.17,879,4.092278687793836,3921,42,"4,0 a 4,25",Baixa
2174,5310515,When You Reach Me,Rebecca Stead,https://www.goodreads.com/book/show/5310515-when-you-reach-me,https://i.gr-assets.com/images/S/compressed.photo.goodreads.com/books/1441759322i/5310515._SY75_.jpg,4.08,118713,4.089285404926993,3916,46,"4,0 a 4,25",Média
2175,60041932,"My Roommate Is a Vampire (My Vampires, #1)",Jenna Levine,https://www.goodreads.com/book/show/60041932-my-roommate-is-a-vampire,https://i.gr-assets.com/images/S/compressed.photo.goodreads.com/books/1665612756i/60041932._SY75_.jpg,3.45,116547,3.9446824004361463,3915,42,"Até 3,5",Média
2176,36195241,"The Painter's Apprentice (Venetian Artisans, #1)",Laura Morelli,https://www.goodreads.com/book/show/36195241-the-painter-s-apprentice,https://i.gr-assets.com/images/S/compressed.photo.goodreads.com/books/1504760629i/36195241._SX50_.jpg,4.04,1139,4.091952690801521,3914,41,"4,0 a 4,25",Baixa
2177,119829,The Sunne in Splendour,Sharon Kay Penman,https://www.goodreads.com/book/show/119829.The_Sunne_in_Splendour,https://i.gr-assets.com/images/S/compressed.photo.goodreads.com/books/1361649213i/119829._SY75_.jpg,4.41,23055,4.1098013185241795,3913,48,"4,25 a 4,5",Baixa
2178,8659601,"The Power of Six (Lorien Legacies, #2)",Pittacus Lore,https://www.goodreads.com/book/show/8659601-the-power-of-six,https://i.gr-assets.com/images/S/compressed.photo.goodreads.com/books/1345067406i/8659601._SY75_.jpg,4.14,144214,4.105007682959715,3911,54,"4,0 a 4,25",Média
2178,8492319,"Lover Unleashed (Black Dagger Brotherhood, #9)",J.R. Ward,https://www.goodreads.com/book/show/8492319-lover-unleashed,https://i.gr-assets.com/images/S/compressed.photo.goodreads.com/books/1289343390i/8492319._SY75_.jpg,4.28,98668,4.129958762320476,3911,58,"4,25 a 4,5",Média
2178,55573785,The Turnout,Megan Abbott,https://www.goodreads.com/book/show/55573785-the-turnout,https://i.gr-assets.com/images/S/compressed.photo.goodreads.com/books/1606063004i/55573785._SY75_.jpg,3.11,24656,4.033858592962974,3911,41,"Até 3,5",Baixa
2181,210137100,Your Story Has a Villain: Identify Spiritual Warfare and Learn How to Defeat the Enemy,"Jonathan ""JP"" Pokluda",https://www.goodreads.com/book/show/210137100-your-story-has-a-villain,https://i.gr-assets.com/images/S/compressed.photo.goodreads.com/books/1718918009i/210137100._SY75_.jpg,4.55,4754,4.097603359477661,3909,41,"Acima de 4,5",Baixa
2182,169369654,"The Alaska Job (Case Lee, #12)",Vince Milam,https://www.goodreads.com/book/show/169369654-the-alaska-job,https://i.gr-assets.com/images/S/compressed.photo.goodreads.com/books/1685578342i/169369654._SY75_.jpg,4.5,1926,4.094102967437582,3902,41,"4,25 a 4,5",Baixa
2183,245469960,Mr Darcy - Through the Looking Glass,D.B.   Thomas,https://www.goodreads.com/book/show/245469960-mr-darcy---through-the-looking-glass,https://i.gr-assets.com/images/S/compressed.photo.goodreads.com/books/1766072902i/245469960._SX50_.jpg,4.67,125,4.092288652193891,3900,39,"Acima de 4,5",Baixa
2184,544257,"Midnight Alley (The Morganville Vampires, #3)",Rachel Caine,https://www.goodreads.com/book/show/544257.Midnight_Alley,https://i.gr-assets.com/images/S/compressed.photo.goodreads.com/books/1388182869i/544257._SY75_.jpg,4.09,62343,4.091814712833194,3899,55,"4,0 a 4,25",Média
2185,40725379,"Animal, Vegetable, Miracle: A Year of Food Life",Barbara Kingsolver,https://www.goodreads.com/book/show/40725379-animal-vegetable-miracle,https://i.gr-assets.com/images/S/compressed.photo.goodreads.com/books/1530799548i/40725379._SY75_.jpg,4.05,114398,4.082575185204125,3897,55,"4,0 a 4,25",Média
2186,33609,Katherine,Anya Seton,https://www.goodreads.com/book/show/33609.Katherine,https://i.gr-assets.com/images/S/compressed.photo.goodreads.com/books/1436406825i/33609._SY75_.jpg,4.21,36914,4.102272379271007,3894,52,"4,0 a 4,25",Baixa
2187,9418327,Bossypants,Tina Fey,https://www.goodreads.com/book/show/9418327-bossypants,https://i.gr-assets.com/images/S/compressed.photo.goodreads.com/books/1481509554i/9418327._SY75_.jpg,3.96,1073134,3.9952839850834723,3891,52,"3,5 a 4,0",Muito alta
2188,141828,L'écume des jours,Boris Vian,https://www.goodreads.com/book/show/141828.L_cume_des_jours,https://i.gr-assets.com/images/S/compressed.photo.goodreads.com/books/1332596603i/141828._SY75_.jpg,3.91,44670,4.073436021390669,3887,47,"3,5 a 4,0",Baixa
2189,457264,The Second Sex,Simone de Beauvoir,https://www.goodreads.com/book/show/457264.The_Second_Sex,https://i.gr-assets.com/images/S/compressed.photo.goodreads.com/books/1327978178i/457264._SY75_.jpg,4.19,49201,4.1030437700358915,3886,52,"4,0 a 4,25",Baixa
2190,1108378,What Is to Be Done?,Vladimir Lenin,https://www.goodreads.com/book/show/1108378.What_Is_to_Be_Done_,https://i.gr-assets.com/images/S/compressed.photo.goodreads.com/books/1740106083i/1108378._SY75_.jpg,4.12,6013,4.09252641573432,3884,42,"4,0 a 4,25",Baixa
2191,781787,Out of Africa,Isak Dinesen,https://www.goodreads.com/book/show/781787.Out_of_Africa,https://i.gr-assets.com/images/S/compressed.photo.goodreads.com/books/1750989139i/781787._SX50_.jpg,3.91,49609,4.071604323445236,3878,65,"3,5 a 4,0",Baixa
2191,22574570,Unoffendable: How Just One Change Can Make All of Life Better,Brant Hansen,https://www.goodreads.com/book/show/22574570-unoffendable,https://i.gr-assets.com/images/S/compressed.photo.goodreads.com/books/1404480742i/22574570._SY75_.jpg,4.44,14315,4.104388616303945,3878,41,"4,25 a 4,5",Baixa
2193,12294652,My Life Next Door,Huntley Fitzpatrick,https://www.goodreads.com/book/show/12294652-my-life-next-door,https://i.gr-assets.com/images/S/compressed.photo.goodreads.com/books/1394240144i/12294652._SY75_.jpg,3.96,156512,4.054346266268135,3877,49,"3,5 a 4,0",Alta
2194,16102004,"Beautiful Bastard (Beautiful Bastard, #1)",Christina Lauren,https://www.goodreads.com/book/show/16102004-beautiful-bastard,https://i.gr-assets.com/images/S/compressed.photo.goodreads.com/books/1362258921i/16102004._SY75_.jpg,3.88,228735,4.013829757307716,3873,48,"3,5 a 4,0",Alta
2195,6342491,"The Demon King (Seven Realms, #1)",Cinda Williams Chima,https://www.goodreads.com/book/show/6342491-the-demon-king,https://i.gr-assets.com/images/S/compressed.photo.goodreads.com/books/1379482652i/6342491._SY75_.jpg,4.15,81593,4.102098014535396,3870,49,"4,0 a 4,25",Média
2196,210263630,"The Somerset Slayings (DI Haig Crime Thrillers, #1)",David J. Gatward,https://www.goodreads.com/book/show/210263630-the-somerset-slayings,https://i.gr-assets.com/images/S/compressed.photo.goodreads.com/books/1727720171i/210263630._SY75_.jpg,4.32,4197,4.0945237656255635,3869,41,"4,25 a 4,5",Baixa
2197,132786605,Chickenhawk,Robert Mason,https://www.goodreads.com/book/show/132786605-chickenhawk,https://i.gr-assets.com/images/S/compressed.photo.goodreads.com/nophoto/book/111x148._SX50_.png,4.28,16071,4.0995205875892715,3866,42,"4,25 a 4,5",Baixa
2198,17802724,The Husband's Secret,Liane Moriarty,https://www.goodreads.com/book/show/17802724-the-husband-s-secret,https://i.gr-assets.com/images/S/compressed.photo.goodreads.com/books/1460577225i/17802724._SY75_.jpg,3.94,741558,3.992518904547456,3863,49,"3,5 a 4,0",Muito alta
2198,16429619,"The Kiss of Deception (The Remnant Chronicles, #1)",Mary E. Pearson,https://www.goodreads.com/book/show/16429619-the-kiss-of-deception,https://i.gr-assets.com/images/S/compressed.photo.goodreads.com/books/1389804901i/16429619._SX50_.jpg,3.91,172206,4.036431819846642,3863,46,"3,5 a 4,0",Alta
2198,54303987,The Drowning Kind,Jennifer  McMahon,https://www.goodreads.com/book/show/54303987-the-drowning-kind,https://i.gr-assets.com/images/S/compressed.photo.goodreads.com/books/1615933931i/54303987._SY75_.jpg,3.81,32189,4.070650433672617,3863,41,"3,5 a 4,0",Baixa
2201,3273,"Moloka'i (Moloka'i, #1)",Alan Brennert,https://www.goodreads.com/book/show/3273.Moloka_i,https://i.gr-assets.com/images/S/compressed.photo.goodreads.com/books/1441920261i/3273._SX50_.jpg,4.2,143654,4.121089757862192,3860,51,"4,0 a 4,25",Média
2202,35642518,For the Love of Armin,Michael G. Kramer,https://www.goodreads.com/book/show/35642518-for-the-love-of-armin,https://i.gr-assets.com/images/S/compressed.photo.goodreads.com/books/1499685145i/35642518._SY75_.jpg,4.3,1138,4.092707198210182,3859,42,"4,25 a 4,5",Baixa
2202,56754734,"Hunt the Stars (Starlight's Shadow, #1)",Jessie Mihalik,https://www.goodreads.com/book/show/56754734-hunt-the-stars,https://i.gr-assets.com/images/S/compressed.photo.goodreads.com/books/1626979714i/56754734._SX50_.jpg,4.02,12418,4.089884941150376,3859,40,"4,0 a 4,25",Baixa
2204,53381768,"Crank Palace (The Maze Runner, #3.5)",James Dashner,https://www.goodreads.com/book/show/53381768-crank-palace,https://i.gr-assets.com/images/S/compressed.photo.goodreads.com/books/1597701243i/53381768._SX50_.jpg,4.08,19452,4.09153048422568,3855,42,"4,0 a 4,25",Baixa
2205,6574102,"Heist Society (Heist Society, #1)",Ally Carter,https://www.goodreads.com/book/show/6574102-heist-society,https://i.gr-assets.com/images/S/compressed.photo.goodreads.com/books/1359254479i/6574102._SY75_.jpg,3.91,95692,4.056305167859129,3854,53,"3,5 a 4,0",Média
2206,210137397,The Man the Moment Demands: Master the 10 Characteristics of the Comprehensive Man,Jason          Wilson,https://www.goodreads.com/book/show/210137397-the-man-the-moment-demands,https://i.gr-assets.com/images/S/compressed.photo.goodreads.com/books/1710812971i/210137397._SY75_.jpg,4.18,961,4.092319456787447,3850,40,"4,0 a 4,25",Baixa
2207,111450,Quidditch Through the Ages,J.K. Rowling,https://www.goodreads.com/book/show/111450.Quidditch_Through_the_Ages,https://i.gr-assets.com/images/S/compressed.photo.goodreads.com/books/1369689506i/111450._SX50_.jpg,3.79,191328,3.9928593473192153,3849,62,"3,5 a 4,0",Alta
2208,334643,"Abhorsen (Abhorsen, #3)",Garth Nix,https://www.goodreads.com/book/show/334643.Abhorsen,https://i.gr-assets.com/images/S/compressed.photo.goodreads.com/books/1401683669i/334643._SX50_.jpg,4.25,129657,4.13141807252883,3845,51,"4,0 a 4,25",Média
2209,200125574,The Lost Letters of Aisling,Cynthia Ellingsen,https://www.goodreads.com/book/show/200125574-the-lost-letters-of-aisling,https://i.gr-assets.com/images/S/compressed.photo.goodreads.com/books/1701097624i/200125574._SX50_.jpg,4.31,24913,4.105153337996064,3844,40,"4,25 a 4,5",Baixa
2210,61198133,"The Stolen Heir (The Stolen Heir Duology, #1)",Holly Black,https://www.goodreads.com/book/show/61198133-the-stolen-heir,https://i.gr-assets.com/images/S/compressed.photo.goodreads.com/books/1654625328i/61198133._SY75_.jpg,3.92,186181,4.036596260531725,3836,42,"3,5 a 4,0",Alta
2210,202924917,The Namatjira Connection (Genevieve Lenard #16),Estelle Ryan,https://www.goodreads.com/book/show/202924917-the-namatjira-connection,https://i.gr-assets.com/images/S/compressed.photo.goodreads.com/books/1701264926i/202924917._SY75_.jpg,4.38,1125,4.092929798703869,3836,40,"4,25 a 4,5",Baixa
2212,20698530,"P.S. I Still Love You (To All the Boys I've Loved Before, #2)",Jenny Han,https://www.goodreads.com/book/show/20698530-p-s-i-still-love-you,https://i.gr-assets.com/images/S/compressed.photo.goodreads.com/books/1422881430i/20698530._SY75_.jpg,4.0,437763,4.043458253015722,3835,45,"3,5 a 4,0",Muito alta
2213,4271,About a Boy,Nick Hornby,https://www.goodreads.com/book/show/4271.About_a_Boy,https://i.gr-assets.com/images/S/compressed.photo.goodreads.com/books/1382004144i/4271._SY75_.jpg,3.8,143045,4.01387519960983,3832,60,"3,5 a 4,0",Média
2213,75593499,"Machine Vendetta (Prefect Dreyfus Emergency, #3)",Alastair Reynolds,https://www.goodreads.com/book/show/75593499-machine-vendetta,https://i.gr-assets.com/images/S/compressed.photo.goodreads.com/books/1675082567i/75593499._SY75_.jpg,4.27,4648,4.09419346306782,3832,41,"4,25 a 4,5",Baixa
2215,7603,Reading Lolita in Tehran: A Memoir in Books,Azar Nafisi,https://www.goodreads.com/book/show/7603.Reading_Lolita_in_Tehran,https://i.gr-assets.com/images/S/compressed.photo.goodreads.com/books/1397751318i/7603._SY75_.jpg,3.67,143970,3.9785254041752114,3826,54,"3,5 a 4,0",Média
2215,58510253,"The Undertaking of Hart and Mercy (Hart and Mercy, #1)",Megan Bannen,https://www.goodreads.com/book/show/58510253-the-undertaking-of-hart-and-mercy,https://i.gr-assets.com/images/S/compressed.photo.goodreads.com/books/1639888350i/58510253._SY75_.jpg,4.03,52101,4.084802976201074,3826,41,"4,0 a 4,25",Média
2215,201155269,"Descent (The Palladium Wars, #4)",Marko Kloos,https://www.goodreads.com/book/show/201155269-descent,https://i.gr-assets.com/images/S/compressed.photo.goodreads.com/books/1712005842i/201155269._SY75_.jpg,4.31,3901,4.0942560292924925,3826,40,"4,25 a 4,5",Baixa
2218,6381205,"Soulless (Parasol Protectorate, #1)",Gail Carriger,https://www.goodreads.com/book/show/6381205-soulless,https://i.gr-assets.com/images/S/compressed.photo.goodreads.com/books/1314020848i/6381205._SY75_.jpg,3.9,115081,4.048427210072669,3821,50,"3,5 a 4,0",Média
2218,825377,The Dot,Peter H. Reynolds,https://www.goodreads.com/book/show/825377.The_Dot,https://i.gr-assets.com/images/S/compressed.photo.goodreads.com/books/1363702319i/825377._SX50_.jpg,4.27,35761,4.107008209478103,3821,41,"4,25 a 4,5",Baixa
2218,62883579,"The Alpha's Fated Encounter (Fated to Royalty, #1)",Roxie Ray,https://www.goodreads.com/book/show/62883579-the-alpha-s-fated-encounter,https://i.gr-assets.com/images/S/compressed.photo.goodreads.com/books/1664931070i/62883579._SX50_.jpg,3.92,15197,4.085666373307423,3821,40,"3,5 a 4,0",Baixa
2221,6411016,Matterhorn,Karl Marlantes,https://www.goodreads.com/book/show/6411016-matterhorn,https://i.gr-assets.com/images/S/compressed.photo.goodreads.com/books/1431983015i/6411016._SY75_.jpg,4.28,49188,4.1130962426881315,3820,43,"4,25 a 4,5",Baixa
2221,50196744,Know My Name,Chanel Miller,https://www.goodreads.com/book/show/50196744-know-my-name,https://i.gr-assets.com/images/S/compressed.photo.goodreads.com/books/1567612158l/50196744._SX50_SY75_.jpg,4.67,274335,4.330356700150244,3820,42,"Acima de 4,5",Alta
2223,4836308,"The Physick Book of Deliverance Dane (The Physick Book, #1)",Katherine Howe,https://www.goodreads.com/book/show/4836308-the-physick-book-of-deliverance-dane,https://i.gr-assets.com/images/S/compressed.photo.goodreads.com/books/1442770048i/4836308._SY75_.jpg,3.73,59528,4.044267985026922,3817,44,"3,5 a 4,0",Média
2224,41742807,Archibald Finch and the Lost Witches (Archibald Finch #1),Michel Guyon,https://www.goodreads.com/book/show/41742807-archibald-finch-and-the-lost-witches,https://i.gr-assets.com/images/S/compressed.photo.goodreads.com/books/1536447799i/41742807._SY75_.jpg,4.06,618,4.092053348135526,3812,39,"4,0 a 4,25",Baixa
2224,58245394,"Blood Orange (The Dracula Duet, #1)",Karina Halle,https://www.goodreads.com/book/show/58245394-blood-orange,https://i.gr-assets.com/images/S/compressed.photo.goodreads.com/books/1662563849i/58245394._SX50_.jpg,3.77,35104,4.0655729267600496,3812,40,"3,5 a 4,0",Baixa
2226,20618110,Solitaire,Alice Oseman,https://www.goodreads.com/book/show/20618110-solitaire,https://i.gr-assets.com/images/S/compressed.photo.goodreads.com/books/1680269555i/20618110._SY75_.jpg,3.92,148651,4.044703728098264,3810,40,"3,5 a 4,0",Média
2227,24983,"Doomsday Book (Oxford Time Travel, #1)",Connie Willis,https://www.goodreads.com/book/show/24983.Doomsday_Book,https://i.gr-assets.com/images/S/compressed.photo.goodreads.com/books/1403972500i/24983._SY75_.jpg,4.03,66937,4.083027811472372,3805,50,"4,0 a 4,25",Média
2227,62873999,Translation State,Ann Leckie,https://www.goodreads.com/book/show/62873999-translation-state,https://i.gr-assets.com/images/S/compressed.photo.goodreads.com/books/1673303646i/62873999._SY75_.jpg,4.05,18576,4.090194782334235,3805,42,"4,0 a 4,25",Baixa
2229,212684848,Back Seat Baby,May Alder,https://www.goodreads.com/book/show/212684848-back-seat-baby,https://i.gr-assets.com/images/S/compressed.photo.goodreads.com/books/1714919898i/212684848._SY75_.jpg,3.69,3486,4.088551408343455,3801,40,"3,5 a 4,0",Baixa
2230,285205,"Blood Bound (Mercy Thompson, #2)",Patricia Briggs,https://www.goodreads.com/book/show/285205.Blood_Bound,https://i.gr-assets.com/images/S/compressed.photo.goodreads.com/books/1358229157i/285205._SY75_.jpg,4.3,137843,4.146283847904353,3800,58,"4,25 a 4,5",Média
2231,16243767,Crossing the Seas: A Diary of My Thoughts,Yuehai Xiao,https://www.goodreads.com/book/show/16243767-crossing-the-seas,https://i.gr-assets.com/images/S/compressed.photo.goodreads.com/books/1355957043i/16243767._SX50_.jpg,3.57,1972,4.089484532032914,3797,38,"3,5 a 4,0",Baixa
2232,2517,My Name Is Red,Orhan Pamuk,https://www.goodreads.com/book/show/2517.My_Name_Is_Red,https://i.gr-assets.com/images/S/compressed.photo.goodreads.com/books/1547450869i/2517._SY75_.jpg,3.87,63267,4.061176469781131,3796,49,"3,5 a 4,0",Média
2233,13328554,The Pandarus File,Kyle Keyes,https://www.goodreads.com/book/show/13328554-the-pandarus-file,https://i.gr-assets.com/images/S/compressed.photo.goodreads.com/books/1385942923i/13328554._SX50_.jpg,4.31,6457,4.095643171995615,3795,43,"4,25 a 4,5",Baixa
2233,204289660,"Revenge Era (The Revenge Games, #1)",Brittanee Nicole,https://www.goodreads.com/book/show/204289660-revenge-era,https://i.gr-assets.com/images/S/compressed.photo.goodreads.com/books/1703363530i/204289660._SY75_.jpg,3.7,18206,4.07466232756863,3795,39,"3,5 a 4,0",Baixa
2233,195790583,"The Longest Con: How Grifters, Swindlers, and Frauds Hijacked American Conservatism",Joe Conason,https://www.goodreads.com/book/show/195790583-the-longest-con,https://i.gr-assets.com/images/S/compressed.photo.goodreads.com/books/1701812842i/195790583._SY75_.jpg,4.12,1439,4.092206268341911,3795,41,"4,0 a 4,25",Baixa
2236,15781726,"A Cast of Stones (The Staff and the Sword, #1)",Patrick W. Carr,https://www.goodreads.com/book/show/15781726-a-cast-of-stones,https://i.gr-assets.com/images/S/compressed.photo.goodreads.com/books/1343864157i/15781726._SY75_.jpg,4.28,5817,4.094857835293851,3794,40,"4,25 a 4,5",Baixa
2237,13326831,"The Testing (The Testing, #1)",Joelle Charbonneau,https://www.goodreads.com/book/show/13326831-the-testing,https://i.gr-assets.com/images/S/compressed.photo.goodreads.com/books/1363452191i/13326831._SY75_.jpg,4.05,85767,4.084531071810656,3789,45,"4,0 a 4,25",Média
2238,59900661,The Whalebone Theatre,Joanna   Quinn,https://www.goodreads.com/book/show/59900661-the-whalebone-theatre,https://i.gr-assets.com/images/S/compressed.photo.goodreads.com/books/1655837688i/59900661._SX50_.jpg,4.03,41371,4.086162748556342,3787,40,"4,0 a 4,25",Baixa
2239,7544603,"Smaragdgrün (Edelstein-Trilogie, #3)",Kerstin Gier,https://www.goodreads.com/book/show/7544603-smaragdgr-n,https://i.gr-assets.com/images/S/compressed.photo.goodreads.com/books/1345808677i/7544603._SX50_.jpg,4.21,116846,4.119225383183697,3781,44,"4,0 a 4,25",Média
2240,125956,"Black: The Birth of Evil (The Circle, #1)",Ted Dekker,https://www.goodreads.com/book/show/125956.Black,https://i.gr-assets.com/images/S/compressed.photo.goodreads.com/books/1388268108i/125956._SY75_.jpg,4.17,38050,4.09901085251523,3778,41,"4,0 a 4,25",Baixa
2241,3992598,The Demigod Files,Rick Riordan,https://www.goodreads.com/book/show/3992598-the-demigod-files,https://i.gr-assets.com/images/S/compressed.photo.goodreads.com/books/1533071526i/3992598._SX50_.jpg,4.01,126845,4.071995940340869,3776,52,"4,0 a 4,25",Média
2242,13628209,"The Boy Who Sneaks in My Bedroom Window (The Boy Who Sneaks in My Bedroom Window, #1)",Kirsty Moseley,https://www.goodreads.com/book/show/13628209-the-boy-who-sneaks-in-my-bedroom-window,https://i.gr-assets.com/images/S/compressed.photo.goodreads.com/books/1613183519i/13628209._SY75_.jpg,3.84,78452,4.049981138478626,3773,44,"3,5 a 4,0",Média
2242,36116546,"America's Daughter (Dancing Soul Trilogy, #2)",Maria Nhambu,https://www.goodreads.com/book/show/36116546-america-s-daughter,https://i.gr-assets.com/images/S/compressed.photo.goodreads.com/books/1503587249i/36116546._SX50_.jpg,4.3,7049,4.095784857569674,3773,41,"4,25 a 4,5",Baixa
2244,20454107,Coma,Robin Cook,https://www.goodreads.com/book/show/20454107-coma,https://i.gr-assets.com/images/S/compressed.photo.goodreads.com/books/1405867306i/20454107._SX50_.jpg,3.88,53926,4.0664011981795785,3766,62,"3,5 a 4,0",Média
2245,31076583,"A Court of Frost and Starlight (A Court of Thorns and Roses, #4)",Sarah J. Maas,https://www.goodreads.com/book/show/31076583-a-court-of-frost-and-starlight,https://i.gr-assets.com/images/S/compressed.photo.goodreads.com/books/1546407073i/31076583._SY75_.jpg,3.7,2336375,3.7562224800156705,3765,46,"3,5 a 4,0",Muito alta
2246,38726615,Ana Rocha: Shadows of Justice,Ammar Habib,https://www.goodreads.com/book/show/38726615-ana-rocha,https://i.gr-assets.com/images/S/compressed.photo.goodreads.com/books/1519368328i/38726615._SY75_.jpg,4.24,5511,4.094159148287881,3764,38,"4,0 a 4,25",Baixa
2247,3128411,"Bone Crossed (Mercy Thompson, #4)",Patricia Briggs,https://www.goodreads.com/book/show/3128411-bone-crossed,https://i.gr-assets.com/images/S/compressed.photo.goodreads.com/books/1305738183i/3128411._SY75_.jpg,4.33,117581,4.147095454686735,3763,55,"4,25 a 4,5",Média
2247,59245765,"Lost Identity (Remmich/Miller, #1)",Karl Braungart,https://www.goodreads.com/book/show/59245765-lost-identity,https://i.gr-assets.com/images/S/compressed.photo.goodreads.com/books/1633784259i/59245765._SY75_.jpg,4.28,5861,4.094878357839658,3763,40,"4,25 a 4,5",Baixa
2249,53450218,"The Past (VanWest, #1)",Kenneth   Thomas,https://www.goodreads.com/book/show/53450218-the-past,https://i.gr-assets.com/images/S/compressed.photo.goodreads.com/books/1589987617i/53450218._SY75_.jpg,3.94,798,4.091794263909436,3761,38,"3,5 a 4,0",Baixa
2250,89147256,Marry Christmas,Linda Phillips,https://www.goodreads.com/book/show/89147256-marry-christmas,https://i.gr-assets.com/images/S/compressed.photo.goodreads.com/books/1678401187i/89147256._SY75_.jpg,4.36,1083,4.092843821995276,3760,42,"4,25 a 4,5",Baixa
2251,7108725,Start with Why: How Great Leaders Inspire Everyone to Take Action,Simon Sinek,https://www.goodreads.com/book/show/7108725-start-with-why,https://i.gr-assets.com/images/S/compressed.photo.goodreads.com/books/1360936414i/7108725._SY75_.jpg,4.09,281422,4.091223539826417,3759,41,"4,0 a 4,25",Alta
2252,195887452,"People in Glass Houses (Ghost Hunters, #16)",Jayne Castle,https://www.goodreads.com/book/show/195887452-people-in-glass-houses,https://i.gr-assets.com/images/S/compressed.photo.goodreads.com/books/1704196730i/195887452._SY75_.jpg,4.39,4883,4.0957776346900445,3757,40,"4,25 a 4,5",Baixa
2253,53086843,"You've Reached Sam (You've Reached Sam, #1)",Dustin Thao,https://www.goodreads.com/book/show/53086843-you-ve-reached-sam,https://i.gr-assets.com/images/S/compressed.photo.goodreads.com/books/1610730335i/53086843._SY75_.jpg,3.61,185879,3.9367846568118487,3756,41,"3,5 a 4,0",Alta
2254,201853669,Seasonable Doubt,Robin      James,https://www.goodreads.com/book/show/201853669-seasonable-doubt,https://i.gr-assets.com/images/S/compressed.photo.goodreads.com/books/1699470329i/201853669._SY75_.jpg,4.43,2810,4.094514535814817,3755,39,"4,25 a 4,5",Baixa
2255,284996,The Complete Stories,Flannery O'Connor,https://www.goodreads.com/book/show/284996.The_Complete_Stories,https://i.gr-assets.com/images/S/compressed.photo.goodreads.com/books/1557999886i/284996._SY75_.jpg,4.38,41434,4.11968382904398,3753,56,"4,25 a 4,5",Baixa
2255,394469,Suttree,Cormac McCarthy,https://www.goodreads.com/book/show/394469.Suttree,https://i.gr-assets.com/images/S/compressed.photo.goodreads.com/books/1397600192i/394469._SY75_.jpg,4.21,30064,4.10052016889205,3753,43,"4,0 a 4,25",Baixa
2257,16140036,"This Man (This Man, #1)",Jodi Ellen Malpas,https://www.goodreads.com/book/show/16140036-this-man,https://i.gr-assets.com/images/S/compressed.photo.goodreads.com/books/1352790466i/16140036._SY75_.jpg,4.04,120114,4.079861268915614,3750,46,"4,0 a 4,25",Média
2258,6050678,"Leviathan (Leviathan, #1)",Scott Westerfeld,https://www.goodreads.com/book/show/6050678-leviathan,https://i.gr-assets.com/images/S/compressed.photo.goodreads.com/books/1275694232i/6050678._SY75_.jpg,3.92,95456,4.058338083193099,3749,47,"3,5 a 4,0",Média
2259,58937530,Forty-Ninth,Boris Pronsky,https://www.goodreads.com/book/show/58937530-forty-ninth,https://i.gr-assets.com/images/S/compressed.photo.goodreads.com/books/1630950371i/58937530._SX50_.jpg,4.06,134,4.0920930036456955,3748,38,"4,0 a 4,25",Baixa
2260,55624426,"The Emperor (The Emperor, the Son and the Thief, #1)",Robert         Reid,https://www.goodreads.com/book/show/55624426-the-emperor,https://i.gr-assets.com/images/S/compressed.photo.goodreads.com/books/1602409267i/55624426._SY75_.jpg,4.3,4934,4.09469420368307,3747,40,"4,25 a 4,5",Baixa
2261,218064277,The Artifact,David         Collins,https://www.goodreads.com/book/show/218064277-the-artifact,https://i.gr-assets.com/images/S/compressed.photo.goodreads.com/books/1724617569i/218064277._SY75_.jpg,4.22,3295,4.093172568034419,3745,39,"4,0 a 4,25",Baixa
2262,39863482,The Night Tiger,Yangsze Choo,https://www.goodreads.com/book/show/39863482-the-night-tiger,https://i.gr-assets.com/images/S/compressed.photo.goodreads.com/books/1554191365i/39863482._SY75_.jpg,3.85,68489,4.056023599024957,3736,39,"3,5 a 4,0",Média
2263,32439,Intensity,Dean Koontz,https://www.goodreads.com/book/show/32439.Intensity,https://i.gr-assets.com/images/S/compressed.photo.goodreads.com/books/1661001988i/32439._SY75_.jpg,4.03,96396,4.079823255976823,3733,49,"4,0 a 4,25",Média
2263,61613291,The Secret Life of Sunflowers,Marta Molnar,https://www.goodreads.com/book/show/61613291-the-secret-life-of-sunflowers,https://i.gr-assets.com/images/S/compressed.photo.goodreads.com/books/1658231475i/61613291._SY75_.jpg,4.07,53808,4.089430585507051,3733,39,"4,0 a 4,25",Média
2263,185446,"Taliesin (The Pendragon Cycle, #1)",Stephen R. Lawhead,https://www.goodreads.com/book/show/185446.Taliesin,https://i.gr-assets.com/images/S/compressed.photo.goodreads.com/books/1388708271i/185446._SX50_.jpg,4.02,19116,4.088743807448498,3733,39,"4,0 a 4,25",Baixa
2266,433567,Flatland: A Romance of Many Dimensions,Edwin A. Abbott,https://www.goodreads.com/book/show/433567.Flatland,https://i.gr-assets.com/images/S/compressed.photo.goodreads.com/books/1435435775i/433567._SY75_.jpg,3.81,80236,4.044079191749497,3732,50,"3,5 a 4,0",Média
2267,42201395,"Sorcery of Thorns (Sorcery of Thorns, #1)",Margaret  Rogerson,https://www.goodreads.com/book/show/42201395-sorcery-of-thorns,https://i.gr-assets.com/images/S/compressed.photo.goodreads.com/books/1541621322i/42201395._SY75_.jpg,4.03,164393,4.073724260413746,3728,42,"4,0 a 4,25",Alta
2268,40796097,The Stranger Diaries (Harbinder Kaur #1),Elly Griffiths,https://www.goodreads.com/book/show/40796097-the-stranger-diaries,https://i.gr-assets.com/images/S/compressed.photo.goodreads.com/books/1532738769i/40796097._SY75_.jpg,3.86,47243,4.067087584001551,3727,42,"3,5 a 4,0",Baixa
2269,144407710,"Free Me (WITSEC, #4)",Ashley N. Rostek,https://www.goodreads.com/book/show/144407710-free-me,https://i.gr-assets.com/images/S/compressed.photo.goodreads.com/books/1682742118i/144407710._SY75_.jpg,4.11,26452,4.093237767332023,3723,39,"4,0 a 4,25",Baixa
2270,1044816,"A Beautiful Blue Death (Charles Lenox Mysteries, #1)",Charles Finch,https://www.goodreads.com/book/show/1044816.A_Beautiful_Blue_Death,https://i.gr-assets.com/images/S/compressed.photo.goodreads.com/books/1389497641i/1044816._SY75_.jpg,3.66,18474,4.072612859203806,3722,41,"3,5 a 4,0",Baixa
2270,131581599,"The Raven and the Nine (The Viking Blood and Blade Saga, #6)",Peter  Gibbons,https://www.goodreads.com/book/show/131581599-the-raven-and-the-nine,https://i.gr-assets.com/images/S/compressed.photo.goodreads.com/books/1682055459i/131581599._SY75_.jpg,4.51,1910,4.094135043631434,3722,39,"Acima de 4,5",Baixa
2272,1097,Fast Food Nation: The Dark Side of the All-American Meal,Eric Schlosser,https://www.goodreads.com/book/show/1097.Fast_Food_Nation,https://i.gr-assets.com/images/S/compressed.photo.goodreads.com/books/1554229727i/1097._SY75_.jpg,3.75,206985,3.973704983771433,3719,60,"3,5 a 4,0",Alta
2273,1540,"The Oedipus Cycle: Oedipus Rex, Oedipus at Colonus, Antigone",Sophocles,https://www.goodreads.com/book/show/1540.The_Oedipus_Cycle,https://i.gr-assets.com/images/S/compressed.photo.goodreads.com/books/1628467638i/1540._SY75_.jpg,4.0,72258,4.0777403172042055,3718,61,"3,5 a 4,0",Média
2273,75511257,Fire Prayers: Building Arsenals That Destroy Satanic Kingdoms,John Ramirez,https://www.goodreads.com/book/show/75511257-fire-prayers,https://i.gr-assets.com/images/S/compressed.photo.goodreads.com/books/1672671452i/75511257._SY75_.jpg,4.29,4951,4.09457800137994,3718,39,"4,25 a 4,5",Baixa
2275,92364,Eye of the Needle,Ken Follett,https://www.goodreads.com/book/show/92364.Eye_of_the_Needle,https://i.gr-assets.com/images/S/compressed.photo.goodreads.com/books/1327939511i/92364._SY75_.jpg,4.22,174195,4.131516346487532,3717,56,"4,0 a 4,25",Alta
2276,62926938,The Seven Year Slip,Ashley Poston,https://www.goodreads.com/book/show/62926938-the-seven-year-slip,https://i.gr-assets.com/images/S/compressed.photo.goodreads.com/books/1685350807i/62926938._SX50_.jpg,4.14,703250,4.12288341655208,3716,40,"4,0 a 4,25",Muito alta
2276,55375725,Don't Give the Enemy a Seat at Your Table: It's Time to Win the Battle of Your Mind...,Louie Giglio,https://www.goodreads.com/book/show/55375725-don-t-give-the-enemy-a-seat-at-your-table,https://i.gr-assets.com/images/S/compressed.photo.goodreads.com/books/1607018249i/55375725._SX50_.jpg,4.32,18407,4.102348217737894,3716,39,"4,25 a 4,5",Baixa
2278,27272698,"Lodestar (Keeper of the Lost Cities, #5)",Shannon Messenger,https://www.goodreads.com/book/show/27272698-lodestar,https://i.gr-assets.com/images/S/compressed.photo.goodreads.com/books/1456938808i/27272698._SY75_.jpg,4.48,58351,4.142465638882879,3714,42,"4,25 a 4,5",Média
2279,26135825,Fun Home: A Family Tragicomic,Alison Bechdel,https://www.goodreads.com/book/show/26135825-fun-home,https://i.gr-assets.com/images/S/compressed.photo.goodreads.com/books/1440097020i/26135825._SY75_.jpg,4.07,208614,4.084414748333215,3709,47,"4,0 a 4,25",Alta
2279,53916157,"Win (Windsor Horne Lockwood III, #1)",Harlan Coben,https://www.goodreads.com/book/show/53916157-win,https://i.gr-assets.com/images/S/compressed.photo.goodreads.com/books/1595212883i/53916157._SY75_.jpg,4.08,81781,4.090010624454187,3709,40,"4,0 a 4,25",Média
2279,210508520,"Susan, You're The Chosen One (Welcome To Midlife Magic, #1)",Lauretta Hignett,https://www.goodreads.com/book/show/210508520-susan-you-re-the-chosen-one,https://i.gr-assets.com/images/S/compressed.photo.goodreads.com/books/1711702236i/210508520._SY75_.jpg,4.28,3965,4.0939898768636285,3709,39,"4,25 a 4,5",Baixa
2282,31332,"The Vampire Armand (The Vampire Chronicles, #6)",Anne Rice,https://www.goodreads.com/book/show/31332.The_Vampire_Armand,https://i.gr-assets.com/images/S/compressed.photo.goodreads.com/books/1388355184i/31332._SY75_.jpg,3.8,75088,4.045053430539906,3705,56,"3,5 a 4,0",Média
2283,46165,This Side of Paradise,F. Scott Fitzgerald,https://www.goodreads.com/book/show/46165.This_Side_of_Paradise,https://i.gr-assets.com/images/S/compressed.photo.goodreads.com/books/1757102230i/46165._SY75_.jpg,3.63,81977,4.012025194382716,3697,47,"3,5 a 4,0",Média
2284,15818362,Into the Darkest Corner,Elizabeth Haynes,https://www.goodreads.com/book/show/15818362-into-the-darkest-corner,https://i.gr-assets.com/images/S/compressed.photo.goodreads.com/books/1355923186i/15818362._SY75_.jpg,4.07,72646,4.088641255648936,3695,42,"4,0 a 4,25",Média
2285,17378508,"Blue Lily, Lily Blue (The Raven Cycle, #3)",Maggie Stiefvater,https://www.goodreads.com/book/show/17378508-blue-lily-lily-blue,https://i.gr-assets.com/images/S/compressed.photo.goodreads.com/books/1477103826i/17378508._SY75_.jpg,4.25,185485,4.142900183366772,3692,45,"4,0 a 4,25",Alta
2286,32109569,"We Are Legion (We Are Bob) (Bobiverse, #1)",Dennis E. Taylor,https://www.goodreads.com/book/show/32109569-we-are-legion-we-are-bob,https://i.gr-assets.com/images/S/compressed.photo.goodreads.com/books/1474344826i/32109569._SY75_.jpg,4.24,144825,4.132071920105355,3691,39,"4,0 a 4,25",Média
2287,235718,"Succubus Blues (Georgina Kincaid, #1)",Richelle Mead,https://www.goodreads.com/book/show/235718.Succubus_Blues,https://i.gr-assets.com/images/S/compressed.photo.goodreads.com/books/1361624810i/235718._SY75_.jpg,3.94,58546,4.072298504032512,3690,48,"3,5 a 4,0",Média
2288,34728667,"Children of Blood and Bone (Legacy of Orïsha, #1)",Tomi Adeyemi,https://www.goodreads.com/book/show/34728667-children-of-blood-and-bone,https://i.gr-assets.com/images/S/compressed.photo.goodreads.com/books/1516127989i/34728667._SX50_.jpg,4.1,259062,4.095250314485549,3686,41,"4,0 a 4,25",Alta
2289,75593500,"These Burning Stars (The Kindom Trilogy, #1)",Bethany Jacobs,https://www.goodreads.com/book/show/75593500-these-burning-stars,https://i.gr-assets.com/images/S/compressed.photo.goodreads.com/books/1686947278i/75593500._SY75_.jpg,4.12,6769,4.092578621446916,3685,40,"4,0 a 4,25",Baixa
2290,25883848,The Hating Game,Sally  Thorne,https://www.goodreads.com/book/show/25883848-the-hating-game,https://i.gr-assets.com/images/S/compressed.photo.goodreads.com/books/1467138679i/25883848._SY75_.jpg,3.85,858898,3.9257470588184002,3684,41,"3,5 a 4,0",Muito alta
2291,204866266,"AI Doctor: The Rise of Artificial Intelligence in Healthcare - A Guide for Users, Buyers, Builders, and Investors",Ronald M. Razmi,https://www.goodreads.com/book/show/204866266-ai-doctor,https://i.gr-assets.com/images/S/compressed.photo.goodreads.com/books/1704420942i/204866266._SX50_.jpg,4.27,7096,4.095274325781202,3680,38,"4,25 a 4,5",Baixa
2292,627614,"Night Soldiers (Night Soldiers, #1)",Alan Furst,https://www.goodreads.com/book/show/627614.Night_Soldiers,https://i.gr-assets.com/images/S/compressed.photo.goodreads.com/books/1436043153i/627614._SY75_.jpg,3.95,13287,4.087434646798613,3679,39,"3,5 a 4,0",Baixa
2293,59050133,"Hunting Adeline (Cat and Mouse, #2)",H.D. Carlton,https://www.goodreads.com/book/show/59050133-hunting-adeline,https://i.gr-assets.com/images/S/compressed.photo.goodreads.com/books/1639934603i/59050133._SY75_.jpg,4.06,660124,4.0719436830912334,3674,39,"4,0 a 4,25",Muito alta
2294,13615,"Death Note, Vol. 1: Boredom (Death Note, #1)",Tsugumi Ohba,https://www.goodreads.com/book/show/13615.Death_Note_Vol_1,https://i.gr-assets.com/images/S/compressed.photo.goodreads.com/books/1419952134i/13615._SY75_.jpg,4.47,381046,4.278596385111641,3673,50,"4,25 a 4,5",Alta
2295,11966216,"Torn (Trylle, #2)",Amanda Hocking,https://www.goodreads.com/book/show/11966216-torn,https://i.gr-assets.com/images/S/compressed.photo.goodreads.com/books/1397954544i/11966216._SY75_.jpg,4.03,72696,4.082369332654127,3671,46,"4,0 a 4,25",Média
2296,53022,The Collected Poems of W.B. Yeats,W.B. Yeats,https://www.goodreads.com/book/show/53022.The_Collected_Poems_of_W_B_Yeats,https://i.gr-assets.com/images/S/compressed.photo.goodreads.com/books/1436919797i/53022._SY75_.jpg,4.23,40441,4.105027223767979,3667,59,"4,0 a 4,25",Baixa
2296,52640,Weave World,Clive Barker,https://www.goodreads.com/book/show/52640.Weave_World,https://i.gr-assets.com/images/S/compressed.photo.goodreads.com/books/1329374451i/52640._SY75_.jpg,4.13,34817,4.095201985448385,3667,49,"4,0 a 4,25",Baixa
2298,43945,Portnoy’s Complaint,Philip Roth,https://www.goodreads.com/book/show/43945.Portnoy_s_Complaint,https://i.gr-assets.com/images/S/compressed.photo.goodreads.com/books/1663597516i/43945._SY75_.jpg,3.7,75825,4.028426725089592,3665,63,"3,5 a 4,0",Média
2299,6837103,The Kitchen House,Kathleen Grissom,https://www.goodreads.com/book/show/6837103-the-kitchen-house,https://i.gr-assets.com/images/S/compressed.photo.goodreads.com/books/1463229128i/6837103._SX50_.jpg,4.24,312206,4.157758611829386,3664,45,"4,0 a 4,25",Alta
2299,39884814,"Hunt Them Down (Pierce Hunt, #1)",Simon Gervais,https://www.goodreads.com/book/show/39884814-hunt-them-down,https://i.gr-assets.com/images/S/compressed.photo.goodreads.com/books/1532311095i/39884814._SY75_.jpg,4.28,12139,4.097760641431875,3664,38,"4,25 a 4,5",Baixa
2301,216344092,The Sixth Borough,Alan    Bradley,https://www.goodreads.com/book/show/216344092-the-sixth-borough,https://i.gr-assets.com/images/S/compressed.photo.goodreads.com/books/1720644955i/216344092._SY75_.jpg,4.41,999,4.092913983438318,3663,42,"4,25 a 4,5",Baixa
2302,127280776,"Cascade Failure (Ambit's Run, #1)",L.M. Sagas,https://www.goodreads.com/book/show/127280776-cascade-failure,https://i.gr-assets.com/images/S/compressed.photo.goodreads.com/books/1685353521i/127280776._SY75_.jpg,3.87,4533,4.089559100000948,3657,40,"3,5 a 4,0",Baixa
2303,60234446,The Southern Lawyer (Joe Hennessy Legal Thriller #1),Peter O'Mahoney,https://www.goodreads.com/book/show/60234446-the-southern-lawyer,https://i.gr-assets.com/images/S/compressed.photo.goodreads.com/books/1643431962i/60234446._SY75_.jpg,4.21,25804,4.099401432645354,3651,39,"4,0 a 4,25",Baixa
2304,58065033,Lessons in Chemistry,Bonnie Garmus,https://www.goodreads.com/book/show/58065033-lessons-in-chemistry,https://i.gr-assets.com/images/S/compressed.photo.goodreads.com/books/1634748496i/58065033._SY75_.jpg,4.28,1899838,4.247924437039943,3647,42,"4,25 a 4,5",Muito alta
2305,22878967,"The Shadow of What Was Lost (The Licanius Trilogy, #1)",James Islington,https://www.goodreads.com/book/show/22878967-the-shadow-of-what-was-lost,https://i.gr-assets.com/images/S/compressed.photo.goodreads.com/books/1680459592i/22878967._SY75_.jpg,4.14,102673,4.102063673233874,3645,39,"4,0 a 4,25",Média
2306,352726,"Gabriel's Ghost (Dock Five Universe, #1)",Linnea Sinclair,https://www.goodreads.com/book/show/352726.Gabriel_s_Ghost,https://i.gr-assets.com/images/S/compressed.photo.goodreads.com/books/1388350966i/352726._SY75_.jpg,3.73,4503,4.08798210593332,3642,38,"3,5 a 4,0",Baixa
2307,52645353,"Forgiving What You Can't Forget: Discover How to Move On, Make Peace with Painful Memories, and Create a Life That's Beautiful Again",Lysa  TerKeurst,https://www.goodreads.com/book/show/52645353-forgiving-what-you-can-t-forget,https://i.gr-assets.com/images/S/compressed.photo.goodreads.com/books/1585195234i/52645353._SY75_.jpg,4.1,28412,4.092638791488053,3641,38,"4,0 a 4,25",Baixa
2308,203840597,"Powerful (The Powerless Trilogy, #1.5)",Lauren  Roberts,https://www.goodreads.com/book/show/203840597-powerful,https://i.gr-assets.com/images/S/compressed.photo.goodreads.com/books/1731714728i/203840597._SY75_.jpg,4.11,343762,4.100475811182733,3635,39,"4,0 a 4,25",Alta
2309,9305362,"Captive Prince (Captive Prince, #1)",C.S. Pacat,https://www.goodreads.com/book/show/9305362-captive-prince,https://i.gr-assets.com/images/S/compressed.photo.goodreads.com/books/1356028113i/9305362._SY75_.jpg,3.78,132559,4.013095112427962,3634,40,"3,5 a 4,0",Média
2310,1869,Nickel and Dimed: On (Not) Getting By in America,Barbara Ehrenreich,https://www.goodreads.com/book/show/1869.Nickel_and_Dimed,https://i.gr-assets.com/images/S/compressed.photo.goodreads.com/books/1442378091i/1869._SY75_.jpg,3.66,196825,3.947439876881626,3633,59,"3,5 a 4,0",Alta
2310,77661,"The Daughter of Time (Inspector Alan Grant, #5)",Josephine Tey,https://www.goodreads.com/book/show/77661.The_Daughter_of_Time,https://i.gr-assets.com/images/S/compressed.photo.goodreads.com/books/1394326949i/77661._SY75_.jpg,3.89,40545,4.073119250642484,3633,49,"3,5 a 4,0",Baixa
2310,55403,Black Hawk Down: A Story of Modern War,Mark Bowden,https://www.goodreads.com/book/show/55403.Black_Hawk_Down,https://i.gr-assets.com/images/S/compressed.photo.goodreads.com/books/1553055240i/55403._SY75_.jpg,4.31,70418,4.125351761836841,3633,44,"4,25 a 4,5",Média
2313,9593913,"Requiem (Delirium, #3)",Lauren Oliver,https://www.goodreads.com/book/show/9593913-requiem,https://i.gr-assets.com/images/S/compressed.photo.goodreads.com/books/1340992438i/9593913._SY75_.jpg,3.73,156321,3.988698303207836,3632,44,"3,5 a 4,0",Alta
2314,3432478,"The Forest of Hands and Teeth (The Forest of Hands and Teeth, #1)",Carrie Ryan,https://www.goodreads.com/book/show/3432478-the-forest-of-hands-and-teeth,https://i.gr-assets.com/images/S/compressed.photo.goodreads.com/books/1320633297i/3432478._SY75_.jpg,3.6,87851,4.001836799080453,3629,46,"3,5 a 4,0",Média
2314,15505346,"On the Island (On the Island, #1)",Tracey Garvis Graves,https://www.goodreads.com/book/show/15505346-on-the-island,https://i.gr-assets.com/images/S/compressed.photo.goodreads.com/books/1339162550i/15505346._SY75_.jpg,4.1,87791,4.093551564480469,3629,45,"4,0 a 4,25",Média
2316,12657,The Source,James A. Michener,https://www.goodreads.com/book/show/12657.The_Source,https://i.gr-assets.com/images/S/compressed.photo.goodreads.com/books/1412531751i/12657._SX50_.jpg,4.3,46328,4.114123234612934,3628,52,"4,25 a 4,5",Baixa
2317,7815,The Year of Magical Thinking,Joan Didion,https://www.goodreads.com/book/show/7815.The_Year_of_Magical_Thinking,https://i.gr-assets.com/images/S/compressed.photo.goodreads.com/books/1703310133i/7815._SY75_.jpg,3.93,321871,4.018920118223989,3627,46,"3,5 a 4,0",Alta
2317,4692,"The Physician (Cole Family Trilogy, #1)",Noah Gordon,https://www.goodreads.com/book/show/4692.The_Physician,https://i.gr-assets.com/images/S/compressed.photo.goodreads.com/books/1389582565i/4692._SY75_.jpg,4.42,63555,4.137941640968622,3627,44,"4,25 a 4,5",Média
2319,13644055,"Opposition (Lux, #5)",Jennifer L. Armentrout,https://www.goodreads.com/book/show/13644055-opposition,https://i.gr-assets.com/images/S/compressed.photo.goodreads.com/books/1398694101i/13644055._SX50_.jpg,4.31,91434,4.13339414266196,3624,46,"4,25 a 4,5",Média
2319,6456016,"Secondhand Spirits (Witchcraft Mystery, #1)",Juliet Blackwell,https://www.goodreads.com/book/show/6456016-secondhand-spirits,https://i.gr-assets.com/images/S/compressed.photo.goodreads.com/books/1388207926i/6456016._SY75_.jpg,3.9,13528,4.085681047179529,3624,40,"3,5 a 4,0",Baixa
2321,56268810,The Ballerinas,Rachel Kapelke-Dale,https://www.goodreads.com/book/show/56268810-the-ballerinas,https://i.gr-assets.com/images/S/compressed.photo.goodreads.com/books/1630951797i/56268810._SY75_.jpg,3.44,12044,4.0726213446284305,3621,38,"Até 3,5",Baixa
2322,40864002,"A Psalm for the Wild-Built (Monk & Robot, #1)",Becky Chambers,https://www.goodreads.com/book/show/40864002-a-psalm-for-the-wild-built,https://i.gr-assets.com/images/S/compressed.photo.goodreads.com/books/1600789291i/40864002._SY75_.jpg,4.2,207832,4.129545583055295,3617,38,"4,0 a 4,25",Alta
2323,17140549,The Invisible Boy,Trudy Ludwig,https://www.goodreads.com/book/show/17140549-the-invisible-boy,https://i.gr-assets.com/images/S/compressed.photo.goodreads.com/books/1358750840i/17140549._SX50_.jpg,4.43,7742,4.098663281866443,3616,38,"4,25 a 4,5",Baixa
2323,60371805,Shrines of Gaiety,Kate Atkinson,https://www.goodreads.com/book/show/60371805-shrines-of-gaiety,https://i.gr-assets.com/images/S/compressed.photo.goodreads.com/books/1654809117i/60371805._SY75_.jpg,3.83,43628,4.065798862797218,3616,38,"3,5 a 4,0",Baixa
2325,199239504,"Fair Market Value (The Body Shop, #1)",Hailey Edwards,https://www.goodreads.com/book/show/199239504-fair-market-value,https://i.gr-assets.com/images/S/compressed.photo.goodreads.com/books/1711586052i/199239504._SY75_.jpg,4.32,5441,4.09523114784498,3613,38,"4,25 a 4,5",Baixa
2326,208474591,Hello Little Girl (Hart's Ridge #10),Kay Bratt,https://www.goodreads.com/book/show/208474591-hello-little-girl,https://i.gr-assets.com/images/S/compressed.photo.goodreads.com/books/1707875832i/208474591._SY75_.jpg,4.58,6494,4.100073310485638,3611,38,"Acima de 4,5",Baixa
2326,39835415,The Familiars,Stacey Halls,https://www.goodreads.com/book/show/39835415-the-familiars,https://i.gr-assets.com/images/S/compressed.photo.goodreads.com/books/1532495531i/39835415._SY75_.jpg,3.87,56040,4.064266535154094,3611,38,"3,5 a 4,0",Média
2326,17685684,Resonance Alchemy: Awakening the Tree of Life,Katherine   Parker,https://www.goodreads.com/book/show/17685684-resonance-alchemy,https://i.gr-assets.com/images/S/compressed.photo.goodreads.com/books/1384027097i/17685684._SX50_.jpg,4.35,358,4.092339865171755,3611,41,"4,25 a 4,5",Baixa
2329,2161733,"Child 44 (Leo Demidov, #1)",Tom Rob Smith,https://www.goodreads.com/book/show/2161733.Child_44,https://i.gr-assets.com/images/S/compressed.photo.goodreads.com/books/1326549060i/2161733._SY75_.jpg,4.11,91926,4.09550997247554,3610,46,"4,0 a 4,25",Média
2330,124932739,I Hope This Doesn't Find You,Ann Liang,https://www.goodreads.com/book/show/124932739-i-hope-this-doesn-t-find-you,https://i.gr-assets.com/images/S/compressed.photo.goodreads.com/books/1688093952i/124932739._SX50_.jpg,4.16,88638,4.104649195800664,3609,38,"4,0 a 4,25",Média
2331,32283133,"Origin (Robert Langdon, #5)",Dan    Brown,https://www.goodreads.com/book/show/32283133-origin,https://i.gr-assets.com/images/S/compressed.photo.goodreads.com/books/1576370917i/32283133._SY75_.jpg,3.9,381801,3.997205266391657,3604,45,"3,5 a 4,0",Alta
2332,2295829,"Feast of Fools (The Morganville Vampires, #4)",Rachel Caine,https://www.goodreads.com/book/show/2295829.Feast_of_Fools,https://i.gr-assets.com/images/S/compressed.photo.goodreads.com/books/1388182868i/2295829._SY75_.jpg,4.14,55230,4.0980310274802925,3603,55,"4,0 a 4,25",Média
2332,62530,"Thud! (Discworld, #34; City Watch, #7)",Terry Pratchett,https://www.goodreads.com/book/show/62530.Thud_,https://i.gr-assets.com/images/S/compressed.photo.goodreads.com/books/1320495268i/62530._SY75_.jpg,4.36,81083,4.138108826435744,3603,51,"4,25 a 4,5",Média
2334,7728889,"The Diviners (The Diviners, #1)",Libba Bray,https://www.goodreads.com/book/show/7728889-the-diviners,https://i.gr-assets.com/images/S/compressed.photo.goodreads.com/books/1555345561i/7728889._SY75_.jpg,3.93,102566,4.058423318694998,3602,43,"3,5 a 4,0",Média
2334,60049861,The Romantic,William  Boyd,https://www.goodreads.com/book/show/60049861-the-romantic,https://i.gr-assets.com/images/S/compressed.photo.goodreads.com/books/1659219681i/60049861._SY75_.jpg,4.14,9980,4.0932958445771614,3602,38,"4,0 a 4,25",Baixa
2336,202257535,"The Survival Rule (Rain City Legal, #3)",Stephen Penner,https://www.goodreads.com/book/show/202257535-the-survival-rule,https://i.gr-assets.com/images/S/compressed.photo.goodreads.com/books/1700150464i/202257535._SY75_.jpg,4.22,4359,4.093513819483245,3601,38,"4,0 a 4,25",Baixa
2337,28110852,The Girl Who Drank the Moon,Kelly Barnhill,https://www.goodreads.com/book/show/28110852-the-girl-who-drank-the-moon,https://i.gr-assets.com/images/S/compressed.photo.goodreads.com/books/1485376116i/28110852._SY75_.jpg,4.11,119792,4.096300343672666,3596,41,"4,0 a 4,25",Média
2337,40996287,"The Nowhere Man (Orphan X, #2)",Gregg Hurwitz,https://www.goodreads.com/book/show/40996287-the-nowhere-man,https://i.gr-assets.com/images/S/compressed.photo.goodreads.com/books/1532959865i/40996287._SY75_.jpg,4.16,33300,4.097431613941019,3596,38,"4,0 a 4,25",Baixa
2337,201311165,"A MAN WHO SEEMED REAL: a story of love, lies, fear and kindness",Elizabeth Tebby Germaine,https://www.goodreads.com/book/show/201311165-a-man-who-seemed-real,https://i.gr-assets.com/images/S/compressed.photo.goodreads.com/books/1698903326i/201311165._SY75_.jpg,4.37,1399,4.093094564491544,3596,43,"4,25 a 4,5",Baixa
2340,19312,The Brothers Lionheart,Astrid Lindgren,https://www.goodreads.com/book/show/19312.The_Brothers_Lionheart,https://i.gr-assets.com/images/S/compressed.photo.goodreads.com/books/1388269738i/19312._SX50_.jpg,4.35,44200,4.118291703453461,3592,45,"4,25 a 4,5",Baixa
2341,8525590,"Wither (The Chemical Garden, #1)",Lauren DeStefano,https://www.goodreads.com/book/show/8525590-wither,https://i.gr-assets.com/images/S/compressed.photo.goodreads.com/books/1341532430i/8525590._SX50_.jpg,3.79,101215,4.02999203506835,3591,44,"3,5 a 4,0",Média
2341,12240419,Table 21,T. Rafael Cimino,https://www.goodreads.com/book/show/12240419-table-21,https://i.gr-assets.com/images/S/compressed.photo.goodreads.com/books/1327511041i/12240419._SX50_.jpg,3.68,445,4.091635611190324,3591,36,"3,5 a 4,0",Baixa
2343,13453029,"Wool Omnibus (Silo, #1)",Hugh Howey,https://www.goodreads.com/book/show/13453029-wool-omnibus,https://i.gr-assets.com/images/S/compressed.photo.goodreads.com/books/1349614200i/13453029._SY75_.jpg,4.22,292318,4.146810425681932,3587,43,"4,0 a 4,25",Alta
2344,51428,"Rebel Angels (Gemma Doyle, #2)",Libba Bray,https://www.goodreads.com/book/show/51428.Rebel_Angels,https://i.gr-assets.com/images/S/compressed.photo.goodreads.com/books/1333820283i/51428._SX50_.jpg,3.94,112296,4.05817181941359,3586,50,"3,5 a 4,0",Média
2345,28009303,"Dodging Satan: My Irish/Italian, Sometimes Awesome, But Mostly Creepy, Childhood",Kathleen Zamboni McCormick,https://www.goodreads.com/book/show/28009303-dodging-satan,https://i.gr-assets.com/images/S/compressed.photo.goodreads.com/books/1448816156i/28009303._SY75_.jpg,4.28,3866,4.093943250319189,3584,39,"4,25 a 4,5",Baixa
2346,390711,"Noble House (Asian Saga, #5)",James Clavell,https://www.goodreads.com/book/show/390711.Noble_House,https://i.gr-assets.com/images/S/compressed.photo.goodreads.com/books/1365185986i/390711._SY75_.jpg,4.28,43295,4.110831926961852,3581,56,"4,25 a 4,5",Baixa
2347,81959,As a Man Thinketh,James Allen,https://www.goodreads.com/book/show/81959.As_a_Man_Thinketh,https://i.gr-assets.com/images/S/compressed.photo.goodreads.com/books/1632020500i/81959._SY75_.jpg,4.23,99339,4.120036094382415,3579,42,"4,0 a 4,25",Média
2348,16843726,Nobody Loves a Bigfoot Like a Bigfoot Babe,Simon Okill,https://www.goodreads.com/book/show/16843726-nobody-loves-a-bigfoot-like-a-bigfoot-babe,https://i.gr-assets.com/images/S/compressed.photo.goodreads.com/books/1355737976i/16843726._SY75_.jpg,3.95,145,4.092051331994379,3576,37,"3,5 a 4,0",Baixa
2349,16343,"The Mysterious Affair at Styles (Hercule Poirot, #1)",Agatha Christie,https://www.goodreads.com/book/show/16343.The_Mysterious_Affair_at_Styles,https://i.gr-assets.com/images/S/compressed.photo.goodreads.com/books/1386922393i/16343._SY75_.jpg,4.0,535500,4.038874217274641,3575,52,"3,5 a 4,0",Muito alta
2349,16150830,"Never Fade (The Darkest Minds, #2)",Alexandra Bracken,https://www.goodreads.com/book/show/16150830-never-fade,https://i.gr-assets.com/images/S/compressed.photo.goodreads.com/books/1368460550i/16150830._SY75_.jpg,4.19,108121,4.113307077545301,3575,45,"4,0 a 4,25",Média
2351,18383325,"The Most Magnificent Thing (Most Magnificent, 1)",Ashley Spires,https://www.goodreads.com/book/show/18383325-the-most-magnificent-thing,https://i.gr-assets.com/images/S/compressed.photo.goodreads.com/books/1384711245i/18383325._SX50_.jpg,4.28,9108,4.096380374006016,3574,37,"4,25 a 4,5",Baixa
2352,1268479,Warbreaker,Brandon Sanderson,https://www.goodreads.com/book/show/1268479.Warbreaker,https://i.gr-assets.com/images/S/compressed.photo.goodreads.com/books/1240256182i/1268479._SY75_.jpg,4.29,304555,4.178744481430116,3573,40,"4,25 a 4,5",Alta
2353,126062562,"The Assassin's Blade (Throne of Glass, #0.1-0.5)",Sarah J. Maas,https://www.goodreads.com/book/show/126062562-the-assassin-s-blade,https://i.gr-assets.com/images/S/compressed.photo.goodreads.com/books/1680869667i/126062562._SY75_.jpg,4.2,1354084,4.175821166109389,3572,39,"4,0 a 4,25",Muito alta
2354,59741656,Grace (The Shackleford Sisters #1),Beverley Watts,https://www.goodreads.com/book/show/59741656-grace,https://i.gr-assets.com/images/S/compressed.photo.goodreads.com/books/1638459046i/59741656._SY75_.jpg,3.79,22502,4.075667279155139,3570,37,"3,5 a 4,0",Baixa
2355,406373,Faust,Johann Wolfgang von Goethe,https://www.goodreads.com/book/show/406373.Faust,https://i.gr-assets.com/images/S/compressed.photo.goodreads.com/books/1758424096i/406373._SY75_.jpg,3.89,53369,4.0678355908581345,3567,47,"3,5 a 4,0",Média
2356,59836138,Dark State (Jason Trapp #1),Jack     Slater,https://www.goodreads.com/book/show/59836138-dark-state,https://i.gr-assets.com/images/S/compressed.photo.goodreads.com/books/1639677841i/59836138._SY75_.jpg,4.43,25885,4.113080394248208,3565,37,"4,25 a 4,5",Baixa
2357,8600,"Eats, Shoots & Leaves: The Zero Tolerance Approach to Punctuation",Lynne Truss,https://www.goodreads.com/book/show/8600.Eats_Shoots_Leaves,https://i.gr-assets.com/images/S/compressed.photo.goodreads.com/books/1473392595i/8600._SX50_.jpg,3.87,106954,4.044406703343491,3564,55,"3,5 a 4,0",Média
2357,199113446,Search and Destroy (Tom Rollins Thriller #10),Paul Heatley,https://www.goodreads.com/book/show/199113446-search-and-destroy,https://i.gr-assets.com/images/S/compressed.photo.goodreads.com/books/1695462383i/199113446._SY75_.jpg,4.48,3626,4.095667432588878,3564,37,"4,25 a 4,5",Baixa
2359,18333130,Switch! The Lost Kingdoms of Karibu,Karen  Prince,https://www.goodreads.com/book/show/18333130-switch-the-lost-kingdoms-of-karibu,https://i.gr-assets.com/images/S/compressed.photo.goodreads.com/books/1376565640i/18333130._SY75_.jpg,4.17,511,4.092205648862622,3563,37,"4,0 a 4,25",Baixa
2359,1842,"Guns, Germs, and Steel: The Fates of Human Societies",Jared Diamond,https://www.goodreads.com/book/show/1842.Guns_Germs_and_Steel,https://i.gr-assets.com/images/S/compressed.photo.goodreads.com/books/1453215833i/1842._SY75_.jpg,4.04,472558,4.063594206950533,3563,43,"4,0 a 4,25",Muito alta
2359,383514,"Her Royal Spyness (Her Royal Spyness Mysteries, #1)",Rhys Bowen,https://www.goodreads.com/book/show/383514.Her_Royal_Spyness,https://i.gr-assets.com/images/S/compressed.photo.goodreads.com/books/1174342700i/383514._SY75_.jpg,3.83,42620,4.066346902554353,3563,38,"3,5 a 4,0",Baixa
2362,286957,The Yellow Wall-Paper,Charlotte Perkins Gilman,https://www.goodreads.com/book/show/286957.The_Yellow_Wall_Paper,https://i.gr-assets.com/images/S/compressed.photo.goodreads.com/books/1746311262i/286957._SX50_.jpg,4.06,386446,4.076147684176782,3562,43,"4,0 a 4,25",Alta
2363,62059957,"One Last Kill (Tracy Crosswhite, #10)",Robert Dugoni,https://www.goodreads.com/book/show/62059957-one-last-kill,https://i.gr-assets.com/images/S/compressed.photo.goodreads.com/books/1672361696i/62059957._SY75_.jpg,4.48,26621,4.1168254176526675,3560,37,"4,25 a 4,5",Baixa
2364,40409718,Post Office,Charles Bukowski,https://www.goodreads.com/book/show/40409718-post-office,https://i.gr-assets.com/images/S/compressed.photo.goodreads.com/books/1555887577i/40409718._SX50_.jpg,3.92,143787,4.0458377634433935,3554,46,"3,5 a 4,0",Média
2365,26157586,Toe to Toe (Nonie Broussard Ghost Tracker Series),Deborah Leblanc,https://www.goodreads.com/book/show/26157586-toe-to-toe,https://i.gr-assets.com/images/S/compressed.photo.goodreads.com/books/1440442093i/26157586._SY75_.jpg,4.22,5585,4.09390475834629,3553,40,"4,0 a 4,25",Baixa
2366,151908910,How It Unfolds,James S.A. Corey,https://www.goodreads.com/book/show/151908910-how-it-unfolds,https://i.gr-assets.com/images/S/compressed.photo.goodreads.com/books/1687871208i/151908910._SY75_.jpg,3.95,14188,4.087129099882485,3552,37,"3,5 a 4,0",Baixa
2367,60466963,The Forgotten Bookshop in Paris,Daisy Wood,https://www.goodreads.com/book/show/60466963-the-forgotten-bookshop-in-paris,https://i.gr-assets.com/images/S/compressed.photo.goodreads.com/books/1650843855i/60466963._SY75_.jpg,4.31,24676,4.1050365662084864,3551,37,"4,25 a 4,5",Baixa
2368,509784,The End of Eternity,Isaac Asimov,https://www.goodreads.com/book/show/509784.The_End_of_Eternity,https://i.gr-assets.com/images/S/compressed.photo.goodreads.com/books/1405527675i/509784._SY75_.jpg,4.24,64925,4.1131610761443245,3550,43,"4,0 a 4,25",Média
2369,20824260,Mind's Eye,Douglas E. Richards,https://www.goodreads.com/book/show/20824260-mind-s-eye,https://i.gr-assets.com/images/S/compressed.photo.goodreads.com/books/1395890411i/20824260._SX50_.jpg,4.07,12663,4.091410731182836,3547,37,"4,0 a 4,25",Baixa
2370,53799686,Anxious People,Fredrik Backman,https://www.goodreads.com/book/show/53799686-anxious-people,https://i.gr-assets.com/images/S/compressed.photo.goodreads.com/books/1594234890i/53799686._SX50_.jpg,4.16,880672,4.139121084187158,3545,45,"4,0 a 4,25",Muito alta
2371,123394658,"Swift Judgment (Nate Shepherd, #7)",Michael  Stagg,https://www.goodreads.com/book/show/123394658-swift-judgment,https://i.gr-assets.com/images/S/compressed.photo.goodreads.com/books/1679440881i/123394658._SY75_.jpg,4.43,3757,4.095319182114679,3544,37,"4,25 a 4,5",Baixa
2372,63066305,Savage Grounds (Dalton Savage #1),L.T. Ryan,https://www.goodreads.com/book/show/63066305-savage-grounds,https://i.gr-assets.com/images/S/compressed.photo.goodreads.com/books/1666502212i/63066305._SY75_.jpg,4.27,8973,4.0960941158481825,3542,37,"4,25 a 4,5",Baixa
2372,6736285,"The Rape of the Mind: The Psychology of Thought Control, Menticide, and Brainwashing",Joost A.M. Meerloo,https://www.goodreads.com/book/show/6736285-the-rape-of-the-mind,https://i.gr-assets.com/images/S/compressed.photo.goodreads.com/books/1348052018i/6736285._SY75_.jpg,4.18,1554,4.092451881546399,3542,38,"4,0 a 4,25",Baixa
2374,57914602,"Deep Sleep (Devin Gray, #1)",Steven Konkoly,https://www.goodreads.com/book/show/57914602-deep-sleep,https://i.gr-assets.com/images/S/compressed.photo.goodreads.com/books/1638924808i/57914602._SY75_.jpg,4.08,13781,4.091691994608036,3541,37,"4,0 a 4,25",Baixa
2375,161099,"Good Night, Mr. Tom",Michelle Magorian,https://www.goodreads.com/book/show/161099.Good_Night_Mr_Tom,https://i.gr-assets.com/images/S/compressed.photo.goodreads.com/books/1282757902i/161099._SY75_.jpg,4.32,54643,4.120042652871874,3533,46,"4,25 a 4,5",Média
2376,8045080,"Hell's Corner (The Camel Club, #5)",David Baldacci,https://www.goodreads.com/book/show/8045080-hell-s-corner,https://i.gr-assets.com/images/S/compressed.photo.goodreads.com/books/1330171863i/8045080._SY75_.jpg,4.2,45945,4.103447225702375,3532,39,"4,0 a 4,25",Baixa
2377,60306511,"Lady, in Waiting (The Tudor Court #3)",Karen Heenan,https://www.goodreads.com/book/show/60306511-lady-in-waiting,https://i.gr-assets.com/images/S/compressed.photo.goodreads.com/books/1644004085i/60306511._SY75_.jpg,4.39,839,4.092741719186134,3531,37,"4,25 a 4,5",Baixa
2378,9833184,"The Fiery Heart (Bloodlines, #4)",Richelle Mead,https://www.goodreads.com/book/show/9833184-the-fiery-heart,https://i.gr-assets.com/images/S/compressed.photo.goodreads.com/books/1383243238i/9833184._SY75_.jpg,4.33,80963,4.132906942201862,3527,50,"4,25 a 4,5",Média
2378,58020731,"Open Season (Breed Thriller, #2)",Cameron Curtis,https://www.goodreads.com/book/show/58020731-open-season,https://i.gr-assets.com/images/S/compressed.photo.goodreads.com/books/1620794580i/58020731._SY75_.jpg,4.45,4059,4.095780420466429,3527,37,"4,25 a 4,5",Baixa
2380,476543,"The Darkest Night (Lords of the Underworld, #1)",Gena Showalter,https://www.goodreads.com/book/show/476543.The_Darkest_Night,https://i.gr-assets.com/images/S/compressed.photo.goodreads.com/books/1556847781i/476543._SY75_.jpg,4.05,86398,4.084485438143582,3525,47,"4,0 a 4,25",Média
2380,12930,"Messenger (Giver, #3)",Lois Lowry,https://www.goodreads.com/book/show/12930.Messenger,https://i.gr-assets.com/images/S/compressed.photo.goodreads.com/books/1386924375i/12930._SY75_.jpg,3.92,153742,4.043538456127245,3525,52,"3,5 a 4,0",Alta
2382,123175195,Miracle,Johnathon Nicolaou,https://www.goodreads.com/book/show/123175195-miracle,https://i.gr-assets.com/images/S/compressed.photo.goodreads.com/books/1677924402i/123175195._SY75_.jpg,4.57,174,4.092316531359683,3522,36,"Acima de 4,5",Baixa
2382,61054804,The Cloisters,Katy Hays,https://www.goodreads.com/book/show/61054804-the-cloisters,https://i.gr-assets.com/images/S/compressed.photo.goodreads.com/books/1667414469i/61054804._SY75_.jpg,3.39,75284,3.9787652505855124,3522,37,"Até 3,5",Média
2384,7719245,"Paranormalcy (Paranormalcy, #1)",Kiersten White,https://www.goodreads.com/book/show/7719245-paranormalcy,https://i.gr-assets.com/images/S/compressed.photo.goodreads.com/books/1496938681i/7719245._SX50_.jpg,3.88,99528,4.04907523846242,3520,51,"3,5 a 4,0",Média
2384,127280850,Weyward,Emilia Hart,https://www.goodreads.com/book/show/127280850-weyward,https://i.gr-assets.com/images/S/compressed.photo.goodreads.com/books/1684204420i/127280850._SY75_.jpg,4.05,452643,4.069515942152867,3520,39,"4,0 a 4,25",Muito alta
2386,16213,The Hot Zone: The Terrifying True Story of the Origins of the Ebola Virus,Richard   Preston,https://www.goodreads.com/book/show/16213.The_Hot_Zone,https://i.gr-assets.com/images/S/compressed.photo.goodreads.com/books/1413747743i/16213._SY75_.jpg,4.16,125303,4.108579290882023,3519,46,"4,0 a 4,25",Média
2387,123452630,Move to Millions: The Proven Framework to Become a Million Dollar CEO with Grace & Ease Instead of Hustle & Grind,Darnyelle Jervey Harmon,https://www.goodreads.com/book/show/123452630-move-to-millions,https://i.gr-assets.com/images/S/compressed.photo.goodreads.com/books/1681110874i/123452630._SX50_.jpg,4.28,8375,4.096043432590468,3516,37,"4,25 a 4,5",Baixa
2387,60048804,"No Plan B (Jack Reacher, #27)",Lee Child,https://www.goodreads.com/book/show/60048804-no-plan-b,https://i.gr-assets.com/images/S/compressed.photo.goodreads.com/books/1641499469i/60048804._SY75_.jpg,3.97,66682,4.074317190286889,3516,37,"3,5 a 4,0",Média
2389,20829994,Percy Jackson's Greek Gods,Rick Riordan,https://www.goodreads.com/book/show/20829994-percy-jackson-s-greek-gods,https://i.gr-assets.com/images/S/compressed.photo.goodreads.com/books/1437455100i/20829994._SX50_.jpg,4.42,101448,4.159641972977212,3514,43,"4,25 a 4,5",Média
2390,123206645,The Fury,Alex Michaelides,https://www.goodreads.com/book/show/123206645-the-fury,https://i.gr-assets.com/images/S/compressed.photo.goodreads.com/books/1684763144i/123206645._SX50_.jpg,3.35,253388,3.8003284121968672,3512,37,"Até 3,5",Alta
2391,33643994,"Daughter of the Pirate King (Daughter of the Pirate King, #1)",Tricia Levenseller,https://www.goodreads.com/book/show/33643994-daughter-of-the-pirate-king,https://i.gr-assets.com/images/S/compressed.photo.goodreads.com/books/1483132546i/33643994._SY75_.jpg,3.92,250228,4.024951883781408,3511,40,"3,5 a 4,0",Alta
2392,44654074,White Light Red Fire,Robert         Reid,https://www.goodreads.com/book/show/44654074-white-light-red-fire,https://i.gr-assets.com/images/S/compressed.photo.goodreads.com/books/1553971231i/44654074._SY75_.jpg,4.41,1284,4.093144303605255,3509,39,"4,25 a 4,5",Baixa
2393,237914837,The Mark of Eternity (The Egyptian Stones #2),Murray Bailey,https://www.goodreads.com/book/show/237914837-the-mark-of-eternity,https://i.gr-assets.com/images/S/compressed.photo.goodreads.com/books/1777042584i/237914837._SY75_.jpg,4.37,611,4.092537489998194,3506,40,"4,25 a 4,5",Baixa
2394,123845,Self-Reliance and Other Essays,Ralph Waldo Emerson,https://www.goodreads.com/book/show/123845.Self_Reliance_and_Other_Essays,https://i.gr-assets.com/images/S/compressed.photo.goodreads.com/books/1520778510i/123845._SY75_.jpg,4.11,20988,4.093015501413296,3502,38,"4,0 a 4,25",Baixa
2395,28335696,"Persepolis Rising (The Expanse, #7)",James S.A. Corey,https://www.goodreads.com/book/show/28335696-persepolis-rising,https://i.gr-assets.com/images/S/compressed.photo.goodreads.com/books/1481562381i/28335696._SY75_.jpg,4.38,92543,4.147193849346729,3501,38,"4,25 a 4,5",Média
2396,1611657,"On the Edge of the Dark Sea of Darkness (The Wingfeather Saga, #1)",Andrew       Peterson,https://www.goodreads.com/book/show/1611657.On_the_Edge_of_the_Dark_Sea_of_Darkness,https://i.gr-assets.com/images/S/compressed.photo.goodreads.com/books/1442199571i/1611657._SY75_.jpg,4.32,36038,4.111332647883054,3498,37,"4,25 a 4,5",Baixa
2397,31145178,Real Friends (Real Friends #1),Shannon Hale,https://www.goodreads.com/book/show/31145178-real-friends,https://i.gr-assets.com/images/S/compressed.photo.goodreads.com/books/1503615816i/31145178._SX50_.jpg,4.22,47494,4.105954073730874,3495,37,"4,0 a 4,25",Baixa
2398,62060274,The Echo of Old Books,Barbara  Davis,https://www.goodreads.com/book/show/62060274-the-echo-of-old-books,https://i.gr-assets.com/images/S/compressed.photo.goodreads.com/books/1671274907i/62060274._SY75_.jpg,4.25,133854,4.13236616817233,3490,36,"4,0 a 4,25",Média
2399,32762917,"Nightfall (Keeper of the Lost Cities, #6)",Shannon Messenger,https://www.goodreads.com/book/show/32762917-nightfall,https://i.gr-assets.com/images/S/compressed.photo.goodreads.com/books/1488996054i/32762917._SY75_.jpg,4.52,54476,4.144420708244236,3488,40,"Acima de 4,5",Média
2400,5367,"The Great Book of Amber (The Chronicles of Amber, #1-10)",Roger Zelazny,https://www.goodreads.com/book/show/5367.The_Great_Book_of_Amber,https://i.gr-assets.com/images/S/compressed.photo.goodreads.com/books/1165519096i/5367._SY75_.jpg,4.31,27248,4.1062967376686395,3487,44,"4,25 a 4,5",Baixa
2401,57795665,The Locked Door,Freida McFadden,https://www.goodreads.com/book/show/57795665-the-locked-door,https://i.gr-assets.com/images/S/compressed.photo.goodreads.com/books/1618859577i/57795665._SY75_.jpg,3.97,746416,4.011980360733339,3485,38,"3,5 a 4,0",Muito alta
2402,7331435,A Visit from the Goon Squad,Jennifer Egan,https://www.goodreads.com/book/show/7331435-a-visit-from-the-goon-squad,https://i.gr-assets.com/images/S/compressed.photo.goodreads.com/books/1356844046i/7331435._SX50_.jpg,3.7,256097,3.9369431371798553,3484,44,"3,5 a 4,0",Alta
2403,2047408,"The Steel Wave (World War II: 1939-1945, #2)",Jeff Shaara,https://www.goodreads.com/book/show/2047408.The_Steel_Wave,https://i.gr-assets.com/images/S/compressed.photo.goodreads.com/books/1441410840i/2047408._SY75_.jpg,4.29,8425,4.0962773411847015,3481,37,"4,25 a 4,5",Baixa
2403,52440333,"A Spell for Trouble (Enchanted Bay Mystery, #1)",Esme  Addison,https://www.goodreads.com/book/show/52440333-a-spell-for-trouble,https://i.gr-assets.com/images/S/compressed.photo.goodreads.com/books/1569678394l/52440333._SX50_SY75_.jpg,3.83,3277,4.089925990798964,3481,38,"3,5 a 4,0",Baixa
2405,10589,Bag of Bones,Stephen  King,https://www.goodreads.com/book/show/10589.Bag_of_Bones,https://i.gr-assets.com/images/S/compressed.photo.goodreads.com/books/1365592796i/10589._SY75_.jpg,3.92,215371,4.030984198492296,3479,57,"3,5 a 4,0",Alta
2406,23594461,"The King's Men (All for the Game, #3)",Nora Sakavic,https://www.goodreads.com/book/show/23594461-the-king-s-men,https://i.gr-assets.com/images/S/compressed.photo.goodreads.com/books/1417587954i/23594461._SX50_.jpg,4.57,85591,4.177914825869165,3476,37,"Acima de 4,5",Média
2407,22738563,We Should All Be Feminists,Chimamanda Ngozi Adichie,https://www.goodreads.com/book/show/22738563-we-should-all-be-feminists,https://i.gr-assets.com/images/S/compressed.photo.goodreads.com/books/1430821222i/22738563._SX50_.jpg,4.39,341474,4.2309656191540626,3472,41,"4,25 a 4,5",Alta
2408,44492285,Dune Messiah (Dune #2),Frank Herbert,https://www.goodreads.com/book/show/44492285-dune-messiah,https://i.gr-assets.com/images/S/compressed.photo.goodreads.com/books/1577043824i/44492285._SY75_.jpg,3.9,443673,3.9900004059855974,3471,49,"3,5 a 4,0",Muito alta
2409,27037,Confessions,Augustine of Hippo,https://www.goodreads.com/book/show/27037.Confessions,https://i.gr-assets.com/images/S/compressed.photo.goodreads.com/books/1266454051i/27037._SY75_.jpg,4.01,78327,4.078403842710308,3469,51,"4,0 a 4,25",Média
2410,62206854,The Man Without A Face (Peter Black #2),David Archer,https://www.goodreads.com/book/show/62206854-the-man-without-a-face,https://i.gr-assets.com/images/S/compressed.photo.goodreads.com/books/1661974612i/62206854._SY75_.jpg,4.4,5165,4.096117375133992,3463,36,"4,25 a 4,5",Baixa
2411,5349,The Rainmaker,John Grisham,https://www.goodreads.com/book/show/5349.The_Rainmaker,https://i.gr-assets.com/images/S/compressed.photo.goodreads.com/books/1388265477i/5349._SY75_.jpg,4.02,211898,4.066765307065962,3460,56,"4,0 a 4,25",Alta
2412,44054122,"Imagine Me (Shatter Me, #6)",Tahereh Mafi,https://www.goodreads.com/book/show/44054122-imagine-me,https://i.gr-assets.com/images/S/compressed.photo.goodreads.com/books/1563815428i/44054122._SY75_.jpg,4.02,340082,4.058566634306794,3454,41,"4,0 a 4,25",Alta
2413,7091488,"Dead in the Family (Sookie Stackhouse, #10)",Charlaine Harris,https://www.goodreads.com/book/show/7091488-dead-in-the-family,https://i.gr-assets.com/images/S/compressed.photo.goodreads.com/books/1290479828i/7091488._SY75_.jpg,3.91,171619,4.036563711638401,3453,57,"3,5 a 4,0",Alta
2414,325085,Nicholas Nickleby,Charles Dickens,https://www.goodreads.com/book/show/325085.Nicholas_Nickleby,https://i.gr-assets.com/images/S/compressed.photo.goodreads.com/books/1352758388i/325085._SY75_.jpg,3.95,47639,4.076673437651257,3450,51,"3,5 a 4,0",Baixa
2414,40745,Mindset: The New Psychology of Success,Carol S. Dweck,https://www.goodreads.com/book/show/40745.Mindset,https://i.gr-assets.com/images/S/compressed.photo.goodreads.com/books/1436227012i/40745._SY75_.jpg,4.09,182433,4.0914347239242295,3450,37,"4,0 a 4,25",Alta
2416,6101718,"The Magicians (The Magicians, #1)",Lev Grossman,https://www.goodreads.com/book/show/6101718-the-magicians,https://i.gr-assets.com/images/S/compressed.photo.goodreads.com/books/1313772941i/6101718._SY75_.jpg,3.53,282667,3.8562764942784598,3449,42,"3,5 a 4,0",Alta
2417,43944,Suite Française,Irène Némirovsky,https://www.goodreads.com/book/show/43944.Suite_Fran_aise,https://i.gr-assets.com/images/S/compressed.photo.goodreads.com/books/1557142046i/43944._SY75_.jpg,3.86,79448,4.052913624083544,3448,42,"3,5 a 4,0",Média
2418,31138556,Homo Deus: A History of Tomorrow,Yuval Noah Harari,https://www.goodreads.com/book/show/31138556-homo-deus,https://i.gr-assets.com/images/S/compressed.photo.goodreads.com/books/1468760805i/31138556._SY75_.jpg,4.18,295741,4.129951448680826,3446,40,"4,0 a 4,25",Alta
2419,55622519,The Assassin's Betrayal (Jason Drake #1),Auston King,https://www.goodreads.com/book/show/55622519-the-assassin-s-betrayal,https://i.gr-assets.com/images/S/compressed.photo.goodreads.com/books/1757798315i/55622519._SY75_.jpg,4.29,6511,4.095344763562122,3445,36,"4,25 a 4,5",Baixa
2420,67238,Dead Poets Society,N.H. Kleinbaum,https://www.goodreads.com/book/show/67238.Dead_Poets_Society,https://i.gr-assets.com/images/S/compressed.photo.goodreads.com/books/1359814692i/67238._SX50_.jpg,4.17,166732,4.115387361436253,3444,42,"4,0 a 4,25",Alta
2421,123423832,The Coworker,Freida McFadden,https://www.goodreads.com/book/show/123423832-the-coworker,https://i.gr-assets.com/images/S/compressed.photo.goodreads.com/books/1685248649i/123423832._SY75_.jpg,3.73,657350,3.865070345750542,3443,36,"3,5 a 4,0",Muito alta
2422,5348,The Testament,John Grisham,https://www.goodreads.com/book/show/5348.The_Testament,https://i.gr-assets.com/images/S/compressed.photo.goodreads.com/books/1403174228i/5348._SY75_.jpg,3.93,129961,4.051671159552954,3441,55,"3,5 a 4,0",Média
2422,8737,The Last Temptation of Christ,Nikos Kazantzakis,https://www.goodreads.com/book/show/8737.The_Last_Temptation_of_Christ,https://i.gr-assets.com/images/S/compressed.photo.goodreads.com/books/1481512264i/8737._SY75_.jpg,4.19,16180,4.095993295199698,3441,51,"4,0 a 4,25",Baixa
2424,222490389,Alchemised,SenLinYu,https://www.goodreads.com/book/show/222490389-alchemised,https://i.gr-assets.com/images/S/compressed.photo.goodreads.com/books/1737131981i/222490389._SY75_.jpg,4.3,360760,4.191859913682518,3440,36,"4,25 a 4,5",Alta
2425,18864,The Rum Diary,Hunter S. Thompson,https://www.goodreads.com/book/show/18864.The_Rum_Diary,https://i.gr-assets.com/images/S/compressed.photo.goodreads.com/books/1430534762i/18864._SY75_.jpg,3.85,67504,4.056466119725961,3438,42,"3,5 a 4,0",Média
2425,81227,Infidel,Ayaan Hirsi Ali,https://www.goodreads.com/book/show/81227.Infidel,https://i.gr-assets.com/images/S/compressed.photo.goodreads.com/books/1388256729i/81227._SY75_.jpg,4.2,93624,4.112944841984734,3438,41,"4,0 a 4,25",Média
2427,123425292,"That Time I Got Drunk and Saved a Demon (Mead Mishaps, #1)",Kimberly Lemming,https://www.goodreads.com/book/show/123425292-that-time-i-got-drunk-and-saved-a-demon,https://i.gr-assets.com/images/S/compressed.photo.goodreads.com/books/1689775671i/123425292._SX50_.jpg,3.84,66705,4.055369354327871,3433,37,"3,5 a 4,0",Média
2428,41118857,"The Dragon Republic (The Poppy War, #2)",R.F. Kuang,https://www.goodreads.com/book/show/41118857-the-dragon-republic,https://i.gr-assets.com/images/S/compressed.photo.goodreads.com/books/1539963703i/41118857._SY75_.jpg,4.33,251156,4.185136682692169,3429,37,"4,25 a 4,5",Alta
2429,6080337,"The Year of the Flood (MaddAddam, #2)",Margaret Atwood,https://www.goodreads.com/book/show/6080337-the-year-of-the-flood,https://i.gr-assets.com/images/S/compressed.photo.goodreads.com/books/1327906873i/6080337._SX50_.jpg,4.07,135888,4.086404101567693,3425,42,"4,0 a 4,25",Média
2429,213681638,"Grave Empire (The Great Silence, #1)",Richard  Swan,https://www.goodreads.com/book/show/213681638-grave-empire,https://i.gr-assets.com/images/S/compressed.photo.goodreads.com/books/1729122021i/213681638._SY75_.jpg,4.03,5183,4.091291700030598,3425,36,"4,0 a 4,25",Baixa
2431,217182446,Strangers in Time,David Baldacci,https://www.goodreads.com/book/show/217182446-strangers-in-time,https://i.gr-assets.com/images/S/compressed.photo.goodreads.com/books/1723141649i/217182446._SY75_.jpg,4.12,61713,4.095906053027455,3424,36,"4,0 a 4,25",Média
2432,53387949,The Burning Girls,C.J. Tudor,https://www.goodreads.com/book/show/53387949-the-burning-girls,https://i.gr-assets.com/images/S/compressed.photo.goodreads.com/books/1608637998i/53387949._SY75_.jpg,4.0,55432,4.080669816031009,3421,36,"3,5 a 4,0",Média
2433,12083,Long Day’s Journey into Night,Eugene O'Neill,https://www.goodreads.com/book/show/12083.Long_Day_s_Journey_into_Night,https://i.gr-assets.com/images/S/compressed.photo.goodreads.com/books/1674936184i/12083._SY75_.jpg,4.06,43771,4.088872498266363,3420,50,"4,0 a 4,25",Baixa
2434,16033842,"La Vérité sur l'Affaire Harry Quebert (Marcus Goldman, #1)",Joël Dicker,https://www.goodreads.com/book/show/16033842-la-v-rit-sur-l-affaire-harry-quebert,https://i.gr-assets.com/images/S/compressed.photo.goodreads.com/books/1347987605i/16033842._SX50_.jpg,4.2,262961,4.13548416656582,3419,40,"4,0 a 4,25",Alta
2435,8146619,The Right Stuff,Tom Wolfe,https://www.goodreads.com/book/show/8146619-the-right-stuff,https://i.gr-assets.com/images/S/compressed.photo.goodreads.com/books/1328307624i/8146619._SY75_.jpg,4.23,57090,4.109669810887926,3413,45,"4,0 a 4,25",Média
2436,11367726,Defending Jacob,William Landay,https://www.goodreads.com/book/show/11367726-defending-jacob,https://i.gr-assets.com/images/S/compressed.photo.goodreads.com/books/1329612158i/11367726._SY75_.jpg,4.0,316087,4.050935724088097,3411,45,"3,5 a 4,0",Alta
2437,236819,"March Violets (Bernie Gunther, #1)",Philip Kerr,https://www.goodreads.com/book/show/236819.March_Violets,https://i.gr-assets.com/images/S/compressed.photo.goodreads.com/books/1412369066i/236819._SY75_.jpg,3.8,20388,4.0776304431332875,3410,38,"3,5 a 4,0",Baixa
2438,4345498,"Magic Strikes (Kate Daniels, #3)",Ilona Andrews,https://www.goodreads.com/book/show/4345498-magic-strikes,https://i.gr-assets.com/images/S/compressed.photo.goodreads.com/books/1507378423i/4345498._SY75_.jpg,4.43,93452,4.157274119031169,3408,45,"4,25 a 4,5",Média
2438,1314332,Before I Die,Jenny Downham,https://www.goodreads.com/book/show/1314332.Before_I_Die,https://i.gr-assets.com/images/S/compressed.photo.goodreads.com/books/1348002855i/1314332._SX50_.jpg,3.81,58556,4.05536571776662,3408,40,"3,5 a 4,0",Média
2438,61885029,Starter Villain,John Scalzi,https://www.goodreads.com/book/show/61885029-starter-villain,https://i.gr-assets.com/images/S/compressed.photo.goodreads.com/books/1683564155i/61885029._SY75_.jpg,4.1,110395,4.093842227461646,3408,37,"4,0 a 4,25",Média
2441,55278507,"Shards of Earth (The Final Architecture, #1)",Adrian Tchaikovsky,https://www.goodreads.com/book/show/55278507-shards-of-earth,https://i.gr-assets.com/images/S/compressed.photo.goodreads.com/books/1724827773i/55278507._SY75_.jpg,4.17,36839,4.098809955366631,3407,37,"4,0 a 4,25",Baixa
2442,205476,Our Town,Thornton Wilder,https://www.goodreads.com/book/show/205476.Our_Town,https://i.gr-assets.com/images/S/compressed.photo.goodreads.com/books/1442891231i/205476._SY75_.jpg,3.75,60676,4.046155594571636,3404,53,"3,5 a 4,0",Média
2442,11947829,"Ascend (Trylle, #3)",Amanda Hocking,https://www.goodreads.com/book/show/11947829-ascend,https://i.gr-assets.com/images/S/compressed.photo.goodreads.com/books/1397955256i/11947829._SY75_.jpg,4.07,66874,4.08887620752487,3404,42,"4,0 a 4,25",Média
2442,54319549,"A Kingdom of Flesh and Fire (Blood and Ash, #2)",Jennifer L. Armentrout,https://www.goodreads.com/book/show/54319549-a-kingdom-of-flesh-and-fire,https://i.gr-assets.com/images/S/compressed.photo.goodreads.com/books/1734440592i/54319549._SY75_.jpg,4.31,629736,4.226522793045862,3404,39,"4,25 a 4,5",Muito alta
2445,6448470,"Firelight (Firelight, #1)",Sophie Jordan,https://www.goodreads.com/book/show/6448470-firelight,https://i.gr-assets.com/images/S/compressed.photo.goodreads.com/books/1269737893i/6448470._SY75_.jpg,3.84,71243,4.053255367906147,3400,43,"3,5 a 4,0",Média
2445,56397497,Journey to the West: A Long March from Eastern Dream to Western Reality,Biao  Wang,https://www.goodreads.com/book/show/56397497-journey-to-the-west,https://i.gr-assets.com/images/S/compressed.photo.goodreads.com/books/1608804980i/56397497._SY75_.jpg,4.28,145,4.092173639894614,3400,34,"4,25 a 4,5",Baixa
2447,90765751,Life for Life (Talion #3),J.K. Franko,https://www.goodreads.com/book/show/90765751-life-for-life,https://i.gr-assets.com/images/S/compressed.photo.goodreads.com/books/1692804382i/90765751._SY75_.jpg,4.37,1433,4.093118550364159,3396,39,"4,25 a 4,5",Baixa
2448,55584194,Watch Her Fall,Erin Kelly,https://www.goodreads.com/book/show/55584194-watch-her-fall,https://i.gr-assets.com/images/S/compressed.photo.goodreads.com/books/1610205040i/55584194._SY75_.jpg,3.79,3516,4.089412143911473,3394,36,"3,5 a 4,0",Baixa
2449,61415590,"Midlife in Gretna Green (Midlife Recorder, #1)",Linzi Day,https://www.goodreads.com/book/show/61415590-midlife-in-gretna-green,https://i.gr-assets.com/images/S/compressed.photo.goodreads.com/books/1657390474i/61415590._SY75_.jpg,4.56,6654,4.099931779654656,3393,36,"Acima de 4,5",Baixa
2450,104089,Tigana,Guy Gavriel Kay,https://www.goodreads.com/book/show/104089.Tigana,https://i.gr-assets.com/images/S/compressed.photo.goodreads.com/books/1348738842i/104089._SX50_.jpg,4.08,53472,4.090648098337036,3392,44,"4,0 a 4,25",Média
2451,14289720,A Blazing Gilded Age,Rich DiSilvio,https://www.goodreads.com/book/show/14289720-a-blazing-gilded-age,https://i.gr-assets.com/images/S/compressed.photo.goodreads.com/books/1380851601i/14289720._SX50_.jpg,4.38,589,4.09253694317215,3388,40,"4,25 a 4,5",Baixa
2452,21642297,"Quicker (Ell Donsaii, #1)",Laurence E. Dahners,https://www.goodreads.com/book/show/21642297-quicker,https://i.gr-assets.com/images/S/compressed.photo.goodreads.com/books/1431427737i/21642297._SX50_.jpg,4.33,4131,4.094590637545569,3386,35,"4,25 a 4,5",Baixa
2453,36449535,"Columbus Day (Expeditionary Force, #1)",Craig Alanson,https://www.goodreads.com/book/show/36449535-columbus-day,https://i.gr-assets.com/images/S/compressed.photo.goodreads.com/books/1508556358i/36449535._SY75_.jpg,4.25,36004,4.105414912140974,3381,36,"4,0 a 4,25",Baixa
2454,34466963,Why We Sleep: Unlocking the Power of Sleep and Dreams,Matthew Walker,https://www.goodreads.com/book/show/34466963-why-we-sleep,https://i.gr-assets.com/images/S/compressed.photo.goodreads.com/books/1556604137i/34466963._SY75_.jpg,4.36,238286,4.193532723802139,3380,39,"4,25 a 4,5",Alta
2455,57913,The Illuminatus! Trilogy,Robert Shea,https://www.goodreads.com/book/show/57913.The_Illuminatus_Trilogy,https://i.gr-assets.com/images/S/compressed.photo.goodreads.com/books/1386923913i/57913._SX50_.jpg,4.01,16342,4.088810753444672,3378,42,"4,0 a 4,25",Baixa
2456,125691510,"Getting It On With Gargoyles (Haven Ever After, #1)",Hazel Mack,https://www.goodreads.com/book/show/125691510-getting-it-on-with-gargoyles,https://i.gr-assets.com/images/S/compressed.photo.goodreads.com/books/1681334358i/125691510._SY75_.jpg,3.96,6801,4.08984594392178,3376,36,"3,5 a 4,0",Baixa
2457,16071764,"Lean In: Women, Work, and the Will to Lead",Sheryl Sandberg,https://www.goodreads.com/book/show/16071764-lean-in,https://i.gr-assets.com/images/S/compressed.photo.goodreads.com/books/1630483761i/16071764._SY75_.jpg,3.94,271066,4.029836499836327,3370,37,"3,5 a 4,0",Alta
2457,215760525,"Livesuit (The Captive's War, #1.5)",James S.A. Corey,https://www.goodreads.com/book/show/215760525-livesuit,https://i.gr-assets.com/images/S/compressed.photo.goodreads.com/books/1724079438i/215760525._SY75_.jpg,4.31,14014,4.099641976100653,3370,36,"4,25 a 4,5",Baixa
2459,12853168,Sliding on the Snow Stone,Andy Szpuk,https://www.goodreads.com/book/show/12853168-sliding-on-the-snow-stone,https://i.gr-assets.com/images/S/compressed.photo.goodreads.com/books/1327983970i/12853168._SY75_.jpg,3.71,1214,4.090921536416177,3368,34,"3,5 a 4,0",Baixa
2460,76865,Good to Great: Why Some Companies Make the Leap... and Others Don't,Jim Collins,https://www.goodreads.com/book/show/76865.Good_to_Great,https://i.gr-assets.com/images/S/compressed.photo.goodreads.com/books/1546097703i/76865._SY75_.jpg,4.12,312005,4.1044832744768325,3366,36,"4,0 a 4,25",Alta
2461,30312891,"Lord of Shadows (The Dark Artifices, #2)",Cassandra Clare,https://www.goodreads.com/book/show/30312891-lord-of-shadows,https://i.gr-assets.com/images/S/compressed.photo.goodreads.com/books/1479513427i/30312891._SY75_.jpg,4.39,163258,4.179837186915041,3365,41,"4,25 a 4,5",Alta
2462,17405203,My Big Fat Zombie Goldfish,Mo O'Hara,https://www.goodreads.com/book/show/17405203-my-big-fat-zombie-goldfish,https://i.gr-assets.com/images/S/compressed.photo.goodreads.com/books/1396807501i/17405203._SY75_.jpg,3.87,2807,4.090521198991337,3363,35,"3,5 a 4,0",Baixa
2463,250480860,THE SUPER: A CONSPIRACY THRILLER (THE KATE MERCER FILES Book 1),D.L. Maddox,https://www.goodreads.com/book/show/250480860-the-super,https://i.gr-assets.com/images/S/compressed.photo.goodreads.com/books/1774994106i/250480860._SY75_.jpg,4.4,938,4.092840715904533,3362,39,"4,25 a 4,5",Baixa
2464,197884156,The Last Run (Peter Black #6),David Archer,https://www.goodreads.com/book/show/197884156-the-last-run,https://i.gr-assets.com/images/S/compressed.photo.goodreads.com/books/1694906131i/197884156._SY75_.jpg,4.35,2427,4.0936946004189245,3360,35,"4,25 a 4,5",Baixa
2465,61894430,The Last Guardian (Clayton White #3),Simon Gervais,https://www.goodreads.com/book/show/61894430-the-last-guardian,https://i.gr-assets.com/images/S/compressed.photo.goodreads.com/books/1678521131i/61894430._SY75_.jpg,4.39,4383,4.095405638059114,3357,35,"4,25 a 4,5",Baixa
2466,248484,Book of a Thousand Days,Shannon Hale,https://www.goodreads.com/book/show/248484.Book_of_a_Thousand_Days,https://i.gr-assets.com/images/S/compressed.photo.goodreads.com/books/1362875998i/248484._SY75_.jpg,3.97,57013,4.076568154315922,3356,44,"3,5 a 4,0",Média
2467,40614321,Second Son (Second Son Chronicles #1),Pamela   Taylor,https://www.goodreads.com/book/show/40614321-second-son,https://i.gr-assets.com/images/S/compressed.photo.goodreads.com/books/1529716481i/40614321._SY75_.jpg,4.29,1841,4.093031224150865,3353,35,"4,25 a 4,5",Baixa
2468,383206,Wives and Daughters,Elizabeth Gaskell,https://www.goodreads.com/book/show/383206.Wives_and_Daughters,https://i.gr-assets.com/images/S/compressed.photo.goodreads.com/books/1348267609i/383206._SY75_.jpg,4.13,51614,4.096522313395404,3352,45,"4,0 a 4,25",Média
2469,5212771,"Carpe Corpus (The Morganville Vampires, #6)",Rachel Caine,https://www.goodreads.com/book/show/5212771-carpe-corpus,https://i.gr-assets.com/images/S/compressed.photo.goodreads.com/books/1388214475i/5212771._SY75_.jpg,4.2,50127,4.104362403874365,3349,51,"4,0 a 4,25",Média
2470,9557,Sputnik Sweetheart,Haruki Murakami,https://www.goodreads.com/book/show/9557.Sputnik_Sweetheart,https://i.gr-assets.com/images/S/compressed.photo.goodreads.com/books/1508082438i/9557._SY75_.jpg,3.82,188897,4.003480549724537,3348,42,"3,5 a 4,0",Alta
2470,74968890,Pompeii: A Novel,Robert   Harris,https://www.goodreads.com/book/show/74968890-pompeii,https://i.gr-assets.com/images/S/compressed.photo.goodreads.com/books/1677904837i/74968890._SY75_.jpg,3.89,56790,4.066477217808933,3348,35,"3,5 a 4,0",Média
2472,13145,"Along Came a Spider (Alex Cross, #1)",James  Patterson,https://www.goodreads.com/book/show/13145.Along_Came_a_Spider,https://i.gr-assets.com/images/S/compressed.photo.goodreads.com/books/1388272560i/13145._SY75_.jpg,4.13,500139,4.1133706601519995,3347,51,"4,0 a 4,25",Muito alta
2472,61179,Ringworld (Ringworld #1),Larry Niven,https://www.goodreads.com/book/show/61179.Ringworld,https://i.gr-assets.com/images/S/compressed.photo.goodreads.com/books/1408793358i/61179._SY75_.jpg,3.93,131186,4.051385774411257,3347,49,"3,5 a 4,0",Média
2474,38424,Kristy's Great Idea: A Graphic Novel (The Baby-Sitters Club Graphic Novels #1),Raina Telgemeier,https://www.goodreads.com/book/show/38424.Kristy_s_Great_Idea,https://i.gr-assets.com/images/S/compressed.photo.goodreads.com/books/1349053518i/38424._SY75_.jpg,4.14,108767,4.1025261820184244,3346,35,"4,0 a 4,25",Média
2475,1303,The 48 Laws of Power,Robert Greene,https://www.goodreads.com/book/show/1303.The_48_Laws_of_Power,https://i.gr-assets.com/images/S/compressed.photo.goodreads.com/books/1694722764i/1303._SX50_.jpg,4.07,244214,4.083606989351006,3344,39,"4,0 a 4,25",Alta
2476,34114362,What Happened,Hillary Rodham Clinton,https://www.goodreads.com/book/show/34114362-what-happened,https://i.gr-assets.com/images/S/compressed.photo.goodreads.com/books/1501171573i/34114362._SY75_.jpg,3.92,61541,4.068703771743182,3341,36,"3,5 a 4,0",Média
2476,48915818,The Death of Jane Lawrence,Caitlin  Starling,https://www.goodreads.com/book/show/48915818-the-death-of-jane-lawrence,https://i.gr-assets.com/images/S/compressed.photo.goodreads.com/books/1611848428i/48915818._SY75_.jpg,3.23,24675,4.040938342760142,3341,37,"Até 3,5",Baixa
2478,92057,The Autobiography of Malcolm X,Malcolm X,https://www.goodreads.com/book/show/92057.The_Autobiography_of_Malcolm_X,https://i.gr-assets.com/images/S/compressed.photo.goodreads.com/books/1434682864i/92057._SY75_.jpg,4.37,299638,4.212656977095236,3339,43,"4,25 a 4,5",Alta
2479,12827518,"National Security (Jericho Quinn, #1)",Marc Cameron,https://www.goodreads.com/book/show/12827518-national-security,https://i.gr-assets.com/images/S/compressed.photo.goodreads.com/books/1328319368i/12827518._SX50_.jpg,4.13,9509,4.093003556376567,3338,35,"4,0 a 4,25",Baixa
2480,127459,"The Sweet Far Thing (Gemma Doyle, #3)",Libba Bray,https://www.goodreads.com/book/show/127459.The_Sweet_Far_Thing,https://i.gr-assets.com/images/S/compressed.photo.goodreads.com/books/1358704741i/127459._SY75_.jpg,3.97,73725,4.0727365171321575,3337,45,"3,5 a 4,0",Média
2480,62711641,"Fractal Noise (Fractalverse, #0)",Christopher Paolini,https://www.goodreads.com/book/show/62711641-fractal-noise,https://i.gr-assets.com/images/S/compressed.photo.goodreads.com/books/1667492518i/62711641._SY75_.jpg,3.43,16437,4.065398406322179,3337,35,"Até 3,5",Baixa
2482,406235,Giovanni’s Room,James Baldwin,https://www.goodreads.com/book/show/406235.Giovanni_s_Room,https://i.gr-assets.com/images/S/compressed.photo.goodreads.com/books/1223664870i/406235._SY75_.jpg,4.34,299568,4.199628568643613,3336,35,"4,25 a 4,5",Alta
2483,54493635,Big Nate: The Gerbil Ate My Homework,Lincoln Peirce,https://www.goodreads.com/book/show/54493635-big-nate,https://i.gr-assets.com/images/S/compressed.photo.goodreads.com/books/1594615025i/54493635._SX50_.jpg,4.54,5266,4.098054901164195,3334,35,"Acima de 4,5",Baixa
2484,5344,Hard Times,Charles Dickens,https://www.goodreads.com/book/show/5344.Hard_Times,https://i.gr-assets.com/images/S/compressed.photo.goodreads.com/books/1631982866i/5344._SX50_.jpg,3.55,76410,4.0034986818412985,3333,46,"3,5 a 4,0",Média
2485,30196482,Tier One (Tier One #1),Brian  Andrews,https://www.goodreads.com/book/show/30196482-tier-one,https://i.gr-assets.com/images/S/compressed.photo.goodreads.com/books/1468485969i/30196482._SY75_.jpg,4.15,16201,4.094407007920193,3332,35,"4,0 a 4,25",Baixa
2486,199121904,The Cases Nobody Wanted (O'Shaughnessy Investigations Inc. Mystery Series Book 1),A.G. Russo,https://www.goodreads.com/book/show/199121904-the-cases-nobody-wanted,https://i.gr-assets.com/images/S/compressed.photo.goodreads.com/books/1695533134i/199121904._SY75_.jpg,4.35,2101,4.093482089130536,3331,38,"4,25 a 4,5",Baixa
2486,59441717,"A Witch's Guide to Fake Dating a Demon (Glimmer Falls, #1)",Sarah Hawley,https://www.goodreads.com/book/show/59441717-a-witch-s-guide-to-fake-dating-a-demon,https://i.gr-assets.com/images/S/compressed.photo.goodreads.com/books/1660143379i/59441717._SY75_.jpg,3.61,58036,4.029805304295597,3331,35,"3,5 a 4,0",Média
2488,25541028,"Elon Musk: Tesla, SpaceX, and the Quest for a Fantastic Future",Ashlee Vance,https://www.goodreads.com/book/show/25541028-elon-musk,https://i.gr-assets.com/images/S/compressed.photo.goodreads.com/books/1518291452i/25541028._SY75_.jpg,4.12,456029,4.10712139884826,3330,39,"4,0 a 4,25",Muito alta
2488,62631657,Bear Me in Mind,Dawn Chalker,https://www.goodreads.com/book/show/62631657-bear-me-in-mind,https://i.gr-assets.com/images/S/compressed.photo.goodreads.com/books/1664256181i/62631657._SY75_.jpg,4.43,347,4.092403544199408,3330,38,"4,25 a 4,5",Baixa
2490,10566,Lisey's Story,Stephen  King,https://www.goodreads.com/book/show/10566.Lisey_s_Story,https://i.gr-assets.com/images/S/compressed.photo.goodreads.com/books/1316346037i/10566._SY75_.jpg,3.7,96915,4.014232913704679,3328,50,"3,5 a 4,0",Média
2490,6324090,"Alice's Adventures in Wonderland (Alice's Adventures in Wonderland, #1)",Lewis Carroll,https://www.goodreads.com/book/show/6324090-alice-s-adventures-in-wonderland,https://i.gr-assets.com/images/S/compressed.photo.goodreads.com/books/1391204048i/6324090._SX50_.jpg,3.99,452809,4.037317684446339,3328,44,"3,5 a 4,0",Muito alta
2492,2115,Atlas Shrugged & The Fountainhead,Ayn Rand,https://www.goodreads.com/book/show/2115.Atlas_Shrugged_The_Fountainhead,https://i.gr-assets.com/images/S/compressed.photo.goodreads.com/books/1159932401i/2115._SX50_.jpg,4.1,5037,4.092204404872036,3319,49,"4,0 a 4,25",Baixa
2492,53580,The Going To Bed Book,Sandra Boynton,https://www.goodreads.com/book/show/53580.The_Going_To_Bed_Book,https://i.gr-assets.com/images/S/compressed.photo.goodreads.com/books/1439560299i/53580._SX50_.jpg,4.25,31267,4.10379326372166,3319,35,"4,0 a 4,25",Baixa
2494,59715,The Authoritative Calvin and Hobbes: A Calvin and Hobbes Treasury,Bill Watterson,https://www.goodreads.com/book/show/59715.The_Authoritative_Calvin_and_Hobbes,https://i.gr-assets.com/images/S/compressed.photo.goodreads.com/books/1391114055i/59715._SY75_.jpg,4.7,24311,4.127681402911829,3318,52,"Acima de 4,5",Baixa
2495,58950674,"Eyes of the Void (The Final Architecture, #2)",Adrian Tchaikovsky,https://www.goodreads.com/book/show/58950674-eyes-of-the-void,https://i.gr-assets.com/images/S/compressed.photo.goodreads.com/books/1641881897i/58950674._SY75_.jpg,4.19,22050,4.097328996686884,3317,35,"4,0 a 4,25",Baixa
2496,34810320,Sadie,Courtney Summers,https://www.goodreads.com/book/show/34810320-sadie,https://i.gr-assets.com/images/S/compressed.photo.goodreads.com/books/1556559178i/34810320._SY75_.jpg,4.02,134174,4.0736853524846754,3316,40,"4,0 a 4,25",Média
2496,136276877,The Last Murder at the End of the World,Stuart Turton,https://www.goodreads.com/book/show/136276877-the-last-murder-at-the-end-of-the-world,https://i.gr-assets.com/images/S/compressed.photo.goodreads.com/books/1695302347i/136276877._SX50_.jpg,3.66,68959,4.027332510718911,3316,35,"3,5 a 4,0",Média
2498,6581511,"Shadowland (The Immortals, #3)",Alyson Noel,https://www.goodreads.com/book/show/6581511-shadowland,https://i.gr-assets.com/images/S/compressed.photo.goodreads.com/books/1362336374i/6581511._SY75_.jpg,3.66,86905,4.013540992378957,3315,54,"3,5 a 4,0",Média
2499,59345230,Drowning,T.J. Newman,https://www.goodreads.com/book/show/59345230-drowning,https://i.gr-assets.com/images/S/compressed.photo.goodreads.com/books/1678639976i/59345230._SY75_.jpg,4.14,60771,4.098545687602184,3314,35,"4,0 a 4,25",Média
2500,22284,Diary,Chuck Palahniuk,https://www.goodreads.com/book/show/22284.Diary,https://i.gr-assets.com/images/S/compressed.photo.goodreads.com/books/1388196823i/22284._SY75_.jpg,3.65,81839,4.015597680997675,3313,40,"3,5 a 4,0",Média
